Id,QueueCreationTime,QueueCreationDelay,ProcessingTime,ProcessingDelay,QueueName
67e1c3c43224ef1ddaeaa301,1742848786,173043.0348,1742848943,16043.0348,Kafka
67e1c3c43224ef1ddaeaa2fd,1742848786,172981.558,1742848943,15981.558,Kafka
67e1c3c43224ef1ddaeaa2e9,1742848786,172484.9459,1742848943,15484.9459,Kafka
67e1c3c43224ef1ddaeaa302,1742848786,173069.7085,1742848943,16069.7085,Kafka
67e1c3c43224ef1ddaeaa2fa,1742848786,172947.8188,1742848943,15947.8188,Kafka
67e1c3c43224ef1ddaeaa2e3,1742848786,172424.1244,1742848943,15424.1244,Kafka
67e1c3c43224ef1ddaeaa2f2,1742848786,172666.1358,1742848943,15666.1358,Kafka
67e1c3c43224ef1ddaeaa2e8,1742848786,172483.4872,1742848943,15483.4872,Kafka
67e1c3c43224ef1ddaeaa2f6,1742848786,172793.7431,1742848943,15793.7431,Kafka
67e1c3c43224ef1ddaeaa2f4,1742848786,172790.2817,1742848943,15790.2817,Kafka
67e1c3c43224ef1ddaeaa2fb,1742848786,172977.1566,1742848943,15977.1566,Kafka
67e1c3c43224ef1ddaeaa2f9,1742848786,172946.1582,1742848943,15946.1582,Kafka
67e1c3c43224ef1ddaeaa2e5,1742848786,172427.0178,1742848943,15427.0178,Kafka
67e1c3c43224ef1ddaeaa2e4,1742848786,172425.5931,1742848943,15425.5931,Kafka
67e1c3c43224ef1ddaeaa2ea,1742848786,172512.0097,1742848943,15512.0097,Kafka
67e1c3c43224ef1ddaeaa2ec,1742848786,172514.9973,1742848943,15514.9973,Kafka
67e1c3c43224ef1ddaeaa2eb,1742848786,172513.5444,1742848943,15513.5444,Kafka
67e1c3c43224ef1ddaeaa2e0,1742848786,172419.7413,1742848943,15419.7413,Kafka
67e1c3c43224ef1ddaeaa2f1,1742848786,172604.683,1742848943,15604.683,Kafka
67e1c3c43224ef1ddaeaa2ee,1742848786,172517.9103,1742848943,15517.9103,Kafka
67e1c3c43224ef1ddaeaa2ed,1742848786,172516.507,1742848943,15516.507,Kafka
67e1c3c43224ef1ddaeaa2e2,1742848786,172422.6605,1742848943,15422.6605,Kafka
67e1c3c43224ef1ddaeaa2ff,1742848786,173039.1887,1742848943,16039.1887,Kafka
67e1c3c43224ef1ddaeaa303,1742848786,173131.2577,1742848943,16131.2577,Kafka
67e1c3c43224ef1ddaeaa2fe,1742848786,173008.0485,1742848943,16008.0485,Kafka
67e1c3c43224ef1ddaeaa2f7,1742848786,172852.6107,1742848943,15852.6107,Kafka
67e1c3c43224ef1ddaeaa2df,1742848786,172418.1217,1742848943,15418.1217,Kafka
67e1c3c43224ef1ddaeaa2ef,1742848786,172519.3717,1742848943,15519.3717,Kafka
67e1c3c43224ef1ddaeaa2f5,1742848786,172792.1242,1742848943,15792.1242,Kafka
67e1c3c43224ef1ddaeaa2fc,1742848786,172979.7079,1742848943,15979.7079,Kafka
67e1c3c43224ef1ddaeaa2e7,1742848786,172481.7164,1742848943,15481.7164,Kafka
67e1c3c43224ef1ddaeaa2e6,1742848786,172449.2084,1742848943,15449.2084,Kafka
67e1c3c43224ef1ddaeaa2f3,1742848786,172728.2765,1742848943,15728.2765,Kafka
67e1c3c43224ef1ddaeaa2e1,1742848786,172421.2437,1742848943,15421.2437,Kafka
67e1c3c43224ef1ddaeaa300,1742848786,173041.6629,1742848943,16041.6629,Kafka
67e1c3c43224ef1ddaeaa2f0,1742848786,172542.149,1742848943,15542.149,Kafka
67e1c3c43224ef1ddaeaa2f8,1742848786,172914.1888,1742848943,15914.1888,Kafka
67e1c3c43224ef1ddaeaa2ce,1742848786,172201.0705,1742848942,16201.0705,Kafka
67e1c3c43224ef1ddaeaa2aa,1742848786,171457.838,1742848942,15457.838,Kafka
67e1c3c43224ef1ddaeaa2da,1742848786,172326.5078,1742848942,16326.5078,Kafka
67e1c3c43224ef1ddaeaa2a4,1742848786,171302.5856,1742848942,15302.5856,Kafka
67e1c3c43224ef1ddaeaa2b1,1742848786,171617.1945,1742848942,15617.1945,Kafka
67e1c3c43224ef1ddaeaa2bf,1742848786,171925.0395,1742848942,15925.0395,Kafka
67e1c3c43224ef1ddaeaa2d2,1742848786,172263.8688,1742848942,16263.8688,Kafka
67e1c3c43224ef1ddaeaa2a0,1742848786,171182.9127,1742848942,15182.9127,Kafka
67e1c3c43224ef1ddaeaa2d0,1742848786,172233.3621,1742848942,16233.3621,Kafka
67e1c3c43224ef1ddaeaa2cb,1742848786,172114.6534,1742848942,16114.6534,Kafka
67e1c3c43224ef1ddaeaa2ac,1742848786,171521.2106,1742848942,15521.2106,Kafka
67e1c3c43224ef1ddaeaa2c2,1742848786,172015.9867,1742848942,16015.9867,Kafka
67e1c3c43224ef1ddaeaa2cc,1742848786,172116.1514,1742848942,16116.1514,Kafka
67e1c3c43224ef1ddaeaa2c3,1742848786,172019.143,1742848942,16019.143,Kafka
67e1c3c43224ef1ddaeaa2c9,1742848786,172111.8434,1742848942,16111.8434,Kafka
67e1c3c43224ef1ddaeaa2db,1742848786,172357.5132,1742848942,16357.5132,Kafka
67e1c3c43224ef1ddaeaa2d4,1742848786,172296.3485,1742848942,16296.3485,Kafka
67e1c3c43224ef1ddaeaa2c4,1742848786,172046.288,1742848942,16046.288,Kafka
67e1c3c43224ef1ddaeaa2be,1742848786,171923.0815,1742848942,15923.0815,Kafka
67e1c3c43224ef1ddaeaa2d7,1742848786,172300.6353,1742848942,16300.6353,Kafka
67e1c3c43224ef1ddaeaa2d6,1742848786,172299.2383,1742848942,16299.2383,Kafka
67e1c3c43224ef1ddaeaa2dd,1742848786,172387.9266,1742848942,16387.9266,Kafka
67e1c3c43224ef1ddaeaa29f,1742848786,171181.393,1742848942,15181.393,Kafka
67e1c3c43224ef1ddaeaa2d9,1742848786,172325.0429,1742848942,16325.0429,Kafka
67e1c3c43224ef1ddaeaa29e,1742848786,171179.8923,1742848942,15179.8923,Kafka
67e1c3c43224ef1ddaeaa2b3,1742848786,171675.1215,1742848942,15675.1215,Kafka
67e1c3c43224ef1ddaeaa2a8,1742848786,171396.6342,1742848942,15396.6342,Kafka
67e1c3c43224ef1ddaeaa2cd,1742848786,172170.0886,1742848942,16170.0886,Kafka
67e1c3c43224ef1ddaeaa2c0,1742848786,171953.4963,1742848942,15953.4963,Kafka
67e1c3c43224ef1ddaeaa2b5,1742848786,171767.5438,1742848942,15767.5438,Kafka
67e1c3c43224ef1ddaeaa2a5,1742848786,171304.8024,1742848942,15304.8024,Kafka
67e1c3c43224ef1ddaeaa2bc,1742848786,171863.9504,1742848942,15863.9504,Kafka
67e1c3c43224ef1ddaeaa2c1,1742848786,171984.9184,1742848942,15984.9184,Kafka
67e1c3c43224ef1ddaeaa2a6,1742848786,171306.9325,1742848942,15306.9325,Kafka
67e1c3c43224ef1ddaeaa2a7,1742848786,171364.3597,1742848942,15364.3597,Kafka
67e1c3c43224ef1ddaeaa2bd,1742848786,171891.0365,1742848942,15891.0365,Kafka
67e1c3c43224ef1ddaeaa2a9,1742848786,171426.3545,1742848942,15426.3545,Kafka
67e1c3c43224ef1ddaeaa2ca,1742848786,172113.2256,1742848942,16113.2256,Kafka
67e1c3c43224ef1ddaeaa2a2,1742848786,171185.8126,1742848942,15185.8126,Kafka
67e1c3c43224ef1ddaeaa2d3,1742848786,172294.8824,1742848942,16294.8824,Kafka
67e1c3c43224ef1ddaeaa2a1,1742848786,171184.2868,1742848942,15184.2868,Kafka
67e1c3c43224ef1ddaeaa2c6,1742848786,172080.0321,1742848942,16080.0321,Kafka
67e1c3c43224ef1ddaeaa2b0,1742848786,171615.6082,1742848942,15615.6082,Kafka
67e1c3c43224ef1ddaeaa2c8,1742848786,172110.3187,1742848942,16110.3187,Kafka
67e1c3c43224ef1ddaeaa2b7,1742848786,171830.6188,1742848942,15830.6188,Kafka
67e1c3c43224ef1ddaeaa2ba,1742848786,171860.2472,1742848942,15860.2472,Kafka
67e1c3c43224ef1ddaeaa2af,1742848786,171613.112,1742848942,15613.112,Kafka
67e1c3c43224ef1ddaeaa2c7,1742848786,172108.8986,1742848942,16108.8986,Kafka
67e1c3c43224ef1ddaeaa2dc,1742848786,172359.0354,1742848942,16359.0354,Kafka
67e1c3c43224ef1ddaeaa2cf,1742848786,172203.3191,1742848942,16203.3191,Kafka
67e1c3c43224ef1ddaeaa2d5,1742848786,172297.7893,1742848942,16297.7893,Kafka
67e1c3c43224ef1ddaeaa2b6,1742848786,171798.7693,1742848942,15798.7693,Kafka
67e1c3c43224ef1ddaeaa2b9,1742848786,171834.9162,1742848942,15834.9162,Kafka
67e1c3c43224ef1ddaeaa2b2,1742848786,171644.4206,1742848942,15644.4206,Kafka
67e1c3c43224ef1ddaeaa2d1,1742848786,172234.8731,1742848942,16234.8731,Kafka
67e1c3c43224ef1ddaeaa2a3,1742848786,171240.4235,1742848942,15240.4235,Kafka
67e1c3c43224ef1ddaeaa2d8,1742848786,172302.0008,1742848942,16302.0008,Kafka
67e1c3c43224ef1ddaeaa2bb,1742848786,171862.4411,1742848942,15862.4411,Kafka
67e1c3c43224ef1ddaeaa2ab,1742848786,171519.5084,1742848942,15519.5084,Kafka
67e1c3c43224ef1ddaeaa2de,1742848786,172389.4133,1742848942,16389.4133,Kafka
67e1c3c43224ef1ddaeaa2b8,1742848786,171833.2543,1742848942,15833.2543,Kafka
67e1c3c43224ef1ddaeaa2ad,1742848786,171522.6167,1742848942,15522.6167,Kafka
67e1c3c43224ef1ddaeaa2ae,1742848786,171581.2235,1742848942,15581.2235,Kafka
67e1c3c43224ef1ddaeaa2c5,1742848786,172078.3072,1742848942,16078.3072,Kafka
67e1c3c43224ef1ddaeaa2b4,1742848786,171705.6179,1742848942,15705.6179,Kafka
67e1c3c43224ef1ddaeaa267,1742848786,170264.9696,1742848941,15264.9696,Kafka
67e1c3c43224ef1ddaeaa262,1742848786,170178.1661,1742848941,15178.1661,Kafka
67e1c3c43224ef1ddaeaa26a,1742848786,170270.0741,1742848941,15270.0741,Kafka
67e1c3c43224ef1ddaeaa269,1742848786,170268.4606,1742848941,15268.4606,Kafka
67e1c3c43224ef1ddaeaa292,1742848786,171010.2891,1742848941,16010.2891,Kafka
67e1c3c43224ef1ddaeaa28a,1742848786,170854.0682,1742848941,15854.0682,Kafka
67e1c3c43224ef1ddaeaa277,1742848786,170450.9253,1742848941,15450.9253,Kafka
67e1c3c43224ef1ddaeaa293,1742848786,171011.8115,1742848941,16011.8115,Kafka
67e1c3c43224ef1ddaeaa28b,1742848786,170883.9287,1742848941,15883.9287,Kafka
67e1c3c43224ef1ddaeaa276,1742848786,170419.8063,1742848941,15419.8063,Kafka
67e1c3c43224ef1ddaeaa299,1742848786,171055.2942,1742848941,16055.2942,Kafka
67e1c3c43224ef1ddaeaa25e,1742848786,170171.9045,1742848941,15171.9045,Kafka
67e1c3c43224ef1ddaeaa265,1742848786,170233.889,1742848941,15233.889,Kafka
67e1c3c43224ef1ddaeaa286,1742848786,170728.9473,1742848941,15728.9473,Kafka
67e1c3c43224ef1ddaeaa27e,1742848786,170549.836,1742848941,15549.836,Kafka
67e1c3c43224ef1ddaeaa27d,1742848786,170548.1235,1742848941,15548.1235,Kafka
67e1c3c43224ef1ddaeaa27a,1742848786,170512.1044,1742848941,15512.1044,Kafka
67e1c3c43224ef1ddaeaa28d,1742848786,170916.783,1742848941,15916.783,Kafka
67e1c3c43224ef1ddaeaa28e,1742848786,170977.4934,1742848941,15977.4934,Kafka
67e1c3c43224ef1ddaeaa281,1742848786,170667.9418,1742848941,15667.9418,Kafka
67e1c3c43224ef1ddaeaa26c,1742848786,170326.1114,1742848941,15326.1114,Kafka
67e1c3c43224ef1ddaeaa284,1742848786,170701.1346,1742848941,15701.1346,Kafka
67e1c3c43224ef1ddaeaa26b,1742848786,170296.1135,1742848941,15296.1135,Kafka
67e1c3c43224ef1ddaeaa271,1742848786,170357.1129,1742848941,15357.1129,Kafka
67e1c3c43224ef1ddaeaa268,1742848786,170266.8009,1742848941,15266.8009,Kafka
67e1c3c43224ef1ddaeaa287,1742848786,170791.0429,1742848941,15791.0429,Kafka
67e1c3c43224ef1ddaeaa288,1742848786,170793.0238,1742848941,15793.0238,Kafka
67e1c3c43224ef1ddaeaa297,1742848786,171017.4278,1742848941,16017.4278,Kafka
67e1c3c43224ef1ddaeaa279,1742848786,170482.4346,1742848941,15482.4346,Kafka
67e1c3c43224ef1ddaeaa29d,1742848786,171178.2768,1742848941,16178.2768,Kafka
67e1c3c43224ef1ddaeaa26d,1742848786,170328.3491,1742848941,15328.3491,Kafka
67e1c3c43224ef1ddaeaa261,1742848786,170176.4422,1742848941,15176.4422,Kafka
67e1c3c43224ef1ddaeaa275,1742848786,170363.5067,1742848941,15363.5067,Kafka
67e1c3c43224ef1ddaeaa280,1742848786,170636.1704,1742848941,15636.1704,Kafka
67e1c3c43224ef1ddaeaa26f,1742848786,170333.1482,1742848941,15333.1482,Kafka
67e1c3c43224ef1ddaeaa28c,1742848786,170885.4824,1742848941,15885.4824,Kafka
67e1c3c43224ef1ddaeaa296,1742848786,171016.0361,1742848941,16016.0361,Kafka
67e1c3c43224ef1ddaeaa27b,1742848786,170543.5837,1742848941,15543.5837,Kafka
67e1c3c43224ef1ddaeaa282,1742848786,170670.418,1742848941,15670.418,Kafka
67e1c3c43224ef1ddaeaa298,1742848786,171018.825,1742848941,16018.825,Kafka
67e1c3c43224ef1ddaeaa27c,1742848786,170546.6141,1742848941,15546.6141,Kafka
67e1c3c43224ef1ddaeaa278,1742848786,170452.4757,1742848941,15452.4757,Kafka
67e1c3c43224ef1ddaeaa29b,1742848786,171087.367,1742848941,16087.367,Kafka
67e1c3c43224ef1ddaeaa266,1742848786,170235.3964,1742848941,15235.3964,Kafka
67e1c3c43224ef1ddaeaa272,1742848786,170358.685,1742848941,15358.685,Kafka
67e1c3c43224ef1ddaeaa274,1742848786,170361.9478,1742848941,15361.9478,Kafka
67e1c3c43224ef1ddaeaa290,1742848786,170980.8917,1742848941,15980.8917,Kafka
67e1c3c43224ef1ddaeaa285,1742848786,170702.8087,1742848941,15702.8087,Kafka
67e1c3c43224ef1ddaeaa260,1742848786,170174.9669,1742848941,15174.9669,Kafka
67e1c3c43224ef1ddaeaa25f,1742848786,170173.4744,1742848941,15173.4744,Kafka
67e1c3c43224ef1ddaeaa26e,1742848786,170329.9006,1742848941,15329.9006,Kafka
67e1c3c43224ef1ddaeaa29c,1742848786,171148.3568,1742848941,16148.3568,Kafka
67e1c3c43224ef1ddaeaa264,1742848786,170202.0912,1742848941,15202.0912,Kafka
67e1c3c43224ef1ddaeaa295,1742848786,171014.6217,1742848941,16014.6217,Kafka
67e1c3c43224ef1ddaeaa294,1742848786,171013.2056,1742848941,16013.2056,Kafka
67e1c3c43224ef1ddaeaa291,1742848786,171008.785,1742848941,16008.785,Kafka
67e1c3c43224ef1ddaeaa29a,1742848786,171085.5214,1742848941,16085.5214,Kafka
67e1c3c43224ef1ddaeaa263,1742848786,170179.64,1742848941,15179.64,Kafka
67e1c3c43224ef1ddaeaa28f,1742848786,170979.3328,1742848941,15979.3328,Kafka
67e1c3c43224ef1ddaeaa27f,1742848786,170574.7904,1742848941,15574.7904,Kafka
67e1c3c43224ef1ddaeaa273,1742848786,170360.136,1742848941,15360.136,Kafka
67e1c3c43224ef1ddaeaa283,1742848786,170699.5989,1742848941,15699.5989,Kafka
67e1c3c43224ef1ddaeaa270,1742848786,170334.6983,1742848941,15334.6983,Kafka
67e1c3c43224ef1ddaeaa289,1742848786,170821.9598,1742848941,15821.9598,Kafka
67e1c3c43224ef1ddaeaa240,1742848786,169814.6639,1742848940,15814.6639,Kafka
67e1c3c43224ef1ddaeaa259,1742848786,170115.8238,1742848940,16115.8238,Kafka
67e1c3c43224ef1ddaeaa22f,1742848786,169474.4839,1742848940,15474.4839,Kafka
67e1c3c43224ef1ddaeaa230,1742848786,169476.0545,1742848940,15476.0545,Kafka
67e1c3c43224ef1ddaeaa23a,1742848786,169753.8803,1742848940,15753.8803,Kafka
67e1c3c43224ef1ddaeaa228,1742848786,169412.3617,1742848940,15412.3617,Kafka
67e1c3c43224ef1ddaeaa249,1742848786,169969.5926,1742848940,15969.5926,Kafka
67e1c3c43224ef1ddaeaa232,1742848786,169507.2808,1742848940,15507.2808,Kafka
67e1c3c43224ef1ddaeaa24a,1742848786,170001.6288,1742848940,16001.6288,Kafka
67e1c3c43224ef1ddaeaa233,1742848786,169508.7623,1742848940,15508.7623,Kafka
67e1c3c43224ef1ddaeaa229,1742848786,169413.7975,1742848940,15413.7975,Kafka
67e1c3c43224ef1ddaeaa243,1742848786,169877.8295,1742848940,15877.8295,Kafka
67e1c3c43224ef1ddaeaa21e,1742848786,169256.4815,1742848940,15256.4815,Kafka
67e1c3c43224ef1ddaeaa24e,1742848786,170063.3809,1742848940,16063.3809,Kafka
67e1c3c43224ef1ddaeaa24f,1742848786,170064.8506,1742848940,16064.8506,Kafka
67e1c3c43224ef1ddaeaa254,1742848786,170071.9733,1742848940,16071.9733,Kafka
67e1c3c43224ef1ddaeaa22e,1742848786,169444.2281,1742848940,15444.2281,Kafka
67e1c3c43224ef1ddaeaa245,1742848786,169908.3878,1742848940,15908.3878,Kafka
67e1c3c43224ef1ddaeaa21f,1742848786,169288.559,1742848940,15288.559,Kafka
67e1c3c43224ef1ddaeaa220,1742848786,169290.0802,1742848940,15290.0802,Kafka
67e1c3c43224ef1ddaeaa248,1742848786,169941.8523,1742848940,15941.8523,Kafka
67e1c3c43224ef1ddaeaa25c,1742848786,170144.1345,1742848940,16144.1345,Kafka
67e1c3c43224ef1ddaeaa251,1742848786,170067.8012,1742848940,16067.8012,Kafka
67e1c3c43224ef1ddaeaa244,1742848786,169879.5577,1742848940,15879.5577,Kafka
67e1c3c43224ef1ddaeaa235,1742848786,169598.4041,1742848940,15598.4041,Kafka
67e1c3c43224ef1ddaeaa23b,1742848786,169755.4893,1742848940,15755.4893,Kafka
67e1c3c43224ef1ddaeaa25d,1742848786,170145.7659,1742848940,16145.7659,Kafka
67e1c3c43224ef1ddaeaa23e,1742848786,169759.9817,1742848940,15759.9817,Kafka
67e1c3c43224ef1ddaeaa241,1742848786,169816.6635,1742848940,15816.6635,Kafka
67e1c3c43224ef1ddaeaa256,1742848786,170110.2275,1742848940,16110.2275,Kafka
67e1c3c43224ef1ddaeaa223,1742848786,169350.4118,1742848940,15350.4118,Kafka
67e1c3c43224ef1ddaeaa250,1742848786,170066.337,1742848940,16066.337,Kafka
67e1c3c43224ef1ddaeaa236,1742848786,169629.778,1742848940,15629.778,Kafka
67e1c3c43224ef1ddaeaa22d,1742848786,169442.5056,1742848940,15442.5056,Kafka
67e1c3c43224ef1ddaeaa23d,1742848786,169758.492,1742848940,15758.492,Kafka
67e1c3c43224ef1ddaeaa257,1742848786,170112.589,1742848940,16112.589,Kafka
67e1c3c43224ef1ddaeaa231,1742848786,169505.5456,1742848940,15505.5456,Kafka
67e1c3c43224ef1ddaeaa23f,1742848786,169784.4338,1742848940,15784.4338,Kafka
67e1c3c43224ef1ddaeaa24b,1742848786,170003.6186,1742848940,16003.6186,Kafka
67e1c3c43224ef1ddaeaa21d,1742848786,169228.1456,1742848940,15228.1456,Kafka
67e1c3c43224ef1ddaeaa22a,1742848786,169417.1875,1742848940,15417.1875,Kafka
67e1c3c43224ef1ddaeaa224,1742848786,169351.8383,1742848940,15351.8383,Kafka
67e1c3c43224ef1ddaeaa25a,1742848786,170140.9996,1742848940,16140.9996,Kafka
67e1c3c43224ef1ddaeaa22b,1742848786,169418.66,1742848940,15418.66,Kafka
67e1c3c43224ef1ddaeaa238,1742848786,169691.5819,1742848940,15691.5819,Kafka
67e1c3c43224ef1ddaeaa221,1742848786,169291.5476,1742848940,15291.5476,Kafka
67e1c3c43224ef1ddaeaa227,1742848786,169380.5887,1742848940,15380.5887,Kafka
67e1c3c43224ef1ddaeaa234,1742848786,169537.4382,1742848940,15537.4382,Kafka
67e1c3c43224ef1ddaeaa247,1742848786,169940.2571,1742848940,15940.2571,Kafka
67e1c3c43224ef1ddaeaa242,1742848786,169845.6496,1742848940,15845.6496,Kafka
67e1c3c43224ef1ddaeaa24d,1742848786,170032.5413,1742848940,16032.5413,Kafka
67e1c3c43224ef1ddaeaa237,1742848786,169660.8464,1742848940,15660.8464,Kafka
67e1c3c43224ef1ddaeaa22c,1742848786,169420.7159,1742848940,15420.7159,Kafka
67e1c3c43224ef1ddaeaa25b,1742848786,170142.6584,1742848940,16142.6584,Kafka
67e1c3c43224ef1ddaeaa255,1742848786,170073.3967,1742848940,16073.3967,Kafka
67e1c3c43224ef1ddaeaa258,1742848786,170114.1342,1742848940,16114.1342,Kafka
67e1c3c43224ef1ddaeaa246,1742848786,169909.7998,1742848940,15909.7998,Kafka
67e1c3c43224ef1ddaeaa253,1742848786,170070.6466,1742848940,16070.6466,Kafka
67e1c3c43224ef1ddaeaa239,1742848786,169721.5717,1742848940,15721.5717,Kafka
67e1c3c43224ef1ddaeaa225,1742848786,169353.6161,1742848940,15353.6161,Kafka
67e1c3c43224ef1ddaeaa226,1742848786,169355.076,1742848940,15355.076,Kafka
67e1c3c43224ef1ddaeaa23c,1742848786,169757.0892,1742848940,15757.0892,Kafka
67e1c3c43224ef1ddaeaa252,1742848786,170069.2084,1742848940,16069.2084,Kafka
67e1c3c43224ef1ddaeaa24c,1742848786,170005.2066,1742848940,16005.2066,Kafka
67e1c3c43224ef1ddaeaa222,1742848786,169318.4924,1742848940,15318.4924,Kafka
67e1c3c43224ef1ddaeaa1f3,1742848786,168233.7758,1742848939,15233.7758,Kafka
67e1c3c43224ef1ddaeaa20e,1742848786,168860.3343,1742848939,15860.3343,Kafka
67e1c3c43224ef1ddaeaa1ef,1742848786,168175.4901,1742848939,15175.4901,Kafka
67e1c3c43224ef1ddaeaa21b,1742848786,169132.535,1742848939,16132.535,Kafka
67e1c3c43224ef1ddaeaa1f7,1742848786,168328.31,1742848939,15328.31,Kafka
67e1c3c43224ef1ddaeaa1f1,1742848786,168178.7228,1742848939,15178.7228,Kafka
67e1c3c33224ef1ddaeaa1e7,1742848786,168050.9073,1742848939,15050.9073,Kafka
67e1c3c33224ef1ddaeaa1ec,1742848786,168140.8335,1742848939,15140.8335,Kafka
67e1c3c33224ef1ddaeaa1e2,1742848786,167954.7558,1742848939,14954.7558,Kafka
67e1c3c43224ef1ddaeaa200,1742848786,168514.1558,1742848939,15514.1558,Kafka
67e1c3c43224ef1ddaeaa216,1742848786,169041.3573,1742848939,16041.3573,Kafka
67e1c3c33224ef1ddaeaa1e9,1742848786,168078.9744,1742848939,15078.9744,Kafka
67e1c3c43224ef1ddaeaa212,1742848786,168946.61,1742848939,15946.61,Kafka
67e1c3c33224ef1ddaeaa1ea,1742848786,168109.8438,1742848939,15109.8438,Kafka
67e1c3c43224ef1ddaeaa215,1742848786,169008.5278,1742848939,16008.5278,Kafka
67e1c3c43224ef1ddaeaa20f,1742848786,168861.9687,1742848939,15861.9687,Kafka
67e1c3c43224ef1ddaeaa1fa,1742848786,168450.7677,1742848939,15450.7677,Kafka
67e1c3c33224ef1ddaeaa1e1,1742848786,167894.4966,1742848939,14894.4966,Kafka
67e1c3c33224ef1ddaeaa1e6,1742848786,168048.843,1742848939,15048.843,Kafka
67e1c3c33224ef1ddaeaa1df,1742848786,167864.8755,1742848939,14864.8755,Kafka
67e1c3c43224ef1ddaeaa1f8,1742848786,168358.6315,1742848939,15358.6315,Kafka
67e1c3c43224ef1ddaeaa214,1742848786,168977.5448,1742848939,15977.5448,Kafka
67e1c3c43224ef1ddaeaa203,1742848786,168605.7678,1742848939,15605.7678,Kafka
67e1c3c43224ef1ddaeaa217,1742848786,169070.6739,1742848939,16070.6739,Kafka
67e1c3c43224ef1ddaeaa20c,1742848786,168857.0196,1742848939,15857.0196,Kafka
67e1c3c33224ef1ddaeaa1e0,1742848786,167892.7955,1742848939,14892.7955,Kafka
67e1c3c43224ef1ddaeaa209,1742848786,168825.1528,1742848939,15825.1528,Kafka
67e1c3c43224ef1ddaeaa1f9,1742848786,168419.9515,1742848939,15419.9515,Kafka
67e1c3c43224ef1ddaeaa1fb,1742848786,168452.4602,1742848939,15452.4602,Kafka
67e1c3c43224ef1ddaeaa208,1742848786,168823.1965,1742848939,15823.1965,Kafka
67e1c3c43224ef1ddaeaa1fc,1742848786,168454.0214,1742848939,15454.0214,Kafka
67e1c3c43224ef1ddaeaa219,1742848786,169075.0615,1742848939,16075.0615,Kafka
67e1c3c43224ef1ddaeaa1f4,1742848786,168266.7061,1742848939,15266.7061,Kafka
67e1c3c43224ef1ddaeaa1fd,1742848786,168455.6975,1742848939,15455.6975,Kafka
67e1c3c33224ef1ddaeaa1eb,1742848786,168111.4967,1742848939,15111.4967,Kafka
67e1c3c43224ef1ddaeaa202,1742848786,168544.1784,1742848939,15544.1784,Kafka
67e1c3c33224ef1ddaeaa1de,1742848786,167863.3985,1742848939,14863.3985,Kafka
67e1c3c33224ef1ddaeaa1e8,1742848786,168052.6714,1742848939,15052.6714,Kafka
67e1c3c43224ef1ddaeaa201,1742848786,168515.5957,1742848939,15515.5957,Kafka
67e1c3c43224ef1ddaeaa218,1742848786,169073.0961,1742848939,16073.0961,Kafka
67e1c3c43224ef1ddaeaa206,1742848786,168729.9011,1742848939,15729.9011,Kafka
67e1c3c43224ef1ddaeaa20b,1742848786,168854.9406,1742848939,15854.9406,Kafka
67e1c3c43224ef1ddaeaa20a,1742848786,168827.6497,1742848939,15827.6497,Kafka
67e1c3c33224ef1ddaeaa1e3,1742848786,167985.8745,1742848939,14985.8745,Kafka
67e1c3c43224ef1ddaeaa1fe,1742848786,168482.5204,1742848939,15482.5204,Kafka
67e1c3c43224ef1ddaeaa213,1742848786,168948.5891,1742848939,15948.5891,Kafka
67e1c3c43224ef1ddaeaa207,1742848786,168791.9233,1742848939,15791.9233,Kafka
67e1c3c43224ef1ddaeaa211,1742848786,168916.9947,1742848939,15916.9947,Kafka
67e1c3c43224ef1ddaeaa20d,1742848786,168858.8196,1742848939,15858.8196,Kafka
67e1c3c33224ef1ddaeaa1e5,1742848786,168019.011,1742848939,15019.011,Kafka
67e1c3c43224ef1ddaeaa1f6,1742848786,168297.4552,1742848939,15297.4552,Kafka
67e1c3c43224ef1ddaeaa1f2,1742848786,168203.138,1742848939,15203.138,Kafka
67e1c3c43224ef1ddaeaa1ed,1742848786,168142.3296,1742848939,15142.3296,Kafka
67e1c3c43224ef1ddaeaa1f5,1742848786,168295.8315,1742848939,15295.8315,Kafka
67e1c3c43224ef1ddaeaa1ee,1742848786,168173.7268,1742848939,15173.7268,Kafka
67e1c3c33224ef1ddaeaa1e4,1742848786,168016.8533,1742848939,15016.8533,Kafka
67e1c3c43224ef1ddaeaa21c,1742848786,169194.6328,1742848939,16194.6328,Kafka
67e1c3c43224ef1ddaeaa21a,1742848786,169101.7851,1742848939,16101.7851,Kafka
67e1c3c43224ef1ddaeaa1f0,1742848786,168177.1362,1742848939,15177.1362,Kafka
67e1c3c43224ef1ddaeaa205,1742848786,168698.7914,1742848939,15698.7914,Kafka
67e1c3c43224ef1ddaeaa210,1742848786,168863.6283,1742848939,15863.6283,Kafka
67e1c3c43224ef1ddaeaa204,1742848786,168668.1866,1742848939,15668.1866,Kafka
67e1c3c43224ef1ddaeaa1ff,1742848786,168512.6778,1742848939,15512.6778,Kafka
67e1c3c33224ef1ddaeaa1a6,1742848786,167272.8984,1742848938,15272.8984,Kafka
67e1c3c33224ef1ddaeaa1d9,1742848786,167768.173,1742848938,15768.173,Kafka
67e1c3c33224ef1ddaeaa1a8,1742848786,167276.2317,1742848938,15276.2317,Kafka
67e1c3c33224ef1ddaeaa1c5,1742848786,167614.3658,1742848938,15614.3658,Kafka
67e1c3c33224ef1ddaeaa1a1,1742848786,167179.8491,1742848938,15179.8491,Kafka
67e1c3c33224ef1ddaeaa1be,1742848786,167526.0989,1742848938,15526.0989,Kafka
67e1c3c33224ef1ddaeaa1a3,1742848786,167183.4172,1742848938,15183.4172,Kafka
67e1c3c33224ef1ddaeaa1cd,1742848786,167692.8982,1742848938,15692.8982,Kafka
67e1c3c33224ef1ddaeaa1b0,1742848786,167368.998,1742848938,15368.998,Kafka
67e1c3c33224ef1ddaeaa1b4,1742848786,167398.3122,1742848938,15398.3122,Kafka
67e1c3c33224ef1ddaeaa1d7,1742848786,167765.2877,1742848938,15765.2877,Kafka
67e1c3c33224ef1ddaeaa1b1,1742848786,167372.3428,1742848938,15372.3428,Kafka
67e1c3c33224ef1ddaeaa1a5,1742848786,167242.7073,1742848938,15242.7073,Kafka
67e1c3c33224ef1ddaeaa1af,1742848786,167367.3669,1742848938,15367.3669,Kafka
67e1c3c33224ef1ddaeaa1b2,1742848786,167373.7783,1742848938,15373.7783,Kafka
67e1c3c33224ef1ddaeaa1cb,1742848786,167660.3898,1742848938,15660.3898,Kafka
67e1c3c33224ef1ddaeaa1d4,1742848786,167760.651,1742848938,15760.651,Kafka
67e1c3c33224ef1ddaeaa1a7,1742848786,167274.6447,1742848938,15274.6447,Kafka
67e1c3c33224ef1ddaeaa1c3,1742848786,167555.1032,1742848938,15555.1032,Kafka
67e1c3c33224ef1ddaeaa1a9,1742848786,167277.6567,1742848938,15277.6567,Kafka
67e1c3c33224ef1ddaeaa1b7,1742848786,167458.6274,1742848938,15458.6274,Kafka
67e1c3c33224ef1ddaeaa1a2,1742848786,167181.9393,1742848938,15181.9393,Kafka
67e1c3c33224ef1ddaeaa1b5,1742848786,167428.6357,1742848938,15428.6357,Kafka
67e1c3c33224ef1ddaeaa1c9,1742848786,167623.7685,1742848938,15623.7685,Kafka
67e1c3c33224ef1ddaeaa1ac,1742848786,167336.4835,1742848938,15336.4835,Kafka
67e1c3c33224ef1ddaeaa1d0,1742848786,167754.3228,1742848938,15754.3228,Kafka
67e1c3c33224ef1ddaeaa1b9,1742848786,167461.833,1742848938,15461.833,Kafka
67e1c3c33224ef1ddaeaa1c6,1742848786,167616.4535,1742848938,15616.4535,Kafka
67e1c3c33224ef1ddaeaa1dd,1742848786,167861.796,1742848938,15861.796,Kafka
67e1c3c33224ef1ddaeaa1cc,1742848786,167691.2742,1742848938,15691.2742,Kafka
67e1c3c33224ef1ddaeaa1d1,1742848786,167755.9186,1742848938,15755.9186,Kafka
67e1c3c33224ef1ddaeaa1a4,1742848786,167211.8787,1742848938,15211.8787,Kafka
67e1c3c33224ef1ddaeaa1bc,1742848786,167522.5832,1742848938,15522.5832,Kafka
67e1c3c33224ef1ddaeaa1da,1742848786,167769.8509,1742848938,15769.8509,Kafka
67e1c3c33224ef1ddaeaa1d2,1742848786,167757.539,1742848938,15757.539,Kafka
67e1c3c33224ef1ddaeaa1dc,1742848786,167830.8413,1742848938,15830.8413,Kafka
67e1c3c33224ef1ddaeaa1d8,1742848786,167766.6933,1742848938,15766.6933,Kafka
67e1c3c33224ef1ddaeaa1ad,1742848786,167337.8791,1742848938,15337.8791,Kafka
67e1c3c33224ef1ddaeaa1d5,1742848786,167762.2488,1742848938,15762.2488,Kafka
67e1c3c33224ef1ddaeaa1c8,1742848786,167621.4712,1742848938,15621.4712,Kafka
67e1c3c33224ef1ddaeaa1db,1742848786,167800.6496,1742848938,15800.6496,Kafka
67e1c3c33224ef1ddaeaa1d6,1742848786,167763.7754,1742848938,15763.7754,Kafka
67e1c3c33224ef1ddaeaa1a0,1742848786,167151.7199,1742848938,15151.7199,Kafka
67e1c3c33224ef1ddaeaa19f,1742848786,167150.3067,1742848938,15150.3067,Kafka
67e1c3c33224ef1ddaeaa1c7,1742848786,167618.4739,1742848938,15618.4739,Kafka
67e1c3c33224ef1ddaeaa1c2,1742848786,167553.644,1742848938,15553.644,Kafka
67e1c3c33224ef1ddaeaa1ce,1742848786,167722.2804,1742848938,15722.2804,Kafka
67e1c3c33224ef1ddaeaa1c1,1742848786,167551.6786,1742848938,15551.6786,Kafka
67e1c3c33224ef1ddaeaa19e,1742848786,167148.6373,1742848938,15148.6373,Kafka
67e1c3c33224ef1ddaeaa1ba,1742848786,167489.7455,1742848938,15489.7455,Kafka
67e1c3c33224ef1ddaeaa1bd,1742848786,167524.5383,1742848938,15524.5383,Kafka
67e1c3c33224ef1ddaeaa1b3,1742848786,167396.756,1742848938,15396.756,Kafka
67e1c3c33224ef1ddaeaa1d3,1742848786,167759.1374,1742848938,15759.1374,Kafka
67e1c3c33224ef1ddaeaa1cf,1742848786,167724.0828,1742848938,15724.0828,Kafka
67e1c3c33224ef1ddaeaa1ca,1742848786,167627.4624,1742848938,15627.4624,Kafka
67e1c3c33224ef1ddaeaa1c0,1742848786,167529.5343,1742848938,15529.5343,Kafka
67e1c3c33224ef1ddaeaa1bf,1742848786,167527.6099,1742848938,15527.6099,Kafka
67e1c3c33224ef1ddaeaa1aa,1742848786,167279.2492,1742848938,15279.2492,Kafka
67e1c3c33224ef1ddaeaa1b6,1742848786,167430.4112,1742848938,15430.4112,Kafka
67e1c3c33224ef1ddaeaa1bb,1742848786,167491.5335,1742848938,15491.5335,Kafka
67e1c3c33224ef1ddaeaa1ab,1742848786,167304.6816,1742848938,15304.6816,Kafka
67e1c3c33224ef1ddaeaa1c4,1742848786,167582.8087,1742848938,15582.8087,Kafka
67e1c3c33224ef1ddaeaa1ae,1742848786,167365.8624,1742848938,15365.8624,Kafka
67e1c3c33224ef1ddaeaa1b8,1742848786,167460.2612,1742848938,15460.2612,Kafka
67e1c3c33224ef1ddaeaa19c,1742848786,167089.5796,1742848937,16089.5796,Kafka
67e1c3c33224ef1ddaeaa186,1742848786,166936.7698,1742848937,15936.7698,Kafka
67e1c3c33224ef1ddaeaa18d,1742848786,167028.4934,1742848937,16028.4934,Kafka
67e1c3c33224ef1ddaeaa177,1742848786,166778.9538,1742848937,15778.9538,Kafka
67e1c3c33224ef1ddaeaa17b,1742848786,166808.3741,1742848937,15808.3741,Kafka
67e1c3c33224ef1ddaeaa16d,1742848786,166609.5899,1742848937,15609.5899,Kafka
67e1c3c33224ef1ddaeaa169,1742848786,166483.0658,1742848937,15483.0658,Kafka
67e1c3c33224ef1ddaeaa181,1742848786,166838.4968,1742848937,15838.4968,Kafka
67e1c3c33224ef1ddaeaa189,1742848786,166962.5428,1742848937,15962.5428,Kafka
67e1c3c33224ef1ddaeaa15e,1742848786,166233.7183,1742848937,15233.7183,Kafka
67e1c3c33224ef1ddaeaa173,1742848786,166714.28,1742848937,15714.28,Kafka
67e1c3c33224ef1ddaeaa167,1742848786,166392.4817,1742848937,15392.4817,Kafka
67e1c3c33224ef1ddaeaa17e,1742848786,166812.6393,1742848937,15812.6393,Kafka
67e1c3c33224ef1ddaeaa188,1742848786,166940.0664,1742848937,15940.0664,Kafka
67e1c3c33224ef1ddaeaa17c,1742848786,166809.8304,1742848937,15809.8304,Kafka
67e1c3c33224ef1ddaeaa184,1742848786,166932.7834,1742848937,15932.7834,Kafka
67e1c3c33224ef1ddaeaa171,1742848786,166653.1491,1742848937,15653.1491,Kafka
67e1c3c33224ef1ddaeaa178,1742848786,166780.3707,1742848937,15780.3707,Kafka
67e1c3c33224ef1ddaeaa163,1742848786,166328.0375,1742848937,15328.0375,Kafka
67e1c3c33224ef1ddaeaa19d,1742848786,167091.649,1742848937,16091.649,Kafka
67e1c3c33224ef1ddaeaa164,1742848786,166330.9985,1742848937,15330.9985,Kafka
67e1c3c33224ef1ddaeaa16f,1742848786,166614.098,1742848937,15614.098,Kafka
67e1c3c33224ef1ddaeaa175,1742848786,166746.8472,1742848937,15746.8472,Kafka
67e1c3c33224ef1ddaeaa176,1742848786,166777.5375,1742848937,15777.5375,Kafka
67e1c3c33224ef1ddaeaa165,1742848786,166388.9019,1742848937,15388.9019,Kafka
67e1c3c33224ef1ddaeaa172,1742848786,166655.2684,1742848937,15655.2684,Kafka
67e1c3c33224ef1ddaeaa160,1742848786,166267.1541,1742848937,15267.1541,Kafka
67e1c3c33224ef1ddaeaa16c,1742848786,166574.9412,1742848937,15574.9412,Kafka
67e1c3c33224ef1ddaeaa191,1742848786,167034.9641,1742848937,16034.9641,Kafka
67e1c3c33224ef1ddaeaa18c,1742848786,167027.0336,1742848937,16027.0336,Kafka
67e1c3c33224ef1ddaeaa199,1742848786,167083.2587,1742848937,16083.2587,Kafka
67e1c3c33224ef1ddaeaa192,1742848786,167036.6762,1742848937,16036.6762,Kafka
67e1c3c33224ef1ddaeaa190,1742848786,167033.5226,1742848937,16033.5226,Kafka
67e1c3c33224ef1ddaeaa194,1742848786,167039.7296,1742848937,16039.7296,Kafka
67e1c3c33224ef1ddaeaa16b,1742848786,166544.2091,1742848937,15544.2091,Kafka
67e1c3c33224ef1ddaeaa168,1742848786,166450.9626,1742848937,15450.9626,Kafka
67e1c3c33224ef1ddaeaa18e,1742848786,167029.9481,1742848937,16029.9481,Kafka
67e1c3c33224ef1ddaeaa183,1742848786,166900.4807,1742848937,15900.4807,Kafka
67e1c3c33224ef1ddaeaa174,1742848786,166716.0676,1742848937,15716.0676,Kafka
67e1c3c33224ef1ddaeaa170,1742848786,166617.8286,1742848937,15617.8286,Kafka
67e1c3c33224ef1ddaeaa195,1742848786,167041.1487,1742848937,16041.1487,Kafka
67e1c3c33224ef1ddaeaa193,1742848786,167038.2467,1742848937,16038.2467,Kafka
67e1c3c33224ef1ddaeaa18b,1742848786,167025.4808,1742848937,16025.4808,Kafka
67e1c3c33224ef1ddaeaa162,1742848786,166298.9209,1742848937,15298.9209,Kafka
67e1c3c33224ef1ddaeaa179,1742848786,166781.7537,1742848937,15781.7537,Kafka
67e1c3c33224ef1ddaeaa16a,1742848786,166484.6031,1742848937,15484.6031,Kafka
67e1c3c33224ef1ddaeaa15f,1742848786,166265.5896,1742848937,15265.5896,Kafka
67e1c3c33224ef1ddaeaa19b,1742848786,167087.6204,1742848937,16087.6204,Kafka
67e1c3c33224ef1ddaeaa166,1742848786,166390.9384,1742848937,15390.9384,Kafka
67e1c3c33224ef1ddaeaa18f,1742848786,167031.3464,1742848937,16031.3464,Kafka
67e1c3c33224ef1ddaeaa196,1742848786,167072.058,1742848937,16072.058,Kafka
67e1c3c33224ef1ddaeaa161,1742848786,166296.9112,1742848937,15296.9112,Kafka
67e1c3c33224ef1ddaeaa182,1742848786,166870.7432,1742848937,15870.7432,Kafka
67e1c3c33224ef1ddaeaa197,1742848786,167077.5818,1742848937,16077.5818,Kafka
67e1c3c33224ef1ddaeaa19a,1742848786,167084.8707,1742848937,16084.8707,Kafka
67e1c3c33224ef1ddaeaa17d,1742848786,166811.2758,1742848937,15811.2758,Kafka
67e1c3c33224ef1ddaeaa198,1742848786,167080.1585,1742848937,16080.1585,Kafka
67e1c3c33224ef1ddaeaa17a,1742848786,166783.0864,1742848937,15783.0864,Kafka
67e1c3c33224ef1ddaeaa180,1742848786,166815.3957,1742848937,15815.3957,Kafka
67e1c3c33224ef1ddaeaa16e,1742848786,166612.0423,1742848937,15612.0423,Kafka
67e1c3c33224ef1ddaeaa185,1742848786,166934.7997,1742848937,15934.7997,Kafka
67e1c3c33224ef1ddaeaa17f,1742848786,166814.0039,1742848937,15814.0039,Kafka
67e1c3c33224ef1ddaeaa187,1742848786,166938.3798,1742848937,15938.3798,Kafka
67e1c3c33224ef1ddaeaa18a,1742848786,166993.6117,1742848937,15993.6117,Kafka
67e1c3c33224ef1ddaeaa127,1742848786,165149.1254,1742848936,15149.1254,Kafka
67e1c3c33224ef1ddaeaa122,1742848786,164962.9702,1742848936,14962.9702,Kafka
67e1c3c33224ef1ddaeaa12b,1742848786,165242.137,1742848936,15242.137,Kafka
67e1c3c33224ef1ddaeaa125,1742848786,165056.8003,1742848936,15056.8003,Kafka
67e1c3c33224ef1ddaeaa135,1742848786,165554.0556,1742848936,15554.0556,Kafka
67e1c3c33224ef1ddaeaa158,1742848786,166173.4263,1742848936,16173.4263,Kafka
67e1c3c33224ef1ddaeaa12e,1742848786,165278.5732,1742848936,15278.5732,Kafka
67e1c3c33224ef1ddaeaa140,1742848786,165741.7199,1742848936,15741.7199,Kafka
67e1c3c33224ef1ddaeaa13c,1742848786,165652.569,1742848936,15652.569,Kafka
67e1c3c33224ef1ddaeaa13e,1742848786,165738.7677,1742848936,15738.7677,Kafka
67e1c3c33224ef1ddaeaa15b,1742848786,166178.956,1742848936,16178.956,Kafka
67e1c3c33224ef1ddaeaa126,1742848786,165118.4903,1742848936,15118.4903,Kafka
67e1c3c33224ef1ddaeaa121,1742848786,164901.2068,1742848936,14901.2068,Kafka
67e1c3c33224ef1ddaeaa14d,1742848786,165927.3813,1742848936,15927.3813,Kafka
67e1c3c33224ef1ddaeaa13a,1742848786,165646.4991,1742848936,15646.4991,Kafka
67e1c3c33224ef1ddaeaa120,1742848786,164871.4224,1742848936,14871.4224,Kafka
67e1c3c33224ef1ddaeaa152,1742848786,166019.9898,1742848936,16019.9898,Kafka
67e1c3c33224ef1ddaeaa12f,1742848786,165305.3131,1742848936,15305.3131,Kafka
67e1c3c33224ef1ddaeaa14e,1742848786,165956.4854,1742848936,15956.4854,Kafka
67e1c3c33224ef1ddaeaa14b,1742848786,165896.0928,1742848936,15896.0928,Kafka
67e1c3c33224ef1ddaeaa155,1742848786,166112.5786,1742848936,16112.5786,Kafka
67e1c3c33224ef1ddaeaa143,1742848786,165746.5112,1742848936,15746.5112,Kafka
67e1c3c33224ef1ddaeaa130,1742848786,165366.6071,1742848936,15366.6071,Kafka
67e1c3c33224ef1ddaeaa124,1742848786,165025.6875,1742848936,15025.6875,Kafka
67e1c3c33224ef1ddaeaa13d,1742848786,165707.2158,1742848936,15707.2158,Kafka
67e1c3c33224ef1ddaeaa15d,1742848786,166206.9443,1742848936,16206.9443,Kafka
67e1c3c33224ef1ddaeaa12c,1742848786,165275.0684,1742848936,15275.0684,Kafka
67e1c3c33224ef1ddaeaa154,1742848786,166110.8945,1742848936,16110.8945,Kafka
67e1c3c33224ef1ddaeaa128,1742848786,165150.6961,1742848936,15150.6961,Kafka
67e1c3c33224ef1ddaeaa142,1742848786,165745.0099,1742848936,15745.0099,Kafka
67e1c3c33224ef1ddaeaa13b,1742848786,165649.5981,1742848936,15649.5981,Kafka
67e1c3c33224ef1ddaeaa157,1742848786,166140.6483,1742848936,16140.6483,Kafka
67e1c3c33224ef1ddaeaa149,1742848786,165892.8769,1742848936,15892.8769,Kafka
67e1c3c33224ef1ddaeaa14a,1742848786,165894.7106,1742848936,15894.7106,Kafka
67e1c3c33224ef1ddaeaa137,1742848786,165557.1133,1742848936,15557.1133,Kafka
67e1c3c33224ef1ddaeaa147,1742848786,165834.5327,1742848936,15834.5327,Kafka
67e1c3c33224ef1ddaeaa159,1742848786,166175.5906,1742848936,16175.5906,Kafka
67e1c3c33224ef1ddaeaa15a,1742848786,166177.1427,1742848936,16177.1427,Kafka
67e1c3c33224ef1ddaeaa131,1742848786,165428.4654,1742848936,15428.4654,Kafka
67e1c3c33224ef1ddaeaa14f,1742848786,165986.791,1742848936,15986.791,Kafka
67e1c3c33224ef1ddaeaa132,1742848786,165490.2938,1742848936,15490.2938,Kafka
67e1c3c33224ef1ddaeaa14c,1742848786,165925.375,1742848936,15925.375,Kafka
67e1c3c33224ef1ddaeaa11e,1742848786,164845.5004,1742848936,14845.5004,Kafka
67e1c3c33224ef1ddaeaa12a,1742848786,165213.2323,1742848936,15213.2323,Kafka
67e1c3c33224ef1ddaeaa144,1742848786,165769.7139,1742848936,15769.7139,Kafka
67e1c3c33224ef1ddaeaa151,1742848786,166018.553,1742848936,16018.553,Kafka
67e1c3c33224ef1ddaeaa141,1742848786,165743.1799,1742848936,15743.1799,Kafka
67e1c3c33224ef1ddaeaa123,1742848786,164994.3054,1742848936,14994.3054,Kafka
67e1c3c33224ef1ddaeaa11d,1742848786,164843.9424,1742848936,14843.9424,Kafka
67e1c3c33224ef1ddaeaa129,1742848786,165211.3259,1742848936,15211.3259,Kafka
67e1c3c33224ef1ddaeaa156,1742848786,166114.2244,1742848936,16114.2244,Kafka
67e1c3c33224ef1ddaeaa133,1742848786,165492.2181,1742848936,15492.2181,Kafka
67e1c3c33224ef1ddaeaa146,1742848786,165832.2069,1742848936,15832.2069,Kafka
67e1c3c33224ef1ddaeaa136,1742848786,165555.5708,1742848936,15555.5708,Kafka
67e1c3c33224ef1ddaeaa139,1742848786,165583.2603,1742848936,15583.2603,Kafka
67e1c3c33224ef1ddaeaa12d,1742848786,165276.8385,1742848936,15276.8385,Kafka
67e1c3c33224ef1ddaeaa145,1742848786,165800.7351,1742848936,15800.7351,Kafka
67e1c3c33224ef1ddaeaa13f,1742848786,165740.2682,1742848936,15740.2682,Kafka
67e1c3c33224ef1ddaeaa15c,1742848786,166203.6184,1742848936,16203.6184,Kafka
67e1c3c33224ef1ddaeaa153,1742848786,166079.1874,1742848936,16079.1874,Kafka
67e1c3c33224ef1ddaeaa134,1742848786,165552.3199,1742848936,15552.3199,Kafka
67e1c3c33224ef1ddaeaa148,1742848786,165836.4743,1742848936,15836.4743,Kafka
67e1c3c33224ef1ddaeaa138,1742848786,165558.5948,1742848936,15558.5948,Kafka
67e1c3c33224ef1ddaeaa150,1742848786,166016.9454,1742848936,16016.9454,Kafka
67e1c3c33224ef1ddaeaa11f,1742848786,164869.8917,1742848936,14869.8917,Kafka
67e1c3c33224ef1ddaeaa0fc,1742848786,164312.2984,1742848935,15312.2984,Kafka
67e1c3c33224ef1ddaeaa0fa,1742848786,164281.1708,1742848935,15281.1708,Kafka
67e1c3c33224ef1ddaeaa0ef,1742848786,163989.5558,1742848935,14989.5558,Kafka
67e1c3c33224ef1ddaeaa0de,1742848786,163818.1599,1742848935,14818.1599,Kafka
67e1c3c33224ef1ddaeaa10c,1742848786,164488.0174,1742848935,15488.0174,Kafka
67e1c3c33224ef1ddaeaa102,1742848786,164437.828,1742848935,15437.828,Kafka
67e1c3c33224ef1ddaeaa0e8,1742848786,163921.3126,1742848935,14921.3126,Kafka
67e1c3c33224ef1ddaeaa116,1742848786,164746.2731,1742848935,15746.2731,Kafka
67e1c3c33224ef1ddaeaa0e6,1742848786,163918.2855,1742848935,14918.2855,Kafka
67e1c3c33224ef1ddaeaa0e4,1742848786,163915.1685,1742848935,14915.1685,Kafka
67e1c3c33224ef1ddaeaa118,1742848786,164808.3174,1742848935,15808.3174,Kafka
67e1c3c33224ef1ddaeaa11c,1742848786,164842.4446,1742848935,15842.4446,Kafka
67e1c3c33224ef1ddaeaa10b,1742848786,164486.426,1742848935,15486.426,Kafka
67e1c3c33224ef1ddaeaa114,1742848786,164684.3605,1742848935,15684.3605,Kafka
67e1c3c33224ef1ddaeaa10f,1742848786,164493.5818,1742848935,15493.5818,Kafka
67e1c3c33224ef1ddaeaa0f4,1742848786,164144.3123,1742848935,15144.3123,Kafka
67e1c3c33224ef1ddaeaa10d,1742848786,164490.4881,1742848935,15490.4881,Kafka
67e1c3c33224ef1ddaeaa11b,1742848786,164840.6379,1742848935,15840.6379,Kafka
67e1c3c33224ef1ddaeaa104,1742848786,164440.7815,1742848935,15440.7815,Kafka
67e1c3c33224ef1ddaeaa0f1,1742848786,164079.966,1742848935,15079.966,Kafka
67e1c3c33224ef1ddaeaa0f6,1742848786,164175.9178,1742848935,15175.9178,Kafka
67e1c3c33224ef1ddaeaa0e2,1742848786,163911.9071,1742848935,14911.9071,Kafka
67e1c3c33224ef1ddaeaa107,1742848786,164445.0225,1742848935,15445.0225,Kafka
67e1c3c33224ef1ddaeaa111,1742848786,164561.625,1742848935,15561.625,Kafka
67e1c3c33224ef1ddaeaa0f0,1742848786,164017.9186,1742848935,15017.9186,Kafka
67e1c3c33224ef1ddaeaa0eb,1742848786,163955.8971,1742848935,14955.8971,Kafka
67e1c3c33224ef1ddaeaa103,1742848786,164439.4166,1742848935,15439.4166,Kafka
67e1c3c33224ef1ddaeaa0ed,1742848786,163958.9725,1742848935,14958.9725,Kafka
67e1c3c33224ef1ddaeaa108,1742848786,164446.3808,1742848935,15446.3808,Kafka
67e1c3c33224ef1ddaeaa0e3,1742848786,163913.6624,1742848935,14913.6624,Kafka
67e1c3c33224ef1ddaeaa119,1742848786,164809.9636,1742848935,15809.9636,Kafka
67e1c3c33224ef1ddaeaa0e1,1742848786,163910.3748,1742848935,14910.3748,Kafka
67e1c3c33224ef1ddaeaa0f7,1742848786,164179.1412,1742848935,15179.1412,Kafka
67e1c3c33224ef1ddaeaa0fe,1742848786,164315.8105,1742848935,15315.8105,Kafka
67e1c3c33224ef1ddaeaa0e9,1742848786,163922.8103,1742848935,14922.8103,Kafka
67e1c3c33224ef1ddaeaa109,1742848786,164447.8551,1742848935,15447.8551,Kafka
67e1c3c33224ef1ddaeaa0dd,1742848786,163816.4311,1742848935,14816.4311,Kafka
67e1c3c33224ef1ddaeaa100,1742848786,164376.6552,1742848935,15376.6552,Kafka
67e1c3c33224ef1ddaeaa0ff,1742848786,164344.1295,1742848935,15344.1295,Kafka
67e1c3c33224ef1ddaeaa0ea,1742848786,163924.2612,1742848935,14924.2612,Kafka
67e1c3c33224ef1ddaeaa0fb,1742848786,164282.7042,1742848935,15282.7042,Kafka
67e1c3c33224ef1ddaeaa0df,1742848786,163848.6173,1742848935,14848.6173,Kafka
67e1c3c33224ef1ddaeaa0f8,1742848786,164181.8032,1742848935,15181.8032,Kafka
67e1c3c33224ef1ddaeaa0f5,1742848786,164146.2338,1742848935,15146.2338,Kafka
67e1c3c33224ef1ddaeaa101,1742848786,164436.3458,1742848935,15436.3458,Kafka
67e1c3c33224ef1ddaeaa106,1742848786,164443.5403,1742848935,15443.5403,Kafka
67e1c3c33224ef1ddaeaa0e5,1742848786,163916.7597,1742848935,14916.7597,Kafka
67e1c3c33224ef1ddaeaa0fd,1742848786,164314.0607,1742848935,15314.0607,Kafka
67e1c3c33224ef1ddaeaa113,1742848786,164622.2903,1742848935,15622.2903,Kafka
67e1c3c33224ef1ddaeaa0f3,1742848786,164141.9875,1742848935,15141.9875,Kafka
67e1c3c33224ef1ddaeaa10a,1742848786,164484.0055,1742848935,15484.0055,Kafka
67e1c3c33224ef1ddaeaa115,1742848786,164716.1421,1742848935,15716.1421,Kafka
67e1c3c33224ef1ddaeaa0f9,1742848786,164219.0563,1742848935,15219.0563,Kafka
67e1c3c33224ef1ddaeaa0f2,1742848786,164111.8579,1742848935,15111.8579,Kafka
67e1c3c33224ef1ddaeaa112,1742848786,164591.4927,1742848935,15591.4927,Kafka
67e1c3c33224ef1ddaeaa0e0,1742848786,163878.4462,1742848935,14878.4462,Kafka
67e1c3c33224ef1ddaeaa10e,1742848786,164491.956,1742848935,15491.956,Kafka
67e1c3c33224ef1ddaeaa110,1742848786,164529.5199,1742848935,15529.5199,Kafka
67e1c3c33224ef1ddaeaa0e7,1742848786,163919.8628,1742848935,14919.8628,Kafka
67e1c3c33224ef1ddaeaa105,1742848786,164442.1469,1742848935,15442.1469,Kafka
67e1c3c33224ef1ddaeaa0ec,1742848786,163957.4309,1742848935,14957.4309,Kafka
67e1c3c33224ef1ddaeaa0ee,1742848786,163987.8457,1742848935,14987.8457,Kafka
67e1c3c33224ef1ddaeaa117,1742848786,164778.1097,1742848935,15778.1097,Kafka
67e1c3c33224ef1ddaeaa11a,1742848786,164838.8897,1742848935,15838.8897,Kafka
67e1c3c33224ef1ddaeaa0b1,1742848786,163091.1664,1742848934,15091.1664,Kafka
67e1c3c33224ef1ddaeaa0d8,1742848786,163713.3969,1742848934,15713.3969,Kafka
67e1c3c33224ef1ddaeaa0d1,1742848786,163679.2838,1742848934,15679.2838,Kafka
67e1c3c33224ef1ddaeaa0bf,1742848786,163336.9991,1742848934,15336.9991,Kafka
67e1c3c33224ef1ddaeaa0cf,1742848786,163647.6542,1742848934,15647.6542,Kafka
67e1c3c33224ef1ddaeaa0c1,1742848786,163339.9867,1742848934,15339.9867,Kafka
67e1c3c33224ef1ddaeaa0ac,1742848786,162932.9368,1742848934,14932.9368,Kafka
67e1c3c33224ef1ddaeaa0bd,1742848786,163305.7531,1742848934,15305.7531,Kafka
67e1c3c33224ef1ddaeaa09e,1742848786,162611.9994,1742848934,14611.9994,Kafka
67e1c3c33224ef1ddaeaa0d6,1742848786,163710.3133,1742848934,15710.3133,Kafka
67e1c3c33224ef1ddaeaa0ba,1742848786,163242.8705,1742848934,15242.8705,Kafka
67e1c3c33224ef1ddaeaa0ae,1742848786,163025.9824,1742848934,15025.9824,Kafka
67e1c3c33224ef1ddaeaa0c9,1742848786,163493.1602,1742848934,15493.1602,Kafka
67e1c3c33224ef1ddaeaa0d0,1742848786,163677.7244,1742848934,15677.7244,Kafka
67e1c3c33224ef1ddaeaa0bc,1742848786,163277.0263,1742848934,15277.0263,Kafka
67e1c3c33224ef1ddaeaa0b2,1742848786,163092.5839,1742848934,15092.5839,Kafka
67e1c3c33224ef1ddaeaa0a7,1742848786,162750.7429,1742848934,14750.7429,Kafka
67e1c3c33224ef1ddaeaa0a3,1742848786,162653.8829,1742848934,14653.8829,Kafka
67e1c3c33224ef1ddaeaa0a5,1742848786,162747.7398,1742848934,14747.7398,Kafka
67e1c3c33224ef1ddaeaa0cb,1742848786,163552.8275,1742848934,15552.8275,Kafka
67e1c3c33224ef1ddaeaa0b6,1742848786,163124.2473,1742848934,15124.2473,Kafka
67e1c3c33224ef1ddaeaa0b3,1742848786,163119.7568,1742848934,15119.7568,Kafka
67e1c3c33224ef1ddaeaa0cd,1742848786,163584.7885,1742848934,15584.7885,Kafka
67e1c3c33224ef1ddaeaa0ad,1742848786,162965.1513,1742848934,14965.1513,Kafka
67e1c3c33224ef1ddaeaa0c3,1742848786,163428.9091,1742848934,15428.9091,Kafka
67e1c3c33224ef1ddaeaa0c7,1742848786,163464.5994,1742848934,15464.5994,Kafka
67e1c3c33224ef1ddaeaa0d2,1742848786,163680.8001,1742848934,15680.8001,Kafka
67e1c3c33224ef1ddaeaa0b7,1742848786,163125.6988,1742848934,15125.6988,Kafka
67e1c3c33224ef1ddaeaa0a9,1742848786,162786.63,1742848934,14786.63,Kafka
67e1c3c33224ef1ddaeaa0c2,1742848786,163366.8631,1742848934,15366.8631,Kafka
67e1c3c33224ef1ddaeaa0a0,1742848786,162614.9603,1742848934,14614.9603,Kafka
67e1c3c33224ef1ddaeaa0a8,1742848786,162781.0884,1742848934,14781.0884,Kafka
67e1c3c33224ef1ddaeaa0db,1742848786,163717.8597,1742848934,15717.8597,Kafka
67e1c3c33224ef1ddaeaa0b0,1742848786,163089.7098,1742848934,15089.7098,Kafka
67e1c3c33224ef1ddaeaa0b8,1742848786,163150.8823,1742848934,15150.8823,Kafka
67e1c3c33224ef1ddaeaa0cc,1742848786,163554.5883,1742848934,15554.5883,Kafka
67e1c3c33224ef1ddaeaa0c8,1742848786,163491.6893,1742848934,15491.6893,Kafka
67e1c3c33224ef1ddaeaa0d9,1742848786,163714.8861,1742848934,15714.8861,Kafka
67e1c3c33224ef1ddaeaa0bb,1742848786,163275.0765,1742848934,15275.0765,Kafka
67e1c3c33224ef1ddaeaa0d7,1742848786,163711.8696,1742848934,15711.8696,Kafka
67e1c3c33224ef1ddaeaa0dc,1742848786,163754.4216,1742848934,15754.4216,Kafka
67e1c3c33224ef1ddaeaa0b5,1742848786,163122.8379,1742848934,15122.8379,Kafka
67e1c3c33224ef1ddaeaa0b4,1742848786,163121.4259,1742848934,15121.4259,Kafka
67e1c3c33224ef1ddaeaa0da,1742848786,163716.3779,1742848934,15716.3779,Kafka
67e1c3c33224ef1ddaeaa0d3,1742848786,163682.2684,1742848934,15682.2684,Kafka
67e1c3c33224ef1ddaeaa09f,1742848786,162613.4146,1742848934,14613.4146,Kafka
67e1c3c33224ef1ddaeaa0ab,1742848786,162870.896,1742848934,14870.896,Kafka
67e1c3c33224ef1ddaeaa0be,1742848786,163307.6684,1742848934,15307.6684,Kafka
67e1c3c33224ef1ddaeaa0c0,1742848786,163338.5797,1742848934,15338.5797,Kafka
67e1c3c33224ef1ddaeaa0a1,1742848786,162616.3786,1742848934,14616.3786,Kafka
67e1c3c33224ef1ddaeaa0ce,1742848786,163645.9147,1742848934,15645.9147,Kafka
67e1c3c33224ef1ddaeaa0c4,1742848786,163459.98,1742848934,15459.98,Kafka
67e1c3c33224ef1ddaeaa0aa,1742848786,162809.0847,1742848934,14809.0847,Kafka
67e1c3c33224ef1ddaeaa0af,1742848786,163088.0094,1742848934,15088.0094,Kafka
67e1c3c33224ef1ddaeaa0ca,1742848786,163521.9935,1742848934,15521.9935,Kafka
67e1c3c33224ef1ddaeaa0a2,1742848786,162617.8629,1742848934,14617.8629,Kafka
67e1c3c33224ef1ddaeaa0d5,1742848786,163708.7389,1742848934,15708.7389,Kafka
67e1c3c33224ef1ddaeaa0c6,1742848786,163463.0043,1742848934,15463.0043,Kafka
67e1c3c33224ef1ddaeaa0c5,1742848786,163461.5138,1742848934,15461.5138,Kafka
67e1c3c33224ef1ddaeaa0a6,1742848786,162749.3345,1742848934,14749.3345,Kafka
67e1c3c33224ef1ddaeaa0d4,1742848786,163684.5487,1742848934,15684.5487,Kafka
67e1c3c33224ef1ddaeaa0a4,1742848786,162716.1095,1742848934,14716.1095,Kafka
67e1c3c33224ef1ddaeaa0b9,1742848786,163181.916,1742848934,15181.916,Kafka
67e1c3c33224ef1ddaeaa06c,1742848786,162002.7466,1742848933,15002.7466,Kafka
67e1c3c33224ef1ddaeaa067,1742848786,161909.7498,1742848933,14909.7498,Kafka
67e1c3c33224ef1ddaeaa070,1742848786,162008.5791,1742848933,15008.5791,Kafka
67e1c3c33224ef1ddaeaa06b,1742848786,161974.3088,1742848933,14974.3088,Kafka
67e1c3c33224ef1ddaeaa065,1742848786,161885.318,1742848933,14885.318,Kafka
67e1c3c33224ef1ddaeaa06a,1742848786,161972.7306,1742848933,14972.7306,Kafka
67e1c3c33224ef1ddaeaa060,1742848786,161847.932,1742848933,14847.932,Kafka
67e1c3c33224ef1ddaeaa066,1742848786,161886.6903,1742848933,14886.6903,Kafka
67e1c3c33224ef1ddaeaa068,1742848786,161942.1549,1742848933,14942.1549,Kafka
67e1c3c33224ef1ddaeaa08a,1742848786,162363.6641,1742848933,15363.6641,Kafka
67e1c3c33224ef1ddaeaa07f,1742848786,162283.7049,1742848933,15283.7049,Kafka
67e1c3c33224ef1ddaeaa08d,1742848786,162421.3535,1742848933,15421.3535,Kafka
67e1c3c33224ef1ddaeaa08c,1742848786,162391.1189,1742848933,15391.1189,Kafka
67e1c3c33224ef1ddaeaa08e,1742848786,162422.859,1742848933,15422.859,Kafka
67e1c3c33224ef1ddaeaa088,1742848786,162360.3252,1742848933,15360.3252,Kafka
67e1c3c33224ef1ddaeaa097,1742848786,162545.4168,1742848933,15545.4168,Kafka
67e1c3c33224ef1ddaeaa077,1742848786,162129.4134,1742848933,15129.4134,Kafka
67e1c3c33224ef1ddaeaa091,1742848786,162427.3045,1742848933,15427.3045,Kafka
67e1c3c33224ef1ddaeaa084,1742848786,162291.5795,1742848933,15291.5795,Kafka
67e1c3c33224ef1ddaeaa086,1742848786,162329.5379,1742848933,15329.5379,Kafka
67e1c3c33224ef1ddaeaa083,1742848786,162289.9466,1742848933,15289.9466,Kafka
67e1c3c33224ef1ddaeaa08f,1742848786,162424.313,1742848933,15424.313,Kafka
67e1c3c33224ef1ddaeaa072,1742848786,162066.4944,1742848933,15066.4944,Kafka
67e1c3c33224ef1ddaeaa07b,1742848786,162191.387,1742848933,15191.387,Kafka
67e1c3c33224ef1ddaeaa09b,1742848786,162607.4076,1742848933,15607.4076,Kafka
67e1c3c33224ef1ddaeaa062,1742848786,161881.0378,1742848933,14881.0378,Kafka
67e1c3c33224ef1ddaeaa078,1742848786,162130.8332,1742848933,15130.8332,Kafka
67e1c3c33224ef1ddaeaa079,1742848786,162157.8499,1742848933,15157.8499,Kafka
67e1c3c33224ef1ddaeaa082,1742848786,162288.4468,1742848933,15288.4468,Kafka
67e1c3c33224ef1ddaeaa092,1742848786,162452.3485,1742848933,15452.3485,Kafka
67e1c3c33224ef1ddaeaa095,1742848786,162517.7658,1742848933,15517.7658,Kafka
67e1c3c33224ef1ddaeaa076,1742848786,162127.8017,1742848933,15127.8017,Kafka
67e1c3c33224ef1ddaeaa07e,1742848786,162282.1163,1742848933,15282.1163,Kafka
67e1c3c33224ef1ddaeaa07d,1742848786,162222.3096,1742848933,15222.3096,Kafka
67e1c3c33224ef1ddaeaa05f,1742848786,161785.7895,1742848933,14785.7895,Kafka
67e1c3c33224ef1ddaeaa05e,1742848786,161730.5184,1742848933,14730.5184,Kafka
67e1c3c33224ef1ddaeaa085,1742848786,162293.2017,1742848933,15293.2017,Kafka
67e1c3c33224ef1ddaeaa071,1742848786,162064.7843,1742848933,15064.7843,Kafka
67e1c3c33224ef1ddaeaa09a,1742848786,162577.9779,1742848933,15577.9779,Kafka
67e1c3c33224ef1ddaeaa061,1742848786,161879.6059,1742848933,14879.6059,Kafka
67e1c3c33224ef1ddaeaa075,1742848786,162099.7987,1742848933,15099.7987,Kafka
67e1c3c33224ef1ddaeaa074,1742848786,162098.2649,1742848933,15098.2649,Kafka
67e1c3c33224ef1ddaeaa069,1742848786,161943.7183,1742848933,14943.7183,Kafka
67e1c3c33224ef1ddaeaa06d,1742848786,162004.2923,1742848933,15004.2923,Kafka
67e1c3c33224ef1ddaeaa094,1742848786,162516.1989,1742848933,15516.1989,Kafka
67e1c3c33224ef1ddaeaa06e,1742848786,162005.7391,1742848933,15005.7391,Kafka
67e1c3c33224ef1ddaeaa080,1742848786,162285.3189,1742848933,15285.3189,Kafka
67e1c3c33224ef1ddaeaa09c,1742848786,162608.9906,1742848933,15608.9906,Kafka
67e1c3c33224ef1ddaeaa08b,1742848786,162365.2682,1742848933,15365.2682,Kafka
67e1c3c33224ef1ddaeaa09d,1742848786,162610.6171,1742848933,15610.6171,Kafka
67e1c3c33224ef1ddaeaa090,1742848786,162425.7116,1742848933,15425.7116,Kafka
67e1c3c33224ef1ddaeaa073,1742848786,162096.7443,1742848933,15096.7443,Kafka
67e1c3c33224ef1ddaeaa096,1742848786,162519.2579,1742848933,15519.2579,Kafka
67e1c3c33224ef1ddaeaa087,1742848786,162331.0569,1742848933,15331.0569,Kafka
67e1c3c33224ef1ddaeaa099,1742848786,162576.4593,1742848933,15576.4593,Kafka
67e1c3c33224ef1ddaeaa081,1742848786,162286.9083,1742848933,15286.9083,Kafka
67e1c3c33224ef1ddaeaa07c,1742848786,162220.8701,1742848933,15220.8701,Kafka
67e1c3c33224ef1ddaeaa093,1742848786,162514.3534,1742848933,15514.3534,Kafka
67e1c3c33224ef1ddaeaa089,1742848786,162361.9015,1742848933,15361.9015,Kafka
67e1c3c33224ef1ddaeaa07a,1742848786,162189.8982,1742848933,15189.8982,Kafka
67e1c3c33224ef1ddaeaa098,1742848786,162547.7177,1742848933,15547.7177,Kafka
67e1c3c33224ef1ddaeaa063,1742848786,161882.5199,1742848933,14882.5199,Kafka
67e1c3c33224ef1ddaeaa064,1742848786,161883.9166,1742848933,14883.9166,Kafka
67e1c3c33224ef1ddaeaa06f,1742848786,162007.1926,1742848933,15007.1926,Kafka
67e1c3c33224ef1ddaeaa04c,1742848786,161429.9555,1742848932,15429.9555,Kafka
67e1c3c33224ef1ddaeaa01f,1742848786,160672.3107,1742848932,14672.3107,Kafka
67e1c3c33224ef1ddaeaa053,1742848786,161477.3855,1742848932,15477.3855,Kafka
67e1c3c33224ef1ddaeaa058,1742848786,161602.2102,1742848932,15602.2102,Kafka
67e1c3c33224ef1ddaeaa054,1742848786,161507.7436,1742848932,15507.7436,Kafka
67e1c3c33224ef1ddaeaa03f,1742848786,161122.7454,1742848932,15122.7454,Kafka
67e1c3c33224ef1ddaeaa05c,1742848786,161727.2965,1742848932,15727.2965,Kafka
67e1c3c33224ef1ddaeaa045,1742848786,161247.5442,1742848932,15247.5442,Kafka
67e1c3c33224ef1ddaeaa05b,1742848786,161725.6252,1742848932,15725.6252,Kafka
67e1c3c33224ef1ddaeaa027,1742848786,160767.6905,1742848932,14767.6905,Kafka
67e1c3c33224ef1ddaeaa044,1742848786,161244.26,1742848932,15244.26,Kafka
67e1c3c33224ef1ddaeaa05d,1742848786,161728.9549,1742848932,15728.9549,Kafka
67e1c3c33224ef1ddaeaa03b,1742848786,161059.631,1742848932,15059.631,Kafka
67e1c3c33224ef1ddaeaa039,1742848786,161029.1885,1742848932,15029.1885,Kafka
67e1c3c33224ef1ddaeaa042,1742848786,161182.4184,1742848932,15182.4184,Kafka
67e1c3c33224ef1ddaeaa05a,1742848786,161723.6934,1742848932,15723.6934,Kafka
67e1c3c33224ef1ddaeaa04f,1742848786,161434.9986,1742848932,15434.9986,Kafka
67e1c3c33224ef1ddaeaa059,1742848786,161661.7047,1742848932,15661.7047,Kafka
67e1c3c33224ef1ddaeaa043,1742848786,161183.8571,1742848932,15183.8571,Kafka
67e1c3c33224ef1ddaeaa046,1742848786,161274.5489,1742848932,15274.5489,Kafka
67e1c3c33224ef1ddaeaa040,1742848786,161151.6316,1742848932,15151.6316,Kafka
67e1c3c33224ef1ddaeaa032,1742848786,160965.4919,1742848932,14965.4919,Kafka
67e1c3c33224ef1ddaeaa01e,1742848786,160670.898,1742848932,14670.898,Kafka
67e1c3c33224ef1ddaeaa036,1742848786,161001.4063,1742848932,15001.4063,Kafka
67e1c3c33224ef1ddaeaa03c,1742848786,161088.6144,1742848932,15088.6144,Kafka
67e1c3c33224ef1ddaeaa038,1742848786,161027.2986,1742848932,15027.2986,Kafka
67e1c3c33224ef1ddaeaa04e,1742848786,161433.614,1742848932,15433.614,Kafka
67e1c3c33224ef1ddaeaa052,1742848786,161475.6555,1742848932,15475.6555,Kafka
67e1c3c33224ef1ddaeaa04a,1742848786,161398.8994,1742848932,15398.8994,Kafka
67e1c3c33224ef1ddaeaa047,1742848786,161307.3727,1742848932,15307.3727,Kafka
67e1c3c33224ef1ddaeaa04b,1742848786,161403.3545,1742848932,15403.3545,Kafka
67e1c3c33224ef1ddaeaa049,1742848786,161367.3117,1742848932,15367.3117,Kafka
67e1c3c33224ef1ddaeaa022,1742848786,160676.4284,1742848932,14676.4284,Kafka
67e1c3c33224ef1ddaeaa02f,1742848786,160934.7208,1742848932,14934.7208,Kafka
67e1c3c33224ef1ddaeaa048,1742848786,161337.5775,1742848932,15337.5775,Kafka
67e1c3c33224ef1ddaeaa03e,1742848786,161121.2357,1742848932,15121.2357,Kafka
67e1c3c33224ef1ddaeaa020,1742848786,160673.6434,1742848932,14673.6434,Kafka
67e1c3c33224ef1ddaeaa030,1742848786,160937.9226,1742848932,14937.9226,Kafka
67e1c3c33224ef1ddaeaa023,1742848786,160677.7935,1742848932,14677.7935,Kafka
67e1c3c33224ef1ddaeaa02d,1742848786,160845.8491,1742848932,14845.8491,Kafka
67e1c3c33224ef1ddaeaa026,1742848786,160766.1236,1742848932,14766.1236,Kafka
67e1c3c33224ef1ddaeaa024,1742848786,160731.8949,1742848932,14731.8949,Kafka
67e1c3c33224ef1ddaeaa025,1742848786,160764.3932,1742848932,14764.3932,Kafka
67e1c3c33224ef1ddaeaa01d,1742848786,160640.6277,1742848932,14640.6277,Kafka
67e1c3c33224ef1ddaeaa031,1742848786,160940.389,1742848932,14940.389,Kafka
67e1c3c33224ef1ddaeaa029,1742848786,160771.1165,1742848932,14771.1165,Kafka
67e1c3c33224ef1ddaeaa028,1742848786,160769.4288,1742848932,14769.4288,Kafka
67e1c3c33224ef1ddaeaa034,1742848786,160998.4238,1742848932,14998.4238,Kafka
67e1c3c33224ef1ddaeaa033,1742848786,160996.5484,1742848932,14996.5484,Kafka
67e1c3c33224ef1ddaeaa02b,1742848786,160809.4518,1742848932,14809.4518,Kafka
67e1c3c33224ef1ddaeaa04d,1742848786,161432.1058,1742848932,15432.1058,Kafka
67e1c3c33224ef1ddaeaa055,1742848786,161537.7136,1742848932,15537.7136,Kafka
67e1c3c33224ef1ddaeaa057,1742848786,161599.8271,1742848932,15599.8271,Kafka
67e1c3c33224ef1ddaeaa050,1742848786,161436.8438,1742848932,15436.8438,Kafka
67e1c3c33224ef1ddaeaa037,1742848786,161002.8718,1742848932,15002.8718,Kafka
67e1c3c33224ef1ddaeaa03a,1742848786,161057.4837,1742848932,15057.4837,Kafka
67e1c3c33224ef1ddaeaa03d,1742848786,161119.6344,1742848932,15119.6344,Kafka
67e1c3c33224ef1ddaeaa035,1742848786,160999.9253,1742848932,14999.9253,Kafka
67e1c3c33224ef1ddaeaa02a,1742848786,160772.657,1742848932,14772.657,Kafka
67e1c3c33224ef1ddaeaa041,1742848786,161153.652,1742848932,15153.652,Kafka
67e1c3c33224ef1ddaeaa051,1742848786,161438.3046,1742848932,15438.3046,Kafka
67e1c3c33224ef1ddaeaa02e,1742848786,160902.7224,1742848932,14902.7224,Kafka
67e1c3c33224ef1ddaeaa02c,1742848786,160843.8662,1742848932,14843.8662,Kafka
67e1c3c33224ef1ddaeaa056,1742848786,161568.6182,1742848932,15568.6182,Kafka
67e1c3c33224ef1ddaeaa021,1742848786,160675.0046,1742848932,14675.0046,Kafka
67e1c3c33224ef1ddaeaa019,1742848786,160517.9784,1742848931,15517.9784,Kafka
67e1c3c33224ef1ddaea9fe0,1742848786,159493.367,1742848931,14493.367,Kafka
67e1c3c33224ef1ddaeaa00c,1742848786,160302.9339,1742848931,15302.9339,Kafka
67e1c3c33224ef1ddaeaa006,1742848786,160180.3826,1742848931,15180.3826,Kafka
67e1c3c33224ef1ddaeaa005,1742848786,160178.3416,1742848931,15178.3416,Kafka
67e1c3c33224ef1ddaea9ffa,1742848786,160022.8525,1742848931,15022.8525,Kafka
67e1c3c33224ef1ddaea9ffe,1742848786,160082.8927,1742848931,15082.8927,Kafka
67e1c3c33224ef1ddaea9fed,1742848786,159773.5037,1742848931,14773.5037,Kafka
67e1c3c33224ef1ddaea9fde,1742848786,159455.4097,1742848931,14455.4097,Kafka
67e1c3c33224ef1ddaea9ff9,1742848786,160021.4533,1742848931,15021.4533,Kafka
67e1c3c33224ef1ddaea9fee,1742848786,159802.1908,1742848931,14802.1908,Kafka
67e1c3c33224ef1ddaea9fe2,1742848786,159497.2589,1742848931,14497.2589,Kafka
67e1c3c33224ef1ddaea9ff2,1742848786,159866.1543,1742848931,14866.1543,Kafka
67e1c3c33224ef1ddaeaa00a,1742848786,160298.96,1742848931,15298.96,Kafka
67e1c3c33224ef1ddaeaa012,1742848786,160362.5123,1742848931,15362.5123,Kafka
67e1c3c33224ef1ddaeaa004,1742848786,160176.4156,1742848931,15176.4156,Kafka
67e1c3c33224ef1ddaeaa013,1742848786,160390.8279,1742848931,15390.8279,Kafka
67e1c3c33224ef1ddaeaa003,1742848786,160173.7789,1742848931,15173.7789,Kafka
67e1c3c33224ef1ddaea9fea,1742848786,159710.7151,1742848931,14710.7151,Kafka
67e1c3c33224ef1ddaea9fff,1742848786,160085.168,1742848931,15085.168,Kafka
67e1c3c33224ef1ddaea9ffc,1742848786,160051.0744,1742848931,15051.0744,Kafka
67e1c3c33224ef1ddaeaa009,1742848786,160266.7278,1742848931,15266.7278,Kafka
67e1c3c33224ef1ddaea9ffd,1742848786,160081.234,1742848931,15081.234,Kafka
67e1c3c33224ef1ddaeaa007,1742848786,160204.7208,1742848931,15204.7208,Kafka
67e1c3c33224ef1ddaeaa01c,1742848786,160638.8278,1742848931,15638.8278,Kafka
67e1c3c33224ef1ddaeaa014,1742848786,160422.666,1742848931,15422.666,Kafka
67e1c3c33224ef1ddaeaa01a,1742848786,160546.9317,1742848931,15546.9317,Kafka
67e1c3c33224ef1ddaeaa00d,1742848786,160304.6737,1742848931,15304.6737,Kafka
67e1c3c33224ef1ddaeaa000,1742848786,160111.7226,1742848931,15111.7226,Kafka
67e1c3c33224ef1ddaea9ff8,1742848786,160020.0196,1742848931,15020.0196,Kafka
67e1c3c33224ef1ddaea9fe7,1742848786,159647.6056,1742848931,14647.6056,Kafka
67e1c3c33224ef1ddaea9fe5,1742848786,159621.71,1742848931,14621.71,Kafka
67e1c3c33224ef1ddaea9fec,1742848786,159771.9749,1742848931,14771.9749,Kafka
67e1c3c33224ef1ddaea9fe1,1742848786,159495.6344,1742848931,14495.6344,Kafka
67e1c3c33224ef1ddaea9fdf,1742848786,159457.5335,1742848931,14457.5335,Kafka
67e1c3c33224ef1ddaea9fef,1742848786,159803.7971,1742848931,14803.7971,Kafka
67e1c3c33224ef1ddaea9ff1,1742848786,159864.1718,1742848931,14864.1718,Kafka
67e1c3c33224ef1ddaea9fe3,1742848786,159523.0668,1742848931,14523.0668,Kafka
67e1c3c33224ef1ddaea9fe4,1742848786,159585.5802,1742848931,14585.5802,Kafka
67e1c3c33224ef1ddaea9ff4,1742848786,159895.1511,1742848931,14895.1511,Kafka
67e1c3c33224ef1ddaea9fe8,1742848786,159678.2015,1742848931,14678.2015,Kafka
67e1c3c33224ef1ddaea9fdd,1742848786,159453.4759,1742848931,14453.4759,Kafka
67e1c3c33224ef1ddaea9ff6,1742848786,159958.0122,1742848931,14958.0122,Kafka
67e1c3c33224ef1ddaea9fdc,1742848786,159451.3102,1742848931,14451.3102,Kafka
67e1c3c33224ef1ddaea9fe6,1742848786,159623.946,1742848931,14623.946,Kafka
67e1c3c33224ef1ddaea9feb,1742848786,159740.5102,1742848931,14740.5102,Kafka
67e1c3c33224ef1ddaea9ff5,1742848786,159927.5137,1742848931,14927.5137,Kafka
67e1c3c33224ef1ddaeaa017,1742848786,160484.3893,1742848931,15484.3893,Kafka
67e1c3c33224ef1ddaeaa015,1742848786,160424.1963,1742848931,15424.1963,Kafka
67e1c3c33224ef1ddaea9fe9,1742848786,159679.9402,1742848931,14679.9402,Kafka
67e1c3c33224ef1ddaea9ff0,1742848786,159834.0845,1742848931,14834.0845,Kafka
67e1c3c33224ef1ddaeaa00b,1742848786,160300.826,1742848931,15300.826,Kafka
67e1c3c33224ef1ddaeaa002,1742848786,160145.535,1742848931,15145.535,Kafka
67e1c3c33224ef1ddaea9ff7,1742848786,159988.3748,1742848931,14988.3748,Kafka
67e1c3c33224ef1ddaea9ff3,1742848786,159867.5529,1742848931,14867.5529,Kafka
67e1c3c33224ef1ddaeaa018,1742848786,160516.4002,1742848931,15516.4002,Kafka
67e1c3c33224ef1ddaeaa016,1742848786,160425.6372,1742848931,15425.6372,Kafka
67e1c3c33224ef1ddaeaa01b,1742848786,160608.2206,1742848931,15608.2206,Kafka
67e1c3c33224ef1ddaea9ffb,1742848786,160024.2677,1742848931,15024.2677,Kafka
67e1c3c33224ef1ddaeaa010,1742848786,160332.062,1742848931,15332.062,Kafka
67e1c3c33224ef1ddaeaa001,1742848786,160143.7644,1742848931,15143.7644,Kafka
67e1c3c33224ef1ddaeaa00f,1742848786,160330.1941,1742848931,15330.1941,Kafka
67e1c3c33224ef1ddaeaa011,1742848786,160359.8292,1742848931,15359.8292,Kafka
67e1c3c33224ef1ddaeaa008,1742848786,160236.5238,1742848931,15236.5238,Kafka
67e1c3c33224ef1ddaeaa00e,1742848786,160306.5378,1742848931,15306.5378,Kafka
67e1c3c33224ef1ddaea9f9e,1742848786,158520.7078,1742848930,14520.7078,Kafka
67e1c3c33224ef1ddaea9fbe,1742848786,158934.0516,1742848930,14934.0516,Kafka
67e1c3c33224ef1ddaea9fa1,1742848786,158642.3055,1742848930,14642.3055,Kafka
67e1c3c33224ef1ddaea9fbb,1742848786,158843.9924,1742848930,14843.9924,Kafka
67e1c3c33224ef1ddaea9fca,1742848786,159105.6904,1742848930,15105.6904,Kafka
67e1c3c33224ef1ddaea9fc4,1742848786,158974.6028,1742848930,14974.6028,Kafka
67e1c3c33224ef1ddaea9fb5,1742848786,158775.6007,1742848930,14775.6007,Kafka
67e1c3c33224ef1ddaea9fae,1742848786,158765.9345,1742848930,14765.9345,Kafka
67e1c3c33224ef1ddaea9fb2,1742848786,158771.5016,1742848930,14771.5016,Kafka
67e1c3c33224ef1ddaea9fda,1742848786,159420.1585,1742848930,15420.1585,Kafka
67e1c3c33224ef1ddaea9fac,1742848786,158737.2319,1742848930,14737.2319,Kafka
67e1c3c33224ef1ddaea9fb0,1742848786,158768.7247,1742848930,14768.7247,Kafka
67e1c3c33224ef1ddaea9fad,1742848786,158764.3867,1742848930,14764.3867,Kafka
67e1c3c33224ef1ddaea9fb8,1742848786,158780.0171,1742848930,14780.0171,Kafka
67e1c3c33224ef1ddaea9fab,1742848786,158735.634,1742848930,14735.634,Kafka
67e1c3c33224ef1ddaea9fb7,1742848786,158778.4921,1742848930,14778.4921,Kafka
67e1c3c33224ef1ddaea9fd2,1742848786,159231.8279,1742848930,15231.8279,Kafka
67e1c3c33224ef1ddaea9fa2,1742848786,158643.8547,1742848930,14643.8547,Kafka
67e1c3c33224ef1ddaea9fc2,1742848786,158970.3521,1742848930,14970.3521,Kafka
67e1c3c33224ef1ddaea9fb9,1742848786,158813.0089,1742848930,14813.0089,Kafka
67e1c3c33224ef1ddaea9fb6,1742848786,158777.0322,1742848930,14777.0322,Kafka
67e1c3c33224ef1ddaea9fa3,1742848786,158644.9719,1742848930,14644.9719,Kafka
67e1c3c33224ef1ddaea9fb1,1742848786,158770.1724,1742848930,14770.1724,Kafka
67e1c3c33224ef1ddaea9fa4,1742848786,158646.6381,1742848930,14646.6381,Kafka
67e1c3c33224ef1ddaea9fa5,1742848786,158649.113,1742848930,14649.113,Kafka
67e1c3c33224ef1ddaea9fcc,1742848786,159138.5232,1742848930,15138.5232,Kafka
67e1c3c33224ef1ddaea9fb4,1742848786,158774.204,1742848930,14774.204,Kafka
67e1c3c33224ef1ddaea9fc0,1742848786,158967.05,1742848930,14967.05,Kafka
67e1c3c33224ef1ddaea9fc8,1742848786,159012.4403,1742848930,15012.4403,Kafka
67e1c3c33224ef1ddaea9fbf,1742848786,158935.5927,1742848930,14935.5927,Kafka
67e1c3c33224ef1ddaea9fba,1742848786,158841.9437,1742848930,14841.9437,Kafka
67e1c3c33224ef1ddaea9fc6,1742848786,158985.4656,1742848930,14985.4656,Kafka
67e1c3c33224ef1ddaea9fcb,1742848786,159136.9171,1742848930,15136.9171,Kafka
67e1c3c33224ef1ddaea9fd8,1742848786,159416.6498,1742848930,15416.6498,Kafka
67e1c3c33224ef1ddaea9fd9,1742848786,159417.9588,1742848930,15417.9588,Kafka
67e1c3c33224ef1ddaea9fc5,1742848786,158983.6007,1742848930,14983.6007,Kafka
67e1c3c33224ef1ddaea9fd0,1742848786,159204.9456,1742848930,15204.9456,Kafka
67e1c3c33224ef1ddaea9fbc,1742848786,158872.1388,1742848930,14872.1388,Kafka
67e1c3c33224ef1ddaea9fd7,1742848786,159383.8683,1742848930,15383.8683,Kafka
67e1c3c33224ef1ddaea9fd3,1742848786,159234.4265,1742848930,15234.4265,Kafka
67e1c3c33224ef1ddaea9fd5,1742848786,159261.3278,1742848930,15261.3278,Kafka
67e1c3c33224ef1ddaea9fd4,1742848786,159236.9537,1742848930,15236.9537,Kafka
67e1c3c33224ef1ddaea9fdb,1742848786,159448.5152,1742848930,15448.5152,Kafka
67e1c3c33224ef1ddaea9fcf,1742848786,159199.0826,1742848930,15199.0826,Kafka
67e1c3c33224ef1ddaea9fc7,1742848786,158987.1855,1742848930,14987.1855,Kafka
67e1c3c33224ef1ddaea9fc3,1742848786,158973.036,1742848930,14973.036,Kafka
67e1c3c33224ef1ddaea9fc9,1742848786,159073.8944,1742848930,15073.8944,Kafka
67e1c3c33224ef1ddaea9fce,1742848786,159141.917,1742848930,15141.917,Kafka
67e1c3c33224ef1ddaea9fd1,1742848786,159229.7084,1742848930,15229.7084,Kafka
67e1c3c33224ef1ddaea9fd6,1742848786,159322.9583,1742848930,15322.9583,Kafka
67e1c3c33224ef1ddaea9fa9,1742848786,158732.5842,1742848930,14732.5842,Kafka
67e1c3c33224ef1ddaea9f9f,1742848786,158547.4146,1742848930,14547.4146,Kafka
67e1c3c33224ef1ddaea9fa0,1742848786,158608.5784,1742848930,14608.5784,Kafka
67e1c3c33224ef1ddaea9fbd,1742848786,158873.6755,1742848930,14873.6755,Kafka
67e1c3c33224ef1ddaea9faf,1742848786,158767.3564,1742848930,14767.3564,Kafka
67e1c3c33224ef1ddaea9fcd,1742848786,159140.6002,1742848930,15140.6002,Kafka
67e1c3c33224ef1ddaea9faa,1742848786,158734.1674,1742848930,14734.1674,Kafka
67e1c3c33224ef1ddaea9fb3,1742848786,158772.8468,1742848930,14772.8468,Kafka
67e1c3c33224ef1ddaea9fa8,1742848786,158701.6294,1742848930,14701.6294,Kafka
67e1c3c33224ef1ddaea9fa7,1742848786,158672.7268,1742848930,14672.7268,Kafka
67e1c3c33224ef1ddaea9fc1,1742848786,158968.9197,1742848930,14968.9197,Kafka
67e1c3c33224ef1ddaea9fa6,1742848786,158670.6423,1742848930,14670.6423,Kafka
67e1c3c33224ef1ddaea9f6e,1742848786,157756.753,1742848929,14756.753,Kafka
67e1c3c33224ef1ddaea9f73,1742848786,157882.8386,1742848929,14882.8386,Kafka
67e1c3c33224ef1ddaea9f6b,1742848786,157696.4574,1742848929,14696.4574,Kafka
67e1c3c33224ef1ddaea9f66,1742848786,157636.3675,1742848929,14636.3675,Kafka
67e1c3c33224ef1ddaea9f5d,1742848786,157445.878,1742848929,14445.878,Kafka
67e1c3c33224ef1ddaea9f71,1742848786,157849.1533,1742848929,14849.1533,Kafka
67e1c3c33224ef1ddaea9f65,1742848786,157634.7487,1742848929,14634.7487,Kafka
67e1c3c33224ef1ddaea9f69,1742848786,157666.6429,1742848929,14666.6429,Kafka
67e1c3c33224ef1ddaea9f60,1742848786,157571.7345,1742848929,14571.7345,Kafka
67e1c3c33224ef1ddaea9f63,1742848786,157602.9813,1742848929,14602.9813,Kafka
67e1c3c33224ef1ddaea9f68,1742848786,157665.1516,1742848929,14665.1516,Kafka
67e1c3c33224ef1ddaea9f67,1742848786,157662.8455,1742848929,14662.8455,Kafka
67e1c3c33224ef1ddaea9f5f,1742848786,157569.7509,1742848929,14569.7509,Kafka
67e1c3c33224ef1ddaea9f64,1742848786,157632.727,1742848929,14632.727,Kafka
67e1c3c33224ef1ddaea9f92,1742848786,158347.9388,1742848929,15347.9388,Kafka
67e1c3c33224ef1ddaea9f6f,1742848786,157758.7718,1742848929,14758.7718,Kafka
67e1c3c33224ef1ddaea9f75,1742848786,157912.9045,1742848929,14912.9045,Kafka
67e1c3c33224ef1ddaea9f82,1742848786,158190.7124,1742848929,15190.7124,Kafka
67e1c3c33224ef1ddaea9f74,1742848786,157910.7976,1742848929,14910.7976,Kafka
67e1c3c33224ef1ddaea9f6d,1742848786,157727.7351,1742848929,14727.7351,Kafka
67e1c3c33224ef1ddaea9f78,1742848786,157945.5442,1742848929,14945.5442,Kafka
67e1c3c33224ef1ddaea9f6c,1742848786,157725.5903,1742848929,14725.5903,Kafka
67e1c3c33224ef1ddaea9f8e,1742848786,158315.4968,1742848929,15315.4968,Kafka
67e1c3c33224ef1ddaea9f9b,1742848786,158479.8686,1742848929,15479.8686,Kafka
67e1c3c33224ef1ddaea9f90,1742848786,158344.8478,1742848929,15344.8478,Kafka
67e1c3c33224ef1ddaea9f94,1742848786,158408.7198,1742848929,15408.7198,Kafka
67e1c3c33224ef1ddaea9f9d,1742848786,158519.3923,1742848929,15519.3923,Kafka
67e1c3c33224ef1ddaea9f93,1742848786,158406.9874,1742848929,15406.9874,Kafka
67e1c3c33224ef1ddaea9f8b,1742848786,158253.9958,1742848929,15253.9958,Kafka
67e1c3c33224ef1ddaea9f95,1742848786,158410.6635,1742848929,15410.6635,Kafka
67e1c3c33224ef1ddaea9f8f,1742848786,158317.0538,1742848929,15317.0538,Kafka
67e1c3c33224ef1ddaea9f88,1742848786,158223.7947,1742848929,15223.7947,Kafka
67e1c3c33224ef1ddaea9f96,1742848786,158439.0232,1742848929,15439.0232,Kafka
67e1c3c33224ef1ddaea9f9a,1742848786,158478.0621,1742848929,15478.0621,Kafka
67e1c3c33224ef1ddaea9f98,1742848786,158474.0066,1742848929,15474.0066,Kafka
67e1c3c33224ef1ddaea9f80,1742848786,158158.891,1742848929,15158.891,Kafka
67e1c3c33224ef1ddaea9f7e,1742848786,158070.0498,1742848929,15070.0498,Kafka
67e1c3c33224ef1ddaea9f86,1742848786,158220.8424,1742848929,15220.8424,Kafka
67e1c3c33224ef1ddaea9f79,1742848786,157974.2137,1742848929,14974.2137,Kafka
67e1c3c33224ef1ddaea9f7d,1742848786,158068.1776,1742848929,15068.1776,Kafka
67e1c3c33224ef1ddaea9f85,1742848786,158195.1143,1742848929,15195.1143,Kafka
67e1c3c33224ef1ddaea9f83,1742848786,158192.2119,1742848929,15192.2119,Kafka
67e1c3c33224ef1ddaea9f87,1742848786,158222.3468,1742848929,15222.3468,Kafka
67e1c3c33224ef1ddaea9f89,1742848786,158225.2982,1742848929,15225.2982,Kafka
67e1c3c33224ef1ddaea9f81,1742848786,158160.9014,1742848929,15160.9014,Kafka
67e1c3c33224ef1ddaea9f8d,1742848786,158313.8577,1742848929,15313.8577,Kafka
67e1c3c33224ef1ddaea9f7b,1742848786,158035.7584,1742848929,15035.7584,Kafka
67e1c3c33224ef1ddaea9f7a,1742848786,158004.5602,1742848929,15004.5602,Kafka
67e1c3c33224ef1ddaea9f7c,1742848786,158066.0182,1742848929,15066.0182,Kafka
67e1c3c33224ef1ddaea9f84,1742848786,158193.6556,1742848929,15193.6556,Kafka
67e1c3c33224ef1ddaea9f8c,1742848786,158255.6088,1742848929,15255.6088,Kafka
67e1c3c33224ef1ddaea9f97,1742848786,158468.8831,1742848929,15468.8831,Kafka
67e1c3c33224ef1ddaea9f9c,1742848786,158517.5869,1742848929,15517.5869,Kafka
67e1c3c33224ef1ddaea9f70,1742848786,157786.8159,1742848929,14786.8159,Kafka
67e1c3c33224ef1ddaea9f5e,1742848786,157507.7508,1742848929,14507.7508,Kafka
67e1c3c33224ef1ddaea9f7f,1742848786,158097.7915,1742848929,15097.7915,Kafka
67e1c3c33224ef1ddaea9f91,1742848786,158346.3764,1742848929,15346.3764,Kafka
67e1c3c33224ef1ddaea9f99,1742848786,158475.4928,1742848929,15475.4928,Kafka
67e1c3c33224ef1ddaea9f77,1742848786,157944.0772,1742848929,14944.0772,Kafka
67e1c3c33224ef1ddaea9f6a,1742848786,157693.9255,1742848929,14693.9255,Kafka
67e1c3c33224ef1ddaea9f76,1742848786,157941.7863,1742848929,14941.7863,Kafka
67e1c3c33224ef1ddaea9f8a,1742848786,158251.9651,1742848929,15251.9651,Kafka
67e1c3c33224ef1ddaea9f72,1742848786,157881.2249,1742848929,14881.2249,Kafka
67e1c3c33224ef1ddaea9f62,1742848786,157600.7929,1742848929,14600.7929,Kafka
67e1c3c33224ef1ddaea9f61,1742848786,157573.2167,1742848929,14573.2167,Kafka
67e1c3c33224ef1ddaea9f37,1742848786,156639.8942,1742848928,14639.8942,Kafka
67e1c3c33224ef1ddaea9f22,1742848786,156085.6705,1742848928,14085.6705,Kafka
67e1c3c33224ef1ddaea9f2a,1742848786,156330.3851,1742848928,14330.3851,Kafka
67e1c3c33224ef1ddaea9f51,1742848786,157202.5471,1742848928,15202.5471,Kafka
67e1c3c33224ef1ddaea9f59,1742848786,157356.1012,1742848928,15356.1012,Kafka
67e1c3c33224ef1ddaea9f5a,1742848786,157357.4801,1742848928,15357.4801,Kafka
67e1c3c33224ef1ddaea9f3e,1742848786,156918.8649,1742848928,14918.8649,Kafka
67e1c3c33224ef1ddaea9f53,1742848786,157259.8474,1742848928,15259.8474,Kafka
67e1c3c33224ef1ddaea9f56,1742848786,157321.8456,1742848928,15321.8456,Kafka
67e1c3c33224ef1ddaea9f2e,1742848786,156394.3815,1742848928,14394.3815,Kafka
67e1c3c33224ef1ddaea9f40,1742848786,156951.6323,1742848928,14951.6323,Kafka
67e1c3c33224ef1ddaea9f4d,1742848786,157175.5069,1742848928,15175.5069,Kafka
67e1c3c33224ef1ddaea9f2d,1742848786,156392.107,1742848928,14392.107,Kafka
67e1c3c33224ef1ddaea9f4e,1742848786,157197.6842,1742848928,15197.6842,Kafka
67e1c3c33224ef1ddaea9f4c,1742848786,157173.6127,1742848928,15173.6127,Kafka
67e1c3c33224ef1ddaea9f34,1742848786,156517.3306,1742848928,14517.3306,Kafka
67e1c3c33224ef1ddaea9f28,1742848786,156240.0956,1742848928,14240.0956,Kafka
67e1c3c33224ef1ddaea9f54,1742848786,157262.3469,1742848928,15262.3469,Kafka
67e1c3c33224ef1ddaea9f30,1742848786,156425.282,1742848928,14425.282,Kafka
67e1c3c33224ef1ddaea9f5c,1742848786,157416.4012,1742848928,15416.4012,Kafka
67e1c3c33224ef1ddaea9f2b,1742848786,156332.9078,1742848928,14332.9078,Kafka
67e1c3c33224ef1ddaea9f2c,1742848786,156362.2085,1742848928,14362.2085,Kafka
67e1c3c33224ef1ddaea9f4f,1742848786,157199.7465,1742848928,15199.7465,Kafka
67e1c3c33224ef1ddaea9f3d,1742848786,156857.8534,1742848928,14857.8534,Kafka
67e1c3c33224ef1ddaea9f44,1742848786,157042.88,1742848928,15042.88,Kafka
67e1c3c33224ef1ddaea9f46,1742848786,157106.8939,1742848928,15106.8939,Kafka
67e1c3c33224ef1ddaea9f33,1742848786,156487.4347,1742848928,14487.4347,Kafka
67e1c3c33224ef1ddaea9f48,1742848786,157138.7674,1742848928,15138.7674,Kafka
67e1c3c33224ef1ddaea9f50,1742848786,157201.1943,1742848928,15201.1943,Kafka
67e1c3c33224ef1ddaea9f3f,1742848786,156921.1419,1742848928,14921.1419,Kafka
67e1c3c33224ef1ddaea9f36,1742848786,156609.3088,1742848928,14609.3088,Kafka
67e1c3c33224ef1ddaea9f4a,1742848786,157170.3846,1742848928,15170.3846,Kafka
67e1c3c33224ef1ddaea9f52,1742848786,157229.6417,1742848928,15229.6417,Kafka
67e1c3c33224ef1ddaea9f39,1742848786,156732.7332,1742848928,14732.7332,Kafka
67e1c3c33224ef1ddaea9f3b,1742848786,156825.8988,1742848928,14825.8988,Kafka
67e1c3c33224ef1ddaea9f3c,1742848786,156828.5823,1742848928,14828.5823,Kafka
67e1c3c33224ef1ddaea9f41,1742848786,156953.352,1742848928,14953.352,Kafka
67e1c3c33224ef1ddaea9f25,1742848786,156175.0633,1742848928,14175.0633,Kafka
67e1c3c33224ef1ddaea9f47,1742848786,157135.9262,1742848928,15135.9262,Kafka
67e1c3c33224ef1ddaea9f1e,1742848786,156021.6487,1742848928,14021.6487,Kafka
67e1c3c33224ef1ddaea9f29,1742848786,156268.0984,1742848928,14268.0984,Kafka
67e1c3c33224ef1ddaea9f27,1742848786,156238.1114,1742848928,14238.1114,Kafka
67e1c3c33224ef1ddaea9f20,1742848786,156082.0638,1742848928,14082.0638,Kafka
67e1c3c33224ef1ddaea9f3a,1742848786,156764.4816,1742848928,14764.4816,Kafka
67e1c3c33224ef1ddaea9f43,1742848786,156983.8121,1742848928,14983.8121,Kafka
67e1c3c33224ef1ddaea9f49,1742848786,157167.7904,1742848928,15167.7904,Kafka
67e1c3c33224ef1ddaea9f1f,1742848786,156023.9613,1742848928,14023.9613,Kafka
67e1c3c33224ef1ddaea9f31,1742848786,156426.7477,1742848928,14426.7477,Kafka
67e1c3c33224ef1ddaea9f26,1742848786,156207.1842,1742848928,14207.1842,Kafka
67e1c3c33224ef1ddaea9f21,1742848786,156084.19,1742848928,14084.19,Kafka
67e1c3c33224ef1ddaea9f23,1742848786,156087.0754,1742848928,14087.0754,Kafka
67e1c3c33224ef1ddaea9f38,1742848786,156701.669,1742848928,14701.669,Kafka
67e1c3c33224ef1ddaea9f42,1742848786,156981.908,1742848928,14981.908,Kafka
67e1c3c33224ef1ddaea9f58,1742848786,157354.1437,1742848928,15354.1437,Kafka
67e1c3c33224ef1ddaea9f57,1742848786,157324.2529,1742848928,15324.2529,Kafka
67e1c3c33224ef1ddaea9f4b,1742848786,157172.1683,1742848928,15172.1683,Kafka
67e1c3c33224ef1ddaea9f5b,1742848786,157383.8035,1742848928,15383.8035,Kafka
67e1c3c33224ef1ddaea9f35,1742848786,156548.5884,1742848928,14548.5884,Kafka
67e1c3c33224ef1ddaea9f45,1742848786,157073.8203,1742848928,15073.8203,Kafka
67e1c3c33224ef1ddaea9f32,1742848786,156454.145,1742848928,14454.145,Kafka
67e1c3c33224ef1ddaea9f2f,1742848786,156423.1566,1742848928,14423.1566,Kafka
67e1c3c33224ef1ddaea9f55,1742848786,157290.7734,1742848928,15290.7734,Kafka
67e1c3c33224ef1ddaea9f1d,1742848786,155990.7204,1742848928,13990.7204,Kafka
67e1c3c33224ef1ddaea9f24,1742848786,156113.0865,1742848928,14113.0865,Kafka
67e1c3c33224ef1ddaea9f15,1742848786,155804.3112,1742848927,14804.3112,Kafka
67e1c3c33224ef1ddaea9f10,1742848786,155673.0287,1742848927,14673.0287,Kafka
67e1c3c33224ef1ddaea9ee4,1742848786,154939.7409,1742848927,13939.7409,Kafka
67e1c3c33224ef1ddaea9eeb,1742848786,155120.8178,1742848927,14120.8178,Kafka
67e1c3c33224ef1ddaea9f09,1742848786,155601.6069,1742848927,14601.6069,Kafka
67e1c3c33224ef1ddaea9ee2,1742848786,154935.9353,1742848927,13935.9353,Kafka
67e1c3c33224ef1ddaea9f02,1742848786,155530.3255,1742848927,14530.3255,Kafka
67e1c3c33224ef1ddaea9f08,1742848786,155575.4804,1742848927,14575.4804,Kafka
67e1c3c33224ef1ddaea9efa,1742848786,155462.1783,1742848927,14462.1783,Kafka
67e1c3c33224ef1ddaea9ef7,1742848786,155399.9992,1742848927,14399.9992,Kafka
67e1c3c33224ef1ddaea9ee7,1742848786,155028.9377,1742848927,14028.9377,Kafka
67e1c3c33224ef1ddaea9ef1,1742848786,155277.8863,1742848927,14277.8863,Kafka
67e1c3c33224ef1ddaea9f05,1742848786,155536.1504,1742848927,14536.1504,Kafka
67e1c3c33224ef1ddaea9eed,1742848786,155185.7153,1742848927,14185.7153,Kafka
67e1c3c33224ef1ddaea9ef4,1742848786,155341.6738,1742848927,14341.6738,Kafka
67e1c3c33224ef1ddaea9eef,1742848786,155214.9049,1742848927,14214.9049,Kafka
67e1c3c33224ef1ddaea9ef5,1742848786,155343.0798,1742848927,14343.0798,Kafka
67e1c3c33224ef1ddaea9ee9,1742848786,155032.7398,1742848927,14032.7398,Kafka
67e1c3c33224ef1ddaea9edc,1742848786,154892.8511,1742848927,13892.8511,Kafka
67e1c3c33224ef1ddaea9ef9,1742848786,155434.0149,1742848927,14434.0149,Kafka
67e1c3c33224ef1ddaea9ee6,1742848786,154996.7707,1742848927,13996.7707,Kafka
67e1c3c33224ef1ddaea9ee5,1742848786,154966.8847,1742848927,13966.8847,Kafka
67e1c3c33224ef1ddaea9ef8,1742848786,155431.9209,1742848927,14431.9209,Kafka
67e1c3c33224ef1ddaea9ee8,1742848786,155031.1922,1742848927,14031.1922,Kafka
67e1c3c33224ef1ddaea9eea,1742848786,155058.8115,1742848927,14058.8115,Kafka
67e1c3c33224ef1ddaea9ede,1742848786,154895.9924,1742848927,13895.9924,Kafka
67e1c3c33224ef1ddaea9f0f,1742848786,155671.2792,1742848927,14671.2792,Kafka
67e1c3c33224ef1ddaea9f0a,1742848786,155633.3928,1742848927,14633.3928,Kafka
67e1c3c33224ef1ddaea9f12,1742848786,155676.3912,1742848927,14676.3912,Kafka
67e1c3c33224ef1ddaea9f0e,1742848786,155669.6375,1742848927,14669.6375,Kafka
67e1c3c33224ef1ddaea9efd,1742848786,155498.1244,1742848927,14498.1244,Kafka
67e1c3c33224ef1ddaea9f17,1742848786,155865.1083,1742848927,14865.1083,Kafka
67e1c3c33224ef1ddaea9ee3,1742848786,154938.1674,1742848927,13938.1674,Kafka
67e1c3c33224ef1ddaea9f16,1742848786,155806.3928,1742848927,14806.3928,Kafka
67e1c3c33224ef1ddaea9f0c,1742848786,155664.8609,1742848927,14664.8609,Kafka
67e1c3c33224ef1ddaea9f0b,1742848786,155635.633,1742848927,14635.633,Kafka
67e1c3c33224ef1ddaea9f11,1742848786,155674.7315,1742848927,14674.7315,Kafka
67e1c3c33224ef1ddaea9f0d,1742848786,155667.6848,1742848927,14667.6848,Kafka
67e1c3c33224ef1ddaea9f00,1742848786,155526.3667,1742848927,14526.3667,Kafka
67e1c3c33224ef1ddaea9f04,1742848786,155533.7711,1742848927,14533.7711,Kafka
67e1c3c33224ef1ddaea9efc,1742848786,155496.6496,1742848927,14496.6496,Kafka
67e1c3c33224ef1ddaea9f1c,1742848786,155958.282,1742848927,14958.282,Kafka
67e1c3c33224ef1ddaea9f1b,1742848786,155930.1303,1742848927,14930.1303,Kafka
67e1c3c33224ef1ddaea9f03,1742848786,155531.9763,1742848927,14531.9763,Kafka
67e1c3c33224ef1ddaea9ee0,1742848786,154899.3408,1742848927,13899.3408,Kafka
67e1c3c33224ef1ddaea9efe,1742848786,155499.7916,1742848927,14499.7916,Kafka
67e1c3c33224ef1ddaea9f1a,1742848786,155927.9476,1742848927,14927.9476,Kafka
67e1c3c33224ef1ddaea9f06,1742848786,155539.5672,1742848927,14539.5672,Kafka
67e1c3c33224ef1ddaea9efb,1742848786,155494.1891,1742848927,14494.1891,Kafka
67e1c3c33224ef1ddaea9ee1,1742848786,154900.8653,1742848927,13900.8653,Kafka
67e1c3c33224ef1ddaea9f07,1742848786,155572.5673,1742848927,14572.5673,Kafka
67e1c3c33224ef1ddaea9f19,1742848786,155896.0555,1742848927,14896.0555,Kafka
67e1c3c33224ef1ddaea9f18,1742848786,155867.6599,1742848927,14867.6599,Kafka
67e1c3c33224ef1ddaea9eff,1742848786,155501.3709,1742848927,14501.3709,Kafka
67e1c3c33224ef1ddaea9edd,1742848786,154894.4678,1742848927,13894.4678,Kafka
67e1c3c33224ef1ddaea9ef0,1742848786,155246.2649,1742848927,14246.2649,Kafka
67e1c3c33224ef1ddaea9ef3,1742848786,155340.1262,1742848927,14340.1262,Kafka
67e1c3c33224ef1ddaea9ef2,1742848786,155306.9392,1742848927,14306.9392,Kafka
67e1c3c33224ef1ddaea9eec,1742848786,155182.9055,1742848927,14182.9055,Kafka
67e1c3c33224ef1ddaea9ef6,1742848786,155344.5809,1742848927,14344.5809,Kafka
67e1c3c33224ef1ddaea9edf,1742848786,154897.7558,1742848927,13897.7558,Kafka
67e1c3c33224ef1ddaea9eee,1742848786,155187.1465,1742848927,14187.1465,Kafka
67e1c3c33224ef1ddaea9f13,1742848786,155711.1827,1742848927,14711.1827,Kafka
67e1c3c33224ef1ddaea9f01,1742848786,155528.7017,1742848927,14528.7017,Kafka
67e1c3c33224ef1ddaea9f14,1742848786,155772.0517,1742848927,14772.0517,Kafka
67e1c3c33224ef1ddaea9ed6,1742848786,154826.3623,1742848926,14826.3623,Kafka
67e1c3c33224ef1ddaea9ed0,1742848786,154698.862,1742848926,14698.862,Kafka
67e1c3c33224ef1ddaea9ed3,1742848786,154736.7835,1742848926,14736.7835,Kafka
67e1c3c33224ef1ddaea9ea2,1742848786,153859.8372,1742848926,13859.8372,Kafka
67e1c3c33224ef1ddaea9eb2,1742848786,154162.9801,1742848926,14162.9801,Kafka
67e1c3c33224ef1ddaea9ed8,1742848786,154858.5183,1742848926,14858.5183,Kafka
67e1c3c33224ef1ddaea9ea8,1742848786,153942.671,1742848926,13942.671,Kafka
67e1c3c33224ef1ddaea9ec2,1742848786,154531.7634,1742848926,14531.7634,Kafka
67e1c3c33224ef1ddaea9ea9,1742848786,154004.8361,1742848926,14004.8361,Kafka
67e1c3c33224ef1ddaea9ea1,1742848786,153858.3432,1742848926,13858.3432,Kafka
67e1c3c33224ef1ddaea9ea0,1742848786,153854.9272,1742848926,13854.9272,Kafka
67e1c3c33224ef1ddaea9e9f,1742848786,153853.5473,1742848926,13853.5473,Kafka
67e1c3c33224ef1ddaea9eb8,1742848786,154287.0926,1742848926,14287.0926,Kafka
67e1c3c33224ef1ddaea9ea3,1742848786,153883.2932,1742848926,13883.2932,Kafka
67e1c3c33224ef1ddaea9ea5,1742848786,153887.7332,1742848926,13887.7332,Kafka
67e1c3c33224ef1ddaea9eaf,1742848786,154128.5566,1742848926,14128.5566,Kafka
67e1c3c33224ef1ddaea9eb5,1742848786,154224.4178,1742848926,14224.4178,Kafka
67e1c3c33224ef1ddaea9eb7,1742848786,154285.62,1742848926,14285.62,Kafka
67e1c3c33224ef1ddaea9eac,1742848786,154069.179,1742848926,14069.179,Kafka
67e1c3c33224ef1ddaea9eba,1742848786,154290.1512,1742848926,14290.1512,Kafka
67e1c3c33224ef1ddaea9ead,1742848786,154097.5894,1742848926,14097.5894,Kafka
67e1c3c33224ef1ddaea9eab,1742848786,154066.4988,1742848926,14066.4988,Kafka
67e1c3c33224ef1ddaea9eb6,1742848786,154283.5559,1742848926,14283.5559,Kafka
67e1c3c33224ef1ddaea9ea7,1742848786,153916.4171,1742848926,13916.4171,Kafka
67e1c3c33224ef1ddaea9ea6,1742848786,153889.6076,1742848926,13889.6076,Kafka
67e1c3c33224ef1ddaea9eb4,1742848786,154221.5978,1742848926,14221.5978,Kafka
67e1c3c33224ef1ddaea9ea4,1742848786,153885.4565,1742848926,13885.4565,Kafka
67e1c3c33224ef1ddaea9ed2,1742848786,154734.1066,1742848926,14734.1066,Kafka
67e1c3c33224ef1ddaea9eda,1742848786,154889.384,1742848926,14889.384,Kafka
67e1c3c33224ef1ddaea9eca,1742848786,154687.971,1742848926,14687.971,Kafka
67e1c3c33224ef1ddaea9ed9,1742848786,154861.0294,1742848926,14861.0294,Kafka
67e1c3c33224ef1ddaea9ec7,1742848786,154659.0794,1742848926,14659.0794,Kafka
67e1c3c33224ef1ddaea9eb9,1742848786,154288.5729,1742848926,14288.5729,Kafka
67e1c3c33224ef1ddaea9edb,1742848786,154891.4229,1742848926,14891.4229,Kafka
67e1c3c33224ef1ddaea9ecf,1742848786,154697.0302,1742848926,14697.0302,Kafka
67e1c3c33224ef1ddaea9ed1,1742848786,154700.4519,1742848926,14700.4519,Kafka
67e1c3c33224ef1ddaea9eae,1742848786,154099.9012,1742848926,14099.9012,Kafka
67e1c3c33224ef1ddaea9ecb,1742848786,154690.31,1742848926,14690.31,Kafka
67e1c3c33224ef1ddaea9ebb,1742848786,154291.5877,1742848926,14291.5877,Kafka
67e1c3c33224ef1ddaea9ecd,1742848786,154693.5658,1742848926,14693.5658,Kafka
67e1c3c33224ef1ddaea9ec6,1742848786,154656.7932,1742848926,14656.7932,Kafka
67e1c3c33224ef1ddaea9ec8,1742848786,154660.9153,1742848926,14660.9153,Kafka
67e1c3c33224ef1ddaea9ec1,1742848786,154502.038,1742848926,14502.038,Kafka
67e1c3c33224ef1ddaea9ebf,1742848786,154470.5686,1742848926,14470.5686,Kafka
67e1c3c33224ef1ddaea9ebe,1742848786,154438.6907,1742848926,14438.6907,Kafka
67e1c3c33224ef1ddaea9ec4,1742848786,154594.7076,1742848926,14594.7076,Kafka
67e1c3c33224ef1ddaea9ed4,1742848786,154738.4588,1742848926,14738.4588,Kafka
67e1c3c33224ef1ddaea9ebd,1742848786,154377.5859,1742848926,14377.5859,Kafka
67e1c3c33224ef1ddaea9ec0,1742848786,154474.3061,1742848926,14474.3061,Kafka
67e1c3c33224ef1ddaea9ec5,1742848786,154624.8091,1742848926,14624.8091,Kafka
67e1c3c33224ef1ddaea9ec3,1742848786,154564.187,1742848926,14564.187,Kafka
67e1c3c33224ef1ddaea9ec9,1742848786,154662.8454,1742848926,14662.8454,Kafka
67e1c3c33224ef1ddaea9eb0,1742848786,154130.6145,1742848926,14130.6145,Kafka
67e1c3c33224ef1ddaea9ed7,1742848786,154829.5866,1742848926,14829.5866,Kafka
67e1c3c33224ef1ddaea9ebc,1742848786,154345.5504,1742848926,14345.5504,Kafka
67e1c3c33224ef1ddaea9eb3,1742848786,154190.648,1742848926,14190.648,Kafka
67e1c3c33224ef1ddaea9eb1,1742848786,154160.72,1742848926,14160.72,Kafka
67e1c3c33224ef1ddaea9eaa,1742848786,154007.2882,1742848926,14007.2882,Kafka
67e1c3c33224ef1ddaea9ed5,1742848786,154765.5927,1742848926,14765.5927,Kafka
67e1c3c33224ef1ddaea9ece,1742848786,154695.2705,1742848926,14695.2705,Kafka
67e1c3c33224ef1ddaea9ecc,1742848786,154691.9963,1742848926,14691.9963,Kafka
67e1c3c33224ef1ddaea9e70,1742848786,152998.9068,1742848925,13998.9068,Kafka
67e1c3c33224ef1ddaea9e78,1742848786,153097.8142,1742848925,14097.8142,Kafka
67e1c3c33224ef1ddaea9e82,1742848786,153388.1995,1742848925,14388.1995,Kafka
67e1c3c33224ef1ddaea9e84,1742848786,153417.0738,1742848925,14417.0738,Kafka
67e1c3c33224ef1ddaea9e92,1742848786,153632.9024,1742848925,14632.9024,Kafka
67e1c3c33224ef1ddaea9e8f,1742848786,153540.3504,1742848925,14540.3504,Kafka
67e1c3c33224ef1ddaea9e87,1742848786,153481.3386,1742848925,14481.3386,Kafka
67e1c3c33224ef1ddaea9e7d,1742848786,153198.8528,1742848925,14198.8528,Kafka
67e1c3c33224ef1ddaea9e91,1742848786,153601.943,1742848925,14601.943,Kafka
67e1c3c33224ef1ddaea9e89,1742848786,153509.8507,1742848925,14509.8507,Kafka
67e1c3c33224ef1ddaea9e8d,1742848786,153516.7493,1742848925,14516.7493,Kafka
67e1c3c33224ef1ddaea9e99,1742848786,153788.3106,1742848925,14788.3106,Kafka
67e1c3c33224ef1ddaea9e97,1742848786,153695.1377,1742848925,14695.1377,Kafka
67e1c3c33224ef1ddaea9e6a,1742848786,152843.5929,1742848925,13843.5929,Kafka
67e1c3c33224ef1ddaea9e9e,1742848786,153851.8488,1742848925,14851.8488,Kafka
67e1c3c33224ef1ddaea9e86,1742848786,153478.8764,1742848925,14478.8764,Kafka
67e1c3c33224ef1ddaea9e98,1742848786,153756.3965,1742848925,14756.3965,Kafka
67e1c3c33224ef1ddaea9e9d,1742848786,153849.337,1742848925,14849.337,Kafka
67e1c3c33224ef1ddaea9e60,1742848786,152657.388,1742848925,13657.388,Kafka
67e1c3c33224ef1ddaea9e69,1742848786,152813.6787,1742848925,13813.6787,Kafka
67e1c3c33224ef1ddaea9e65,1742848786,152718.2174,1742848925,13718.2174,Kafka
67e1c3c33224ef1ddaea9e5f,1742848786,152626.5721,1742848925,13626.5721,Kafka
67e1c3c33224ef1ddaea9e68,1742848786,152811.2252,1742848925,13811.2252,Kafka
67e1c3c33224ef1ddaea9e74,1742848786,153061.6342,1742848925,14061.6342,Kafka
67e1c3c33224ef1ddaea9e6f,1742848786,152966.3195,1742848925,13966.3195,Kafka
67e1c3c33224ef1ddaea9e79,1742848786,153099.3517,1742848925,14099.3517,Kafka
67e1c3c33224ef1ddaea9e7c,1742848786,153167.6682,1742848925,14167.6682,Kafka
67e1c3c33224ef1ddaea9e81,1742848786,153386.0864,1742848925,14386.0864,Kafka
67e1c3c33224ef1ddaea9e67,1742848786,152781.1491,1742848925,13781.1491,Kafka
67e1c3c33224ef1ddaea9e7b,1742848786,153102.2928,1742848925,14102.2928,Kafka
67e1c3c33224ef1ddaea9e6d,1742848786,152876.9513,1742848925,13876.9513,Kafka
67e1c3c33224ef1ddaea9e63,1742848786,152691.602,1742848925,13691.602,Kafka
67e1c3c33224ef1ddaea9e77,1742848786,153096.1744,1742848925,14096.1744,Kafka
67e1c3c33224ef1ddaea9e6b,1742848786,152845.8074,1742848925,13845.8074,Kafka
67e1c3c33224ef1ddaea9e71,1742848786,153028.3189,1742848925,14028.3189,Kafka
67e1c3c33224ef1ddaea9e76,1742848786,153094.5976,1742848925,14094.5976,Kafka
67e1c3c33224ef1ddaea9e61,1742848786,152688.2611,1742848925,13688.2611,Kafka
67e1c3c33224ef1ddaea9e64,1742848786,152693.2401,1742848925,13693.2401,Kafka
67e1c3c33224ef1ddaea9e9a,1742848786,153790.4203,1742848925,14790.4203,Kafka
67e1c3c33224ef1ddaea9e9c,1742848786,153818.3993,1742848925,14818.3993,Kafka
67e1c3c33224ef1ddaea9e8b,1742848786,153513.6773,1742848925,14513.6773,Kafka
67e1c3c33224ef1ddaea9e90,1742848786,153571.9407,1742848925,14571.9407,Kafka
67e1c3c33224ef1ddaea9e93,1742848786,153635.0906,1742848925,14635.0906,Kafka
67e1c3c33224ef1ddaea9e8e,1742848786,153518.4368,1742848925,14518.4368,Kafka
67e1c3c33224ef1ddaea9e6e,1742848786,152904.4688,1742848925,13904.4688,Kafka
67e1c3c33224ef1ddaea9e7e,1742848786,153260.839,1742848925,14260.839,Kafka
67e1c3c33224ef1ddaea9e88,1742848786,153483.3199,1742848925,14483.3199,Kafka
67e1c3c33224ef1ddaea9e8a,1742848786,153512.1599,1742848925,14512.1599,Kafka
67e1c3c33224ef1ddaea9e7f,1742848786,153292.509,1742848925,14292.509,Kafka
67e1c3c33224ef1ddaea9e80,1742848786,153356.6032,1742848925,14356.6032,Kafka
67e1c3c33224ef1ddaea9e85,1742848786,153446.8155,1742848925,14446.8155,Kafka
67e1c3c33224ef1ddaea9e62,1742848786,152690.2127,1742848925,13690.2127,Kafka
67e1c3c33224ef1ddaea9e9b,1742848786,153791.9329,1742848925,14791.9329,Kafka
67e1c3c33224ef1ddaea9e7a,1742848786,153100.7778,1742848925,14100.7778,Kafka
67e1c3c33224ef1ddaea9e8c,1742848786,153515.2408,1742848925,14515.2408,Kafka
67e1c3c33224ef1ddaea9e73,1742848786,153059.2612,1742848925,14059.2612,Kafka
67e1c3c33224ef1ddaea9e94,1742848786,153636.5969,1742848925,14636.5969,Kafka
67e1c3c33224ef1ddaea9e6c,1742848786,152874.7287,1742848925,13874.7287,Kafka
67e1c3c33224ef1ddaea9e75,1742848786,153091.8399,1742848925,14091.8399,Kafka
67e1c3c33224ef1ddaea9e83,1742848786,153389.6289,1742848925,14389.6289,Kafka
67e1c3c33224ef1ddaea9e95,1742848786,153637.9698,1742848925,14637.9698,Kafka
67e1c3c33224ef1ddaea9e72,1742848786,153030.7737,1742848925,14030.7737,Kafka
67e1c3c33224ef1ddaea9e96,1742848786,153664.6698,1742848925,14664.6698,Kafka
67e1c3c33224ef1ddaea9e66,1742848786,152751.1377,1742848925,13751.1377,Kafka
67e1c3c33224ef1ddaea9e42,1742848786,152289.2783,1742848924,14289.2783,Kafka
67e1c3c33224ef1ddaea9e32,1742848786,152150.098,1742848924,14150.098,Kafka
67e1c3c33224ef1ddaea9e52,1742848786,152458.0188,1742848924,14458.0188,Kafka
67e1c3c33224ef1ddaea9e3a,1742848786,152195.4502,1742848924,14195.4502,Kafka
67e1c3c33224ef1ddaea9e2a,1742848786,152052.6262,1742848924,14052.6262,Kafka
67e1c3c33224ef1ddaea9e3b,1742848786,152196.9157,1742848924,14196.9157,Kafka
67e1c3c33224ef1ddaea9e3d,1742848786,152222.0757,1742848924,14222.0757,Kafka
67e1c3c33224ef1ddaea9e4b,1742848786,152325.5533,1742848924,14325.5533,Kafka
67e1c3c33224ef1ddaea9e41,1742848786,152287.8546,1742848924,14287.8546,Kafka
67e1c3c33224ef1ddaea9e40,1742848786,152286.3342,1742848924,14286.3342,Kafka
67e1c3c33224ef1ddaea9e44,1742848786,152314.9834,1742848924,14314.9834,Kafka
67e1c3c33224ef1ddaea9e48,1742848786,152321.3654,1742848924,14321.3654,Kafka
67e1c3c33224ef1ddaea9e43,1742848786,152290.6644,1742848924,14290.6644,Kafka
67e1c3c33224ef1ddaea9e55,1742848786,152463.2625,1742848924,14463.2625,Kafka
67e1c3c33224ef1ddaea9e54,1742848786,152461.7536,1742848924,14461.7536,Kafka
67e1c3c33224ef1ddaea9e4f,1742848786,152363.6826,1742848924,14363.6826,Kafka
67e1c3c33224ef1ddaea9e59,1742848786,152532.1874,1742848924,14532.1874,Kafka
67e1c3c33224ef1ddaea9e58,1742848786,152503.6088,1742848924,14503.6088,Kafka
67e1c3c33224ef1ddaea9e5d,1742848786,152564.1624,1742848924,14564.1624,Kafka
67e1c3c33224ef1ddaea9e5c,1742848786,152540.048,1742848924,14540.048,Kafka
67e1c3c33224ef1ddaea9e47,1742848786,152319.914,1742848924,14319.914,Kafka
67e1c3c33224ef1ddaea9e25,1742848786,151900.9688,1742848924,13900.9688,Kafka
67e1c3c33224ef1ddaea9e39,1742848786,152194.0601,1742848924,14194.0601,Kafka
67e1c3c33224ef1ddaea9e51,1742848786,152454.6424,1742848924,14454.6424,Kafka
67e1c3c33224ef1ddaea9e34,1742848786,152153.0742,1742848924,14153.0742,Kafka
67e1c3c33224ef1ddaea9e37,1742848786,152157.3967,1742848924,14157.3967,Kafka
67e1c3c33224ef1ddaea9e36,1742848786,152155.9787,1742848924,14155.9787,Kafka
67e1c3c33224ef1ddaea9e23,1742848786,151897.5136,1742848924,13897.5136,Kafka
67e1c3c33224ef1ddaea9e24,1742848786,151899.5501,1742848924,13899.5501,Kafka
67e1c3c33224ef1ddaea9e22,1742848786,151873.3883,1742848924,13873.3883,Kafka
67e1c3c33224ef1ddaea9e26,1742848786,151902.4049,1742848924,13902.4049,Kafka
67e1c3c33224ef1ddaea9e33,1742848786,152151.5011,1742848924,14151.5011,Kafka
67e1c3c33224ef1ddaea9e28,1742848786,151991.5743,1742848924,13991.5743,Kafka
67e1c3c33224ef1ddaea9e35,1742848786,152154.5683,1742848924,14154.5683,Kafka
67e1c3c33224ef1ddaea9e27,1742848786,151958.5383,1742848924,13958.5383,Kafka
67e1c3c33224ef1ddaea9e2f,1742848786,152144.6379,1742848924,14144.6379,Kafka
67e1c3c33224ef1ddaea9e29,1742848786,152021.8133,1742848924,14021.8133,Kafka
67e1c3c33224ef1ddaea9e5b,1742848786,152537.3705,1742848924,14537.3705,Kafka
67e1c3c33224ef1ddaea9e57,1742848786,152501.3228,1742848924,14501.3228,Kafka
67e1c3c33224ef1ddaea9e46,1742848786,152318.3989,1742848924,14318.3989,Kafka
67e1c3c33224ef1ddaea9e4c,1742848786,152326.9774,1742848924,14326.9774,Kafka
67e1c3c33224ef1ddaea9e53,1742848786,152459.8905,1742848924,14459.8905,Kafka
67e1c3c33224ef1ddaea9e3f,1742848786,152284.0738,1742848924,14284.0738,Kafka
67e1c3c33224ef1ddaea9e2d,1742848786,152057.8681,1742848924,14057.8681,Kafka
67e1c3c33224ef1ddaea9e3c,1742848786,152198.3786,1742848924,14198.3786,Kafka
67e1c3c33224ef1ddaea9e2c,1742848786,152056.3797,1742848924,14056.3797,Kafka
67e1c3c33224ef1ddaea9e2b,1742848786,152054.8165,1742848924,14054.8165,Kafka
67e1c3c33224ef1ddaea9e5a,1742848786,152534.421,1742848924,14534.421,Kafka
67e1c3c33224ef1ddaea9e30,1742848786,152146.9802,1742848924,14146.9802,Kafka
67e1c3c33224ef1ddaea9e38,1742848786,152191.9352,1742848924,14191.9352,Kafka
67e1c3c33224ef1ddaea9e4d,1742848786,152328.2818,1742848924,14328.2818,Kafka
67e1c3c33224ef1ddaea9e4a,1742848786,152324.1586,1742848924,14324.1586,Kafka
67e1c3c33224ef1ddaea9e31,1742848786,152148.6579,1742848924,14148.6579,Kafka
67e1c3c33224ef1ddaea9e45,1742848786,152316.9784,1742848924,14316.9784,Kafka
67e1c3c33224ef1ddaea9e56,1742848786,152464.795,1742848924,14464.795,Kafka
67e1c3c33224ef1ddaea9e2e,1742848786,152082.629,1742848924,14082.629,Kafka
67e1c3c33224ef1ddaea9e49,1742848786,152322.7778,1742848924,14322.7778,Kafka
67e1c3c33224ef1ddaea9e3e,1742848786,152253.0667,1742848924,14253.0667,Kafka
67e1c3c33224ef1ddaea9e5e,1742848786,152594.1903,1742848924,14594.1903,Kafka
67e1c3c33224ef1ddaea9e50,1742848786,152392.5567,1742848924,14392.5567,Kafka
67e1c3c33224ef1ddaea9e4e,1742848786,152361.5464,1742848924,14361.5464,Kafka
67e1c3c33224ef1ddaea9e0a,1742848786,151355.3285,1742848923,14355.3285,Kafka
67e1c3c33224ef1ddaea9e12,1742848786,151663.9439,1742848923,14663.9439,Kafka
67e1c3c33224ef1ddaea9e1e,1742848786,151867.6044,1742848923,14867.6044,Kafka
67e1c3c33224ef1ddaea9df2,1742848786,151033.8125,1742848923,14033.8125,Kafka
67e1c3c33224ef1ddaea9dea,1742848786,150938.7485,1742848923,13938.7485,Kafka
67e1c3c33224ef1ddaea9dfe,1742848786,151245.8176,1742848923,14245.8176,Kafka
67e1c3c33224ef1ddaea9de6,1742848786,150813.1854,1742848923,13813.1854,Kafka
67e1c3c33224ef1ddaea9df7,1742848786,151121.1725,1742848923,14121.1725,Kafka
67e1c3c33224ef1ddaea9e02,1742848786,151279.1648,1742848923,14279.1648,Kafka
67e1c3c33224ef1ddaea9dfb,1742848786,151185.4273,1742848923,14185.4273,Kafka
67e1c3c33224ef1ddaea9ded,1742848786,150970.8547,1742848923,13970.8547,Kafka
67e1c3c33224ef1ddaea9df1,1742848786,151032.4257,1742848923,14032.4257,Kafka
67e1c3c33224ef1ddaea9df5,1742848786,151093.4519,1742848923,14093.4519,Kafka
67e1c3c33224ef1ddaea9df9,1742848786,151152.1369,1742848923,14152.1369,Kafka
67e1c3c33224ef1ddaea9df4,1742848786,151091.7706,1742848923,14091.7706,Kafka
67e1c3c33224ef1ddaea9de7,1742848786,150872.9869,1742848923,13872.9869,Kafka
67e1c3c33224ef1ddaea9de8,1742848786,150905.775,1742848923,13905.775,Kafka
67e1c3c33224ef1ddaea9dfd,1742848786,151214.912,1742848923,14214.912,Kafka
67e1c3c33224ef1ddaea9dfc,1742848786,151186.8873,1742848923,14186.8873,Kafka
67e1c3c33224ef1ddaea9dee,1742848786,150998.0185,1742848923,13998.0185,Kafka
67e1c3c33224ef1ddaea9e0b,1742848786,151357.1126,1742848923,14357.1126,Kafka
67e1c3c33224ef1ddaea9e1f,1742848786,151869.0725,1742848923,14869.0725,Kafka
67e1c3c33224ef1ddaea9e04,1742848786,151282.021,1742848923,14282.021,Kafka
67e1c3c33224ef1ddaea9e03,1742848786,151280.5794,1742848923,14280.5794,Kafka
67e1c3c33224ef1ddaea9e0f,1742848786,151508.7628,1742848923,14508.7628,Kafka
67e1c3c33224ef1ddaea9e01,1742848786,151277.1291,1742848923,14277.1291,Kafka
67e1c3c33224ef1ddaea9e1c,1742848786,151836.6992,1742848923,14836.6992,Kafka
67e1c3c33224ef1ddaea9e00,1742848786,151251.4249,1742848923,14251.4249,Kafka
67e1c3c33224ef1ddaea9e05,1742848786,151283.4218,1742848923,14283.4218,Kafka
67e1c3c33224ef1ddaea9e1b,1742848786,151834.4508,1742848923,14834.4508,Kafka
67e1c3c33224ef1ddaea9e0c,1742848786,151384.7768,1742848923,14384.7768,Kafka
67e1c3c33224ef1ddaea9e09,1742848786,151325.5877,1742848923,14325.5877,Kafka
67e1c3c33224ef1ddaea9dff,1742848786,151249.8927,1742848923,14249.8927,Kafka
67e1c3c33224ef1ddaea9e0d,1742848786,151386.8672,1742848923,14386.8672,Kafka
67e1c3c33224ef1ddaea9e13,1742848786,151726.0971,1742848923,14726.0971,Kafka
67e1c3c33224ef1ddaea9e19,1742848786,151771.0859,1742848923,14771.0859,Kafka
67e1c3c33224ef1ddaea9e14,1742848786,151760.702,1742848923,14760.702,Kafka
67e1c3c33224ef1ddaea9e15,1742848786,151763.3623,1742848923,14763.3623,Kafka
67e1c3c33224ef1ddaea9e1d,1742848786,151865.3742,1742848923,14865.3742,Kafka
67e1c3c33224ef1ddaea9e07,1742848786,151286.3308,1742848923,14286.3308,Kafka
67e1c3c33224ef1ddaea9e17,1742848786,151767.1454,1742848923,14767.1454,Kafka
67e1c3c33224ef1ddaea9e20,1742848786,151870.5141,1742848923,14870.5141,Kafka
67e1c3c33224ef1ddaea9de5,1742848786,150811.0669,1742848923,13811.0669,Kafka
67e1c3c33224ef1ddaea9de3,1742848786,150749.0267,1742848923,13749.0267,Kafka
67e1c3c33224ef1ddaea9de4,1742848786,150751.042,1742848923,13751.042,Kafka
67e1c3c33224ef1ddaea9dec,1742848786,150969.2303,1742848923,13969.2303,Kafka
67e1c3c33224ef1ddaea9de9,1742848786,150907.3226,1742848923,13907.3226,Kafka
67e1c3c33224ef1ddaea9df6,1742848786,151094.8937,1742848923,14094.8937,Kafka
67e1c3c33224ef1ddaea9def,1742848786,151028.9671,1742848923,14028.9671,Kafka
67e1c3c33224ef1ddaea9df0,1742848786,151030.9669,1742848923,14030.9669,Kafka
67e1c3c33224ef1ddaea9df8,1742848786,151124.0439,1742848923,14124.0439,Kafka
67e1c3c33224ef1ddaea9e08,1742848786,151323.0005,1742848923,14323.0005,Kafka
67e1c3c33224ef1ddaea9e10,1742848786,151540.9671,1742848923,14540.9671,Kafka
67e1c3c33224ef1ddaea9e1a,1742848786,151803.7363,1742848923,14803.7363,Kafka
67e1c3c33224ef1ddaea9e21,1742848786,151871.9021,1742848923,14871.9021,Kafka
67e1c3c33224ef1ddaea9de2,1742848786,150719.0637,1742848923,13719.0637,Kafka
67e1c3c33224ef1ddaea9e0e,1742848786,151446.8519,1742848923,14446.8519,Kafka
67e1c3c33224ef1ddaea9e06,1742848786,151284.8971,1742848923,14284.8971,Kafka
67e1c3c33224ef1ddaea9e16,1742848786,151765.3514,1742848923,14765.3514,Kafka
67e1c3c33224ef1ddaea9de1,1742848786,150696.9667,1742848923,13696.9667,Kafka
67e1c3c33224ef1ddaea9deb,1742848786,150967.1351,1742848923,13967.1351,Kafka
67e1c3c33224ef1ddaea9e18,1742848786,151769.2041,1742848923,14769.2041,Kafka
67e1c3c33224ef1ddaea9dfa,1742848786,151183.1808,1742848923,14183.1808,Kafka
67e1c3c33224ef1ddaea9e11,1742848786,151602.0801,1742848923,14602.0801,Kafka
67e1c3c33224ef1ddaea9df3,1742848786,151059.1223,1742848923,14059.1223,Kafka
67e1c3c33224ef1ddaea9dc2,1742848786,150197.2493,1742848922,14197.2493,Kafka
67e1c3c33224ef1ddaea9dba,1742848786,150099.0712,1742848922,14099.0712,Kafka
67e1c3c33224ef1ddaea9db2,1742848786,149917.2808,1742848922,13917.2808,Kafka
67e1c3c33224ef1ddaea9dca,1742848786,150284.8457,1742848922,14284.8457,Kafka
67e1c3c33224ef1ddaea9da2,1742848786,149695.7659,1742848922,13695.7659,Kafka
67e1c3c33224ef1ddaea9da6,1742848786,149727.8819,1742848922,13727.8819,Kafka
67e1c3c33224ef1ddaea9da4,1742848786,149699.1789,1742848922,13699.1789,Kafka
67e1c3c33224ef1ddaea9da8,1742848786,149787.9882,1742848922,13787.9882,Kafka
67e1c3c33224ef1ddaea9da5,1742848786,149700.6267,1742848922,13700.6267,Kafka
67e1c3c33224ef1ddaea9db1,1742848786,149915.8673,1742848922,13915.8673,Kafka
67e1c3c33224ef1ddaea9daf,1742848786,149911.9991,1742848922,13911.9991,Kafka
67e1c3c33224ef1ddaea9da7,1742848786,149757.0496,1742848922,13757.0496,Kafka
67e1c3c33224ef1ddaea9da3,1742848786,149697.727,1742848922,13697.727,Kafka
67e1c3c33224ef1ddaea9de0,1742848786,150695.4447,1742848922,14695.4447,Kafka
67e1c3c33224ef1ddaea9dd9,1742848786,150659.7689,1742848922,14659.7689,Kafka
67e1c3c33224ef1ddaea9ddb,1742848786,150687.1083,1742848922,14687.1083,Kafka
67e1c3c33224ef1ddaea9dcb,1742848786,150346.0733,1742848922,14346.0733,Kafka
67e1c3c33224ef1ddaea9dc0,1742848786,150194.3476,1742848922,14194.3476,Kafka
67e1c3c33224ef1ddaea9dcd,1742848786,150378.3003,1742848922,14378.3003,Kafka
67e1c3c33224ef1ddaea9dd3,1742848786,150533.05,1742848922,14533.05,Kafka
67e1c3c33224ef1ddaea9dd8,1742848786,150657.6907,1742848922,14657.6907,Kafka
67e1c3c33224ef1ddaea9dd7,1742848786,150626.7768,1742848922,14626.7768,Kafka
67e1c3c33224ef1ddaea9dbd,1742848786,150131.996,1742848922,14131.996,Kafka
67e1c3c33224ef1ddaea9dc3,1742848786,150198.6948,1742848922,14198.6948,Kafka
67e1c3c33224ef1ddaea9dc7,1742848786,150254.2669,1742848922,14254.2669,Kafka
67e1c3c33224ef1ddaea9dd1,1742848786,150471.0114,1742848922,14471.0114,Kafka
67e1c3c33224ef1ddaea9dbc,1742848786,150129.9763,1742848922,14129.9763,Kafka
67e1c3c33224ef1ddaea9dc8,1742848786,150256.3855,1742848922,14256.3855,Kafka
67e1c3c33224ef1ddaea9dbb,1742848786,150101.1707,1742848922,14101.1707,Kafka
67e1c3c33224ef1ddaea9dc4,1742848786,150200.156,1742848922,14200.156,Kafka
67e1c3c33224ef1ddaea9dc5,1742848786,150223.0925,1742848922,14223.0925,Kafka
67e1c3c33224ef1ddaea9dbf,1742848786,150192.05,1742848922,14192.05,Kafka
67e1c3c33224ef1ddaea9dd4,1742848786,150535.7176,1742848922,14535.7176,Kafka
67e1c3c33224ef1ddaea9dcf,1742848786,150410.6522,1742848922,14410.6522,Kafka
67e1c3c33224ef1ddaea9dd5,1742848786,150537.9545,1742848922,14537.9545,Kafka
67e1c3c33224ef1ddaea9dd6,1742848786,150594.2554,1742848922,14594.2554,Kafka
67e1c3c33224ef1ddaea9dc6,1742848786,150225.4785,1742848922,14225.4785,Kafka
67e1c3c33224ef1ddaea9dc1,1742848786,150195.893,1742848922,14195.893,Kafka
67e1c3c33224ef1ddaea9dc9,1742848786,150257.9846,1742848922,14257.9846,Kafka
67e1c3c33224ef1ddaea9ddc,1742848786,150689.447,1742848922,14689.447,Kafka
67e1c3c33224ef1ddaea9ddd,1742848786,150690.9404,1742848922,14690.9404,Kafka
67e1c3c33224ef1ddaea9ddf,1742848786,150694.0104,1742848922,14694.0104,Kafka
67e1c3c33224ef1ddaea9db3,1742848786,149943.1818,1742848922,13943.1818,Kafka
67e1c3c33224ef1ddaea9dd0,1742848786,150440.2269,1742848922,14440.2269,Kafka
67e1c3c33224ef1ddaea9dda,1742848786,150661.3089,1742848922,14661.3089,Kafka
67e1c3c33224ef1ddaea9da1,1742848786,149665.0196,1742848922,13665.0196,Kafka
67e1c3c33224ef1ddaea9db0,1742848786,149914.3242,1742848922,13914.3242,Kafka
67e1c3c33224ef1ddaea9db7,1742848786,150036.0143,1742848922,14036.0143,Kafka
67e1c3c33224ef1ddaea9db6,1742848786,150006.085,1742848922,14006.085,Kafka
67e1c3c33224ef1ddaea9dbe,1742848786,150160.0507,1742848922,14160.0507,Kafka
67e1c3c33224ef1ddaea9db8,1742848786,150038.1719,1742848922,14038.1719,Kafka
67e1c3c33224ef1ddaea9db5,1742848786,149974.3129,1742848922,13974.3129,Kafka
67e1c3c33224ef1ddaea9dde,1742848786,150692.4206,1742848922,14692.4206,Kafka
67e1c3c33224ef1ddaea9db9,1742848786,150069.4895,1742848922,14069.4895,Kafka
67e1c3c33224ef1ddaea9dad,1742848786,149826.1149,1742848922,13826.1149,Kafka
67e1c3c33224ef1ddaea9dac,1742848786,149824.7302,1742848922,13824.7302,Kafka
67e1c3c33224ef1ddaea9dab,1742848786,149823.2685,1742848922,13823.2685,Kafka
67e1c3c33224ef1ddaea9db4,1742848786,149945.5795,1742848922,13945.5795,Kafka
67e1c3c33224ef1ddaea9dcc,1742848786,150348.4182,1742848922,14348.4182,Kafka
67e1c3c33224ef1ddaea9dd2,1742848786,150501.0409,1742848922,14501.0409,Kafka
67e1c3c33224ef1ddaea9dce,1742848786,150408.1075,1742848922,14408.1075,Kafka
67e1c3c33224ef1ddaea9da9,1742848786,149820.4225,1742848922,13820.4225,Kafka
67e1c3c33224ef1ddaea9daa,1742848786,149821.8719,1742848922,13821.8719,Kafka
67e1c3c33224ef1ddaea9dae,1742848786,149851.082,1742848922,13851.082,Kafka
67e1c3c33224ef1ddaea9d75,1742848786,148765.323,1742848921,13765.323,Kafka
67e1c3c33224ef1ddaea9d66,1742848786,148594.8334,1742848921,13594.8334,Kafka
67e1c3c33224ef1ddaea9d72,1742848786,148698.4244,1742848921,13698.4244,Kafka
67e1c3c33224ef1ddaea9d70,1742848786,148695.3695,1742848921,13695.3695,Kafka
67e1c3c33224ef1ddaea9d82,1742848786,149043.9598,1742848921,14043.9598,Kafka
67e1c3c33224ef1ddaea9d8a,1742848786,149324.1026,1742848921,14324.1026,Kafka
67e1c3c33224ef1ddaea9d90,1742848786,149385.7421,1742848921,14385.7421,Kafka
67e1c3c33224ef1ddaea9d92,1742848786,149419.4316,1742848921,14419.4316,Kafka
67e1c3c33224ef1ddaea9d9e,1742848786,149579.0602,1742848921,14579.0602,Kafka
67e1c3c33224ef1ddaea9d8e,1742848786,149358.4839,1742848921,14358.4839,Kafka
67e1c3c33224ef1ddaea9d98,1742848786,149513.6964,1742848921,14513.6964,Kafka
67e1c3c33224ef1ddaea9d9c,1742848786,149576.2508,1742848921,14576.2508,Kafka
67e1c3c33224ef1ddaea9d94,1742848786,149447.0836,1742848921,14447.0836,Kafka
67e1c3c33224ef1ddaea9d99,1742848786,149571.0578,1742848921,14571.0578,Kafka
67e1c3c33224ef1ddaea9d9d,1742848786,149577.6929,1742848921,14577.6929,Kafka
67e1c3c33224ef1ddaea9d8d,1742848786,149357.0759,1742848921,14357.0759,Kafka
67e1c3c33224ef1ddaea9d9f,1742848786,149602.0076,1742848921,14602.0076,Kafka
67e1c3c33224ef1ddaea9da0,1742848786,149632.8616,1742848921,14632.8616,Kafka
67e1c3c33224ef1ddaea9d7f,1742848786,148921.2966,1742848921,13921.2966,Kafka
67e1c3c33224ef1ddaea9d8b,1742848786,149326.5363,1742848921,14326.5363,Kafka
67e1c3c33224ef1ddaea9d91,1742848786,149417.2053,1742848921,14417.2053,Kafka
67e1c3c33224ef1ddaea9d93,1742848786,149420.9718,1742848921,14420.9718,Kafka
67e1c3c33224ef1ddaea9d80,1742848786,148952.2505,1742848921,13952.2505,Kafka
67e1c3c33224ef1ddaea9d86,1742848786,149260.9472,1742848921,14260.9472,Kafka
67e1c3c33224ef1ddaea9d7d,1742848786,148889.8839,1742848921,13889.8839,Kafka
67e1c3c33224ef1ddaea9d7c,1742848786,148861.6483,1742848921,13861.6483,Kafka
67e1c3c33224ef1ddaea9d7b,1742848786,148860.0904,1742848921,13860.0904,Kafka
67e1c3c33224ef1ddaea9d85,1742848786,149200.4566,1742848921,14200.4566,Kafka
67e1c3c33224ef1ddaea9d79,1742848786,148830.8705,1742848921,13830.8705,Kafka
67e1c3c33224ef1ddaea9d81,1742848786,148983.1532,1742848921,13983.1532,Kafka
67e1c3c33224ef1ddaea9d7a,1742848786,148857.9225,1742848921,13857.9225,Kafka
67e1c3c33224ef1ddaea9d96,1742848786,149510.1985,1742848921,14510.1985,Kafka
67e1c3c33224ef1ddaea9d95,1742848786,149478.9667,1742848921,14478.9667,Kafka
67e1c3c33224ef1ddaea9d84,1742848786,149167.8767,1742848921,14167.8767,Kafka
67e1c3c33224ef1ddaea9d83,1742848786,149106.0466,1742848921,14106.0466,Kafka
67e1c3c33224ef1ddaea9d8f,1742848786,149360.0336,1742848921,14360.0336,Kafka
67e1c3c33224ef1ddaea9d89,1742848786,149296.8263,1742848921,14296.8263,Kafka
67e1c3c33224ef1ddaea9d9b,1742848786,149574.81,1742848921,14574.81,Kafka
67e1c3c33224ef1ddaea9d60,1742848786,148472.2213,1742848921,13472.2213,Kafka
67e1c3c33224ef1ddaea9d6a,1742848786,148659.3558,1742848921,13659.3558,Kafka
67e1c3c33224ef1ddaea9d6e,1742848786,148692.4318,1742848921,13692.4318,Kafka
67e1c3c33224ef1ddaea9d78,1742848786,148828.7763,1742848921,13828.7763,Kafka
67e1c3c33224ef1ddaea9d62,1742848786,148505.0987,1742848921,13505.0987,Kafka
67e1c3c33224ef1ddaea9d7e,1742848786,148891.9939,1742848921,13891.9939,Kafka
67e1c3c33224ef1ddaea9d65,1742848786,148566.1464,1742848921,13566.1464,Kafka
67e1c3c33224ef1ddaea9d9a,1742848786,149573.3537,1742848921,14573.3537,Kafka
67e1c3c33224ef1ddaea9d64,1742848786,148563.8361,1742848921,13563.8361,Kafka
67e1c3c33224ef1ddaea9d6f,1742848786,148693.937,1742848921,13693.937,Kafka
67e1c3c33224ef1ddaea9d69,1742848786,148656.8397,1742848921,13656.8397,Kafka
67e1c3c33224ef1ddaea9d63,1742848786,148507.5119,1742848921,13507.5119,Kafka
67e1c3c33224ef1ddaea9d71,1742848786,148696.8701,1742848921,13696.8701,Kafka
67e1c3c33224ef1ddaea9d6c,1742848786,148689.2375,1742848921,13689.2375,Kafka
67e1c3c33224ef1ddaea9d74,1742848786,148736.7321,1742848921,13736.7321,Kafka
67e1c3c33224ef1ddaea9d73,1742848786,148734.436,1742848921,13734.436,Kafka
67e1c3c33224ef1ddaea9d8c,1742848786,149354.8568,1742848921,14354.8568,Kafka
67e1c3c33224ef1ddaea9d6b,1742848786,148660.89,1742848921,13660.89,Kafka
67e1c3c33224ef1ddaea9d61,1742848786,148502.8526,1742848921,13502.8526,Kafka
67e1c3c33224ef1ddaea9d67,1742848786,148626.87,1742848921,13626.87,Kafka
67e1c3c33224ef1ddaea9d68,1742848786,148629.0736,1742848921,13629.0736,Kafka
67e1c3c33224ef1ddaea9d76,1742848786,148767.6471,1742848921,13767.6471,Kafka
67e1c3c33224ef1ddaea9d6d,1742848786,148691.1309,1742848921,13691.1309,Kafka
67e1c3c33224ef1ddaea9d87,1742848786,149293.0835,1742848921,14293.0835,Kafka
67e1c3c33224ef1ddaea9d97,1742848786,149512.2964,1742848921,14512.2964,Kafka
67e1c3c33224ef1ddaea9d88,1742848786,149295.3062,1742848921,14295.3062,Kafka
67e1c3c33224ef1ddaea9d77,1742848786,148796.3034,1742848921,13796.3034,Kafka
67e1c3c33224ef1ddaea9d5d,1742848786,148441.5489,1742848920,14441.5489,Kafka
67e1c3c33224ef1ddaea9d32,1742848786,147449.9147,1742848920,13449.9147,Kafka
67e1c3c33224ef1ddaea9d56,1742848786,148191.785,1742848920,14191.785,Kafka
67e1c3c33224ef1ddaea9d30,1742848786,147418.3314,1742848920,13418.3314,Kafka
67e1c3c33224ef1ddaea9d4a,1742848786,148068.0051,1742848920,14068.0051,Kafka
67e1c3c33224ef1ddaea9d4e,1742848786,148074.7303,1742848920,14074.7303,Kafka
67e1c3c33224ef1ddaea9d52,1742848786,148133.5609,1742848920,14133.5609,Kafka
67e1c3c33224ef1ddaea9d3d,1742848786,147726.8893,1742848920,13726.8893,Kafka
67e1c3c33224ef1ddaea9d41,1742848786,147819.8358,1742848920,13819.8358,Kafka
67e1c3c33224ef1ddaea9d45,1742848786,147916.235,1742848920,13916.235,Kafka
67e1c3c33224ef1ddaea9d55,1742848786,148162.8536,1742848920,14162.8536,Kafka
67e1c3c33224ef1ddaea9d42,1742848786,147881.8143,1742848920,13881.8143,Kafka
67e1c3c33224ef1ddaea9d3c,1742848786,147664.8166,1742848920,13664.8166,Kafka
67e1c3c33224ef1ddaea9d50,1742848786,148129.9849,1742848920,14129.9849,Kafka
67e1c3c33224ef1ddaea9d4b,1742848786,148070.2827,1742848920,14070.2827,Kafka
67e1c3c33224ef1ddaea9d5a,1742848786,148316.597,1742848920,14316.597,Kafka
67e1c3c33224ef1ddaea9d5e,1742848786,148443.0562,1742848920,14443.0562,Kafka
67e1c3c33224ef1ddaea9d3b,1742848786,147603.6901,1742848920,13603.6901,Kafka
67e1c3c33224ef1ddaea9d3f,1742848786,147757.8516,1742848920,13757.8516,Kafka
67e1c3c33224ef1ddaea9d43,1742848786,147912.8484,1742848920,13912.8484,Kafka
67e1c3c33224ef1ddaea9d5c,1742848786,148408.8107,1742848920,14408.8107,Kafka
67e1c3c33224ef1ddaea9d4f,1742848786,148076.1463,1742848920,14076.1463,Kafka
67e1c3c33224ef1ddaea9d44,1742848786,147914.8238,1742848920,13914.8238,Kafka
67e1c3c33224ef1ddaea9d49,1742848786,148008.6386,1742848920,14008.6386,Kafka
67e1c3c33224ef1ddaea9d3a,1742848786,147574.2299,1742848920,13574.2299,Kafka
67e1c3c33224ef1ddaea9d48,1742848786,148006.0009,1742848920,14006.0009,Kafka
67e1c3c33224ef1ddaea9d2a,1742848786,147356.7309,1742848920,13356.7309,Kafka
67e1c3c33224ef1ddaea9d2e,1742848786,147388.5094,1742848920,13388.5094,Kafka
67e1c3c33224ef1ddaea9d57,1742848786,148223.1947,1742848920,14223.1947,Kafka
67e1c3c33224ef1ddaea9d5f,1742848786,148444.558,1742848920,14444.558,Kafka
67e1c3c33224ef1ddaea9d59,1742848786,148287.1701,1742848920,14287.1701,Kafka
67e1c3c33224ef1ddaea9d5b,1742848786,148348.3393,1742848920,14348.3393,Kafka
67e1c3c33224ef1ddaea9d53,1742848786,148135.0096,1742848920,14135.0096,Kafka
67e1c3c33224ef1ddaea9d54,1742848786,148160.8704,1742848920,14160.8704,Kafka
67e1c3c33224ef1ddaea9d4c,1742848786,148072.0164,1742848920,14072.0164,Kafka
67e1c3c33224ef1ddaea9d2f,1742848786,147389.9298,1742848920,13389.9298,Kafka
67e1c3c33224ef1ddaea9d23,1742848786,147262.6848,1742848920,13262.6848,Kafka
67e1c3c33224ef1ddaea9d2b,1742848786,147358.1066,1742848920,13358.1066,Kafka
67e1c3c33224ef1ddaea9d2c,1742848786,147359.4715,1742848920,13359.4715,Kafka
67e1c3c33224ef1ddaea9d38,1742848786,147511.4095,1742848920,13511.4095,Kafka
67e1c3c33224ef1ddaea9d58,1742848786,148284.845,1742848920,14284.845,Kafka
67e1c3c33224ef1ddaea9d27,1742848786,147298.4733,1742848920,13298.4733,Kafka
67e1c3c33224ef1ddaea9d2d,1742848786,147386.9829,1742848920,13386.9829,Kafka
67e1c3c33224ef1ddaea9d35,1742848786,147454.3431,1742848920,13454.3431,Kafka
67e1c3c33224ef1ddaea9d28,1742848786,147299.856,1742848920,13299.856,Kafka
67e1c3c33224ef1ddaea9d33,1742848786,147451.4018,1742848920,13451.4018,Kafka
67e1c3c33224ef1ddaea9d37,1742848786,147480.4511,1742848920,13480.4511,Kafka
67e1c3c33224ef1ddaea9d21,1742848786,147231.7242,1742848920,13231.7242,Kafka
67e1c3c33224ef1ddaea9d22,1742848786,147233.9006,1742848920,13233.9006,Kafka
67e1c3c33224ef1ddaea9d47,1742848786,147974.8744,1742848920,13974.8744,Kafka
67e1c3c33224ef1ddaea9d29,1742848786,147354.7934,1742848920,13354.7934,Kafka
67e1c3c33224ef1ddaea9d51,1742848786,148132.1241,1742848920,14132.1241,Kafka
67e1c3c33224ef1ddaea9d34,1742848786,147452.9851,1742848920,13452.9851,Kafka
67e1c3c33224ef1ddaea9d36,1742848786,147455.791,1742848920,13455.791,Kafka
67e1c3c33224ef1ddaea9d24,1742848786,147293.6825,1742848920,13293.6825,Kafka
67e1c3c33224ef1ddaea9d39,1742848786,147571.8427,1742848920,13571.8427,Kafka
67e1c3c33224ef1ddaea9d25,1742848786,147295.6587,1742848920,13295.6587,Kafka
67e1c3c33224ef1ddaea9d3e,1742848786,147729.2324,1742848920,13729.2324,Kafka
67e1c3c33224ef1ddaea9d46,1742848786,147944.9301,1742848920,13944.9301,Kafka
67e1c3c33224ef1ddaea9d26,1742848786,147297.0522,1742848920,13297.0522,Kafka
67e1c3c33224ef1ddaea9d4d,1742848786,148073.3987,1742848920,14073.3987,Kafka
67e1c3c33224ef1ddaea9d40,1742848786,147760.3169,1742848920,13760.3169,Kafka
67e1c3c33224ef1ddaea9d31,1742848786,147447.7845,1742848920,13447.7845,Kafka
67e1c3c33224ef1ddaea9cea,1742848786,146116.8583,1742848919,13116.8583,Kafka
67e1c3c33224ef1ddaea9d02,1742848786,146612.0594,1742848919,13612.0594,Kafka
67e1c3c33224ef1ddaea9d0a,1742848786,146765.7478,1742848919,13765.7478,Kafka
67e1c3c33224ef1ddaea9d10,1742848786,146859.913,1742848919,13859.913,Kafka
67e1c3c33224ef1ddaea9d12,1742848786,146952.046,1742848919,13952.046,Kafka
67e1c3c33224ef1ddaea9d1e,1742848786,147169.8799,1742848919,14169.8799,Kafka
67e1c3c33224ef1ddaea9cee,1742848786,146208.155,1742848919,13208.155,Kafka
67e1c3c33224ef1ddaea9ce2,1742848786,145933.0619,1742848919,12933.0619,Kafka
67e1c3c33224ef1ddaea9ce6,1742848786,146054.2613,1742848919,13054.2613,Kafka
67e1c3c33224ef1ddaea9cfe,1742848786,146459.1472,1742848919,13459.1472,Kafka
67e1c3c33224ef1ddaea9d0e,1742848786,146802.3504,1742848919,13802.3504,Kafka
67e1c3c33224ef1ddaea9d08,1742848786,146736.7675,1742848919,13736.7675,Kafka
67e1c3c33224ef1ddaea9d06,1742848786,146703.7731,1742848919,13703.7731,Kafka
67e1c3c33224ef1ddaea9cf7,1742848786,146303.1168,1742848919,13303.1168,Kafka
67e1c3c33224ef1ddaea9cf8,1742848786,146331.797,1742848919,13331.797,Kafka
67e1c3c33224ef1ddaea9ce8,1742848786,146058.0063,1742848919,13058.0063,Kafka
67e1c3c33224ef1ddaea9cf0,1742848786,146211.8132,1742848919,13211.8132,Kafka
67e1c3c33224ef1ddaea9cf2,1742848786,146242.1996,1742848919,13242.1996,Kafka
67e1c3c33224ef1ddaea9cfa,1742848786,146425.038,1742848919,13425.038,Kafka
67e1c3c33224ef1ddaea9d1a,1742848786,147077.332,1742848919,14077.332,Kafka
67e1c3c33224ef1ddaea9cff,1742848786,146486.8289,1742848919,13486.8289,Kafka
67e1c3c33224ef1ddaea9d01,1742848786,146580.9769,1742848919,13580.9769,Kafka
67e1c3c33224ef1ddaea9d04,1742848786,146672.7945,1742848919,13672.7945,Kafka
67e1c3c33224ef1ddaea9d03,1742848786,146642.652,1742848919,13642.652,Kafka
67e1c3c33224ef1ddaea9d0f,1742848786,146827.7863,1742848919,13827.7863,Kafka
67e1c3c33224ef1ddaea9d0d,1742848786,146800.9706,1742848919,13800.9706,Kafka
67e1c3c33224ef1ddaea9d11,1742848786,146920.8896,1742848919,13920.8896,Kafka
67e1c3c33224ef1ddaea9d1b,1742848786,147079.5996,1742848919,14079.5996,Kafka
67e1c3c33224ef1ddaea9d0b,1742848786,146798.0693,1742848919,13798.0693,Kafka
67e1c3c33224ef1ddaea9d05,1742848786,146674.9224,1742848919,13674.9224,Kafka
67e1c3c33224ef1ddaea9d15,1742848786,147048.7204,1742848919,14048.7204,Kafka
67e1c3c33224ef1ddaea9cf9,1742848786,146393.7423,1742848919,13393.7423,Kafka
67e1c3c33224ef1ddaea9d20,1742848786,147202.763,1742848919,14202.763,Kafka
67e1c3c33224ef1ddaea9d16,1742848786,147050.1544,1742848919,14050.1544,Kafka
67e1c3c33224ef1ddaea9d1f,1742848786,147201.1626,1742848919,14201.1626,Kafka
67e1c3c33224ef1ddaea9d07,1742848786,146734.8237,1742848919,13734.8237,Kafka
67e1c3c33224ef1ddaea9cfc,1742848786,146429.3482,1742848919,13429.3482,Kafka
67e1c3c33224ef1ddaea9d1c,1742848786,147107.2641,1742848919,14107.2641,Kafka
67e1c3c33224ef1ddaea9d18,1742848786,147053.0726,1742848919,14053.0726,Kafka
67e1c3c33224ef1ddaea9cf6,1742848786,146300.744,1742848919,13300.744,Kafka
67e1c3c33224ef1ddaea9d13,1742848786,147013.8347,1742848919,14013.8347,Kafka
67e1c3c33224ef1ddaea9d1d,1742848786,147138.0572,1742848919,14138.0572,Kafka
67e1c3c33224ef1ddaea9ce3,1742848786,145959.956,1742848919,12959.956,Kafka
67e1c3c33224ef1ddaea9ceb,1742848786,146145.8561,1742848919,13145.8561,Kafka
67e1c3c33224ef1ddaea9ce4,1742848786,145990.7757,1742848919,12990.7757,Kafka
67e1c3c33224ef1ddaea9d19,1742848786,147054.4492,1742848919,14054.4492,Kafka
67e1c3c33224ef1ddaea9cec,1742848786,146147.9241,1742848919,13147.9241,Kafka
67e1c3c33224ef1ddaea9cf1,1742848786,146240.6737,1742848919,13240.6737,Kafka
67e1c3c33224ef1ddaea9ce7,1742848786,146056.6055,1742848919,13056.6055,Kafka
67e1c3c33224ef1ddaea9ce1,1742848786,145931.7155,1742848919,12931.7155,Kafka
67e1c3c33224ef1ddaea9cfb,1742848786,146427.867,1742848919,13427.867,Kafka
67e1c3c33224ef1ddaea9d00,1742848786,146548.7984,1742848919,13548.7984,Kafka
67e1c3c33224ef1ddaea9ce9,1742848786,146083.8553,1742848919,13083.8553,Kafka
67e1c3c33224ef1ddaea9cf3,1742848786,146270.7138,1742848919,13270.7138,Kafka
67e1c3c33224ef1ddaea9cf4,1742848786,146272.6407,1742848919,13272.6407,Kafka
67e1c3c33224ef1ddaea9cef,1742848786,146210.363,1742848919,13210.363,Kafka
67e1c3c33224ef1ddaea9ce0,1742848786,145930.2516,1742848919,12930.2516,Kafka
67e1c3c33224ef1ddaea9d09,1742848786,146738.1998,1742848919,13738.1998,Kafka
67e1c3c33224ef1ddaea9cfd,1742848786,146456.8768,1742848919,13456.8768,Kafka
67e1c3c33224ef1ddaea9d14,1742848786,147047.1221,1742848919,14047.1221,Kafka
67e1c3c33224ef1ddaea9cf5,1742848786,146274.0397,1742848919,13274.0397,Kafka
67e1c3c33224ef1ddaea9ce5,1742848786,146021.821,1742848919,13021.821,Kafka
67e1c3c33224ef1ddaea9ced,1742848786,146178.3486,1742848919,13178.3486,Kafka
67e1c3c33224ef1ddaea9d17,1742848786,147051.6786,1742848919,14051.6786,Kafka
67e1c3c33224ef1ddaea9d0c,1742848786,146799.5831,1742848919,13799.5831,Kafka
67e1c3c33224ef1ddaea9cbe,1742848786,145451.367,1742848918,13451.367,Kafka
67e1c3c33224ef1ddaea9cce,1742848786,145644.1431,1742848918,13644.1431,Kafka
67e1c3c33224ef1ddaea9caa,1742848786,144952.3108,1742848918,12952.3108,Kafka
67e1c3c33224ef1ddaea9cb2,1742848786,145079.6866,1742848918,13079.6866,Kafka
67e1c3c33224ef1ddaea9cb0,1742848786,145046.6729,1742848918,13046.6729,Kafka
67e1c3c33224ef1ddaea9ca6,1742848786,144830.4934,1742848918,12830.4934,Kafka
67e1c3c33224ef1ddaea9ca2,1742848786,144736.0942,1742848918,12736.0942,Kafka
67e1c3c33224ef1ddaea9cd2,1742848786,145682.451,1742848918,13682.451,Kafka
67e1c3c33224ef1ddaea9cde,1742848786,145866.8241,1742848918,13866.8241,Kafka
67e1c3c33224ef1ddaea9cd0,1742848786,145646.8981,1742848918,13646.8981,Kafka
67e1c3c33224ef1ddaea9cba,1742848786,145355.3474,1742848918,13355.3474,Kafka
67e1c3c33224ef1ddaea9cae,1742848786,145016.0033,1742848918,13016.0033,Kafka
67e1c3c33224ef1ddaea9cca,1742848786,145638.488,1742848918,13638.488,Kafka
67e1c3c33224ef1ddaea9cd3,1742848786,145684.306,1742848918,13684.306,Kafka
67e1c3c33224ef1ddaea9cbf,1742848786,145510.3421,1742848918,13510.3421,Kafka
67e1c3c33224ef1ddaea9cc4,1742848786,145578.1382,1742848918,13578.1382,Kafka
67e1c3c33224ef1ddaea9cbb,1742848786,145357.6884,1742848918,13357.6884,Kafka
67e1c3c33224ef1ddaea9cc9,1742848786,145637.0789,1742848918,13637.0789,Kafka
67e1c3c33224ef1ddaea9ccd,1742848786,145642.6522,1742848918,13642.6522,Kafka
67e1c3c33224ef1ddaea9ccf,1742848786,145645.5737,1742848918,13645.5737,Kafka
67e1c3c33224ef1ddaea9cd4,1742848786,145685.8774,1742848918,13685.8774,Kafka
67e1c3c33224ef1ddaea9cc6,1742848786,145603.4127,1742848918,13603.4127,Kafka
67e1c3c33224ef1ddaea9cdf,1742848786,145899.6289,1742848918,13899.6289,Kafka
67e1c3c33224ef1ddaea9cc1,1742848786,145573.4181,1742848918,13573.4181,Kafka
67e1c3c33224ef1ddaea9ca1,1742848786,144707.4742,1742848918,12707.4742,Kafka
67e1c3c33224ef1ddaea9cd6,1742848786,145711.792,1742848918,13711.792,Kafka
67e1c3c33224ef1ddaea9cbc,1742848786,145417.3523,1742848918,13417.3523,Kafka
67e1c3c33224ef1ddaea9cd7,1742848786,145773.727,1742848918,13773.727,Kafka
67e1c3c33224ef1ddaea9cd8,1742848786,145776.8641,1742848918,13776.8641,Kafka
67e1c3c33224ef1ddaea9cdc,1742848786,145841.9077,1742848918,13841.9077,Kafka
67e1c3c33224ef1ddaea9cd1,1742848786,145680.7747,1742848918,13680.7747,Kafka
67e1c3c33224ef1ddaea9ccb,1742848786,145639.9525,1742848918,13639.9525,Kafka
67e1c3c33224ef1ddaea9cac,1742848786,144955.6024,1742848918,12955.6024,Kafka
67e1c3c33224ef1ddaea9cad,1742848786,144984.165,1742848918,12984.165,Kafka
67e1c3c33224ef1ddaea9cb5,1742848786,145142.0337,1742848918,13142.0337,Kafka
67e1c3c33224ef1ddaea9cb6,1742848786,145200.2912,1742848918,13200.2912,Kafka
67e1c3c33224ef1ddaea9cb3,1742848786,145138.2442,1742848918,13138.2442,Kafka
67e1c3c33224ef1ddaea9cb4,1742848786,145140.479,1742848918,13140.479,Kafka
67e1c3c33224ef1ddaea9cb7,1742848786,145262.2539,1742848918,13262.2539,Kafka
67e1c3c33224ef1ddaea9cb1,1742848786,145078.1702,1742848918,13078.1702,Kafka
67e1c3c33224ef1ddaea9ca9,1742848786,144892.8256,1742848918,12892.8256,Kafka
67e1c3c33224ef1ddaea9ca0,1742848786,144704.2382,1742848918,12704.2382,Kafka
67e1c3c33224ef1ddaea9cb8,1742848786,145324.2893,1742848918,13324.2893,Kafka
67e1c3c33224ef1ddaea9ca5,1742848786,144797.3722,1742848918,12797.3722,Kafka
67e1c3c33224ef1ddaea9cb9,1742848786,145326.2945,1742848918,13326.2945,Kafka
67e1c3c33224ef1ddaea9cab,1742848786,144953.9923,1742848918,12953.9923,Kafka
67e1c3c33224ef1ddaea9ca4,1742848786,144766.4752,1742848918,12766.4752,Kafka
67e1c3c33224ef1ddaea9cd9,1742848786,145836.253,1742848918,13836.253,Kafka
67e1c3c33224ef1ddaea9cc7,1742848786,145605.834,1742848918,13605.834,Kafka
67e1c3c33224ef1ddaea9cc3,1742848786,145576.7431,1742848918,13576.7431,Kafka
67e1c3c33224ef1ddaea9cc0,1742848786,145541.5003,1742848918,13541.5003,Kafka
67e1c3c33224ef1ddaea9cbd,1742848786,145449.2344,1742848918,13449.2344,Kafka
67e1c3c33224ef1ddaea9ca8,1742848786,144891.3298,1742848918,12891.3298,Kafka
67e1c3c33224ef1ddaea9ca3,1742848786,144738.1084,1742848918,12738.1084,Kafka
67e1c3c33224ef1ddaea9caf,1742848786,145017.521,1742848918,13017.521,Kafka
67e1c3c33224ef1ddaea9cdb,1742848786,145840.4096,1742848918,13840.4096,Kafka
67e1c3c33224ef1ddaea9cd5,1742848786,145687.263,1742848918,13687.263,Kafka
67e1c3c33224ef1ddaea9cdd,1742848786,145843.3735,1742848918,13843.3735,Kafka
67e1c3c33224ef1ddaea9cc5,1742848786,145579.5001,1742848918,13579.5001,Kafka
67e1c3c33224ef1ddaea9cc8,1742848786,145635.5635,1742848918,13635.5635,Kafka
67e1c3c33224ef1ddaea9ccc,1742848786,145641.3236,1742848918,13641.3236,Kafka
67e1c3c33224ef1ddaea9ca7,1742848786,144860.4991,1742848918,12860.4991,Kafka
67e1c3c33224ef1ddaea9cc2,1742848786,145575.2529,1742848918,13575.2529,Kafka
67e1c3c33224ef1ddaea9cda,1742848786,145838.7184,1742848918,13838.7184,Kafka
67e1c3c33224ef1ddaea9c62,1742848786,143497.4959,1742848917,12497.4959,Kafka
67e1c3c33224ef1ddaea9c7a,1742848786,143992.247,1742848917,12992.247,Kafka
67e1c3c33224ef1ddaea9c7e,1742848786,144053.1854,1742848917,13053.1854,Kafka
67e1c3c33224ef1ddaea9c82,1742848786,144119.0935,1742848917,13119.0935,Kafka
67e1c3c33224ef1ddaea9c8a,1742848786,144334.8389,1742848917,13334.8389,Kafka
67e1c3c33224ef1ddaea9c92,1742848786,144493.9341,1742848917,13493.9341,Kafka
67e1c3c33224ef1ddaea9c70,1742848786,143715.2083,1742848917,12715.2083,Kafka
67e1c3c33224ef1ddaea9c9e,1742848786,144676.4083,1742848917,13676.4083,Kafka
67e1c3c33224ef1ddaea9c9a,1742848786,144645.6487,1742848917,13645.6487,Kafka
67e1c3c33224ef1ddaea9c71,1742848786,143744.0048,1742848917,12744.0048,Kafka
67e1c3c33224ef1ddaea9c67,1742848786,143528.5875,1742848917,12528.5875,Kafka
67e1c3c33224ef1ddaea9c66,1742848786,143526.264,1742848917,12526.264,Kafka
67e1c3c33224ef1ddaea9c6a,1742848786,143619.4461,1742848917,12619.4461,Kafka
67e1c3c33224ef1ddaea9c6e,1742848786,143684.5485,1742848917,12684.5485,Kafka
67e1c3c33224ef1ddaea9c72,1742848786,143775.3385,1742848917,12775.3385,Kafka
67e1c3c33224ef1ddaea9c68,1742848786,143530.1746,1742848917,12530.1746,Kafka
67e1c3c33224ef1ddaea9c6f,1742848786,143713.5901,1742848917,12713.5901,Kafka
67e1c3c33224ef1ddaea9c90,1742848786,144490.981,1742848917,13490.981,Kafka
67e1c3c33224ef1ddaea9c5f,1742848786,143434.3619,1742848917,12434.3619,Kafka
67e1c3c33224ef1ddaea9c76,1742848786,143929.5947,1742848917,12929.5947,Kafka
67e1c3c33224ef1ddaea9c6c,1742848786,143681.1008,1742848917,12681.1008,Kafka
67e1c3c33224ef1ddaea9c75,1742848786,143867.1772,1742848917,12867.1772,Kafka
67e1c3c33224ef1ddaea9c6b,1742848786,143651.3106,1742848917,12651.3106,Kafka
67e1c3c33224ef1ddaea9c74,1742848786,143807.0456,1742848917,12807.0456,Kafka
67e1c3c33224ef1ddaea9c65,1742848786,143501.9314,1742848917,12501.9314,Kafka
67e1c3c33224ef1ddaea9c69,1742848786,143557.2077,1742848917,12557.2077,Kafka
67e1c3c33224ef1ddaea9c64,1742848786,143500.4898,1742848917,12500.4898,Kafka
67e1c3c33224ef1ddaea9c77,1742848786,143932.3701,1742848917,12932.3701,Kafka
67e1c3c33224ef1ddaea9c63,1742848786,143499.0086,1742848917,12499.0086,Kafka
67e1c3c33224ef1ddaea9c6d,1742848786,143683.0995,1742848917,12683.0995,Kafka
67e1c3c33224ef1ddaea9c60,1742848786,143464.1431,1742848917,12464.1431,Kafka
67e1c3c33224ef1ddaea9c78,1742848786,143961.2038,1742848917,12961.2038,Kafka
67e1c3c33224ef1ddaea9c7d,1742848786,144025.0555,1742848917,13025.0555,Kafka
67e1c3c33224ef1ddaea9c7f,1742848786,144086.4917,1742848917,13086.4917,Kafka
67e1c3c33224ef1ddaea9c7c,1742848786,144023.5472,1742848917,13023.5472,Kafka
67e1c3c33224ef1ddaea9c88,1742848786,144271.7703,1742848917,13271.7703,Kafka
67e1c3c33224ef1ddaea9c8b,1742848786,144364.0322,1742848917,13364.0322,Kafka
67e1c3c33224ef1ddaea9c79,1742848786,143963.1325,1742848917,12963.1325,Kafka
67e1c3c33224ef1ddaea9c98,1742848786,144613.2694,1742848917,13613.2694,Kafka
67e1c3c33224ef1ddaea9c9c,1742848786,144648.7413,1742848917,13648.7413,Kafka
67e1c3c33224ef1ddaea9c9d,1742848786,144674.6172,1742848917,13674.6172,Kafka
67e1c3c33224ef1ddaea9c9f,1742848786,144678.8442,1742848917,13678.8442,Kafka
67e1c3c33224ef1ddaea9c7b,1742848786,143994.8608,1742848917,12994.8608,Kafka
67e1c3c33224ef1ddaea9c81,1742848786,144117.267,1742848917,13117.267,Kafka
67e1c3c33224ef1ddaea9c87,1742848786,144239.3237,1742848917,13239.3237,Kafka
67e1c3c33224ef1ddaea9c85,1742848786,144146.1456,1742848917,13146.1456,Kafka
67e1c3c33224ef1ddaea9c91,1742848786,144492.4201,1742848917,13492.4201,Kafka
67e1c3c33224ef1ddaea9c97,1742848786,144611.1459,1742848917,13611.1459,Kafka
67e1c3c33224ef1ddaea9c86,1742848786,144177.216,1742848917,13177.216,Kafka
67e1c3c33224ef1ddaea9c99,1742848786,144643.4595,1742848917,13643.4595,Kafka
67e1c3c33224ef1ddaea9c95,1742848786,144550.3206,1742848917,13550.3206,Kafka
67e1c3c33224ef1ddaea9c89,1742848786,144332.5125,1742848917,13332.5125,Kafka
67e1c3c33224ef1ddaea9c94,1742848786,144520.5334,1742848917,13520.5334,Kafka
67e1c3c33224ef1ddaea9c61,1742848786,143495.1619,1742848917,12495.1619,Kafka
67e1c3c33224ef1ddaea9c96,1742848786,144552.5233,1742848917,13552.5233,Kafka
67e1c3c33224ef1ddaea9c9b,1742848786,144647.1299,1742848917,13647.1299,Kafka
67e1c3c33224ef1ddaea9c84,1742848786,144122.0412,1742848917,13122.0412,Kafka
67e1c3c33224ef1ddaea9c80,1742848786,144087.9876,1742848917,13087.9876,Kafka
67e1c3c33224ef1ddaea9c8f,1742848786,144489.4158,1742848917,13489.4158,Kafka
67e1c3c33224ef1ddaea9c93,1742848786,144518.3332,1742848917,13518.3332,Kafka
67e1c3c33224ef1ddaea9c8d,1742848786,144456.1178,1742848917,13456.1178,Kafka
67e1c3c33224ef1ddaea9c8c,1742848786,144425.3001,1742848917,13425.3001,Kafka
67e1c3c33224ef1ddaea9c83,1742848786,144120.5511,1742848917,13120.5511,Kafka
67e1c3c33224ef1ddaea9c73,1742848786,143805.1002,1742848917,12805.1002,Kafka
67e1c3c33224ef1ddaea9c8e,1742848786,144487.1433,1742848917,13487.1433,Kafka
67e1c3c33224ef1ddaea9c32,1742848786,142721.2597,1742848916,12721.2597,Kafka
67e1c3c33224ef1ddaea9c30,1742848786,142689.1978,1742848916,12689.1978,Kafka
67e1c3c33224ef1ddaea9c42,1742848786,142882.0025,1742848916,12882.0025,Kafka
67e1c3c33224ef1ddaea9c52,1742848786,143154.0616,1742848916,13154.0616,Kafka
67e1c3c33224ef1ddaea9c5a,1742848786,143374.2522,1742848916,13374.2522,Kafka
67e1c3c33224ef1ddaea9c5e,1742848786,143404.9358,1742848916,13404.9358,Kafka
67e1c3c33224ef1ddaea9c28,1742848786,142413.1455,1742848916,12413.1455,Kafka
67e1c3c33224ef1ddaea9c2b,1742848786,142503.158,1742848916,12503.158,Kafka
67e1c3c33224ef1ddaea9c29,1742848786,142441.8952,1742848916,12441.8952,Kafka
67e1c3c33224ef1ddaea9c2c,1742848786,142505.4939,1742848916,12505.4939,Kafka
67e1c3c33224ef1ddaea9c35,1742848786,142753.3128,1742848916,12753.3128,Kafka
67e1c3c33224ef1ddaea9c33,1742848786,142723.8573,1742848916,12723.8573,Kafka
67e1c3c33224ef1ddaea9c31,1742848786,142691.6134,1742848916,12691.6134,Kafka
67e1c3c33224ef1ddaea9c34,1742848786,142751.1956,1742848916,12751.1956,Kafka
67e1c3c33224ef1ddaea9c26,1742848786,142379.2673,1742848916,12379.2673,Kafka
67e1c3c33224ef1ddaea9c24,1742848786,142317.3102,1742848916,12317.3102,Kafka
67e1c3c33224ef1ddaea9c27,1742848786,142411.2038,1742848916,12411.2038,Kafka
67e1c3c33224ef1ddaea9c2f,1742848786,142627.9605,1742848916,12627.9605,Kafka
67e1c3c33224ef1ddaea9c21,1742848786,142287.5093,1742848916,12287.5093,Kafka
67e1c3c33224ef1ddaea9c23,1742848786,142291.2904,1742848916,12291.2904,Kafka
67e1c3c33224ef1ddaea9c37,1742848786,142756.4966,1742848916,12756.4966,Kafka
67e1c3c33224ef1ddaea9c2d,1742848786,142565.1835,1742848916,12565.1835,Kafka
67e1c3c33224ef1ddaea9c4e,1742848786,143123.1184,1742848916,13123.1184,Kafka
67e1c3c33224ef1ddaea9c50,1742848786,143126.8803,1742848916,13126.8803,Kafka
67e1c3c33224ef1ddaea9c22,1742848786,142289.7594,1742848916,12289.7594,Kafka
67e1c3c33224ef1ddaea9c20,1742848786,142257.8805,1742848916,12257.8805,Kafka
67e1c3c33224ef1ddaea9c4a,1742848786,143000.501,1742848916,13000.501,Kafka
67e1c3c33224ef1ddaea9c2a,1742848786,142474.0292,1742848916,12474.0292,Kafka
67e1c3c33224ef1ddaea9c59,1742848786,143372.6607,1742848916,13372.6607,Kafka
67e1c3c33224ef1ddaea9c25,1742848786,142319.6312,1742848916,12319.6312,Kafka
67e1c3c33224ef1ddaea9c4f,1742848786,143125.3072,1742848916,13125.3072,Kafka
67e1c3c33224ef1ddaea9c48,1742848786,142938.0986,1742848916,12938.0986,Kafka
67e1c3c33224ef1ddaea9c57,1742848786,143311.422,1742848916,13311.422,Kafka
67e1c3c33224ef1ddaea9c53,1742848786,143186.2827,1742848916,13186.2827,Kafka
67e1c3c33224ef1ddaea9c3f,1742848786,142877.8983,1742848916,12877.8983,Kafka
67e1c3c33224ef1ddaea9c54,1742848786,143247.1727,1742848916,13247.1727,Kafka
67e1c3c33224ef1ddaea9c4b,1742848786,143031.1167,1742848916,13031.1167,Kafka
67e1c3c33224ef1ddaea9c47,1742848786,142910.5602,1742848916,12910.5602,Kafka
67e1c3c33224ef1ddaea9c44,1742848786,142884.843,1742848916,12884.843,Kafka
67e1c3c33224ef1ddaea9c5c,1742848786,143377.0794,1742848916,13377.0794,Kafka
67e1c3c33224ef1ddaea9c56,1742848786,143309.1613,1742848916,13309.1613,Kafka
67e1c3c33224ef1ddaea9c55,1742848786,143279.408,1742848916,13279.408,Kafka
67e1c3c33224ef1ddaea9c43,1742848786,142883.4359,1742848916,12883.4359,Kafka
67e1c3c33224ef1ddaea9c46,1742848786,142908.8735,1742848916,12908.8735,Kafka
67e1c3c33224ef1ddaea9c38,1742848786,142758.0844,1742848916,12758.0844,Kafka
67e1c3c33224ef1ddaea9c39,1742848786,142782.2663,1742848916,12782.2663,Kafka
67e1c3c33224ef1ddaea9c49,1742848786,142968.0816,1742848916,12968.0816,Kafka
67e1c3c33224ef1ddaea9c45,1742848786,142906.9223,1742848916,12906.9223,Kafka
67e1c3c33224ef1ddaea9c3d,1742848786,142844.1747,1742848916,12844.1747,Kafka
67e1c3c33224ef1ddaea9c41,1742848786,142880.6381,1742848916,12880.6381,Kafka
67e1c3c33224ef1ddaea9c3c,1742848786,142788.0104,1742848916,12788.0104,Kafka
67e1c3c33224ef1ddaea9c5d,1742848786,143402.5046,1742848916,13402.5046,Kafka
67e1c3c33224ef1ddaea9c4d,1742848786,143061.1317,1742848916,13061.1317,Kafka
67e1c3c33224ef1ddaea9c51,1742848786,143128.2652,1742848916,13128.2652,Kafka
67e1c3c33224ef1ddaea9c40,1742848786,142879.2996,1742848916,12879.2996,Kafka
67e1c3c33224ef1ddaea9c3a,1742848786,142784.5372,1742848916,12784.5372,Kafka
67e1c3c33224ef1ddaea9c4c,1742848786,143033.0289,1742848916,13033.0289,Kafka
67e1c3c33224ef1ddaea9c3b,1742848786,142786.3615,1742848916,12786.3615,Kafka
67e1c3c33224ef1ddaea9c58,1742848786,143341.0652,1742848916,13341.0652,Kafka
67e1c3c33224ef1ddaea9c5b,1742848786,143375.7055,1742848916,13375.7055,Kafka
67e1c3c33224ef1ddaea9c36,1742848786,142754.9284,1742848916,12754.9284,Kafka
67e1c3c33224ef1ddaea9c3e,1742848786,142875.9243,1742848916,12875.9243,Kafka
67e1c3c33224ef1ddaea9c2e,1742848786,142596.5381,1742848916,12596.5381,Kafka
67e1c3c33224ef1ddaea9bfa,1742848786,141575.428,1742848915,12575.428,Kafka
67e1c3c33224ef1ddaea9c00,1742848786,141669.1396,1742848915,12669.1396,Kafka
67e1c3c33224ef1ddaea9c02,1742848786,141698.2483,1742848915,12698.2483,Kafka
67e1c3c33224ef1ddaea9c0a,1742848786,141794.9265,1742848915,12794.9265,Kafka
67e1c3c33224ef1ddaea9c11,1742848786,141883.1768,1742848915,12883.1768,Kafka
67e1c3c33224ef1ddaea9c12,1742848786,141914.3597,1742848915,12914.3597,Kafka
67e1c3c33224ef1ddaea9c1a,1742848786,142072.6225,1742848915,13072.6225,Kafka
67e1c3c33224ef1ddaea9c1e,1742848786,142194.6813,1742848915,13194.6813,Kafka
67e1c3c33224ef1ddaea9c1f,1742848786,142255.2197,1742848915,13255.2197,Kafka
67e1c3c33224ef1ddaea9c1b,1742848786,142100.941,1742848915,13100.941,Kafka
67e1c3c33224ef1ddaea9c04,1742848786,141728.9763,1742848915,12728.9763,Kafka
67e1c3c33224ef1ddaea9c13,1742848786,141976.1486,1742848915,12976.1486,Kafka
67e1c3c33224ef1ddaea9c15,1742848786,142039.3774,1742848915,13039.3774,Kafka
67e1c3c33224ef1ddaea9c1c,1742848786,142131.1589,1742848915,13131.1589,Kafka
67e1c3c33224ef1ddaea9c0f,1742848786,141852.9682,1742848915,12852.9682,Kafka
67e1c3c33224ef1ddaea9c07,1742848786,141761.7783,1742848915,12761.7783,Kafka
67e1c3c33224ef1ddaea9c19,1742848786,142070.7712,1742848915,13070.7712,Kafka
67e1c3c33224ef1ddaea9bed,1742848786,141360.9438,1742848915,12360.9438,Kafka
67e1c3c33224ef1ddaea9be5,1742848786,141257.2997,1742848915,12257.2997,Kafka
67e1c3c33224ef1ddaea9bef,1742848786,141363.9121,1742848915,12363.9121,Kafka
67e1c3c33224ef1ddaea9be1,1742848786,141219.5691,1742848915,12219.5691,Kafka
67e1c3c33224ef1ddaea9bf1,1742848786,141388.0199,1742848915,12388.0199,Kafka
67e1c3c33224ef1ddaea9beb,1742848786,141357.2829,1742848915,12357.2829,Kafka
67e1c3c33224ef1ddaea9bf4,1742848786,141450.0176,1742848915,12450.0176,Kafka
67e1c3c33224ef1ddaea9bf3,1742848786,141419.0395,1742848915,12419.0395,Kafka
67e1c3c33224ef1ddaea9bec,1742848786,141359.4266,1742848915,12359.4266,Kafka
67e1c3c33224ef1ddaea9be9,1742848786,141302.2746,1742848915,12302.2746,Kafka
67e1c3c33224ef1ddaea9be4,1742848786,141255.4809,1742848915,12255.4809,Kafka
67e1c3c33224ef1ddaea9be3,1742848786,141250.6146,1742848915,12250.6146,Kafka
67e1c3c33224ef1ddaea9be7,1742848786,141297.7848,1742848915,12297.7848,Kafka
67e1c3c33224ef1ddaea9be0,1742848786,141217.4164,1742848915,12217.4164,Kafka
67e1c3c33224ef1ddaea9c14,1742848786,142008.064,1742848915,13008.064,Kafka
67e1c3c33224ef1ddaea9c17,1742848786,142042.2901,1742848915,13042.2901,Kafka
67e1c3c33224ef1ddaea9bf9,1742848786,141573.1281,1742848915,12573.1281,Kafka
67e1c3c33224ef1ddaea9c0c,1742848786,141797.7676,1742848915,12797.7676,Kafka
67e1c3c33224ef1ddaea9bf0,1742848786,141365.4443,1742848915,12365.4443,Kafka
67e1c3c33224ef1ddaea9c03,1742848786,141700.3165,1742848915,12700.3165,Kafka
67e1c3c33224ef1ddaea9c10,1742848786,141855.1568,1742848915,12855.1568,Kafka
67e1c3c33224ef1ddaea9c1d,1742848786,142162.1764,1742848915,13162.1764,Kafka
67e1c3c33224ef1ddaea9c18,1742848786,142043.6902,1742848915,13043.6902,Kafka
67e1c3c33224ef1ddaea9c05,1742848786,141731.0429,1742848915,12731.0429,Kafka
67e1c3c33224ef1ddaea9c01,1742848786,141670.5409,1742848915,12670.5409,Kafka
67e1c3c33224ef1ddaea9be6,1742848786,141258.8936,1742848915,12258.8936,Kafka
67e1c3c33224ef1ddaea9c09,1742848786,141793.4626,1742848915,12793.4626,Kafka
67e1c3c33224ef1ddaea9bf7,1742848786,141484.412,1742848915,12484.412,Kafka
67e1c3c33224ef1ddaea9bf8,1742848786,141511.1126,1742848915,12511.1126,Kafka
67e1c3c33224ef1ddaea9c06,1742848786,141759.1272,1742848915,12759.1272,Kafka
67e1c3c33224ef1ddaea9c0b,1742848786,141796.3886,1742848915,12796.3886,Kafka
67e1c3c33224ef1ddaea9bff,1742848786,141667.0489,1742848915,12667.0489,Kafka
67e1c3c33224ef1ddaea9be8,1742848786,141300.4689,1742848915,12300.4689,Kafka
67e1c3c33224ef1ddaea9bfb,1742848786,141604.8879,1742848915,12604.8879,Kafka
67e1c3c33224ef1ddaea9bfc,1742848786,141607.0592,1742848915,12607.0592,Kafka
67e1c3c33224ef1ddaea9bfd,1742848786,141608.5627,1742848915,12608.5627,Kafka
67e1c3c33224ef1ddaea9bfe,1742848786,141635.2275,1742848915,12635.2275,Kafka
67e1c3c33224ef1ddaea9bf5,1742848786,141480.293,1742848915,12480.293,Kafka
67e1c3c33224ef1ddaea9c0d,1742848786,141799.3487,1742848915,12799.3487,Kafka
67e1c3c33224ef1ddaea9bf6,1742848786,141482.7926,1742848915,12482.7926,Kafka
67e1c3c33224ef1ddaea9c08,1742848786,141791.1603,1742848915,12791.1603,Kafka
67e1c3c33224ef1ddaea9c0e,1742848786,141821.1757,1742848915,12821.1757,Kafka
67e1c3c33224ef1ddaea9c16,1742848786,142040.9459,1742848915,13040.9459,Kafka
67e1c3c33224ef1ddaea9be2,1742848786,141221.1001,1742848915,12221.1001,Kafka
67e1c3c33224ef1ddaea9bea,1742848786,141327.0698,1742848915,12327.0698,Kafka
67e1c3c33224ef1ddaea9bee,1742848786,141362.4321,1742848915,12362.4321,Kafka
67e1c3c33224ef1ddaea9bf2,1742848786,141390.1486,1742848915,12390.1486,Kafka
67e1c3c23224ef1ddaea9ba6,1742848786,140507.3886,1742848914,12507.3886,Kafka
67e1c3c23224ef1ddaea9ba2,1742848786,140500.1454,1742848914,12500.1454,Kafka
67e1c3c33224ef1ddaea9bbe,1742848786,140721.226,1742848914,12721.226,Kafka
67e1c3c33224ef1ddaea9bc2,1742848786,140798.9764,1742848914,12798.9764,Kafka
67e1c3c33224ef1ddaea9bba,1742848786,140647.8888,1742848914,12647.8888,Kafka
67e1c3c33224ef1ddaea9bce,1742848786,140968.3639,1742848914,12968.3639,Kafka
67e1c3c33224ef1ddaea9bbd,1742848786,140689.392,1742848914,12689.392,Kafka
67e1c3c33224ef1ddaea9bc4,1742848786,140811.6789,1742848914,12811.6789,Kafka
67e1c3c33224ef1ddaea9bc0,1742848786,140763.6687,1742848914,12763.6687,Kafka
67e1c3c33224ef1ddaea9bc1,1742848786,140765.4543,1742848914,12765.4543,Kafka
67e1c3c33224ef1ddaea9bc3,1742848786,140807.6073,1742848914,12807.6073,Kafka
67e1c3c23224ef1ddaea9bb1,1742848786,140532.0305,1742848914,12532.0305,Kafka
67e1c3c33224ef1ddaea9bcf,1742848786,140970.4312,1742848914,12970.4312,Kafka
67e1c3c33224ef1ddaea9bcb,1742848786,140907.3796,1742848914,12907.3796,Kafka
67e1c3c33224ef1ddaea9bcd,1742848786,140940.4552,1742848914,12940.4552,Kafka
67e1c3c33224ef1ddaea9bd1,1742848786,141061.3535,1742848914,13061.3535,Kafka
67e1c3c33224ef1ddaea9bb9,1742848786,140645.3278,1742848914,12645.3278,Kafka
67e1c3c33224ef1ddaea9bb7,1742848786,140633.1667,1742848914,12633.1667,Kafka
67e1c3c33224ef1ddaea9bc7,1742848786,140822.5981,1742848914,12822.5981,Kafka
67e1c3c33224ef1ddaea9bc6,1742848786,140820.8662,1742848914,12820.8662,Kafka
67e1c3c33224ef1ddaea9bc8,1742848786,140824.1438,1742848914,12824.1438,Kafka
67e1c3c23224ef1ddaea9baf,1742848786,140522.7122,1742848914,12522.7122,Kafka
67e1c3c33224ef1ddaea9bd5,1742848786,141127.5891,1742848914,13127.5891,Kafka
67e1c3c33224ef1ddaea9bcc,1742848786,140938.2865,1742848914,12938.2865,Kafka
67e1c3c23224ef1ddaea9bab,1742848786,140515.5792,1742848914,12515.5792,Kafka
67e1c3c33224ef1ddaea9bd8,1742848786,141131.9081,1742848914,13131.9081,Kafka
67e1c3c33224ef1ddaea9bdf,1742848786,141185.4772,1742848914,13185.4772,Kafka
67e1c3c23224ef1ddaea9ba3,1742848786,140501.6999,1742848914,12501.6999,Kafka
67e1c3c23224ef1ddaea9ba9,1742848786,140512.2484,1742848914,12512.2484,Kafka
67e1c3c23224ef1ddaea9ba8,1742848786,140510.6775,1742848914,12510.6775,Kafka
67e1c3c33224ef1ddaea9bbb,1742848786,140649.658,1742848914,12649.658,Kafka
67e1c3c23224ef1ddaea9bad,1742848786,140519.0047,1742848914,12519.0047,Kafka
67e1c3c33224ef1ddaea9bd7,1742848786,141130.4801,1742848914,13130.4801,Kafka
67e1c3c23224ef1ddaea9bac,1742848786,140517.2812,1742848914,12517.2812,Kafka
67e1c3c33224ef1ddaea9bd6,1742848786,141129.0941,1742848914,13129.0941,Kafka
67e1c3c33224ef1ddaea9bb4,1742848786,140599.7354,1742848914,12599.7354,Kafka
67e1c3c33224ef1ddaea9bb3,1742848786,140596.9204,1742848914,12596.9204,Kafka
67e1c3c33224ef1ddaea9bdb,1742848786,141146.6185,1742848914,13146.6185,Kafka
67e1c3c23224ef1ddaea9ba4,1742848786,140503.3565,1742848914,12503.3565,Kafka
67e1c3c33224ef1ddaea9bb5,1742848786,140629.8113,1742848914,12629.8113,Kafka
67e1c3c23224ef1ddaea9ba1,1742848786,140498.541,1742848914,12498.541,Kafka
67e1c3c23224ef1ddaea9ba0,1742848786,140496.995,1742848914,12496.995,Kafka
67e1c3c23224ef1ddaea9ba7,1742848786,140509.0545,1742848914,12509.0545,Kafka
67e1c3c33224ef1ddaea9bb6,1742848786,140631.6287,1742848914,12631.6287,Kafka
67e1c3c23224ef1ddaea9ba5,1742848786,140505.7263,1742848914,12505.7263,Kafka
67e1c3c33224ef1ddaea9bdc,1742848786,141151.7486,1742848914,13151.7486,Kafka
67e1c3c33224ef1ddaea9bd4,1742848786,141126.1457,1742848914,13126.1457,Kafka
67e1c3c33224ef1ddaea9bbf,1742848786,140753.8027,1742848914,12753.8027,Kafka
67e1c3c33224ef1ddaea9bd3,1742848786,141124.2657,1742848914,13124.2657,Kafka
67e1c3c33224ef1ddaea9bc9,1742848786,140862.8775,1742848914,12862.8775,Kafka
67e1c3c33224ef1ddaea9bb8,1742848786,140635.1654,1742848914,12635.1654,Kafka
67e1c3c33224ef1ddaea9bc5,1742848786,140815.6645,1742848914,12815.6645,Kafka
67e1c3c33224ef1ddaea9bbc,1742848786,140654.44,1742848914,12654.44,Kafka
67e1c3c23224ef1ddaea9bae,1742848786,140521.0686,1742848914,12521.0686,Kafka
67e1c3c33224ef1ddaea9bd9,1742848786,141133.3339,1742848914,13133.3339,Kafka
67e1c3c23224ef1ddaea9bb0,1742848786,140528.4789,1742848914,12528.4789,Kafka
67e1c3c33224ef1ddaea9bdd,1742848786,141153.4705,1742848914,13153.4705,Kafka
67e1c3c23224ef1ddaea9baa,1742848786,140513.9453,1742848914,12513.9453,Kafka
67e1c3c23224ef1ddaea9bb2,1742848786,140565.3326,1742848914,12565.3326,Kafka
67e1c3c33224ef1ddaea9bca,1742848786,140871.1934,1742848914,12871.1934,Kafka
67e1c3c33224ef1ddaea9bd0,1742848786,141030.3737,1742848914,13030.3737,Kafka
67e1c3c33224ef1ddaea9bd2,1742848786,141093.4524,1742848914,13093.4524,Kafka
67e1c3c33224ef1ddaea9bda,1742848786,141134.8652,1742848914,13134.8652,Kafka
67e1c3c33224ef1ddaea9bde,1742848786,141155.2776,1742848914,13155.2776,Kafka
67e1c3c23224ef1ddaea9b6d,1742848786,140386.4751,1742848913,13386.4751,Kafka
67e1c3c23224ef1ddaea9b6b,1742848786,140383.3084,1742848913,13383.3084,Kafka
67e1c3c23224ef1ddaea9b67,1742848786,140376.041,1742848913,13376.041,Kafka
67e1c3c23224ef1ddaea9b71,1742848786,140401.2169,1742848913,13401.2169,Kafka
67e1c3c23224ef1ddaea9b6f,1742848786,140389.7679,1742848913,13389.7679,Kafka
67e1c3c23224ef1ddaea9b65,1742848786,140373.0563,1742848913,13373.0563,Kafka
67e1c3c23224ef1ddaea9b78,1742848786,140413.4079,1742848913,13413.4079,Kafka
67e1c3c23224ef1ddaea9b77,1742848786,140411.3334,1742848913,13411.3334,Kafka
67e1c3c23224ef1ddaea9b9a,1742848786,140486.5452,1742848913,13486.5452,Kafka
67e1c3c23224ef1ddaea9b76,1742848786,140409.5092,1742848913,13409.5092,Kafka
67e1c3c23224ef1ddaea9b61,1742848786,140366.4969,1742848913,13366.4969,Kafka
67e1c3c23224ef1ddaea9b60,1742848786,140364.1107,1742848913,13364.1107,Kafka
67e1c3c23224ef1ddaea9b64,1742848786,140371.3888,1742848913,13371.3888,Kafka
67e1c3c23224ef1ddaea9b63,1742848786,140369.7482,1742848913,13369.7482,Kafka
67e1c3c23224ef1ddaea9b79,1742848786,140414.9923,1742848913,13414.9923,Kafka
67e1c3c23224ef1ddaea9b74,1742848786,140406.4443,1742848913,13406.4443,Kafka
67e1c3c23224ef1ddaea9b7c,1742848786,140419.8367,1742848913,13419.8367,Kafka
67e1c3c23224ef1ddaea9b69,1742848786,140379.3821,1742848913,13379.3821,Kafka
67e1c3c23224ef1ddaea9b97,1742848786,140482.0204,1742848913,13482.0204,Kafka
67e1c3c23224ef1ddaea9b99,1742848786,140485.0664,1742848913,13485.0664,Kafka
67e1c3c23224ef1ddaea9b98,1742848786,140483.5435,1742848913,13483.5435,Kafka
67e1c3c23224ef1ddaea9b91,1742848786,140466.5544,1742848913,13466.5544,Kafka
67e1c3c23224ef1ddaea9b9d,1742848786,140492.2888,1742848913,13492.2888,Kafka
67e1c3c23224ef1ddaea9b85,1742848786,140435.8996,1742848913,13435.8996,Kafka
67e1c3c23224ef1ddaea9b9c,1742848786,140490.572,1742848913,13490.572,Kafka
67e1c3c23224ef1ddaea9b9f,1742848786,140495.4999,1742848913,13495.4999,Kafka
67e1c3c23224ef1ddaea9b9b,1742848786,140488.2632,1742848913,13488.2632,Kafka
67e1c3c23224ef1ddaea9b80,1742848786,140426.4665,1742848913,13426.4665,Kafka
67e1c3c23224ef1ddaea9b89,1742848786,140442.7925,1742848913,13442.7925,Kafka
67e1c3c23224ef1ddaea9b84,1742848786,140434.0029,1742848913,13434.0029,Kafka
67e1c3c23224ef1ddaea9b83,1742848786,140432.4017,1742848913,13432.4017,Kafka
67e1c3c23224ef1ddaea9b87,1742848786,140439.764,1742848913,13439.764,Kafka
67e1c3c23224ef1ddaea9b8c,1742848786,140447.2465,1742848913,13447.2465,Kafka
67e1c3c23224ef1ddaea9b8f,1742848786,140462.8293,1742848913,13462.8293,Kafka
67e1c3c23224ef1ddaea9b8d,1742848786,140455.3543,1742848913,13455.3543,Kafka
67e1c3c23224ef1ddaea9b8b,1742848786,140445.7741,1742848913,13445.7741,Kafka
67e1c3c23224ef1ddaea9b93,1742848786,140471.6427,1742848913,13471.6427,Kafka
67e1c3c23224ef1ddaea9b94,1742848786,140476.5795,1742848913,13476.5795,Kafka
67e1c3c23224ef1ddaea9b96,1742848786,140480.4723,1742848913,13480.4723,Kafka
67e1c3c23224ef1ddaea9b95,1742848786,140478.8576,1742848913,13478.8576,Kafka
67e1c3c23224ef1ddaea9b7f,1742848786,140424.6979,1742848913,13424.6979,Kafka
67e1c3c23224ef1ddaea9b88,1742848786,140441.2724,1742848913,13441.2724,Kafka
67e1c3c23224ef1ddaea9b7d,1742848786,140421.5091,1742848913,13421.5091,Kafka
67e1c3c23224ef1ddaea9b81,1742848786,140428.7895,1742848913,13428.7895,Kafka
67e1c3c23224ef1ddaea9b86,1742848786,140437.5934,1742848913,13437.5934,Kafka
67e1c3c23224ef1ddaea9b6c,1742848786,140384.8771,1742848913,13384.8771,Kafka
67e1c3c23224ef1ddaea9b7b,1742848786,140418.1623,1742848913,13418.1623,Kafka
67e1c3c23224ef1ddaea9b72,1742848786,140403.1682,1742848913,13403.1682,Kafka
67e1c3c23224ef1ddaea9b70,1742848786,140393.4125,1742848913,13393.4125,Kafka
67e1c3c23224ef1ddaea9b7a,1742848786,140416.5367,1742848913,13416.5367,Kafka
67e1c3c23224ef1ddaea9b75,1742848786,140407.9619,1742848913,13407.9619,Kafka
67e1c3c23224ef1ddaea9b8e,1742848786,140460.9104,1742848913,13460.9104,Kafka
67e1c3c23224ef1ddaea9b90,1742848786,140464.8701,1742848913,13464.8701,Kafka
67e1c3c23224ef1ddaea9b62,1742848786,140368.0868,1742848913,13368.0868,Kafka
67e1c3c23224ef1ddaea9b68,1742848786,140377.6463,1742848913,13377.6463,Kafka
67e1c3c23224ef1ddaea9b6a,1742848786,140381.6643,1742848913,13381.6643,Kafka
67e1c3c23224ef1ddaea9b6e,1742848786,140388.0989,1742848913,13388.0989,Kafka
67e1c3c23224ef1ddaea9b82,1742848786,140430.6548,1742848913,13430.6548,Kafka
67e1c3c23224ef1ddaea9b66,1742848786,140374.5689,1742848913,13374.5689,Kafka
67e1c3c23224ef1ddaea9b92,1742848786,140468.3347,1742848913,13468.3347,Kafka
67e1c3c23224ef1ddaea9b9e,1742848786,140493.9654,1742848913,13493.9654,Kafka
67e1c3c23224ef1ddaea9b7e,1742848786,140423.1509,1742848913,13423.1509,Kafka
67e1c3c23224ef1ddaea9b8a,1742848786,140444.318,1742848913,13444.318,Kafka
67e1c3c23224ef1ddaea9b73,1742848786,140404.8128,1742848913,13404.8128,Kafka
67e1c3c23224ef1ddaea9b35,1742848786,140277.6021,1742848912,14277.6021,Kafka
67e1c3c23224ef1ddaea9b5d,1742848786,140358.9076,1742848912,14358.9076,Kafka
67e1c3c23224ef1ddaea9b5c,1742848786,140357.289,1742848912,14357.289,Kafka
67e1c3c23224ef1ddaea9b5b,1742848786,140355.5697,1742848912,14355.5697,Kafka
67e1c3c23224ef1ddaea9b5f,1742848786,140362.2855,1742848912,14362.2855,Kafka
67e1c3c23224ef1ddaea9b47,1742848786,140315.6787,1742848912,14315.6787,Kafka
67e1c3c23224ef1ddaea9b4d,1742848786,140325.4294,1742848912,14325.4294,Kafka
67e1c3c23224ef1ddaea9b46,1742848786,140311.5321,1742848912,14311.5321,Kafka
67e1c3c23224ef1ddaea9b4c,1742848786,140323.9114,1742848912,14323.9114,Kafka
67e1c3c23224ef1ddaea9b4b,1742848786,140322.3974,1742848912,14322.3974,Kafka
67e1c3c23224ef1ddaea9b51,1742848786,140331.5333,1742848912,14331.5333,Kafka
67e1c3c23224ef1ddaea9b4f,1742848786,140328.4824,1742848912,14328.4824,Kafka
67e1c3c23224ef1ddaea9b45,1742848786,140309.9165,1742848912,14309.9165,Kafka
67e1c3c23224ef1ddaea9b56,1742848786,140346.1638,1742848912,14346.1638,Kafka
67e1c3c23224ef1ddaea9b55,1742848786,140344.5592,1742848912,14344.5592,Kafka
67e1c3c23224ef1ddaea9b54,1742848786,140342.8267,1742848912,14342.8267,Kafka
67e1c3c23224ef1ddaea9b58,1742848786,140350.4559,1742848912,14350.4559,Kafka
67e1c3c23224ef1ddaea9b40,1742848786,140300.8245,1742848912,14300.8245,Kafka
67e1c3c23224ef1ddaea9b2d,1742848786,140252.5742,1742848912,14252.5742,Kafka
67e1c3c23224ef1ddaea9b3f,1742848786,140299.3587,1742848912,14299.3587,Kafka
67e1c3c23224ef1ddaea9b44,1742848786,140308.235,1742848912,14308.235,Kafka
67e1c3c23224ef1ddaea9b43,1742848786,140306.5951,1742848912,14306.5951,Kafka
67e1c3c23224ef1ddaea9b59,1742848786,140352.2186,1742848912,14352.2186,Kafka
67e1c3c23224ef1ddaea9b48,1742848786,140317.3268,1742848912,14317.3268,Kafka
67e1c3c23224ef1ddaea9b49,1742848786,140319.36,1742848912,14319.36,Kafka
67e1c3c23224ef1ddaea9b41,1742848786,140302.4796,1742848912,14302.4796,Kafka
67e1c3c23224ef1ddaea9b53,1742848786,140335.5298,1742848912,14335.5298,Kafka
67e1c3c23224ef1ddaea9b50,1742848786,140329.9426,1742848912,14329.9426,Kafka
67e1c3c23224ef1ddaea9b25,1742848786,140238.0808,1742848912,14238.0808,Kafka
67e1c3c23224ef1ddaea9b2e,1742848786,140254.4364,1742848912,14254.4364,Kafka
67e1c3c23224ef1ddaea9b30,1742848786,140267.9611,1742848912,14267.9611,Kafka
67e1c3c23224ef1ddaea9b57,1742848786,140347.9338,1742848912,14347.9338,Kafka
67e1c3c23224ef1ddaea9b22,1742848786,140233.2741,1742848912,14233.2741,Kafka
67e1c3c23224ef1ddaea9b26,1742848786,140239.7781,1742848912,14239.7781,Kafka
67e1c3c23224ef1ddaea9b2a,1742848786,140247.5232,1742848912,14247.5232,Kafka
67e1c3c23224ef1ddaea9b32,1742848786,140271.8745,1742848912,14271.8745,Kafka
67e1c3c23224ef1ddaea9b3a,1742848786,140292.1189,1742848912,14292.1189,Kafka
67e1c3c23224ef1ddaea9b3e,1742848786,140297.875,1742848912,14297.875,Kafka
67e1c3c23224ef1ddaea9b42,1742848786,140304.9559,1742848912,14304.9559,Kafka
67e1c3c23224ef1ddaea9b4a,1742848786,140320.9184,1742848912,14320.9184,Kafka
67e1c3c23224ef1ddaea9b4e,1742848786,140326.9935,1742848912,14326.9935,Kafka
67e1c3c23224ef1ddaea9b52,1742848786,140333.342,1742848912,14333.342,Kafka
67e1c3c23224ef1ddaea9b5a,1742848786,140353.8794,1742848912,14353.8794,Kafka
67e1c3c23224ef1ddaea9b5e,1742848786,140360.6623,1742848912,14360.6623,Kafka
67e1c3c23224ef1ddaea9b24,1742848786,140236.4573,1742848912,14236.4573,Kafka
67e1c3c23224ef1ddaea9b23,1742848786,140234.7566,1742848912,14234.7566,Kafka
67e1c3c23224ef1ddaea9b28,1742848786,140244.3773,1742848912,14244.3773,Kafka
67e1c3c23224ef1ddaea9b21,1742848786,140231.7002,1742848912,14231.7002,Kafka
67e1c3c23224ef1ddaea9b27,1742848786,140241.853,1742848912,14241.853,Kafka
67e1c3c23224ef1ddaea9b2c,1742848786,140250.8678,1742848912,14250.8678,Kafka
67e1c3c23224ef1ddaea9b2b,1742848786,140249.1932,1742848912,14249.1932,Kafka
67e1c3c23224ef1ddaea9b20,1742848786,140229.9676,1742848912,14229.9676,Kafka
67e1c3c23224ef1ddaea9b2f,1742848786,140256.0307,1742848912,14256.0307,Kafka
67e1c3c23224ef1ddaea9b29,1742848786,140245.9994,1742848912,14245.9994,Kafka
67e1c3c23224ef1ddaea9b34,1742848786,140275.8388,1742848912,14275.8388,Kafka
67e1c3c23224ef1ddaea9b33,1742848786,140274.1574,1742848912,14274.1574,Kafka
67e1c3c23224ef1ddaea9b36,1742848786,140279.332,1742848912,14279.332,Kafka
67e1c3c23224ef1ddaea9b39,1742848786,140290.6291,1742848912,14290.6291,Kafka
67e1c3c23224ef1ddaea9b38,1742848786,140288.3496,1742848912,14288.3496,Kafka
67e1c3c23224ef1ddaea9b37,1742848786,140286.3229,1742848912,14286.3229,Kafka
67e1c3c23224ef1ddaea9b3d,1742848786,140296.453,1742848912,14296.453,Kafka
67e1c3c23224ef1ddaea9b3c,1742848786,140295.0087,1742848912,14295.0087,Kafka
67e1c3c23224ef1ddaea9b3b,1742848786,140293.5215,1742848912,14293.5215,Kafka
67e1c3c23224ef1ddaea9b31,1742848786,140270.0608,1742848912,14270.0608,Kafka
67e1c3c23224ef1ddaea9b04,1742848786,140163.5346,1742848911,15163.5346,Kafka
67e1c3c23224ef1ddaea9b03,1742848786,140161.5302,1742848911,15161.5302,Kafka
67e1c3c23224ef1ddaea9b0b,1742848786,140176.9652,1742848911,15176.9652,Kafka
67e1c3c23224ef1ddaea9adf,1742848786,140094.2705,1742848911,15094.2705,Kafka
67e1c3c23224ef1ddaea9ae4,1742848786,140103.4526,1742848911,15103.4526,Kafka
67e1c3c23224ef1ddaea9ae3,1742848786,140100.9301,1742848911,15100.9301,Kafka
67e1c3c23224ef1ddaea9ae5,1742848786,140105.3675,1742848911,15105.3675,Kafka
67e1c3c23224ef1ddaea9ae7,1742848786,140108.4945,1742848911,15108.4945,Kafka
67e1c3c23224ef1ddaea9aeb,1742848786,140114.6289,1742848911,15114.6289,Kafka
67e1c3c23224ef1ddaea9aef,1742848786,140121.3909,1742848911,15121.3909,Kafka
67e1c3c23224ef1ddaea9ae9,1742848786,140111.6092,1742848911,15111.6092,Kafka
67e1c3c23224ef1ddaea9af3,1742848786,140135.3466,1742848911,15135.3466,Kafka
67e1c3c23224ef1ddaea9aff,1742848786,140154.6365,1742848911,15154.6365,Kafka
67e1c3c23224ef1ddaea9afc,1742848786,140149.9677,1742848911,15149.9677,Kafka
67e1c3c23224ef1ddaea9af9,1742848786,140144.5856,1742848911,15144.5856,Kafka
67e1c3c23224ef1ddaea9afd,1742848786,140151.5271,1742848911,15151.5271,Kafka
67e1c3c23224ef1ddaea9af7,1742848786,140141.5617,1742848911,15141.5617,Kafka
67e1c3c23224ef1ddaea9afb,1742848786,140147.7716,1742848911,15147.7716,Kafka
67e1c3c23224ef1ddaea9b05,1742848786,140166.1481,1742848911,15166.1481,Kafka
67e1c3c23224ef1ddaea9ae0,1742848786,140095.8901,1742848911,15095.8901,Kafka
67e1c3c23224ef1ddaea9ae1,1742848786,140097.4787,1742848911,15097.4787,Kafka
67e1c3c23224ef1ddaea9aed,1742848786,140118.2415,1742848911,15118.2415,Kafka
67e1c3c23224ef1ddaea9af0,1742848786,140124.9425,1742848911,15124.9425,Kafka
67e1c3c23224ef1ddaea9af5,1742848786,140138.3844,1742848911,15138.3844,Kafka
67e1c3c23224ef1ddaea9af4,1742848786,140136.8947,1742848911,15136.8947,Kafka
67e1c3c23224ef1ddaea9b00,1742848786,140156.3096,1742848911,15156.3096,Kafka
67e1c3c23224ef1ddaea9b07,1742848786,140169.9159,1742848911,15169.9159,Kafka
67e1c3c23224ef1ddaea9aec,1742848786,140116.1696,1742848911,15116.1696,Kafka
67e1c3c23224ef1ddaea9ae2,1742848786,140099.2085,1742848911,15099.2085,Kafka
67e1c3c23224ef1ddaea9ae6,1742848786,140106.9168,1742848911,15106.9168,Kafka
67e1c3c23224ef1ddaea9ae8,1742848786,140110.0973,1742848911,15110.0973,Kafka
67e1c3c23224ef1ddaea9aea,1742848786,140113.1161,1742848911,15113.1161,Kafka
67e1c3c23224ef1ddaea9aee,1742848786,140119.9154,1742848911,15119.9154,Kafka
67e1c3c23224ef1ddaea9af1,1742848786,140131.3519,1742848911,15131.3519,Kafka
67e1c3c23224ef1ddaea9af2,1742848786,140133.6194,1742848911,15133.6194,Kafka
67e1c3c23224ef1ddaea9af6,1742848786,140140.049,1742848911,15140.049,Kafka
67e1c3c23224ef1ddaea9af8,1742848786,140143.0725,1742848911,15143.0725,Kafka
67e1c3c23224ef1ddaea9afa,1742848786,140146.1006,1742848911,15146.1006,Kafka
67e1c3c23224ef1ddaea9afe,1742848786,140153.0516,1742848911,15153.0516,Kafka
67e1c3c23224ef1ddaea9b01,1742848786,140157.9006,1742848911,15157.9006,Kafka
67e1c3c23224ef1ddaea9b02,1742848786,140159.5061,1742848911,15159.5061,Kafka
67e1c3c23224ef1ddaea9b06,1742848786,140168.1584,1742848911,15168.1584,Kafka
67e1c3c23224ef1ddaea9b08,1742848786,140171.6109,1742848911,15171.6109,Kafka
67e1c3c23224ef1ddaea9b0a,1742848786,140175.1858,1742848911,15175.1858,Kafka
67e1c3c23224ef1ddaea9b0e,1742848786,140197.9752,1742848911,15197.9752,Kafka
67e1c3c23224ef1ddaea9b10,1742848786,140201.5173,1742848911,15201.5173,Kafka
67e1c3c23224ef1ddaea9b11,1742848786,140203.0934,1742848911,15203.0934,Kafka
67e1c3c23224ef1ddaea9b12,1742848786,140204.7006,1742848911,15204.7006,Kafka
67e1c3c23224ef1ddaea9b16,1742848786,140212.4368,1742848911,15212.4368,Kafka
67e1c3c23224ef1ddaea9b18,1742848786,140215.7022,1742848911,15215.7022,Kafka
67e1c3c23224ef1ddaea9b1a,1742848786,140218.8805,1742848911,15218.8805,Kafka
67e1c3c23224ef1ddaea9b1e,1742848786,140225.7461,1742848911,15225.7461,Kafka
67e1c3c23224ef1ddaea9b0d,1742848786,140191.955,1742848911,15191.955,Kafka
67e1c3c23224ef1ddaea9b09,1742848786,140173.4608,1742848911,15173.4608,Kafka
67e1c3c23224ef1ddaea9b0c,1742848786,140178.8968,1742848911,15178.8968,Kafka
67e1c3c23224ef1ddaea9b0f,1742848786,140199.7358,1742848911,15199.7358,Kafka
67e1c3c23224ef1ddaea9b15,1742848786,140210.1959,1742848911,15210.1959,Kafka
67e1c3c23224ef1ddaea9b14,1742848786,140208.2482,1742848911,15208.2482,Kafka
67e1c3c23224ef1ddaea9b13,1742848786,140206.5303,1742848911,15206.5303,Kafka
67e1c3c23224ef1ddaea9b19,1742848786,140217.2153,1742848911,15217.2153,Kafka
67e1c3c23224ef1ddaea9b17,1742848786,140214.1704,1742848911,15214.1704,Kafka
67e1c3c23224ef1ddaea9b1d,1742848786,140224.0376,1742848911,15224.0376,Kafka
67e1c3c23224ef1ddaea9b1c,1742848786,140222.2898,1742848911,15222.2898,Kafka
67e1c3c23224ef1ddaea9b1b,1742848786,140220.5636,1742848911,15220.5636,Kafka
67e1c3c23224ef1ddaea9b1f,1742848786,140228.2251,1742848911,15228.2251,Kafka
67e1c3c23224ef1ddaea9ac3,1742848786,140034.7382,1742848910,16034.7382,Kafka
67e1c3c23224ef1ddaea9ac5,1742848786,140037.7257,1742848910,16037.7257,Kafka
67e1c3c23224ef1ddaea9ac7,1742848786,140048.1187,1742848910,16048.1187,Kafka
67e1c3c23224ef1ddaea9ac4,1742848786,140036.258,1742848910,16036.258,Kafka
67e1c3c23224ef1ddaea9acb,1742848786,140058.9518,1742848910,16058.9518,Kafka
67e1c3c23224ef1ddaea9acd,1742848786,140064.9183,1742848910,16064.9183,Kafka
67e1c3c23224ef1ddaea9acf,1742848786,140068.9499,1742848910,16068.9499,Kafka
67e1c3c23224ef1ddaea9ac9,1742848786,140054.7406,1742848910,16054.7406,Kafka
67e1c3c23224ef1ddaea9ad4,1742848786,140077.0353,1742848910,16077.0353,Kafka
67e1c3c23224ef1ddaea9ad3,1742848786,140075.5821,1742848910,16075.5821,Kafka
67e1c3c23224ef1ddaea9ad5,1742848786,140078.4675,1742848910,16078.4675,Kafka
67e1c3c23224ef1ddaea9adc,1742848786,140089.5444,1742848910,16089.5444,Kafka
67e1c3c23224ef1ddaea9ad9,1742848786,140084.1706,1742848910,16084.1706,Kafka
67e1c3c23224ef1ddaea9add,1742848786,140091.1248,1742848910,16091.1248,Kafka
67e1c3c23224ef1ddaea9ad7,1742848786,140081.2619,1742848910,16081.2619,Kafka
67e1c3c13224ef1ddaea9aa5,1742848786,139963.5844,1742848910,15963.5844,Kafka
67e1c3c13224ef1ddaea9aa4,1742848786,139961.3951,1742848910,15961.3951,Kafka
67e1c3c13224ef1ddaea9aa3,1742848786,139959.6812,1742848910,15959.6812,Kafka
67e1c3c13224ef1ddaea9aa7,1742848786,139966.8662,1742848910,15966.8662,Kafka
67e1c3c13224ef1ddaea9aad,1742848786,139976.2138,1742848910,15976.2138,Kafka
67e1c3c13224ef1ddaea9aab,1742848786,139973.0576,1742848910,15973.0576,Kafka
67e1c3c13224ef1ddaea9aaf,1742848786,139980.3133,1742848910,15980.3133,Kafka
67e1c3c13224ef1ddaea9ab5,1742848786,140011.5151,1742848910,16011.5151,Kafka
67e1c3c13224ef1ddaea9ab4,1742848786,140009.8619,1742848910,16009.8619,Kafka
67e1c3c13224ef1ddaea9ab3,1742848786,140007.6206,1742848910,16007.6206,Kafka
67e1c3c13224ef1ddaea9aa9,1742848786,139969.8572,1742848910,15969.8572,Kafka
67e1c3c23224ef1ddaea9abb,1742848786,140020.9437,1742848910,16020.9437,Kafka
67e1c3c23224ef1ddaea9abd,1742848786,140025.023,1742848910,16025.023,Kafka
67e1c3c23224ef1ddaea9abc,1742848786,140022.673,1742848910,16022.673,Kafka
67e1c3c23224ef1ddaea9abf,1742848786,140028.2692,1742848910,16028.2692,Kafka
67e1c3c23224ef1ddaea9ab9,1742848786,140017.7958,1742848910,16017.7958,Kafka
67e1c3c23224ef1ddaea9ab7,1742848786,140014.6042,1742848910,16014.6042,Kafka
67e1c3c23224ef1ddaea9adb,1742848786,140087.8342,1742848910,16087.8342,Kafka
67e1c3c23224ef1ddaea9acc,1742848786,140060.6312,1742848910,16060.6312,Kafka
67e1c3c13224ef1ddaea9aa2,1742848786,139958.016,1742848910,15958.016,Kafka
67e1c3c13224ef1ddaea9aa6,1742848786,139965.3004,1742848910,15965.3004,Kafka
67e1c3c13224ef1ddaea9aa8,1742848786,139968.3858,1742848910,15968.3858,Kafka
67e1c3c13224ef1ddaea9aaa,1742848786,139971.3648,1742848910,15971.3648,Kafka
67e1c3c13224ef1ddaea9aae,1742848786,139978.1571,1742848910,15978.1571,Kafka
67e1c3c13224ef1ddaea9ab0,1742848786,139981.9039,1742848910,15981.9039,Kafka
67e1c3c13224ef1ddaea9ab1,1742848786,139983.5076,1742848910,15983.5076,Kafka
67e1c3c13224ef1ddaea9ab2,1742848786,139985.0661,1742848910,15985.0661,Kafka
67e1c3c23224ef1ddaea9ab6,1742848786,140013.0436,1742848910,16013.0436,Kafka
67e1c3c23224ef1ddaea9ab8,1742848786,140016.1638,1742848910,16016.1638,Kafka
67e1c3c23224ef1ddaea9aba,1742848786,140019.3531,1742848910,16019.3531,Kafka
67e1c3c23224ef1ddaea9abe,1742848786,140026.6561,1742848910,16026.6561,Kafka
67e1c3c23224ef1ddaea9ac0,1742848786,140029.9225,1742848910,16029.9225,Kafka
67e1c3c23224ef1ddaea9ac1,1742848786,140031.5153,1742848910,16031.5153,Kafka
67e1c3c23224ef1ddaea9ac2,1742848786,140033.1175,1742848910,16033.1175,Kafka
67e1c3c23224ef1ddaea9ac6,1742848786,140039.4728,1742848910,16039.4728,Kafka
67e1c3c23224ef1ddaea9ac8,1742848786,140052.9301,1742848910,16052.9301,Kafka
67e1c3c23224ef1ddaea9aca,1742848786,140057.2037,1742848910,16057.2037,Kafka
67e1c3c23224ef1ddaea9ace,1742848786,140067.1551,1742848910,16067.1551,Kafka
67e1c3c23224ef1ddaea9ad0,1742848786,140071.0363,1742848910,16071.0363,Kafka
67e1c3c23224ef1ddaea9ad1,1742848786,140072.6613,1742848910,16072.6613,Kafka
67e1c3c23224ef1ddaea9ad2,1742848786,140074.1619,1742848910,16074.1619,Kafka
67e1c3c23224ef1ddaea9ad6,1742848786,140079.8792,1742848910,16079.8792,Kafka
67e1c3c23224ef1ddaea9ad8,1742848786,140082.6889,1742848910,16082.6889,Kafka
67e1c3c23224ef1ddaea9ada,1742848786,140085.8968,1742848910,16085.8968,Kafka
67e1c3c13224ef1ddaea9aac,1742848786,139974.6332,1742848910,15974.6332,Kafka
67e1c3c23224ef1ddaea9ade,1742848786,140092.6764,1742848910,16092.6764,Kafka
67e1c3c13224ef1ddaea9a7f,1742848786,139891.3495,1742848909,16891.3495,Kafka
67e1c3c13224ef1ddaea9a81,1742848786,139894.8697,1742848909,16894.8697,Kafka
67e1c3c13224ef1ddaea9a85,1742848786,139903.01,1742848909,16903.01,Kafka
67e1c3c13224ef1ddaea9a84,1742848786,139900.3881,1742848909,16900.3881,Kafka
67e1c3c13224ef1ddaea9a83,1742848786,139898.1463,1742848909,16898.1463,Kafka
67e1c3c13224ef1ddaea9a87,1742848786,139906.427,1742848909,16906.427,Kafka
67e1c3c13224ef1ddaea9a8d,1742848786,139916.6574,1742848909,16916.6574,Kafka
67e1c3c13224ef1ddaea9a8c,1742848786,139914.616,1742848909,16914.616,Kafka
67e1c3c13224ef1ddaea9a8b,1742848786,139913.0039,1742848909,16913.0039,Kafka
67e1c3c13224ef1ddaea9a8f,1742848786,139919.9135,1742848909,16919.9135,Kafka
67e1c3c13224ef1ddaea9a95,1742848786,139929.191,1742848909,16929.191,Kafka
67e1c3c13224ef1ddaea9a94,1742848786,139927.6059,1742848909,16927.6059,Kafka
67e1c3c13224ef1ddaea9a93,1742848786,139925.9831,1742848909,16925.9831,Kafka
67e1c3c13224ef1ddaea9a89,1742848786,139909.7444,1742848909,16909.7444,Kafka
67e1c3c13224ef1ddaea9a97,1742848786,139932.9675,1742848909,16932.9675,Kafka
67e1c3c13224ef1ddaea9a9d,1742848786,139949.2504,1742848909,16949.2504,Kafka
67e1c3c13224ef1ddaea9a99,1742848786,139941.9862,1742848909,16941.9862,Kafka
67e1c3c13224ef1ddaea9a9c,1742848786,139947.4489,1742848909,16947.4489,Kafka
67e1c3c13224ef1ddaea9a9f,1742848786,139952.7422,1742848909,16952.7422,Kafka
67e1c3c13224ef1ddaea9a64,1742848786,139825.1214,1742848909,16825.1214,Kafka
67e1c3c13224ef1ddaea9a63,1742848786,139823.4972,1742848909,16823.4972,Kafka
67e1c3c13224ef1ddaea9a65,1742848786,139826.6945,1742848909,16826.6945,Kafka
67e1c3c13224ef1ddaea9a67,1742848786,139829.4776,1742848909,16829.4776,Kafka
67e1c3c13224ef1ddaea9a6b,1742848786,139839.6855,1742848909,16839.6855,Kafka
67e1c3c13224ef1ddaea9a6f,1742848786,139853.121,1742848909,16853.121,Kafka
67e1c3c13224ef1ddaea9a69,1742848786,139832.3979,1742848909,16832.3979,Kafka
67e1c3c13224ef1ddaea9a73,1742848786,139863.1657,1742848909,16863.1657,Kafka
67e1c3c13224ef1ddaea9a7c,1742848786,139884.8323,1742848909,16884.8323,Kafka
67e1c3c13224ef1ddaea9a7b,1742848786,139882.8137,1742848909,16882.8137,Kafka
67e1c3c13224ef1ddaea9a7d,1742848786,139887.4435,1742848909,16887.4435,Kafka
67e1c3c13224ef1ddaea9a77,1742848786,139873.4659,1742848909,16873.4659,Kafka
67e1c3c13224ef1ddaea9a9b,1742848786,139945.2854,1742848909,16945.2854,Kafka
67e1c3c13224ef1ddaea9a6c,1742848786,139848.0986,1742848909,16848.0986,Kafka
67e1c3c13224ef1ddaea9a6d,1742848786,139849.9107,1742848909,16849.9107,Kafka
67e1c3c13224ef1ddaea9a74,1742848786,139864.9035,1742848909,16864.9035,Kafka
67e1c3c13224ef1ddaea9a78,1742848786,139876.3514,1742848909,16876.3514,Kafka
67e1c3c13224ef1ddaea9a90,1742848786,139921.4291,1742848909,16921.4291,Kafka
67e1c3c13224ef1ddaea9a75,1742848786,139866.5985,1742848909,16866.5985,Kafka
67e1c3c13224ef1ddaea9a62,1742848786,139821.3873,1742848909,16821.3873,Kafka
67e1c3c13224ef1ddaea9a66,1742848786,139828.1012,1742848909,16828.1012,Kafka
67e1c3c13224ef1ddaea9a68,1742848786,139830.9575,1742848909,16830.9575,Kafka
67e1c3c13224ef1ddaea9a6a,1742848786,139833.7852,1742848909,16833.7852,Kafka
67e1c3c13224ef1ddaea9a6e,1742848786,139851.5008,1742848909,16851.5008,Kafka
67e1c3c13224ef1ddaea9a70,1742848786,139854.7909,1742848909,16854.7909,Kafka
67e1c3c13224ef1ddaea9a71,1742848786,139857.5137,1742848909,16857.5137,Kafka
67e1c3c13224ef1ddaea9a72,1742848786,139861.3882,1742848909,16861.3882,Kafka
67e1c3c13224ef1ddaea9a76,1742848786,139869.4764,1742848909,16869.4764,Kafka
67e1c3c13224ef1ddaea9a79,1742848786,139878.6467,1742848909,16878.6467,Kafka
67e1c3c13224ef1ddaea9a7a,1742848786,139880.7114,1742848909,16880.7114,Kafka
67e1c3c13224ef1ddaea9a7e,1742848786,139889.5353,1742848909,16889.5353,Kafka
67e1c3c13224ef1ddaea9a80,1742848786,139893.213,1742848909,16893.213,Kafka
67e1c3c13224ef1ddaea9a82,1742848786,139896.4635,1742848909,16896.4635,Kafka
67e1c3c13224ef1ddaea9a86,1742848786,139904.7385,1742848909,16904.7385,Kafka
67e1c3c13224ef1ddaea9a88,1742848786,139908.0823,1742848909,16908.0823,Kafka
67e1c3c13224ef1ddaea9a8a,1742848786,139911.4729,1742848909,16911.4729,Kafka
67e1c3c13224ef1ddaea9a8e,1742848786,139918.3751,1742848909,16918.3751,Kafka
67e1c3c13224ef1ddaea9a91,1742848786,139922.943,1742848909,16922.943,Kafka
67e1c3c13224ef1ddaea9a92,1742848786,139924.428,1742848909,16924.428,Kafka
67e1c3c13224ef1ddaea9a96,1742848786,139930.8672,1742848909,16930.8672,Kafka
67e1c3c13224ef1ddaea9a98,1742848786,139936.06,1742848909,16936.06,Kafka
67e1c3c13224ef1ddaea9a9a,1742848786,139943.5496,1742848909,16943.5496,Kafka
67e1c3c13224ef1ddaea9a9e,1742848786,139950.9281,1742848909,16950.9281,Kafka
67e1c3c13224ef1ddaea9aa0,1742848786,139954.5358,1742848909,16954.5358,Kafka
67e1c3c13224ef1ddaea9aa1,1742848786,139956.2529,1742848909,16956.2529,Kafka
67e1c3c13224ef1ddaea9a44,1742848786,139762.4991,1742848908,17762.4991,Kafka
67e1c3c13224ef1ddaea9a45,1742848786,139763.9766,1742848908,17763.9766,Kafka
67e1c3c13224ef1ddaea9a47,1742848786,139766.9373,1742848908,17766.9373,Kafka
67e1c3c13224ef1ddaea9a43,1742848786,139760.4764,1742848908,17760.4764,Kafka
67e1c3c13224ef1ddaea9a4b,1742848786,139772.7705,1742848908,17772.7705,Kafka
67e1c3c13224ef1ddaea9a4d,1742848786,139775.8129,1742848908,17775.8129,Kafka
67e1c3c13224ef1ddaea9a4f,1742848786,139779.402,1742848908,17779.402,Kafka
67e1c3c13224ef1ddaea9a49,1742848786,139769.9166,1742848908,17769.9166,Kafka
67e1c3c13224ef1ddaea9a54,1742848786,139799.7395,1742848908,17799.7395,Kafka
67e1c3c13224ef1ddaea9a53,1742848786,139798.1945,1742848908,17798.1945,Kafka
67e1c3c13224ef1ddaea9a55,1742848786,139801.2423,1742848908,17801.2423,Kafka
67e1c3c13224ef1ddaea9a5c,1742848786,139812.4407,1742848908,17812.4407,Kafka
67e1c3c13224ef1ddaea9a5b,1742848786,139811.0078,1742848908,17811.0078,Kafka
67e1c3c13224ef1ddaea9a57,1742848786,139804.1877,1742848908,17804.1877,Kafka
67e1c3c13224ef1ddaea9a5d,1742848786,139813.9655,1742848908,17813.9655,Kafka
67e1c3c13224ef1ddaea9a5f,1742848786,139816.9427,1742848908,17816.9427,Kafka
67e1c3c13224ef1ddaea9a24,1742848786,139665.8965,1742848908,17665.8965,Kafka
67e1c3c13224ef1ddaea9a25,1742848786,139667.5203,1742848908,17667.5203,Kafka
67e1c3c13224ef1ddaea9a2b,1742848786,139676.6271,1742848908,17676.6271,Kafka
67e1c3c13224ef1ddaea9a29,1742848786,139673.7609,1742848908,17673.7609,Kafka
67e1c3c13224ef1ddaea9a2f,1742848786,139694.5505,1742848908,17694.5505,Kafka
67e1c3c13224ef1ddaea9a3f,1742848786,139754.6239,1742848908,17754.6239,Kafka
67e1c3c13224ef1ddaea9a27,1742848786,139670.9041,1742848908,17670.9041,Kafka
67e1c3c13224ef1ddaea9a3b,1742848786,139748.7697,1742848908,17748.7697,Kafka
67e1c3c13224ef1ddaea9a39,1742848786,139745.2048,1742848908,17745.2048,Kafka
67e1c3c13224ef1ddaea9a3c,1742848786,139750.2129,1742848908,17750.2129,Kafka
67e1c3c13224ef1ddaea9a3d,1742848786,139751.623,1742848908,17751.623,Kafka
67e1c3c13224ef1ddaea9a37,1742848786,139735.7067,1742848908,17735.7067,Kafka
67e1c3c13224ef1ddaea9a35,1742848786,139732.8381,1742848908,17732.8381,Kafka
67e1c3c13224ef1ddaea9a33,1742848786,139729.2303,1742848908,17729.2303,Kafka
67e1c3c13224ef1ddaea9a34,1742848786,139731.3401,1742848908,17731.3401,Kafka
67e1c3c13224ef1ddaea9a59,1742848786,139807.7762,1742848908,17807.7762,Kafka
67e1c3c13224ef1ddaea9a4c,1742848786,139774.2256,1742848908,17774.2256,Kafka
67e1c3c13224ef1ddaea9a2c,1742848786,139687.7615,1742848908,17687.7615,Kafka
67e1c3c13224ef1ddaea9a2d,1742848786,139691.1819,1742848908,17691.1819,Kafka
67e1c3c13224ef1ddaea9a26,1742848786,139669.4499,1742848908,17669.4499,Kafka
67e1c3c13224ef1ddaea9a28,1742848786,139672.3324,1742848908,17672.3324,Kafka
67e1c3c13224ef1ddaea9a2a,1742848786,139675.1766,1742848908,17675.1766,Kafka
67e1c3c13224ef1ddaea9a2e,1742848786,139692.8181,1742848908,17692.8181,Kafka
67e1c3c13224ef1ddaea9a30,1742848786,139696.1328,1742848908,17696.1328,Kafka
67e1c3c13224ef1ddaea9a31,1742848786,139697.9266,1742848908,17697.9266,Kafka
67e1c3c13224ef1ddaea9a32,1742848786,139700.8662,1742848908,17700.8662,Kafka
67e1c3c13224ef1ddaea9a36,1742848786,139734.2979,1742848908,17734.2979,Kafka
67e1c3c13224ef1ddaea9a38,1742848786,139738.9239,1742848908,17738.9239,Kafka
67e1c3c13224ef1ddaea9a3a,1742848786,139747.2632,1742848908,17747.2632,Kafka
67e1c3c13224ef1ddaea9a3e,1742848786,139753.1627,1742848908,17753.1627,Kafka
67e1c3c13224ef1ddaea9a40,1742848786,139756.057,1742848908,17756.057,Kafka
67e1c3c13224ef1ddaea9a41,1742848786,139757.4965,1742848908,17757.4965,Kafka
67e1c3c13224ef1ddaea9a42,1742848786,139758.919,1742848908,17758.919,Kafka
67e1c3c13224ef1ddaea9a46,1742848786,139765.5018,1742848908,17765.5018,Kafka
67e1c3c13224ef1ddaea9a48,1742848786,139768.4796,1742848908,17768.4796,Kafka
67e1c3c13224ef1ddaea9a4a,1742848786,139771.344,1742848908,17771.344,Kafka
67e1c3c13224ef1ddaea9a4e,1742848786,139777.8689,1742848908,17777.8689,Kafka
67e1c3c13224ef1ddaea9a50,1742848786,139781.0238,1742848908,17781.0238,Kafka
67e1c3c13224ef1ddaea9a51,1742848786,139782.5743,1742848908,17782.5743,Kafka
67e1c3c13224ef1ddaea9a52,1742848786,139786.9664,1742848908,17786.9664,Kafka
67e1c3c13224ef1ddaea9a56,1742848786,139802.7404,1742848908,17802.7404,Kafka
67e1c3c13224ef1ddaea9a58,1742848786,139805.6569,1742848908,17805.6569,Kafka
67e1c3c13224ef1ddaea9a5a,1742848786,139809.4726,1742848908,17809.4726,Kafka
67e1c3c13224ef1ddaea9a5e,1742848786,139815.4739,1742848908,17815.4739,Kafka
67e1c3c13224ef1ddaea9a60,1742848786,139818.4091,1742848908,17818.4091,Kafka
67e1c3c13224ef1ddaea9a61,1742848786,139819.8473,1742848908,17819.8473,Kafka
67e1c3c13224ef1ddaea99fd,1742848786,139560.9255,1742848907,18560.9255,Kafka
67e1c3c13224ef1ddaea9a03,1742848786,139570.5429,1742848907,18570.5429,Kafka
67e1c3c13224ef1ddaea9a04,1742848786,139572.0123,1742848907,18572.0123,Kafka
67e1c3c13224ef1ddaea9a05,1742848786,139573.6605,1742848907,18573.6605,Kafka
67e1c3c13224ef1ddaea9a0b,1742848786,139583.1229,1742848907,18583.1229,Kafka
67e1c3c13224ef1ddaea9a09,1742848786,139580.1947,1742848907,18580.1947,Kafka
67e1c3c13224ef1ddaea9a0f,1742848786,139590.5642,1742848907,18590.5642,Kafka
67e1c3c13224ef1ddaea9a0d,1742848786,139585.9587,1742848907,18585.9587,Kafka
67e1c3c13224ef1ddaea9a13,1742848786,139638.4781,1742848907,18638.4781,Kafka
67e1c3c13224ef1ddaea9a14,1742848786,139640.5686,1742848907,18640.5686,Kafka
67e1c3c13224ef1ddaea99ff,1742848786,139564.1439,1742848907,18564.1439,Kafka
67e1c3c13224ef1ddaea9a07,1742848786,139577.3275,1742848907,18577.3275,Kafka
67e1c3c13224ef1ddaea9a15,1742848786,139642.0133,1742848907,18642.0133,Kafka
67e1c3c13224ef1ddaea9a1b,1742848786,139651.2438,1742848907,18651.2438,Kafka
67e1c3c13224ef1ddaea9a19,1742848786,139648.0906,1742848907,18648.0906,Kafka
67e1c3c13224ef1ddaea9a1c,1742848786,139653.4863,1742848907,18653.4863,Kafka
67e1c3c13224ef1ddaea9a1f,1742848786,139658.2326,1742848907,18658.2326,Kafka
67e1c3c13224ef1ddaea9a1d,1742848786,139655.0314,1742848907,18655.0314,Kafka
67e1c3c13224ef1ddaea9a23,1742848786,139664.3731,1742848907,18664.3731,Kafka
67e1c3c13224ef1ddaea9a17,1742848786,139644.9556,1742848907,18644.9556,Kafka
67e1c3c13224ef1ddaea99e4,1742848786,139500.816,1742848907,18500.816,Kafka
67e1c3c13224ef1ddaea99e3,1742848786,139499.3899,1742848907,18499.3899,Kafka
67e1c3c13224ef1ddaea99e5,1742848786,139502.2736,1742848907,18502.2736,Kafka
67e1c3c13224ef1ddaea99e7,1742848786,139505.1711,1742848907,18505.1711,Kafka
67e1c3c13224ef1ddaea99eb,1742848786,139510.8604,1742848907,18510.8604,Kafka
67e1c3c13224ef1ddaea99ef,1742848786,139527.5196,1742848907,18527.5196,Kafka
67e1c3c13224ef1ddaea99e9,1742848786,139508.0707,1742848907,18508.0707,Kafka
67e1c3c13224ef1ddaea99f3,1742848786,139535.3313,1742848907,18535.3313,Kafka
67e1c3c13224ef1ddaea99fc,1742848786,139558.561,1742848907,18558.561,Kafka
67e1c3c13224ef1ddaea99fb,1742848786,139556.5961,1742848907,18556.5961,Kafka
67e1c3c13224ef1ddaea99f7,1742848786,139549.6132,1742848907,18549.6132,Kafka
67e1c3c13224ef1ddaea99ec,1742848786,139512.9973,1742848907,18512.9973,Kafka
67e1c3c13224ef1ddaea99ed,1742848786,139521.2663,1742848907,18521.2663,Kafka
67e1c3c13224ef1ddaea99f5,1742848786,139544.3444,1742848907,18544.3444,Kafka
67e1c3c13224ef1ddaea99f4,1742848786,139541.1467,1742848907,18541.1467,Kafka
67e1c3c13224ef1ddaea99f8,1742848786,139551.315,1742848907,18551.315,Kafka
67e1c3c13224ef1ddaea9a0c,1742848786,139584.5612,1742848907,18584.5612,Kafka
67e1c3c13224ef1ddaea99e6,1742848786,139503.6825,1742848907,18503.6825,Kafka
67e1c3c13224ef1ddaea99e8,1742848786,139506.6711,1742848907,18506.6711,Kafka
67e1c3c13224ef1ddaea99ea,1742848786,139509.4461,1742848907,18509.4461,Kafka
67e1c3c13224ef1ddaea99ee,1742848786,139525.7305,1742848907,18525.7305,Kafka
67e1c3c13224ef1ddaea99f0,1742848786,139529.5922,1742848907,18529.5922,Kafka
67e1c3c13224ef1ddaea99f1,1742848786,139531.1671,1742848907,18531.1671,Kafka
67e1c3c13224ef1ddaea99f2,1742848786,139532.735,1742848907,18532.735,Kafka
67e1c3c13224ef1ddaea99f6,1742848786,139547.4164,1742848907,18547.4164,Kafka
67e1c3c13224ef1ddaea99f9,1742848786,139553.0569,1742848907,18553.0569,Kafka
67e1c3c13224ef1ddaea99fa,1742848786,139554.8134,1742848907,18554.8134,Kafka
67e1c3c13224ef1ddaea99fe,1742848786,139562.5296,1742848907,18562.5296,Kafka
67e1c3c13224ef1ddaea9a00,1742848786,139565.6542,1742848907,18565.6542,Kafka
67e1c3c13224ef1ddaea9a01,1742848786,139567.2338,1742848907,18567.2338,Kafka
67e1c3c13224ef1ddaea9a02,1742848786,139568.9895,1742848907,18568.9895,Kafka
67e1c3c13224ef1ddaea9a06,1742848786,139575.8321,1742848907,18575.8321,Kafka
67e1c3c13224ef1ddaea9a08,1742848786,139578.7728,1742848907,18578.7728,Kafka
67e1c3c13224ef1ddaea9a0a,1742848786,139581.6426,1742848907,18581.6426,Kafka
67e1c3c13224ef1ddaea9a0e,1742848786,139587.3579,1742848907,18587.3579,Kafka
67e1c3c13224ef1ddaea9a10,1742848786,139597.2707,1742848907,18597.2707,Kafka
67e1c3c13224ef1ddaea9a11,1742848786,139598.7706,1742848907,18598.7706,Kafka
67e1c3c13224ef1ddaea9a12,1742848786,139600.3056,1742848907,18600.3056,Kafka
67e1c3c13224ef1ddaea9a16,1742848786,139643.4589,1742848907,18643.4589,Kafka
67e1c3c13224ef1ddaea9a18,1742848786,139646.5534,1742848907,18646.5534,Kafka
67e1c3c13224ef1ddaea9a1a,1742848786,139649.5871,1742848907,18649.5871,Kafka
67e1c3c13224ef1ddaea9a1e,1742848786,139656.5964,1742848907,18656.5964,Kafka
67e1c3c13224ef1ddaea9a20,1742848786,139660.0614,1742848907,18660.0614,Kafka
67e1c3c13224ef1ddaea9a21,1742848786,139661.472,1742848907,18661.472,Kafka
67e1c3c13224ef1ddaea9a22,1742848786,139662.9093,1742848907,18662.9093,Kafka
67e1c3c13224ef1ddaea99c5,1742848786,139444.3308,1742848906,19444.3308,Kafka
67e1c3c13224ef1ddaea99c7,1742848786,139447.064,1742848906,19447.064,Kafka
67e1c3c13224ef1ddaea99c3,1742848786,139441.6065,1742848906,19441.6065,Kafka
67e1c3c13224ef1ddaea99c4,1742848786,139442.9386,1742848906,19442.9386,Kafka
67e1c3c13224ef1ddaea99cb,1742848786,139453.6709,1742848906,19453.6709,Kafka
67e1c3c13224ef1ddaea99cd,1742848786,139456.4624,1742848906,19456.4624,Kafka
67e1c3c13224ef1ddaea99cf,1742848786,139461.4861,1742848906,19461.4861,Kafka
67e1c3c13224ef1ddaea99c9,1742848786,139450.1774,1742848906,19450.1774,Kafka
67e1c3c13224ef1ddaea99d4,1742848786,139475.7112,1742848906,19475.7112,Kafka
67e1c3c13224ef1ddaea99d3,1742848786,139474.2302,1742848906,19474.2302,Kafka
67e1c3c13224ef1ddaea99d5,1742848786,139477.377,1742848906,19477.377,Kafka
67e1c3c13224ef1ddaea99dc,1742848786,139488.4051,1742848906,19488.4051,Kafka
67e1c3c13224ef1ddaea99db,1742848786,139486.9522,1742848906,19486.9522,Kafka
67e1c3c13224ef1ddaea99d9,1742848786,139484.0161,1742848906,19484.0161,Kafka
67e1c3c13224ef1ddaea99dd,1742848786,139489.9738,1742848906,19489.9738,Kafka
67e1c3c13224ef1ddaea99df,1742848786,139492.8744,1742848906,19492.8744,Kafka
67e1c3c13224ef1ddaea99d7,1742848786,139480.3791,1742848906,19480.3791,Kafka
67e1c3c13224ef1ddaea99a7,1742848786,139246.1433,1742848906,19246.1433,Kafka
67e1c3c13224ef1ddaea99a9,1742848786,139249.3735,1742848906,19249.3735,Kafka
67e1c3c13224ef1ddaea99ad,1742848786,139257.1326,1742848906,19257.1326,Kafka
67e1c3c13224ef1ddaea99af,1742848786,139260.1664,1742848906,19260.1664,Kafka
67e1c3c13224ef1ddaea99ab,1742848786,139253.2036,1742848906,19253.2036,Kafka
67e1c3c13224ef1ddaea99b5,1742848786,139390.3686,1742848906,19390.3686,Kafka
67e1c3c13224ef1ddaea99b4,1742848786,139387.8752,1742848906,19387.8752,Kafka
67e1c3c13224ef1ddaea99b3,1742848786,139356.4818,1742848906,19356.4818,Kafka
67e1c3c13224ef1ddaea99bd,1742848786,139431.1461,1742848906,19431.1461,Kafka
67e1c3c13224ef1ddaea99bc,1742848786,139429.5622,1742848906,19429.5622,Kafka
67e1c3c13224ef1ddaea99bb,1742848786,139428.075,1742848906,19428.075,Kafka
67e1c3c13224ef1ddaea99bf,1742848786,139435.164,1742848906,19435.164,Kafka
67e1c3c13224ef1ddaea99b9,1742848786,139425.069,1742848906,19425.069,Kafka
67e1c3c13224ef1ddaea99b7,1742848786,139422.1723,1742848906,19422.1723,Kafka
67e1c3c13224ef1ddaea99b0,1742848786,139294.5079,1742848906,19294.5079,Kafka
67e1c3c13224ef1ddaea99cc,1742848786,139455.0708,1742848906,19455.0708,Kafka
67e1c3c13224ef1ddaea99e0,1742848786,139494.318,1742848906,19494.318,Kafka
67e1c3c13224ef1ddaea99a8,1742848786,139247.5419,1742848906,19247.5419,Kafka
67e1c3c13224ef1ddaea99aa,1742848786,139250.887,1742848906,19250.887,Kafka
67e1c3c13224ef1ddaea99ae,1742848786,139258.6503,1742848906,19258.6503,Kafka
67e1c3c13224ef1ddaea99b1,1742848786,139296.7422,1742848906,19296.7422,Kafka
67e1c3c13224ef1ddaea99b2,1742848786,139325.8783,1742848906,19325.8783,Kafka
67e1c3c13224ef1ddaea99b6,1742848786,139420.6131,1742848906,19420.6131,Kafka
67e1c3c13224ef1ddaea99b8,1742848786,139423.5845,1742848906,19423.5845,Kafka
67e1c3c13224ef1ddaea99ba,1742848786,139426.7301,1742848906,19426.7301,Kafka
67e1c3c13224ef1ddaea99be,1742848786,139432.7754,1742848906,19432.7754,Kafka
67e1c3c13224ef1ddaea99c0,1742848786,139437.547,1742848906,19437.547,Kafka
67e1c3c13224ef1ddaea99c1,1742848786,139438.9177,1742848906,19438.9177,Kafka
67e1c3c13224ef1ddaea99c2,1742848786,139440.2721,1742848906,19440.2721,Kafka
67e1c3c13224ef1ddaea99c6,1742848786,139445.6806,1742848906,19445.6806,Kafka
67e1c3c13224ef1ddaea99c8,1742848786,139448.4957,1742848906,19448.4957,Kafka
67e1c3c13224ef1ddaea99ca,1742848786,139452.2903,1742848906,19452.2903,Kafka
67e1c3c13224ef1ddaea99ce,1742848786,139457.8267,1742848906,19457.8267,Kafka
67e1c3c13224ef1ddaea99d0,1742848786,139469.26,1742848906,19469.26,Kafka
67e1c3c13224ef1ddaea99d1,1742848786,139471.1014,1742848906,19471.1014,Kafka
67e1c3c13224ef1ddaea99d2,1742848786,139472.776,1742848906,19472.776,Kafka
67e1c3c13224ef1ddaea99d6,1742848786,139478.8469,1742848906,19478.8469,Kafka
67e1c3c13224ef1ddaea99d8,1742848786,139482.6318,1742848906,19482.6318,Kafka
67e1c3c13224ef1ddaea99da,1742848786,139485.504,1742848906,19485.504,Kafka
67e1c3c13224ef1ddaea99de,1742848786,139491.4661,1742848906,19491.4661,Kafka
67e1c3c13224ef1ddaea99ac,1742848786,139255.3631,1742848906,19255.3631,Kafka
67e1c3c13224ef1ddaea99e1,1742848786,139495.8665,1742848906,19495.8665,Kafka
67e1c3c13224ef1ddaea99e2,1742848786,139497.8818,1742848906,19497.8818,Kafka
67e1c3c13224ef1ddaea9983,1742848786,139195.0694,1742848905,20195.0694,Kafka
67e1c3c13224ef1ddaea9985,1742848786,139197.8307,1742848905,20197.8307,Kafka
67e1c3c13224ef1ddaea9987,1742848786,139200.5472,1742848905,20200.5472,Kafka
67e1c3c13224ef1ddaea9989,1742848786,139203.7727,1742848905,20203.7727,Kafka
67e1c3c13224ef1ddaea9984,1742848786,139196.4544,1742848905,20196.4544,Kafka
67e1c3c13224ef1ddaea998d,1742848786,139209.224,1742848905,20209.224,Kafka
67e1c3c13224ef1ddaea998c,1742848786,139207.8498,1742848905,20207.8498,Kafka
67e1c3c13224ef1ddaea998f,1742848786,139211.8968,1742848905,20211.8968,Kafka
67e1c3c13224ef1ddaea998b,1742848786,139206.5081,1742848905,20206.5081,Kafka
67e1c3c13224ef1ddaea9995,1742848786,139221.0408,1742848905,20221.0408,Kafka
67e1c3c13224ef1ddaea9994,1742848786,139219.5621,1742848905,20219.5621,Kafka
67e1c3c13224ef1ddaea9997,1742848786,139223.8329,1742848905,20223.8329,Kafka
67e1c3c13224ef1ddaea9993,1742848786,139217.4012,1742848905,20217.4012,Kafka
67e1c3c13224ef1ddaea999d,1742848786,139231.9771,1742848905,20231.9771,Kafka
67e1c3c13224ef1ddaea999b,1742848786,139229.2834,1742848905,20229.2834,Kafka
67e1c3c13224ef1ddaea999f,1742848786,139235.2697,1742848905,20235.2697,Kafka
67e1c3c13224ef1ddaea9999,1742848786,139226.5455,1742848905,20226.5455,Kafka
67e1c3c13224ef1ddaea99a5,1742848786,139243.4373,1742848905,20243.4373,Kafka
67e1c3c13224ef1ddaea99a4,1742848786,139242.0785,1742848905,20242.0785,Kafka
67e1c3c13224ef1ddaea99a3,1742848786,139240.6885,1742848905,20240.6885,Kafka
67e1c3c13224ef1ddaea9966,1742848786,139153.2162,1742848905,20153.2162,Kafka
67e1c3c13224ef1ddaea9967,1742848786,139154.5785,1742848905,20154.5785,Kafka
67e1c3c13224ef1ddaea996b,1742848786,139161.1929,1742848905,20161.1929,Kafka
67e1c3c13224ef1ddaea996f,1742848786,139166.7031,1742848905,20166.7031,Kafka
67e1c3c13224ef1ddaea9973,1742848786,139172.6275,1742848905,20172.6275,Kafka
67e1c3c13224ef1ddaea9969,1742848786,139158.2145,1742848905,20158.2145,Kafka
67e1c3c13224ef1ddaea997d,1742848786,139186.1464,1742848905,20186.1464,Kafka
67e1c3c13224ef1ddaea997f,1742848786,139189.5921,1742848905,20189.5921,Kafka
67e1c3c13224ef1ddaea997c,1742848786,139184.7933,1742848905,20184.7933,Kafka
67e1c3c13224ef1ddaea997b,1742848786,139183.4427,1742848905,20183.4427,Kafka
67e1c3c13224ef1ddaea9977,1742848786,139178.0173,1742848905,20178.0173,Kafka
67e1c3c13224ef1ddaea999c,1742848786,139230.6181,1742848905,20230.6181,Kafka
67e1c3c13224ef1ddaea996c,1742848786,139162.5556,1742848905,20162.5556,Kafka
67e1c3c13224ef1ddaea9968,1742848786,139156.6231,1742848905,20156.6231,Kafka
67e1c3c13224ef1ddaea9975,1742848786,139175.3451,1742848905,20175.3451,Kafka
67e1c3c13224ef1ddaea996d,1742848786,139163.954,1742848905,20163.954,Kafka
67e1c3c13224ef1ddaea9970,1742848786,139168.0365,1742848905,20168.0365,Kafka
67e1c3c13224ef1ddaea9978,1742848786,139179.3763,1742848905,20179.3763,Kafka
67e1c3c13224ef1ddaea9974,1742848786,139173.9938,1742848905,20173.9938,Kafka
67e1c3c13224ef1ddaea9980,1742848786,139190.9464,1742848905,20190.9464,Kafka
67e1c3c13224ef1ddaea9990,1742848786,139213.2268,1742848905,20213.2268,Kafka
67e1c3c13224ef1ddaea996a,1742848786,139159.7237,1742848905,20159.7237,Kafka
67e1c3c13224ef1ddaea996e,1742848786,139165.3209,1742848905,20165.3209,Kafka
67e1c3c13224ef1ddaea9971,1742848786,139169.4085,1742848905,20169.4085,Kafka
67e1c3c13224ef1ddaea9972,1742848786,139170.806,1742848905,20170.806,Kafka
67e1c3c13224ef1ddaea9976,1742848786,139176.709,1742848905,20176.709,Kafka
67e1c3c13224ef1ddaea9979,1742848786,139180.732,1742848905,20180.732,Kafka
67e1c3c13224ef1ddaea997a,1742848786,139182.0845,1742848905,20182.0845,Kafka
67e1c3c13224ef1ddaea997e,1742848786,139188.0915,1742848905,20188.0915,Kafka
67e1c3c13224ef1ddaea9981,1742848786,139192.3255,1742848905,20192.3255,Kafka
67e1c3c13224ef1ddaea9982,1742848786,139193.7521,1742848905,20193.7521,Kafka
67e1c3c13224ef1ddaea9986,1742848786,139199.2031,1742848905,20199.2031,Kafka
67e1c3c13224ef1ddaea9988,1742848786,139201.9563,1742848905,20201.9563,Kafka
67e1c3c13224ef1ddaea998a,1742848786,139205.1309,1742848905,20205.1309,Kafka
67e1c3c13224ef1ddaea998e,1742848786,139210.5897,1742848905,20210.5897,Kafka
67e1c3c13224ef1ddaea9991,1742848786,139214.5966,1742848905,20214.5966,Kafka
67e1c3c13224ef1ddaea9992,1742848786,139215.9369,1742848905,20215.9369,Kafka
67e1c3c13224ef1ddaea9996,1742848786,139222.4293,1742848905,20222.4293,Kafka
67e1c3c13224ef1ddaea9998,1742848786,139225.1782,1742848905,20225.1782,Kafka
67e1c3c13224ef1ddaea999a,1742848786,139227.9063,1742848905,20227.9063,Kafka
67e1c3c13224ef1ddaea999e,1742848786,139233.4269,1742848905,20233.4269,Kafka
67e1c3c13224ef1ddaea99a0,1742848786,139236.6103,1742848905,20236.6103,Kafka
67e1c3c13224ef1ddaea99a1,1742848786,139237.9473,1742848905,20237.9473,Kafka
67e1c3c13224ef1ddaea99a2,1742848786,139239.3555,1742848905,20239.3555,Kafka
67e1c3c13224ef1ddaea99a6,1742848786,139244.794,1742848905,20244.794,Kafka
67e1c3c13224ef1ddaea9935,1742848786,139084.0108,1742848904,21084.0108,Kafka
67e1c3c13224ef1ddaea9927,1742848786,139063.6068,1742848904,21063.6068,Kafka
67e1c3c13224ef1ddaea992b,1742848786,139069.5261,1742848904,21069.5261,Kafka
67e1c3c13224ef1ddaea992f,1742848786,139075.1695,1742848904,21075.1695,Kafka
67e1c3c13224ef1ddaea9929,1742848786,139066.5856,1742848904,21066.5856,Kafka
67e1c3c13224ef1ddaea9945,1742848786,139106.5765,1742848904,21106.5765,Kafka
67e1c3c13224ef1ddaea9944,1742848786,139105.2023,1742848904,21105.2023,Kafka
67e1c3c13224ef1ddaea993d,1742848786,139095.6382,1742848904,21095.6382,Kafka
67e1c3c13224ef1ddaea9943,1742848786,139103.8759,1742848904,21103.8759,Kafka
67e1c3c13224ef1ddaea9947,1742848786,139109.413,1742848904,21109.413,Kafka
67e1c3c13224ef1ddaea994d,1742848786,139117.9487,1742848904,21117.9487,Kafka
67e1c3c13224ef1ddaea994b,1742848786,139115.2702,1742848904,21115.2702,Kafka
67e1c3c13224ef1ddaea993b,1742848786,139092.2121,1742848904,21092.2121,Kafka
67e1c3c13224ef1ddaea9939,1742848786,139089.5374,1742848904,21089.5374,Kafka
67e1c3c13224ef1ddaea994f,1742848786,139120.6909,1742848904,21120.6909,Kafka
67e1c3c13224ef1ddaea9955,1742848786,139129.362,1742848904,21129.362,Kafka
67e1c3c13224ef1ddaea9954,1742848786,139128.021,1742848904,21128.021,Kafka
67e1c3c13224ef1ddaea9953,1742848786,139126.6837,1742848904,21126.6837,Kafka
67e1c3c13224ef1ddaea9949,1742848786,139112.5711,1742848904,21112.5711,Kafka
67e1c3c13224ef1ddaea9957,1742848786,139132.1521,1742848904,21132.1521,Kafka
67e1c3c13224ef1ddaea995b,1742848786,139137.6727,1742848904,21137.6727,Kafka
67e1c3c13224ef1ddaea995d,1742848786,139140.9196,1742848904,21140.9196,Kafka
67e1c3c13224ef1ddaea9959,1742848786,139134.9888,1742848904,21134.9888,Kafka
67e1c3c13224ef1ddaea995f,1742848786,139143.7654,1742848904,21143.7654,Kafka
67e1c3c13224ef1ddaea9964,1742848786,139150.4492,1742848904,21150.4492,Kafka
67e1c3c13224ef1ddaea9963,1742848786,139149.1092,1742848904,21149.1092,Kafka
67e1c3c13224ef1ddaea9926,1742848786,139061.7489,1742848904,21061.7489,Kafka
67e1c3c13224ef1ddaea995c,1742848786,139139.0432,1742848904,21139.0432,Kafka
67e1c3c13224ef1ddaea993f,1742848786,139098.4319,1742848904,21098.4319,Kafka
67e1c3c13224ef1ddaea993c,1742848786,139093.7246,1742848904,21093.7246,Kafka
67e1c3c13224ef1ddaea9937,1742848786,139086.7478,1742848904,21086.7478,Kafka
67e1c3c13224ef1ddaea9933,1742848786,139081.298,1742848904,21081.298,Kafka
67e1c3c13224ef1ddaea9934,1742848786,139082.6705,1742848904,21082.6705,Kafka
67e1c3c13224ef1ddaea9950,1742848786,139122.0252,1742848904,21122.0252,Kafka
67e1c3c13224ef1ddaea994c,1742848786,139116.6218,1742848904,21116.6218,Kafka
67e1c3c13224ef1ddaea9960,1742848786,139145.1031,1742848904,21145.1031,Kafka
67e1c3c13224ef1ddaea9930,1742848786,139076.5367,1742848904,21076.5367,Kafka
67e1c3c13224ef1ddaea992d,1742848786,139072.3236,1742848904,21072.3236,Kafka
67e1c3c13224ef1ddaea9928,1742848786,139065.1863,1742848904,21065.1863,Kafka
67e1c3c13224ef1ddaea992a,1742848786,139068.1017,1742848904,21068.1017,Kafka
67e1c3c13224ef1ddaea992e,1742848786,139073.7728,1742848904,21073.7728,Kafka
67e1c3c13224ef1ddaea9931,1742848786,139077.9926,1742848904,21077.9926,Kafka
67e1c3c13224ef1ddaea9932,1742848786,139079.8958,1742848904,21079.8958,Kafka
67e1c3c13224ef1ddaea9936,1742848786,139085.4032,1742848904,21085.4032,Kafka
67e1c3c13224ef1ddaea9938,1742848786,139088.1173,1742848904,21088.1173,Kafka
67e1c3c13224ef1ddaea993a,1742848786,139090.8347,1742848904,21090.8347,Kafka
67e1c3c13224ef1ddaea993e,1742848786,139097.044,1742848904,21097.044,Kafka
67e1c3c13224ef1ddaea9940,1742848786,139099.7915,1742848904,21099.7915,Kafka
67e1c3c13224ef1ddaea9941,1742848786,139101.1343,1742848904,21101.1343,Kafka
67e1c3c13224ef1ddaea9942,1742848786,139102.5275,1742848904,21102.5275,Kafka
67e1c3c13224ef1ddaea9946,1742848786,139107.9099,1742848904,21107.9099,Kafka
67e1c3c13224ef1ddaea9948,1742848786,139111.2378,1742848904,21111.2378,Kafka
67e1c3c13224ef1ddaea994a,1742848786,139113.9235,1742848904,21113.9235,Kafka
67e1c3c13224ef1ddaea994e,1742848786,139119.354,1742848904,21119.354,Kafka
67e1c3c13224ef1ddaea992c,1742848786,139070.9281,1742848904,21070.9281,Kafka
67e1c3c13224ef1ddaea9951,1742848786,139123.3792,1742848904,21123.3792,Kafka
67e1c3c13224ef1ddaea9952,1742848786,139124.8712,1742848904,21124.8712,Kafka
67e1c3c13224ef1ddaea9956,1742848786,139130.8001,1742848904,21130.8001,Kafka
67e1c3c13224ef1ddaea9958,1742848786,139133.4645,1742848904,21133.4645,Kafka
67e1c3c13224ef1ddaea995a,1742848786,139136.3425,1742848904,21136.3425,Kafka
67e1c3c13224ef1ddaea995e,1742848786,139142.4131,1742848904,21142.4131,Kafka
67e1c3c13224ef1ddaea9961,1742848786,139146.4113,1742848904,21146.4113,Kafka
67e1c3c13224ef1ddaea9962,1742848786,139147.7505,1742848904,21147.7505,Kafka
67e1c3c13224ef1ddaea9965,1742848786,139151.8781,1742848904,21151.8781,Kafka
67e1c3c13224ef1ddaea98fd,1742848786,138996.0642,1742848903,21996.0642,Kafka
67e1c3c13224ef1ddaea98f7,1742848786,138987.3172,1742848903,21987.3172,Kafka
67e1c3c13224ef1ddaea98e7,1742848786,138962.6423,1742848903,21962.6423,Kafka
67e1c3c13224ef1ddaea98eb,1742848786,138968.3871,1742848903,21968.3871,Kafka
67e1c3c13224ef1ddaea98ef,1742848786,138974.9964,1742848903,21974.9964,Kafka
67e1c3c13224ef1ddaea98e9,1742848786,138965.5061,1742848903,21965.5061,Kafka
67e1c3c13224ef1ddaea98f3,1742848786,138980.945,1742848903,21980.945,Kafka
67e1c3c13224ef1ddaea98fb,1742848786,138993.1376,1742848903,21993.1376,Kafka
67e1c3c13224ef1ddaea98fc,1742848786,138994.6167,1742848903,21994.6167,Kafka
67e1c3c13224ef1ddaea98f9,1742848786,138990.2089,1742848903,21990.2089,Kafka
67e1c3c13224ef1ddaea9907,1742848786,139010.5969,1742848903,22010.5969,Kafka
67e1c3c13224ef1ddaea990b,1742848786,139019.9098,1742848903,22019.9098,Kafka
67e1c3c13224ef1ddaea990f,1742848786,139027.3392,1742848903,22027.3392,Kafka
67e1c3c13224ef1ddaea9909,1742848786,139013.4448,1742848903,22013.4448,Kafka
67e1c3c13224ef1ddaea9914,1742848786,139035.2664,1742848903,22035.2664,Kafka
67e1c3c13224ef1ddaea9913,1742848786,139033.8966,1742848903,22033.8966,Kafka
67e1c3c13224ef1ddaea98ff,1742848786,138998.9083,1742848903,21998.9083,Kafka
67e1c3c13224ef1ddaea991b,1742848786,139045.2781,1742848903,22045.2781,Kafka
67e1c3c13224ef1ddaea9919,1742848786,139042.4584,1742848903,22042.4584,Kafka
67e1c3c13224ef1ddaea991f,1742848786,139051.8699,1742848903,22051.8699,Kafka
67e1c3c13224ef1ddaea9904,1742848786,139006.4559,1742848903,22006.4559,Kafka
67e1c3c13224ef1ddaea9917,1742848786,139039.6843,1742848903,22039.6843,Kafka
67e1c3c13224ef1ddaea9924,1742848786,139058.837,1742848903,22058.837,Kafka
67e1c3c13224ef1ddaea9923,1742848786,139057.4107,1742848903,22057.4107,Kafka
67e1c3c13224ef1ddaea9905,1742848786,139007.8132,1742848903,22007.8132,Kafka
67e1c3c13224ef1ddaea9903,1742848786,139005.0777,1742848903,22005.0777,Kafka
67e1c3c13224ef1ddaea990d,1742848786,139024.2706,1742848903,22024.2706,Kafka
67e1c3c13224ef1ddaea9915,1742848786,139036.6976,1742848903,22036.6976,Kafka
67e1c3c13224ef1ddaea991c,1742848786,139046.7406,1742848903,22046.7406,Kafka
67e1c3c13224ef1ddaea991d,1742848786,139048.9952,1742848903,22048.9952,Kafka
67e1c3c13224ef1ddaea98ed,1742848786,138971.9788,1742848903,21971.9788,Kafka
67e1c3c13224ef1ddaea98ec,1742848786,138969.8754,1742848903,21969.8754,Kafka
67e1c3c13224ef1ddaea98f4,1742848786,138982.3391,1742848903,21982.3391,Kafka
67e1c3c13224ef1ddaea98f5,1742848786,138983.638,1742848903,21983.638,Kafka
67e1c3c13224ef1ddaea990c,1742848786,139022.5915,1742848903,22022.5915,Kafka
67e1c3c13224ef1ddaea98e8,1742848786,138964.1242,1742848903,21964.1242,Kafka
67e1c3c13224ef1ddaea98ea,1742848786,138966.9343,1742848903,21966.9343,Kafka
67e1c3c13224ef1ddaea98ee,1742848786,138973.4724,1742848903,21973.4724,Kafka
67e1c3c13224ef1ddaea98f0,1742848786,138976.5372,1742848903,21976.5372,Kafka
67e1c3c13224ef1ddaea98f1,1742848786,138978.0547,1742848903,21978.0547,Kafka
67e1c3c13224ef1ddaea98f2,1742848786,138979.4281,1742848903,21979.4281,Kafka
67e1c3c13224ef1ddaea98f6,1742848786,138985.257,1742848903,21985.257,Kafka
67e1c3c13224ef1ddaea98f8,1742848786,138988.6292,1742848903,21988.6292,Kafka
67e1c3c13224ef1ddaea98fa,1742848786,138991.7037,1742848903,21991.7037,Kafka
67e1c3c13224ef1ddaea98fe,1742848786,138997.4847,1742848903,21997.4847,Kafka
67e1c3c13224ef1ddaea9900,1742848786,139000.2797,1742848903,22000.2797,Kafka
67e1c3c13224ef1ddaea9901,1742848786,139002.287,1742848903,22002.287,Kafka
67e1c3c13224ef1ddaea9902,1742848786,139003.6954,1742848903,22003.6954,Kafka
67e1c3c13224ef1ddaea9906,1742848786,139009.2166,1742848903,22009.2166,Kafka
67e1c3c13224ef1ddaea9908,1742848786,139011.9826,1742848903,22011.9826,Kafka
67e1c3c13224ef1ddaea990a,1742848786,139016.3596,1742848903,22016.3596,Kafka
67e1c3c13224ef1ddaea990e,1742848786,139025.7757,1742848903,22025.7757,Kafka
67e1c3c13224ef1ddaea9910,1742848786,139028.8322,1742848903,22028.8322,Kafka
67e1c3c13224ef1ddaea9911,1742848786,139030.2548,1742848903,22030.2548,Kafka
67e1c3c13224ef1ddaea9912,1742848786,139031.9672,1742848903,22031.9672,Kafka
67e1c3c13224ef1ddaea9916,1742848786,139038.1226,1742848903,22038.1226,Kafka
67e1c3c13224ef1ddaea9918,1742848786,139041.0757,1742848903,22041.0757,Kafka
67e1c3c13224ef1ddaea991a,1742848786,139043.8543,1742848903,22043.8543,Kafka
67e1c3c13224ef1ddaea991e,1742848786,139050.4538,1742848903,22050.4538,Kafka
67e1c3c13224ef1ddaea9920,1742848786,139053.2526,1742848903,22053.2526,Kafka
67e1c3c13224ef1ddaea9921,1742848786,139054.6391,1742848903,22054.6391,Kafka
67e1c3c13224ef1ddaea9922,1742848786,139056.0309,1742848903,22056.0309,Kafka
67e1c3c13224ef1ddaea9925,1742848786,139060.2471,1742848903,22060.2471,Kafka
67e1c3c13224ef1ddaea98bb,1742848786,138898.0057,1742848902,22898.0057,Kafka
67e1c3c13224ef1ddaea98bd,1742848786,138900.7894,1742848902,22900.7894,Kafka
67e1c3c13224ef1ddaea98bc,1742848786,138899.3986,1742848902,22899.3986,Kafka
67e1c3c13224ef1ddaea98b5,1742848786,138865.1544,1742848902,22865.1544,Kafka
67e1c3c13224ef1ddaea98b4,1742848786,138863.7726,1742848902,22863.7726,Kafka
67e1c3c13224ef1ddaea98b9,1742848786,138895.2432,1742848902,22895.2432,Kafka
67e1c3c13224ef1ddaea98ad,1742848786,138853.5224,1742848902,22853.5224,Kafka
67e1c3c13224ef1ddaea98a9,1742848786,138848.0419,1742848902,22848.0419,Kafka
67e1c3c13224ef1ddaea98c7,1742848786,138915.5332,1742848902,22915.5332,Kafka
67e1c3c13224ef1ddaea98cb,1742848786,138921.1067,1742848902,22921.1067,Kafka
67e1c3c13224ef1ddaea98c4,1742848786,138911.3415,1742848902,22911.3415,Kafka
67e1c3c13224ef1ddaea98cf,1742848786,138927.533,1742848902,22927.533,Kafka
67e1c3c13224ef1ddaea98c9,1742848786,138918.3011,1742848902,22918.3011,Kafka
67e1c3c13224ef1ddaea98d3,1742848786,138933.1082,1742848902,22933.1082,Kafka
67e1c3c13224ef1ddaea98d4,1742848786,138934.5233,1742848902,22934.5233,Kafka
67e1c3c13224ef1ddaea98db,1742848786,138945.221,1742848902,22945.221,Kafka
67e1c3c13224ef1ddaea98dc,1742848786,138946.6069,1742848902,22946.6069,Kafka
67e1c3c13224ef1ddaea98df,1742848786,138950.7345,1742848902,22950.7345,Kafka
67e1c3c13224ef1ddaea98d9,1742848786,138942.2817,1742848902,22942.2817,Kafka
67e1c3c13224ef1ddaea98e4,1742848786,138958.493,1742848902,22958.493,Kafka
67e1c3c13224ef1ddaea98e3,1742848786,138957.1147,1742848902,22957.1147,Kafka
67e1c3c13224ef1ddaea98c5,1742848786,138912.7516,1742848902,22912.7516,Kafka
67e1c3c13224ef1ddaea98c3,1742848786,138909.9682,1742848902,22909.9682,Kafka
67e1c3c13224ef1ddaea98cd,1742848786,138924.575,1742848902,22924.575,Kafka
67e1c3c13224ef1ddaea98d5,1742848786,138935.9869,1742848902,22935.9869,Kafka
67e1c3c13224ef1ddaea98dd,1742848786,138948.0149,1742848902,22948.0149,Kafka
67e1c3c13224ef1ddaea98e5,1742848786,138959.8833,1742848902,22959.8833,Kafka
67e1c3c13224ef1ddaea98d7,1742848786,138938.909,1742848902,22938.909,Kafka
67e1c3c13224ef1ddaea98a7,1742848786,138844.5512,1742848902,22844.5512,Kafka
67e1c3c13224ef1ddaea98ab,1742848786,138850.8361,1742848902,22850.8361,Kafka
67e1c3c13224ef1ddaea98af,1742848786,138856.213,1742848902,22856.213,Kafka
67e1c3c13224ef1ddaea98b3,1742848786,138862.2547,1742848902,22862.2547,Kafka
67e1c3c13224ef1ddaea98b7,1742848786,138891.5538,1742848902,22891.5538,Kafka
67e1c3c13224ef1ddaea98bf,1742848786,138903.6265,1742848902,22903.6265,Kafka
67e1c3c13224ef1ddaea98cc,1742848786,138922.5702,1742848902,22922.5702,Kafka
67e1c3c13224ef1ddaea98d0,1742848786,138928.8872,1742848902,22928.8872,Kafka
67e1c3c13224ef1ddaea98a8,1742848786,138846.103,1742848902,22846.103,Kafka
67e1c3c13224ef1ddaea98b0,1742848786,138857.5585,1742848902,22857.5585,Kafka
67e1c3c13224ef1ddaea98aa,1742848786,138849.4808,1742848902,22849.4808,Kafka
67e1c3c13224ef1ddaea98ae,1742848786,138854.8508,1742848902,22854.8508,Kafka
67e1c3c13224ef1ddaea98b1,1742848786,138858.9662,1742848902,22858.9662,Kafka
67e1c3c13224ef1ddaea98b2,1742848786,138860.4023,1742848902,22860.4023,Kafka
67e1c3c13224ef1ddaea98b6,1742848786,138866.5202,1742848902,22866.5202,Kafka
67e1c3c13224ef1ddaea98b8,1742848786,138893.8279,1742848902,22893.8279,Kafka
67e1c3c13224ef1ddaea98ba,1742848786,138896.6013,1742848902,22896.6013,Kafka
67e1c3c13224ef1ddaea98be,1742848786,138902.2233,1742848902,22902.2233,Kafka
67e1c3c13224ef1ddaea98c0,1742848786,138905.0579,1742848902,22905.0579,Kafka
67e1c3c13224ef1ddaea98c1,1742848786,138906.4275,1742848902,22906.4275,Kafka
67e1c3c13224ef1ddaea98c2,1742848786,138907.96,1742848902,22907.96,Kafka
67e1c3c13224ef1ddaea98c6,1742848786,138914.1494,1742848902,22914.1494,Kafka
67e1c3c13224ef1ddaea98c8,1742848786,138916.9295,1742848902,22916.9295,Kafka
67e1c3c13224ef1ddaea98ca,1742848786,138919.7269,1742848902,22919.7269,Kafka
67e1c3c13224ef1ddaea98ce,1742848786,138926.1216,1742848902,22926.1216,Kafka
67e1c3c13224ef1ddaea98ac,1742848786,138852.2028,1742848902,22852.2028,Kafka
67e1c3c13224ef1ddaea98d1,1742848786,138930.2948,1742848902,22930.2948,Kafka
67e1c3c13224ef1ddaea98d2,1742848786,138931.72,1742848902,22931.72,Kafka
67e1c3c13224ef1ddaea98d6,1742848786,138937.3796,1742848902,22937.3796,Kafka
67e1c3c13224ef1ddaea98d8,1742848786,138940.8636,1742848902,22940.8636,Kafka
67e1c3c13224ef1ddaea98da,1742848786,138943.8147,1742848902,22943.8147,Kafka
67e1c3c13224ef1ddaea98de,1742848786,138949.3755,1742848902,22949.3755,Kafka
67e1c3c13224ef1ddaea98e0,1742848786,138952.1371,1742848902,22952.1371,Kafka
67e1c3c13224ef1ddaea98e1,1742848786,138953.6129,1742848902,22953.6129,Kafka
67e1c3c13224ef1ddaea98e2,1742848786,138955.6599,1742848902,22955.6599,Kafka
67e1c3c13224ef1ddaea98e6,1742848786,138961.277,1742848902,22961.277,Kafka
67e1c3c13224ef1ddaea987d,1742848786,138781.8092,1742848901,23781.8092,Kafka
67e1c3c13224ef1ddaea9877,1742848786,138771.5422,1742848901,23771.5422,Kafka
67e1c3c13224ef1ddaea9869,1742848786,138751.2622,1742848901,23751.2622,Kafka
67e1c3c13224ef1ddaea9867,1742848786,138748.5975,1742848901,23748.5975,Kafka
67e1c3c13224ef1ddaea988c,1742848786,138805.2294,1742848901,23805.2294,Kafka
67e1c3c13224ef1ddaea9894,1742848786,138817.619,1742848901,23817.619,Kafka
67e1c3c13224ef1ddaea9895,1742848786,138819.0983,1742848901,23819.0983,Kafka
67e1c3c13224ef1ddaea9899,1742848786,138824.749,1742848901,23824.749,Kafka
67e1c3c13224ef1ddaea98a4,1742848786,138840.4264,1742848901,23840.4264,Kafka
67e1c3c13224ef1ddaea98a5,1742848786,138841.7785,1742848901,23841.7785,Kafka
67e1c3c13224ef1ddaea9884,1742848786,138792.7705,1742848901,23792.7705,Kafka
67e1c3c13224ef1ddaea9889,1742848786,138800.5329,1742848901,23800.5329,Kafka
67e1c3c13224ef1ddaea9887,1742848786,138797.0659,1742848901,23797.0659,Kafka
67e1c3c13224ef1ddaea988b,1742848786,138803.6371,1742848901,23803.6371,Kafka
67e1c3c13224ef1ddaea988f,1742848786,138809.8578,1742848901,23809.8578,Kafka
67e1c3c13224ef1ddaea9893,1742848786,138816.1798,1742848901,23816.1798,Kafka
67e1c3c13224ef1ddaea9885,1742848786,138794.2288,1742848901,23794.2288,Kafka
67e1c3c13224ef1ddaea988d,1742848786,138806.7961,1742848901,23806.7961,Kafka
67e1c3c13224ef1ddaea9897,1742848786,138821.8932,1742848901,23821.8932,Kafka
67e1c3c13224ef1ddaea989b,1742848786,138827.5257,1742848901,23827.5257,Kafka
67e1c3c13224ef1ddaea989f,1742848786,138833.4807,1742848901,23833.4807,Kafka
67e1c3c13224ef1ddaea98a3,1742848786,138839.0538,1742848901,23839.0538,Kafka
67e1c3c13224ef1ddaea989d,1742848786,138830.3004,1742848901,23830.3004,Kafka
67e1c3c13224ef1ddaea989c,1742848786,138828.8849,1742848901,23828.8849,Kafka
67e1c3c13224ef1ddaea986b,1742848786,138754.5843,1742848901,23754.5843,Kafka
67e1c3c13224ef1ddaea9873,1742848786,138765.4449,1742848901,23765.4449,Kafka
67e1c3c13224ef1ddaea986f,1742848786,138760.0603,1742848901,23760.0603,Kafka
67e1c3c13224ef1ddaea987b,1742848786,138778.8713,1742848901,23778.8713,Kafka
67e1c3c13224ef1ddaea987c,1742848786,138780.3038,1742848901,23780.3038,Kafka
67e1c3c13224ef1ddaea9883,1742848786,138791.2713,1742848901,23791.2713,Kafka
67e1c3c13224ef1ddaea987f,1742848786,138785.3751,1742848901,23785.3751,Kafka
67e1c3c13224ef1ddaea9870,1742848786,138761.4154,1742848901,23761.4154,Kafka
67e1c3c13224ef1ddaea9875,1742848786,138768.223,1742848901,23768.223,Kafka
67e1c3c13224ef1ddaea986c,1742848786,138755.9856,1742848901,23755.9856,Kafka
67e1c3c13224ef1ddaea986d,1742848786,138757.3318,1742848901,23757.3318,Kafka
67e1c3c13224ef1ddaea9874,1742848786,138766.7899,1742848901,23766.7899,Kafka
67e1c3c13224ef1ddaea9878,1742848786,138772.9185,1742848901,23772.9185,Kafka
67e1c3c13224ef1ddaea9868,1742848786,138749.9304,1742848901,23749.9304,Kafka
67e1c3c13224ef1ddaea986a,1742848786,138752.8207,1742848901,23752.8207,Kafka
67e1c3c13224ef1ddaea986e,1742848786,138758.6832,1742848901,23758.6832,Kafka
67e1c3c13224ef1ddaea9871,1742848786,138762.7459,1742848901,23762.7459,Kafka
67e1c3c13224ef1ddaea9872,1742848786,138764.0942,1742848901,23764.0942,Kafka
67e1c3c13224ef1ddaea9876,1742848786,138770.1157,1742848901,23770.1157,Kafka
67e1c3c13224ef1ddaea9879,1742848786,138774.727,1742848901,23774.727,Kafka
67e1c3c13224ef1ddaea987a,1742848786,138776.8142,1742848901,23776.8142,Kafka
67e1c3c13224ef1ddaea987e,1742848786,138783.3926,1742848901,23783.3926,Kafka
67e1c3c13224ef1ddaea9880,1742848786,138786.7233,1742848901,23786.7233,Kafka
67e1c3c13224ef1ddaea9881,1742848786,138788.1825,1742848901,23788.1825,Kafka
67e1c3c13224ef1ddaea9882,1742848786,138789.7592,1742848901,23789.7592,Kafka
67e1c3c13224ef1ddaea9886,1742848786,138795.6499,1742848901,23795.6499,Kafka
67e1c3c13224ef1ddaea9888,1742848786,138798.4403,1742848901,23798.4403,Kafka
67e1c3c13224ef1ddaea988a,1742848786,138802.1337,1742848901,23802.1337,Kafka
67e1c3c13224ef1ddaea988e,1742848786,138808.3174,1742848901,23808.3174,Kafka
67e1c3c13224ef1ddaea9890,1742848786,138811.2733,1742848901,23811.2733,Kafka
67e1c3c13224ef1ddaea9891,1742848786,138812.7059,1742848901,23812.7059,Kafka
67e1c3c13224ef1ddaea9892,1742848786,138814.2172,1742848901,23814.2172,Kafka
67e1c3c13224ef1ddaea9896,1742848786,138820.5044,1742848901,23820.5044,Kafka
67e1c3c13224ef1ddaea9898,1742848786,138823.3124,1742848901,23823.3124,Kafka
67e1c3c13224ef1ddaea989a,1742848786,138826.1486,1742848901,23826.1486,Kafka
67e1c3c13224ef1ddaea989e,1742848786,138832.0624,1742848901,23832.0624,Kafka
67e1c3c13224ef1ddaea98a0,1742848786,138834.9208,1742848901,23834.9208,Kafka
67e1c3c13224ef1ddaea98a1,1742848786,138836.2428,1742848901,23836.2428,Kafka
67e1c3c13224ef1ddaea98a2,1742848786,138837.6273,1742848901,23837.6273,Kafka
67e1c3c13224ef1ddaea98a6,1742848786,138843.179,1742848901,23843.179,Kafka
67e1c3c13224ef1ddaea9845,1742848786,138699.3245,1742848900,24699.3245,Kafka
67e1c3c13224ef1ddaea983d,1742848786,138687.4365,1742848900,24687.4365,Kafka
67e1c3c13224ef1ddaea983c,1742848786,138685.953,1742848900,24685.953,Kafka
67e1c3c13224ef1ddaea9839,1742848786,138681.5449,1742848900,24681.5449,Kafka
67e1c3c13224ef1ddaea9843,1742848786,138696.4919,1742848900,24696.4919,Kafka
67e1c3c13224ef1ddaea9834,1742848786,138673.3382,1742848900,24673.3382,Kafka
67e1c3c13224ef1ddaea9835,1742848786,138674.9396,1742848900,24674.9396,Kafka
67e1c3c13224ef1ddaea984b,1742848786,138708.3559,1742848900,24708.3559,Kafka
67e1c3c13224ef1ddaea9859,1742848786,138728.8029,1742848900,24728.8029,Kafka
67e1c3c13224ef1ddaea9855,1742848786,138723.3342,1742848900,24723.3342,Kafka
67e1c3c13224ef1ddaea9857,1742848786,138726.0467,1742848900,24726.0467,Kafka
67e1c3c13224ef1ddaea985d,1742848786,138734.2341,1742848900,24734.2341,Kafka
67e1c3c13224ef1ddaea984d,1742848786,138711.3158,1742848900,24711.3158,Kafka
67e1c3c13224ef1ddaea9853,1742848786,138719.9119,1742848900,24719.9119,Kafka
67e1c3c13224ef1ddaea984f,1742848786,138714.2894,1742848900,24714.2894,Kafka
67e1c3c13224ef1ddaea9854,1742848786,138721.3507,1742848900,24721.3507,Kafka
67e1c3c13224ef1ddaea985b,1742848786,138731.5132,1742848900,24731.5132,Kafka
67e1c3c13224ef1ddaea985c,1742848786,138732.8799,1742848900,24732.8799,Kafka
67e1c3c13224ef1ddaea9849,1742848786,138704.8517,1742848900,24704.8517,Kafka
67e1c3c13224ef1ddaea985f,1742848786,138737.1167,1742848900,24737.1167,Kafka
67e1c3c13224ef1ddaea9863,1742848786,138743.228,1742848900,24743.228,Kafka
67e1c3c13224ef1ddaea9864,1742848786,138744.6041,1742848900,24744.6041,Kafka
67e1c3c13224ef1ddaea9865,1742848786,138745.9379,1742848900,24745.9379,Kafka
67e1c3c13224ef1ddaea9827,1742848786,138647.0316,1742848900,24647.0316,Kafka
67e1c3c13224ef1ddaea982b,1742848786,138652.7545,1742848900,24652.7545,Kafka
67e1c3c13224ef1ddaea982f,1742848786,138659.8594,1742848900,24659.8594,Kafka
67e1c3c13224ef1ddaea9833,1742848786,138671.763,1742848900,24671.763,Kafka
67e1c3c13224ef1ddaea9829,1742848786,138649.9025,1742848900,24649.9025,Kafka
67e1c3c13224ef1ddaea9837,1742848786,138678.592,1742848900,24678.592,Kafka
67e1c3c13224ef1ddaea983b,1742848786,138684.4777,1742848900,24684.4777,Kafka
67e1c3c13224ef1ddaea983f,1742848786,138690.3625,1742848900,24690.3625,Kafka
67e1c3c13224ef1ddaea9847,1742848786,138702.1115,1742848900,24702.1115,Kafka
67e1c3c13224ef1ddaea9844,1742848786,138697.9244,1742848900,24697.9244,Kafka
67e1c3c13224ef1ddaea984c,1742848786,138709.7894,1742848900,24709.7894,Kafka
67e1c3c13224ef1ddaea9828,1742848786,138648.4661,1742848900,24648.4661,Kafka
67e1c3c13224ef1ddaea982a,1742848786,138651.3323,1742848900,24651.3323,Kafka
67e1c3c13224ef1ddaea982e,1742848786,138657.3541,1742848900,24657.3541,Kafka
67e1c3c13224ef1ddaea9830,1742848786,138664.3813,1742848900,24664.3813,Kafka
67e1c3c13224ef1ddaea9831,1742848786,138668.4284,1742848900,24668.4284,Kafka
67e1c3c13224ef1ddaea9832,1742848786,138670.1782,1742848900,24670.1782,Kafka
67e1c3c13224ef1ddaea9836,1742848786,138677.0853,1742848900,24677.0853,Kafka
67e1c3c13224ef1ddaea9838,1742848786,138680.0344,1742848900,24680.0344,Kafka
67e1c3c13224ef1ddaea983a,1742848786,138682.9656,1742848900,24682.9656,Kafka
67e1c3c13224ef1ddaea983e,1742848786,138688.869,1742848900,24688.869,Kafka
67e1c3c13224ef1ddaea9840,1742848786,138692.2329,1742848900,24692.2329,Kafka
67e1c3c13224ef1ddaea9841,1742848786,138693.6583,1742848900,24693.6583,Kafka
67e1c3c13224ef1ddaea9842,1742848786,138695.0571,1742848900,24695.0571,Kafka
67e1c3c13224ef1ddaea9846,1742848786,138700.7376,1742848900,24700.7376,Kafka
67e1c3c13224ef1ddaea9848,1742848786,138703.4846,1742848900,24703.4846,Kafka
67e1c3c13224ef1ddaea984a,1742848786,138706.4942,1742848900,24706.4942,Kafka
67e1c3c13224ef1ddaea984e,1742848786,138712.7749,1742848900,24712.7749,Kafka
67e1c3c13224ef1ddaea982d,1742848786,138655.7699,1742848900,24655.7699,Kafka
67e1c3c13224ef1ddaea9850,1742848786,138715.6685,1742848900,24715.6685,Kafka
67e1c3c13224ef1ddaea9851,1742848786,138717.0712,1742848900,24717.0712,Kafka
67e1c3c13224ef1ddaea9852,1742848786,138718.4528,1742848900,24718.4528,Kafka
67e1c3c13224ef1ddaea9856,1742848786,138724.6889,1742848900,24724.6889,Kafka
67e1c3c13224ef1ddaea9858,1742848786,138727.4007,1742848900,24727.4007,Kafka
67e1c3c13224ef1ddaea985a,1742848786,138730.141,1742848900,24730.141,Kafka
67e1c3c13224ef1ddaea985e,1742848786,138735.632,1742848900,24735.632,Kafka
67e1c3c13224ef1ddaea9860,1742848786,138739.1586,1742848900,24739.1586,Kafka
67e1c3c13224ef1ddaea9861,1742848786,138740.5086,1742848900,24740.5086,Kafka
67e1c3c13224ef1ddaea9862,1742848786,138741.8497,1742848900,24741.8497,Kafka
67e1c3c13224ef1ddaea982c,1742848786,138654.1765,1742848900,24654.1765,Kafka
67e1c3c13224ef1ddaea9866,1742848786,138747.2745,1742848900,24747.2745,Kafka
67e1c3c13224ef1ddaea97fd,1742848786,138566.5148,1742848899,25566.5148,Kafka
67e1c3c13224ef1ddaea97fc,1742848786,138564.6284,1742848899,25564.6284,Kafka
67e1c3c13224ef1ddaea97fb,1742848786,138562.8997,1742848899,25562.8997,Kafka
67e1c3c13224ef1ddaea97e9,1742848786,138511.1796,1742848899,25511.1796,Kafka
67e1c3c13224ef1ddaea9803,1742848786,138576.7109,1742848899,25576.7109,Kafka
67e1c3c13224ef1ddaea97e7,1742848786,138507.0558,1742848899,25507.0558,Kafka
67e1c3c13224ef1ddaea97eb,1742848786,138522.4762,1742848899,25522.4762,Kafka
67e1c3c13224ef1ddaea981d,1742848786,138631.242,1742848899,25631.242,Kafka
67e1c3c13224ef1ddaea981c,1742848786,138629.6209,1742848899,25629.6209,Kafka
67e1c3c13224ef1ddaea9819,1742848786,138624.8525,1742848899,25624.8525,Kafka
67e1c3c13224ef1ddaea9809,1742848786,138586.4842,1742848899,25586.4842,Kafka
67e1c3c13224ef1ddaea9823,1742848786,138640.3576,1742848899,25640.3576,Kafka
67e1c3c13224ef1ddaea980d,1742848786,138593.6585,1742848899,25593.6585,Kafka
67e1c3c13224ef1ddaea980b,1742848786,138589.6757,1742848899,25589.6757,Kafka
67e1c3c13224ef1ddaea9815,1742848786,138619.2126,1742848899,25619.2126,Kafka
67e1c3c13224ef1ddaea9814,1742848786,138617.7693,1742848899,25617.7693,Kafka
67e1c3c13224ef1ddaea9807,1742848786,138582.9374,1742848899,25582.9374,Kafka
67e1c3c13224ef1ddaea980f,1742848786,138605.8141,1742848899,25605.8141,Kafka
67e1c3c13224ef1ddaea9813,1742848786,138615.4182,1742848899,25615.4182,Kafka
67e1c3c13224ef1ddaea9817,1742848786,138622.0525,1742848899,25622.0525,Kafka
67e1c3c13224ef1ddaea981b,1742848786,138627.6278,1742848899,25627.6278,Kafka
67e1c3c13224ef1ddaea981f,1742848786,138634.1079,1742848899,25634.1079,Kafka
67e1c3c13224ef1ddaea9825,1742848786,138643.3405,1742848899,25643.3405,Kafka
67e1c3c13224ef1ddaea9824,1742848786,138641.8015,1742848899,25641.8015,Kafka
67e1c3c13224ef1ddaea97ef,1742848786,138540.0169,1742848899,25540.0169,Kafka
67e1c3c13224ef1ddaea97f7,1742848786,138555.5966,1742848899,25555.5966,Kafka
67e1c3c13224ef1ddaea97f3,1742848786,138547.2107,1742848899,25547.2107,Kafka
67e1c3c13224ef1ddaea97ff,1742848786,138570.5576,1742848899,25570.5576,Kafka
67e1c3c13224ef1ddaea9805,1742848786,138579.7824,1742848899,25579.7824,Kafka
67e1c3c13224ef1ddaea9804,1742848786,138578.2102,1742848899,25578.2102,Kafka
67e1c3c13224ef1ddaea97ec,1742848786,138533.8075,1742848899,25533.8075,Kafka
67e1c3c13224ef1ddaea97f4,1742848786,138549.1491,1742848899,25549.1491,Kafka
67e1c3c13224ef1ddaea97f5,1742848786,138551.0573,1742848899,25551.0573,Kafka
67e1c3c13224ef1ddaea97f8,1742848786,138557.5042,1742848899,25557.5042,Kafka
67e1c3c13224ef1ddaea97ed,1742848786,138536.3531,1742848899,25536.3531,Kafka
67e1c3c13224ef1ddaea980c,1742848786,138591.2368,1742848899,25591.2368,Kafka
67e1c3c13224ef1ddaea9810,1742848786,138607.4587,1742848899,25607.4587,Kafka
67e1c3c13224ef1ddaea97e8,1742848786,138508.5787,1742848899,25508.5787,Kafka
67e1c3c13224ef1ddaea97ea,1742848786,138517.1354,1742848899,25517.1354,Kafka
67e1c3c13224ef1ddaea97ee,1742848786,138538.1692,1742848899,25538.1692,Kafka
67e1c3c13224ef1ddaea97f0,1742848786,138541.707,1742848899,25541.707,Kafka
67e1c3c13224ef1ddaea97f1,1742848786,138543.4939,1742848899,25543.4939,Kafka
67e1c3c13224ef1ddaea97f2,1742848786,138545.4029,1742848899,25545.4029,Kafka
67e1c3c13224ef1ddaea97f6,1742848786,138553.6118,1742848899,25553.6118,Kafka
67e1c3c13224ef1ddaea97f9,1742848786,138559.333,1742848899,25559.333,Kafka
67e1c3c13224ef1ddaea97fa,1742848786,138561.1624,1742848899,25561.1624,Kafka
67e1c3c13224ef1ddaea97fe,1742848786,138568.7593,1742848899,25568.7593,Kafka
67e1c3c13224ef1ddaea9800,1742848786,138572.0889,1742848899,25572.0889,Kafka
67e1c3c13224ef1ddaea9801,1742848786,138573.6519,1742848899,25573.6519,Kafka
67e1c3c13224ef1ddaea9802,1742848786,138575.1293,1742848899,25575.1293,Kafka
67e1c3c13224ef1ddaea9806,1742848786,138581.3119,1742848899,25581.3119,Kafka
67e1c3c13224ef1ddaea9808,1742848786,138584.9345,1742848899,25584.9345,Kafka
67e1c3c13224ef1ddaea980a,1742848786,138588.0584,1742848899,25588.0584,Kafka
67e1c3c13224ef1ddaea980e,1742848786,138603.8109,1742848899,25603.8109,Kafka
67e1c3c13224ef1ddaea9811,1742848786,138609.0285,1742848899,25609.0285,Kafka
67e1c3c13224ef1ddaea9812,1742848786,138610.7344,1742848899,25610.7344,Kafka
67e1c3c13224ef1ddaea9816,1742848786,138620.6172,1742848899,25620.6172,Kafka
67e1c3c13224ef1ddaea9818,1742848786,138623.4383,1742848899,25623.4383,Kafka
67e1c3c13224ef1ddaea981a,1742848786,138626.2104,1742848899,25626.2104,Kafka
67e1c3c13224ef1ddaea981e,1742848786,138632.6764,1742848899,25632.6764,Kafka
67e1c3c13224ef1ddaea9820,1742848786,138635.6556,1742848899,25635.6556,Kafka
67e1c3c13224ef1ddaea9821,1742848786,138637.1579,1742848899,25637.1579,Kafka
67e1c3c13224ef1ddaea9822,1742848786,138638.7443,1742848899,25638.7443,Kafka
67e1c3c13224ef1ddaea9826,1742848786,138645.4176,1742848899,25645.4176,Kafka
67e1c3c13224ef1ddaea97ab,1742848786,138139.3601,1742848898,26139.3601,Kafka
67e1c3c13224ef1ddaea97bf,1742848786,138435.5176,1742848898,26435.5176,Kafka
67e1c3c13224ef1ddaea97c3,1742848786,138441.32,1742848898,26441.32,Kafka
67e1c3c13224ef1ddaea97bc,1742848786,138431.0835,1742848898,26431.0835,Kafka
67e1c3c13224ef1ddaea97c7,1742848786,138448.1476,1742848898,26448.1476,Kafka
67e1c3c13224ef1ddaea97c4,1742848786,138443.0126,1742848898,26443.0126,Kafka
67e1c3c13224ef1ddaea97bb,1742848786,138429.3496,1742848898,26429.3496,Kafka
67e1c3c13224ef1ddaea97a7,1742848786,138101.4617,1742848898,26101.4617,Kafka
67e1c3c13224ef1ddaea97af,1742848786,138288.6314,1742848898,26288.6314,Kafka
67e1c3c13224ef1ddaea97b3,1742848786,138411.791,1742848898,26411.791,Kafka
67e1c3c13224ef1ddaea97b7,1742848786,138420.067,1742848898,26420.067,Kafka
67e1c3c13224ef1ddaea97d9,1742848786,138484.69,1742848898,26484.69,Kafka
67e1c3c13224ef1ddaea97dd,1742848786,138491.3459,1742848898,26491.3459,Kafka
67e1c3c13224ef1ddaea97dc,1742848786,138489.2784,1742848898,26489.2784,Kafka
67e1c3c13224ef1ddaea97d4,1742848786,138477.2637,1742848898,26477.2637,Kafka
67e1c3c13224ef1ddaea97db,1742848786,138487.6768,1742848898,26487.6768,Kafka
67e1c3c13224ef1ddaea97cd,1742848786,138456.91,1742848898,26456.91,Kafka
67e1c3c13224ef1ddaea97d5,1742848786,138478.7351,1742848898,26478.7351,Kafka
67e1c3c13224ef1ddaea97cf,1742848786,138460.7049,1742848898,26460.7049,Kafka
67e1c3c13224ef1ddaea97d7,1742848786,138481.7471,1742848898,26481.7471,Kafka
67e1c3c13224ef1ddaea97d3,1742848786,138475.7565,1742848898,26475.7565,Kafka
67e1c3c13224ef1ddaea97df,1742848786,138494.3256,1742848898,26494.3256,Kafka
67e1c3c13224ef1ddaea97cb,1742848786,138453.9858,1742848898,26453.9858,Kafka
67e1c3c13224ef1ddaea97e3,1742848786,138500.263,1742848898,26500.263,Kafka
67e1c3c13224ef1ddaea97e5,1742848786,138503.3272,1742848898,26503.3272,Kafka
67e1c3c13224ef1ddaea97e4,1742848786,138501.7083,1742848898,26501.7083,Kafka
67e1c3c13224ef1ddaea97a9,1742848786,138136.5294,1742848898,26136.5294,Kafka
67e1c3c13224ef1ddaea97ad,1742848786,138196.2338,1742848898,26196.2338,Kafka
67e1c3c13224ef1ddaea97b5,1742848786,138417.0626,1742848898,26417.0626,Kafka
67e1c3c13224ef1ddaea97b4,1742848786,138414.6919,1742848898,26414.6919,Kafka
67e1c3c13224ef1ddaea97b9,1742848786,138425.1559,1742848898,26425.1559,Kafka
67e1c3c13224ef1ddaea97bd,1742848786,138432.6004,1742848898,26432.6004,Kafka
67e1c3c13224ef1ddaea97c5,1742848786,138445.0926,1742848898,26445.0926,Kafka
67e1c3c13224ef1ddaea97c9,1742848786,138451.1142,1742848898,26451.1142,Kafka
67e1c3c13224ef1ddaea97c0,1742848786,138436.9781,1742848898,26436.9781,Kafka
67e1c3c13224ef1ddaea97cc,1742848786,138455.4371,1742848898,26455.4371,Kafka
67e1c3c13224ef1ddaea97ac,1742848786,138194.2018,1742848898,26194.2018,Kafka
67e1c3c13224ef1ddaea97a8,1742848786,138133.4039,1742848898,26133.4039,Kafka
67e1c3c13224ef1ddaea97aa,1742848786,138137.926,1742848898,26137.926,Kafka
67e1c3c13224ef1ddaea97ae,1742848786,138256.234,1742848898,26256.234,Kafka
67e1c3c13224ef1ddaea97b0,1742848786,138290.3055,1742848898,26290.3055,Kafka
67e1c3c13224ef1ddaea97b1,1742848786,138319.8762,1742848898,26319.8762,Kafka
67e1c3c13224ef1ddaea97b2,1742848786,138349.2284,1742848898,26349.2284,Kafka
67e1c3c13224ef1ddaea97b6,1742848786,138418.4453,1742848898,26418.4453,Kafka
67e1c3c13224ef1ddaea97b8,1742848786,138423.2962,1742848898,26423.2962,Kafka
67e1c3c13224ef1ddaea97ba,1742848786,138427.0647,1742848898,26427.0647,Kafka
67e1c3c13224ef1ddaea97be,1742848786,138434.0522,1742848898,26434.0522,Kafka
67e1c3c13224ef1ddaea97c1,1742848786,138438.3445,1742848898,26438.3445,Kafka
67e1c3c13224ef1ddaea97c2,1742848786,138439.8418,1742848898,26439.8418,Kafka
67e1c3c13224ef1ddaea97c6,1742848786,138446.6298,1742848898,26446.6298,Kafka
67e1c3c13224ef1ddaea97c8,1742848786,138449.63,1742848898,26449.63,Kafka
67e1c3c13224ef1ddaea97ca,1742848786,138452.5634,1742848898,26452.5634,Kafka
67e1c3c13224ef1ddaea97ce,1742848786,138458.573,1742848898,26458.573,Kafka
67e1c3c13224ef1ddaea97d0,1742848786,138464.3665,1742848898,26464.3665,Kafka
67e1c3c13224ef1ddaea97d1,1742848786,138471.6205,1742848898,26471.6205,Kafka
67e1c3c13224ef1ddaea97d2,1742848786,138473.5607,1742848898,26473.5607,Kafka
67e1c3c13224ef1ddaea97d6,1742848786,138480.2269,1742848898,26480.2269,Kafka
67e1c3c13224ef1ddaea97d8,1742848786,138483.2152,1742848898,26483.2152,Kafka
67e1c3c13224ef1ddaea97da,1742848786,138486.1714,1742848898,26486.1714,Kafka
67e1c3c13224ef1ddaea97de,1742848786,138492.7896,1742848898,26492.7896,Kafka
67e1c3c13224ef1ddaea97e0,1742848786,138495.768,1742848898,26495.768,Kafka
67e1c3c13224ef1ddaea97e1,1742848786,138497.2978,1742848898,26497.2978,Kafka
67e1c3c13224ef1ddaea97e2,1742848786,138498.7801,1742848898,26498.7801,Kafka
67e1c3c13224ef1ddaea97e6,1742848786,138504.9205,1742848898,26504.9205,Kafka
67e1c3c13224ef1ddaea978b,1742848786,137732.3193,1742848897,26732.3193,Kafka
67e1c3c13224ef1ddaea979f,1742848786,137980.7363,1742848897,26980.7363,Kafka
67e1c3c13224ef1ddaea97a3,1742848786,138071.7176,1742848897,27071.7176,Kafka
67e1c3c13224ef1ddaea979c,1742848786,137949.9133,1742848897,26949.9133,Kafka
67e1c3c13224ef1ddaea97a4,1742848786,138073.1729,1742848897,27073.1729,Kafka
67e1c3c13224ef1ddaea978f,1742848786,137766.0253,1742848897,26766.0253,Kafka
67e1c3c13224ef1ddaea9793,1742848786,137795.189,1742848897,26795.189,Kafka
67e1c3c13224ef1ddaea9797,1742848786,137886.0137,1742848897,26886.0137,Kafka
67e1c3c13224ef1ddaea978d,1742848786,137763.3084,1742848897,26763.3084,Kafka
67e1c3c13224ef1ddaea9795,1742848786,137855.2952,1742848897,26855.2952,Kafka
67e1c3c13224ef1ddaea9794,1742848786,137853.19,1742848897,26853.19,Kafka
67e1c3c13224ef1ddaea9799,1742848786,137918.2131,1742848897,26918.2131,Kafka
67e1c3c13224ef1ddaea979d,1742848786,137977.2041,1742848897,26977.2041,Kafka
67e1c3c13224ef1ddaea9789,1742848786,137702.4797,1742848897,26702.4797,Kafka
67e1c3c13224ef1ddaea979b,1742848786,137948.4341,1742848897,26948.4341,Kafka
67e1c3c13224ef1ddaea97a5,1742848786,138074.5353,1742848897,27074.5353,Kafka
67e1c3c13224ef1ddaea976f,1742848786,137319.7187,1742848897,26319.7187,Kafka
67e1c3c13224ef1ddaea9777,1742848786,137439.4059,1742848897,26439.4059,Kafka
67e1c3c13224ef1ddaea9773,1742848786,137404.6305,1742848897,26404.6305,Kafka
67e1c3c13224ef1ddaea977f,1742848786,137535.8798,1742848897,26535.8798,Kafka
67e1c3c13224ef1ddaea9785,1742848786,137637.0604,1742848897,26637.0604,Kafka
67e1c3c13224ef1ddaea9787,1742848786,137699.1037,1742848897,26699.1037,Kafka
67e1c3c13224ef1ddaea976c,1742848786,137315.3601,1742848897,26315.3601,Kafka
67e1c3c13224ef1ddaea9768,1742848786,137279.5584,1742848897,26279.5584,Kafka
67e1c3c13224ef1ddaea9770,1742848786,137342.3693,1742848897,26342.3693,Kafka
67e1c3c13224ef1ddaea9774,1742848786,137407.444,1742848897,26407.444,Kafka
67e1c3c13224ef1ddaea9780,1742848786,137538.725,1742848897,26538.725,Kafka
67e1c3c13224ef1ddaea9775,1742848786,137435.5504,1742848897,26435.5504,Kafka
67e1c3c13224ef1ddaea978c,1742848786,137761.917,1742848897,26761.917,Kafka
67e1c3c13224ef1ddaea976d,1742848786,137316.8157,1742848897,26316.8157,Kafka
67e1c3c13224ef1ddaea9790,1742848786,137767.3653,1742848897,26767.3653,Kafka
67e1c3c13224ef1ddaea976a,1742848786,137312.4641,1742848897,26312.4641,Kafka
67e1c3c13224ef1ddaea976e,1742848786,137318.2831,1742848897,26318.2831,Kafka
67e1c3c13224ef1ddaea9771,1742848786,137344.296,1742848897,26344.296,Kafka
67e1c3c13224ef1ddaea9772,1742848786,137372.6615,1742848897,26372.6615,Kafka
67e1c3c13224ef1ddaea9776,1742848786,137437.9855,1742848897,26437.9855,Kafka
67e1c3c13224ef1ddaea9778,1742848786,137440.754,1742848897,26440.754,Kafka
67e1c3c13224ef1ddaea977a,1742848786,137466.443,1742848897,26466.443,Kafka
67e1c3c13224ef1ddaea977e,1742848786,137533.4942,1742848897,26533.4942,Kafka
67e1c3c13224ef1ddaea9781,1742848786,137540.795,1742848897,26540.795,Kafka
67e1c3c13224ef1ddaea9782,1742848786,137574.2654,1742848897,26574.2654,Kafka
67e1c3c13224ef1ddaea9786,1742848786,137667.0947,1742848897,26667.0947,Kafka
67e1c3c13224ef1ddaea9788,1742848786,137701.0339,1742848897,26701.0339,Kafka
67e1c3c13224ef1ddaea978a,1742848786,137730.2922,1742848897,26730.2922,Kafka
67e1c3c13224ef1ddaea978e,1742848786,137764.6824,1742848897,26764.6824,Kafka
67e1c3c13224ef1ddaea9791,1742848786,137791.1454,1742848897,26791.1454,Kafka
67e1c3c13224ef1ddaea9792,1742848786,137793.709,1742848897,26793.709,Kafka
67e1c3c13224ef1ddaea9796,1742848786,137856.7878,1742848897,26856.7878,Kafka
67e1c3c13224ef1ddaea9798,1742848786,137916.7349,1742848897,26916.7349,Kafka
67e1c3c13224ef1ddaea979a,1742848786,137946.176,1742848897,26946.176,Kafka
67e1c3c13224ef1ddaea979e,1742848786,137979.326,1742848897,26979.326,Kafka
67e1c3c13224ef1ddaea97a0,1742848786,137982.1768,1742848897,26982.1768,Kafka
67e1c3c13224ef1ddaea97a1,1742848786,137983.6247,1742848897,26983.6247,Kafka
67e1c3c13224ef1ddaea97a2,1742848786,138039.233,1742848897,27039.233,Kafka
67e1c3c13224ef1ddaea97a6,1742848786,138075.9336,1742848897,27075.9336,Kafka
67e1c3c13224ef1ddaea9779,1742848786,137442.0945,1742848897,26442.0945,Kafka
67e1c3c13224ef1ddaea977d,1742848786,137531.8677,1742848897,26531.8677,Kafka
67e1c3c13224ef1ddaea977c,1742848786,137530.1991,1742848897,26530.1991,Kafka
67e1c3c13224ef1ddaea977b,1742848786,137527.6673,1742848897,26527.6673,Kafka
67e1c3c13224ef1ddaea9769,1742848786,137310.543,1742848897,26310.543,Kafka
67e1c3c13224ef1ddaea9784,1742848786,137605.3363,1742848897,26605.3363,Kafka
67e1c3c13224ef1ddaea9783,1742848786,137576.6465,1742848897,26576.6465,Kafka
67e1c3c13224ef1ddaea9767,1742848786,137248.6271,1742848897,26248.6271,Kafka
67e1c3c13224ef1ddaea9766,1742848786,137190.9642,1742848897,26190.9642,Kafka
67e1c3c13224ef1ddaea976b,1742848786,137313.9234,1742848897,26313.9234,Kafka
67e1c3c13224ef1ddaea974d,1742848786,136759.2096,1742848896,26759.2096,Kafka
67e1c3c13224ef1ddaea9755,1742848786,136878.4302,1742848896,26878.4302,Kafka
67e1c3c13224ef1ddaea974f,1742848786,136787.2383,1742848896,26787.2383,Kafka
67e1c3c13224ef1ddaea9757,1742848786,136938.4738,1742848896,26938.4738,Kafka
67e1c3c13224ef1ddaea9753,1742848786,136846.5531,1742848896,26846.5531,Kafka
67e1c3c13224ef1ddaea975f,1742848786,137064.6583,1742848896,27064.6583,Kafka
67e1c3c13224ef1ddaea9749,1742848786,136752.3768,1742848896,26752.3768,Kafka
67e1c3c13224ef1ddaea9764,1742848786,137187.5286,1742848896,27187.5286,Kafka
67e1c3c13224ef1ddaea9727,1742848786,135946.2481,1742848896,25946.2481,Kafka
67e1c3c13224ef1ddaea972b,1742848786,136071.7159,1742848896,26071.7159,Kafka
67e1c3c13224ef1ddaea972f,1742848786,136163.5063,1742848896,26163.5063,Kafka
67e1c3c13224ef1ddaea9733,1742848786,136228.1801,1742848896,26228.1801,Kafka
67e1c3c13224ef1ddaea9729,1742848786,136008.3544,1742848896,26008.3544,Kafka
67e1c3c13224ef1ddaea9737,1742848786,136292.3611,1742848896,26292.3611,Kafka
67e1c3c13224ef1ddaea973b,1742848786,136382.646,1742848896,26382.646,Kafka
67e1c3c13224ef1ddaea973f,1742848786,136445.3318,1742848896,26445.3318,Kafka
67e1c3c13224ef1ddaea9745,1742848786,136629.3116,1742848896,26629.3116,Kafka
67e1c3c13224ef1ddaea9739,1742848786,136319.3513,1742848896,26319.3513,Kafka
67e1c3c13224ef1ddaea9743,1742848786,136535.6699,1742848896,26535.6699,Kafka
67e1c3c13224ef1ddaea9740,1742848786,136446.7318,1742848896,26446.7318,Kafka
67e1c3c13224ef1ddaea974c,1742848786,136757.7662,1742848896,26757.7662,Kafka
67e1c3c13224ef1ddaea9750,1742848786,136789.0074,1742848896,26789.0074,Kafka
67e1c3c13224ef1ddaea9760,1742848786,137093.3663,1742848896,27093.3663,Kafka
67e1c3c13224ef1ddaea972d,1742848786,136074.8098,1742848896,26074.8098,Kafka
67e1c3c13224ef1ddaea972c,1742848786,136073.3827,1742848896,26073.3827,Kafka
67e1c3c13224ef1ddaea9728,1742848786,135948.3784,1742848896,25948.3784,Kafka
67e1c3c13224ef1ddaea972a,1742848786,136039.3348,1742848896,26039.3348,Kafka
67e1c3c13224ef1ddaea972e,1742848786,136101.3099,1742848896,26101.3099,Kafka
67e1c3c13224ef1ddaea9731,1742848786,136194.3958,1742848896,26194.3958,Kafka
67e1c3c13224ef1ddaea9732,1742848786,136225.5486,1742848896,26225.5486,Kafka
67e1c3c13224ef1ddaea9736,1742848786,136290.9085,1742848896,26290.9085,Kafka
67e1c3c13224ef1ddaea9738,1742848786,136293.721,1742848896,26293.721,Kafka
67e1c3c13224ef1ddaea973a,1742848786,136380.4356,1742848896,26380.4356,Kafka
67e1c3c13224ef1ddaea973e,1742848786,136443.3023,1742848896,26443.3023,Kafka
67e1c3c13224ef1ddaea9741,1742848786,136474.7387,1742848896,26474.7387,Kafka
67e1c3c13224ef1ddaea9742,1742848786,136477.2776,1742848896,26477.2776,Kafka
67e1c3c13224ef1ddaea9746,1742848786,136660.5808,1742848896,26660.5808,Kafka
67e1c3c13224ef1ddaea9748,1742848786,136691.4911,1742848896,26691.4911,Kafka
67e1c3c13224ef1ddaea974a,1742848786,136754.5336,1742848896,26754.5336,Kafka
67e1c3c13224ef1ddaea974e,1742848786,136784.8817,1742848896,26784.8817,Kafka
67e1c3c13224ef1ddaea9751,1742848786,136790.4683,1742848896,26790.4683,Kafka
67e1c3c13224ef1ddaea9752,1742848786,136816.043,1742848896,26816.043,Kafka
67e1c3c13224ef1ddaea9756,1742848786,136880.1413,1742848896,26880.1413,Kafka
67e1c3c13224ef1ddaea9758,1742848786,136970.6272,1742848896,26970.6272,Kafka
67e1c3c13224ef1ddaea975a,1742848786,136973.5605,1742848896,26973.5605,Kafka
67e1c3c13224ef1ddaea975e,1742848786,137062.4039,1742848896,27062.4039,Kafka
67e1c3c13224ef1ddaea9761,1742848786,137126.9331,1742848896,27126.9331,Kafka
67e1c3c13224ef1ddaea9762,1742848786,137156.6506,1742848896,27156.6506,Kafka
67e1c3c13224ef1ddaea9730,1742848786,136165.5095,1742848896,26165.5095,Kafka
67e1c3c13224ef1ddaea9765,1742848786,137189.5662,1742848896,27189.5662,Kafka
67e1c3c13224ef1ddaea9744,1742848786,136597.4931,1742848896,26597.4931,Kafka
67e1c3c13224ef1ddaea973d,1742848786,136413.4469,1742848896,26413.4469,Kafka
67e1c3c13224ef1ddaea973c,1742848786,136411.3762,1742848896,26411.3762,Kafka
67e1c3c13224ef1ddaea9747,1742848786,136662.5032,1742848896,26662.5032,Kafka
67e1c3c13224ef1ddaea9726,1742848786,135916.0332,1742848896,25916.0332,Kafka
67e1c3c13224ef1ddaea9734,1742848786,136287.3436,1742848896,26287.3436,Kafka
67e1c3c13224ef1ddaea9735,1742848786,136289.5244,1742848896,26289.5244,Kafka
67e1c3c13224ef1ddaea974b,1742848786,136756.3338,1742848896,26756.3338,Kafka
67e1c3c13224ef1ddaea9754,1742848786,136876.4552,1742848896,26876.4552,Kafka
67e1c3c13224ef1ddaea9759,1742848786,136972.182,1742848896,26972.182,Kafka
67e1c3c13224ef1ddaea975d,1742848786,137002.669,1742848896,27002.669,Kafka
67e1c3c13224ef1ddaea975c,1742848786,137000.3644,1742848896,27000.3644,Kafka
67e1c3c13224ef1ddaea975b,1742848786,136974.9292,1742848896,26974.9292,Kafka
67e1c3c13224ef1ddaea9763,1742848786,137158.7217,1742848896,27158.7217,Kafka
67e1c3c13224ef1ddaea9704,1742848786,135342.5165,1742848895,26342.5165,Kafka
67e1c3c13224ef1ddaea9705,1742848786,135344.3447,1742848895,26344.3447,Kafka
67e1c3c13224ef1ddaea9707,1742848786,135372.6036,1742848895,26372.6036,Kafka
67e1c3c13224ef1ddaea970f,1742848786,135468.4344,1742848895,26468.4344,Kafka
67e1c3c13224ef1ddaea9713,1742848786,135589.578,1742848895,26589.578,Kafka
67e1c3c13224ef1ddaea9717,1742848786,135655.2786,1742848895,26655.2786,Kafka
67e1c3c13224ef1ddaea971b,1742848786,135777.0151,1742848895,26777.0151,Kafka
67e1c3c13224ef1ddaea971f,1742848786,135814.4008,1742848895,26814.4008,Kafka
67e1c3c13224ef1ddaea9709,1742848786,135376.0791,1742848895,26376.0791,Kafka
67e1c3c13224ef1ddaea9724,1742848786,135909.2301,1742848895,26909.2301,Kafka
67e1c3c13224ef1ddaea9723,1742848786,135868.9534,1742848895,26868.9534,Kafka
67e1c3c13224ef1ddaea96e7,1742848786,134691.2117,1742848895,25691.2117,Kafka
67e1c3c13224ef1ddaea96eb,1742848786,134783.5819,1742848895,25783.5819,Kafka
67e1c3c13224ef1ddaea96ef,1742848786,134910.2613,1742848895,25910.2613,Kafka
67e1c3c13224ef1ddaea96f3,1742848786,135033.7645,1742848895,26033.7645,Kafka
67e1c3c13224ef1ddaea96e9,1742848786,134752.5631,1742848895,25752.5631,Kafka
67e1c3c13224ef1ddaea96f7,1742848786,135096.549,1742848895,26096.549,Kafka
67e1c3c13224ef1ddaea96fb,1742848786,135156.7509,1742848895,26156.7509,Kafka
67e1c3c13224ef1ddaea96ff,1742848786,135218.4582,1742848895,26218.4582,Kafka
67e1c3c13224ef1ddaea9703,1742848786,135315.6932,1742848895,26315.6932,Kafka
67e1c3c13224ef1ddaea96f9,1742848786,135124.642,1742848895,26124.642,Kafka
67e1c3c13224ef1ddaea96ec,1742848786,134845.6873,1742848895,25845.6873,Kafka
67e1c3c13224ef1ddaea96f0,1742848786,134939.5318,1742848895,25939.5318,Kafka
67e1c3c13224ef1ddaea96f4,1742848786,135035.438,1742848895,26035.438,Kafka
67e1c3c13224ef1ddaea96f5,1742848786,135062.6285,1742848895,26062.6285,Kafka
67e1c3c13224ef1ddaea970c,1742848786,135403.6462,1742848895,26403.6462,Kafka
67e1c3c13224ef1ddaea9710,1742848786,135496.5895,1742848895,26496.5895,Kafka
67e1c3c13224ef1ddaea96ed,1742848786,134848.1321,1742848895,25848.1321,Kafka
67e1c3c13224ef1ddaea96e6,1742848786,134689.8131,1742848895,25689.8131,Kafka
67e1c3c13224ef1ddaea96e8,1742848786,134721.5143,1742848895,25721.5143,Kafka
67e1c3c13224ef1ddaea96ea,1742848786,134754.8651,1742848895,25754.8651,Kafka
67e1c3c13224ef1ddaea96ee,1742848786,134907.6816,1742848895,25907.6816,Kafka
67e1c3c13224ef1ddaea96f1,1742848786,135000.7609,1742848895,26000.7609,Kafka
67e1c3c13224ef1ddaea96f2,1742848786,135031.6547,1742848895,26031.6547,Kafka
67e1c3c13224ef1ddaea96f6,1742848786,135094.5665,1742848895,26094.5665,Kafka
67e1c3c13224ef1ddaea96f8,1742848786,135098.04,1742848895,26098.04,Kafka
67e1c3c13224ef1ddaea96fa,1742848786,135126.9641,1742848895,26126.9641,Kafka
67e1c3c13224ef1ddaea96fe,1742848786,135191.8346,1742848895,26191.8346,Kafka
67e1c3c13224ef1ddaea9700,1742848786,135279.5643,1742848895,26279.5643,Kafka
67e1c3c13224ef1ddaea9701,1742848786,135311.692,1742848895,26311.692,Kafka
67e1c3c13224ef1ddaea9702,1742848786,135313.6839,1742848895,26313.6839,Kafka
67e1c3c13224ef1ddaea9706,1742848786,135345.7145,1742848895,26345.7145,Kafka
67e1c3c13224ef1ddaea9708,1742848786,135374.6669,1742848895,26374.6669,Kafka
67e1c3c13224ef1ddaea970a,1742848786,135377.5447,1742848895,26377.5447,Kafka
67e1c3c13224ef1ddaea970e,1742848786,135466.4605,1742848895,26466.4605,Kafka
67e1c3c13224ef1ddaea9711,1742848786,135498.7268,1742848895,26498.7268,Kafka
67e1c3c13224ef1ddaea9712,1742848786,135527.8191,1742848895,26527.8191,Kafka
67e1c3c13224ef1ddaea9716,1742848786,135651.9428,1742848895,26651.9428,Kafka
67e1c3c13224ef1ddaea9718,1742848786,135657.0938,1742848895,26657.0938,Kafka
67e1c3c13224ef1ddaea971a,1742848786,135744.7128,1742848895,26744.7128,Kafka
67e1c3c13224ef1ddaea971e,1742848786,135812.1874,1742848895,26812.1874,Kafka
67e1c3c13224ef1ddaea9720,1742848786,135816.3738,1742848895,26816.3738,Kafka
67e1c3c13224ef1ddaea9721,1742848786,135838.7021,1742848895,26838.7021,Kafka
67e1c3c13224ef1ddaea9722,1742848786,135840.808,1742848895,26840.808,Kafka
67e1c3c13224ef1ddaea9725,1742848786,135914.4299,1742848895,26914.4299,Kafka
67e1c3c13224ef1ddaea96fd,1742848786,135190.2697,1742848895,26190.2697,Kafka
67e1c3c13224ef1ddaea96fc,1742848786,135187.996,1742848895,26187.996,Kafka
67e1c3c13224ef1ddaea96e5,1742848786,134688.3906,1742848895,25688.3906,Kafka
67e1c3c13224ef1ddaea971d,1742848786,135810.368,1742848895,26810.368,Kafka
67e1c3c13224ef1ddaea971c,1742848786,135807.917,1742848895,26807.917,Kafka
67e1c3c13224ef1ddaea9719,1742848786,135683.7698,1742848895,26683.7698,Kafka
67e1c3c13224ef1ddaea970d,1742848786,135435.5981,1742848895,26435.5981,Kafka
67e1c3c13224ef1ddaea970b,1742848786,135378.9822,1742848895,26378.9822,Kafka
67e1c3c13224ef1ddaea9715,1742848786,135623.777,1742848895,26623.777,Kafka
67e1c3c13224ef1ddaea9714,1742848786,135621.6532,1742848895,26621.6532,Kafka
67e1c3c13224ef1ddaea96cd,1742848786,134402.4752,1742848894,26402.4752,Kafka
67e1c3c13224ef1ddaea96cf,1742848786,134411.3542,1742848894,26411.3542,Kafka
67e1c3c13224ef1ddaea96d3,1742848786,134514.6245,1742848894,26514.6245,Kafka
67e1c3c13224ef1ddaea96cb,1742848786,134397.1537,1742848894,26397.1537,Kafka
67e1c3c13224ef1ddaea96d7,1742848786,134551.4237,1742848894,26551.4237,Kafka
67e1c3c13224ef1ddaea96db,1742848786,134613.1048,1742848894,26613.1048,Kafka
67e1c3c13224ef1ddaea96df,1742848786,134680.0693,1742848894,26680.0693,Kafka
67e1c3c13224ef1ddaea96c9,1742848786,134365.2457,1742848894,26365.2457,Kafka
67e1c3c13224ef1ddaea96e4,1742848786,134686.9804,1742848894,26686.9804,Kafka
67e1c3c13224ef1ddaea96e3,1742848786,134685.6019,1742848894,26685.6019,Kafka
67e1c3c13224ef1ddaea96a7,1742848786,133763.1274,1742848894,25763.1274,Kafka
67e1c3c13224ef1ddaea96ab,1742848786,133768.6963,1742848894,25768.6963,Kafka
67e1c3c13224ef1ddaea96af,1742848786,133809.3815,1742848894,25809.3815,Kafka
67e1c3c13224ef1ddaea96b3,1742848786,133844.3107,1742848894,25844.3107,Kafka
67e1c3c13224ef1ddaea96a9,1742848786,133765.9126,1742848894,25765.9126,Kafka
67e1c3c13224ef1ddaea96b7,1742848786,133900.8588,1742848894,25900.8588,Kafka
67e1c3c13224ef1ddaea96bb,1742848786,134024.7548,1742848894,26024.7548,Kafka
67e1c3c13224ef1ddaea96bf,1742848786,134118.0825,1742848894,26118.0825,Kafka
67e1c3c13224ef1ddaea96c4,1742848786,134214.2609,1742848894,26214.2609,Kafka
67e1c3c13224ef1ddaea96c3,1742848786,134212.8941,1742848894,26212.8941,Kafka
67e1c3c13224ef1ddaea96c1,1742848786,134179.0155,1742848894,26179.0155,Kafka
67e1c3c13224ef1ddaea96cc,1742848786,134399.2112,1742848894,26399.2112,Kafka
67e1c3c13224ef1ddaea96c0,1742848786,134120.0127,1742848894,26120.0127,Kafka
67e1c3c13224ef1ddaea96d0,1742848786,134413.4598,1742848894,26413.4598,Kafka
67e1c3c13224ef1ddaea96c7,1742848786,134302.9298,1742848894,26302.9298,Kafka
67e1c3c13224ef1ddaea96ac,1742848786,133770.1314,1742848894,25770.1314,Kafka
67e1c3c13224ef1ddaea96a6,1742848786,133761.2609,1742848894,25761.2609,Kafka
67e1c3c13224ef1ddaea96a8,1742848786,133764.555,1742848894,25764.555,Kafka
67e1c3c13224ef1ddaea96aa,1742848786,133767.3376,1742848894,25767.3376,Kafka
67e1c3c13224ef1ddaea96ae,1742848786,133807.0514,1742848894,25807.0514,Kafka
67e1c3c13224ef1ddaea96b0,1742848786,133838.2754,1742848894,25838.2754,Kafka
67e1c3c13224ef1ddaea96b1,1742848786,133840.7761,1742848894,25840.7761,Kafka
67e1c3c13224ef1ddaea96b2,1742848786,133842.5274,1742848894,25842.5274,Kafka
67e1c3c13224ef1ddaea96b6,1742848786,133872.3562,1742848894,25872.3562,Kafka
67e1c3c13224ef1ddaea96b8,1742848786,133903.058,1742848894,25903.058,Kafka
67e1c3c13224ef1ddaea96ba,1742848786,133993.5276,1742848894,25993.5276,Kafka
67e1c3c13224ef1ddaea96be,1742848786,134088.7259,1742848894,26088.7259,Kafka
67e1c3c13224ef1ddaea96c2,1742848786,134210.9826,1742848894,26210.9826,Kafka
67e1c3c13224ef1ddaea96c6,1742848786,134243.4007,1742848894,26243.4007,Kafka
67e1c3c13224ef1ddaea96c8,1742848786,134305.1081,1742848894,26305.1081,Kafka
67e1c3c13224ef1ddaea96ca,1742848786,134369.4746,1742848894,26369.4746,Kafka
67e1c3c13224ef1ddaea96ce,1742848786,134409.7221,1742848894,26409.7221,Kafka
67e1c3c13224ef1ddaea96d1,1742848786,134442.568,1742848894,26442.568,Kafka
67e1c3c13224ef1ddaea96d2,1742848786,134473.7365,1742848894,26473.7365,Kafka
67e1c3c13224ef1ddaea96d6,1742848786,134519.8645,1742848894,26519.8645,Kafka
67e1c3c13224ef1ddaea96d8,1742848786,134554.5198,1742848894,26554.5198,Kafka
67e1c3c13224ef1ddaea96da,1742848786,134558.31,1742848894,26558.31,Kafka
67e1c3c13224ef1ddaea96de,1742848786,134678.6791,1742848894,26678.6791,Kafka
67e1c3c13224ef1ddaea96e0,1742848786,134681.4681,1742848894,26681.4681,Kafka
67e1c3c13224ef1ddaea96e1,1742848786,134682.857,1742848894,26682.857,Kafka
67e1c3c13224ef1ddaea96e2,1742848786,134684.2269,1742848894,26684.2269,Kafka
67e1c3c13224ef1ddaea96bd,1742848786,134086.8481,1742848894,26086.8481,Kafka
67e1c3c13224ef1ddaea96bc,1742848786,134055.915,1742848894,26055.915,Kafka
67e1c3c13224ef1ddaea96c5,1742848786,134240.9459,1742848894,26240.9459,Kafka
67e1c3c13224ef1ddaea96b9,1742848786,133932.0888,1742848894,25932.0888,Kafka
67e1c3c13224ef1ddaea96a5,1742848786,133734.2215,1742848894,25734.2215,Kafka
67e1c3c13224ef1ddaea96a4,1742848786,133732.7719,1742848894,25732.7719,Kafka
67e1c3c13224ef1ddaea96ad,1742848786,133771.5548,1742848894,25771.5548,Kafka
67e1c3c13224ef1ddaea96b4,1742848786,133868.9637,1742848894,25868.9637,Kafka
67e1c3c13224ef1ddaea96d4,1742848786,134516.4986,1742848894,26516.4986,Kafka
67e1c3c13224ef1ddaea96dd,1742848786,134677.2862,1742848894,26677.2862,Kafka
67e1c3c13224ef1ddaea96dc,1742848786,134675.1275,1742848894,26675.1275,Kafka
67e1c3c13224ef1ddaea96b5,1742848786,133870.9316,1742848894,25870.9316,Kafka
67e1c3c13224ef1ddaea96d9,1742848786,134556.5841,1742848894,26556.5841,Kafka
67e1c3c13224ef1ddaea96d5,1742848786,134518.1946,1742848894,26518.1946,Kafka
67e1c3c13224ef1ddaea9687,1742848786,133404.8293,1742848893,26404.8293,Kafka
67e1c3c13224ef1ddaea968f,1742848786,133558.9185,1742848893,26558.9185,Kafka
67e1c3c13224ef1ddaea9693,1742848786,133652.0715,1742848893,26652.0715,Kafka
67e1c3c13224ef1ddaea9697,1742848786,133688.7621,1742848893,26688.7621,Kafka
67e1c3c13224ef1ddaea969b,1742848786,133719.8286,1742848893,26719.8286,Kafka
67e1c3c13224ef1ddaea969f,1742848786,133725.3199,1742848893,26725.3199,Kafka
67e1c3c13224ef1ddaea9689,1742848786,133408.3713,1742848893,26408.3713,Kafka
67e1c3c13224ef1ddaea96a3,1742848786,133731.3371,1742848893,26731.3371,Kafka
67e1c3c13224ef1ddaea9699,1742848786,133716.908,1742848893,26716.908,Kafka
67e1c3c13224ef1ddaea966c,1742848786,132939.6491,1742848893,25939.6491,Kafka
67e1c3c13224ef1ddaea9667,1742848786,132783.7936,1742848893,25783.7936,Kafka
67e1c3c13224ef1ddaea966b,1742848786,132909.0638,1742848893,25909.0638,Kafka
67e1c3c13224ef1ddaea966f,1742848786,133001.1618,1742848893,26001.1618,Kafka
67e1c3c13224ef1ddaea9673,1742848786,133034.0037,1742848893,26034.0037,Kafka
67e1c3c13224ef1ddaea9669,1742848786,132845.9573,1742848893,25845.9573,Kafka
67e1c3c13224ef1ddaea9677,1742848786,133095.2241,1742848893,26095.2241,Kafka
67e1c3c13224ef1ddaea967b,1742848786,133187.115,1742848893,26187.115,Kafka
67e1c3c13224ef1ddaea967f,1742848786,133253.6846,1742848893,26253.6846,Kafka
67e1c3c13224ef1ddaea9685,1742848786,133374.8959,1742848893,26374.8959,Kafka
67e1c3c13224ef1ddaea9679,1742848786,133098.8636,1742848893,26098.8636,Kafka
67e1c3c13224ef1ddaea9668,1742848786,132814.847,1742848893,25814.847,Kafka
67e1c3c13224ef1ddaea9670,1742848786,133008.5371,1742848893,26008.5371,Kafka
67e1c3c13224ef1ddaea9674,1742848786,133035.5782,1742848893,26035.5782,Kafka
67e1c3c13224ef1ddaea9675,1742848786,133062.9764,1742848893,26062.9764,Kafka
67e1c3c13224ef1ddaea968c,1742848786,133497.0793,1742848893,26497.0793,Kafka
67e1c3c13224ef1ddaea966d,1742848786,132970.8295,1742848893,25970.8295,Kafka
67e1c3c13224ef1ddaea966a,1742848786,132876.8263,1742848893,25876.8263,Kafka
67e1c3c13224ef1ddaea966e,1742848786,132973.0097,1742848893,25973.0097,Kafka
67e1c3c13224ef1ddaea9671,1742848786,133010.3051,1742848893,26010.3051,Kafka
67e1c3c13224ef1ddaea9672,1742848786,133031.8913,1742848893,26031.8913,Kafka
67e1c3c13224ef1ddaea9676,1742848786,133065.1908,1742848893,26065.1908,Kafka
67e1c3c13224ef1ddaea9678,1742848786,133097.315,1742848893,26097.315,Kafka
67e1c3c13224ef1ddaea967a,1742848786,133124.9908,1742848893,26124.9908,Kafka
67e1c3c13224ef1ddaea967e,1742848786,133252.0949,1742848893,26252.0949,Kafka
67e1c3c13224ef1ddaea9680,1742848786,133255.1044,1742848893,26255.1044,Kafka
67e1c3c13224ef1ddaea9681,1742848786,133279.8891,1742848893,26279.8891,Kafka
67e1c3c13224ef1ddaea9682,1742848786,133311.8002,1742848893,26311.8002,Kafka
67e1c3c13224ef1ddaea9686,1742848786,133376.419,1742848893,26376.419,Kafka
67e1c3c13224ef1ddaea9688,1742848786,133406.9527,1742848893,26406.9527,Kafka
67e1c3c13224ef1ddaea968a,1742848786,133409.8105,1742848893,26409.8105,Kafka
67e1c3c13224ef1ddaea968e,1742848786,133531.4278,1742848893,26531.4278,Kafka
67e1c3c13224ef1ddaea9690,1742848786,133561.0258,1742848893,26561.0258,Kafka
67e1c3c13224ef1ddaea9691,1742848786,133590.9985,1742848893,26590.9985,Kafka
67e1c3c13224ef1ddaea9692,1742848786,133621.9029,1742848893,26621.9029,Kafka
67e1c3c13224ef1ddaea9696,1742848786,133687.3404,1742848893,26687.3404,Kafka
67e1c3c13224ef1ddaea9698,1742848786,133714.9265,1742848893,26714.9265,Kafka
67e1c3c13224ef1ddaea969a,1742848786,133718.4106,1742848893,26718.4106,Kafka
67e1c3c13224ef1ddaea969e,1742848786,133723.9486,1742848893,26723.9486,Kafka
67e1c3c13224ef1ddaea96a0,1742848786,133726.6842,1742848893,26726.6842,Kafka
67e1c3c13224ef1ddaea96a1,1742848786,133728.0318,1742848893,26728.0318,Kafka
67e1c3c13224ef1ddaea96a2,1742848786,133729.467,1742848893,26729.467,Kafka
67e1c3c13224ef1ddaea967d,1742848786,133249.4446,1742848893,26249.4446,Kafka
67e1c3c13224ef1ddaea967c,1742848786,133217.9427,1742848893,26217.9427,Kafka
67e1c3c13224ef1ddaea9684,1742848786,133372.9768,1742848893,26372.9768,Kafka
67e1c3c13224ef1ddaea9683,1742848786,133343.4515,1742848893,26343.4515,Kafka
67e1c3c13224ef1ddaea9666,1742848786,132722.8491,1742848893,25722.8491,Kafka
67e1c3c13224ef1ddaea969d,1742848786,133722.56,1742848893,26722.56,Kafka
67e1c3c13224ef1ddaea969c,1742848786,133721.1754,1742848893,26721.1754,Kafka
67e1c3c13224ef1ddaea968d,1742848786,133529.2402,1742848893,26529.2402,Kafka
67e1c3c13224ef1ddaea968b,1742848786,133436.2929,1742848893,26436.2929,Kafka
67e1c3c13224ef1ddaea9695,1742848786,133685.9327,1742848893,26685.9327,Kafka
67e1c3c13224ef1ddaea9694,1742848786,133684.3138,1742848893,26684.3138,Kafka
67e1c3c13224ef1ddaea964d,1742848786,132194.7623,1742848892,26194.7623,Kafka
67e1c3c13224ef1ddaea964f,1742848786,132225.742,1742848892,26225.742,Kafka
67e1c3c13224ef1ddaea9653,1742848786,132318.7005,1742848892,26318.7005,Kafka
67e1c3c13224ef1ddaea964b,1742848786,132169.5707,1742848892,26169.5707,Kafka
67e1c3c13224ef1ddaea9657,1742848786,132444.1472,1742848892,26444.1472,Kafka
67e1c3c13224ef1ddaea965b,1742848786,132537.6353,1742848892,26537.6353,Kafka
67e1c3c13224ef1ddaea9649,1742848786,132166.7163,1742848892,26166.7163,Kafka
67e1c3c13224ef1ddaea965f,1742848786,132600.6226,1742848892,26600.6226,Kafka
67e1c3c13224ef1ddaea9664,1742848786,132631.6541,1742848892,26631.6541,Kafka
67e1c3c13224ef1ddaea9659,1742848786,132473.9814,1742848892,26473.9814,Kafka
67e1c3c13224ef1ddaea9640,1742848786,131978.0394,1742848892,25978.0394,Kafka
67e1c3c13224ef1ddaea964c,1742848786,132170.9634,1742848892,26170.9634,Kafka
67e1c3c13224ef1ddaea9650,1742848786,132227.9922,1742848892,26227.9922,Kafka
67e1c3c13224ef1ddaea9656,1742848786,132411.9274,1742848892,26411.9274,Kafka
67e1c3c13224ef1ddaea9627,1742848786,131419.6464,1742848892,25419.6464,Kafka
67e1c3c13224ef1ddaea9661,1742848786,132603.4848,1742848892,26603.4848,Kafka
67e1c3c13224ef1ddaea962b,1742848786,131512.5972,1742848892,25512.5972,Kafka
67e1c3c13224ef1ddaea962f,1742848786,131574.5694,1742848892,25574.5694,Kafka
67e1c3c13224ef1ddaea9633,1742848786,131698.9006,1742848892,25698.9006,Kafka
67e1c3c13224ef1ddaea9629,1742848786,131451.7069,1742848892,25451.7069,Kafka
67e1c3c13224ef1ddaea9637,1742848786,131762.9008,1742848892,25762.9008,Kafka
67e1c3c13224ef1ddaea963b,1742848786,131797.1159,1742848892,25797.1159,Kafka
67e1c3c13224ef1ddaea963f,1742848786,131948.5686,1742848892,25948.5686,Kafka
67e1c3c13224ef1ddaea9658,1742848786,132447.4838,1742848892,26447.4838,Kafka
67e1c3c13224ef1ddaea963d,1742848786,131884.9998,1742848892,25884.9998,Kafka
67e1c3c13224ef1ddaea963c,1742848786,131823.5103,1742848892,25823.5103,Kafka
67e1c3c13224ef1ddaea9626,1742848786,131388.698,1742848892,25388.698,Kafka
67e1c3c13224ef1ddaea9628,1742848786,131421.9944,1742848892,25421.9944,Kafka
67e1c3c13224ef1ddaea962a,1742848786,131481.8086,1742848892,25481.8086,Kafka
67e1c3c13224ef1ddaea9639,1742848786,131794.095,1742848892,25794.095,Kafka
67e1c3c13224ef1ddaea962e,1742848786,131547.7974,1742848892,25547.7974,Kafka
67e1c3c13224ef1ddaea9630,1742848786,131605.6777,1742848892,25605.6777,Kafka
67e1c3c13224ef1ddaea9631,1742848786,131667.6728,1742848892,25667.6728,Kafka
67e1c3c13224ef1ddaea9632,1742848786,131670.9676,1742848892,25670.9676,Kafka
67e1c3c13224ef1ddaea9636,1742848786,131760.7536,1742848892,25760.7536,Kafka
67e1c3c13224ef1ddaea9638,1742848786,131791.8445,1742848892,25791.8445,Kafka
67e1c3c13224ef1ddaea963a,1742848786,131795.6746,1742848892,25795.6746,Kafka
67e1c3c13224ef1ddaea963e,1742848786,131946.8804,1742848892,25946.8804,Kafka
67e1c3c13224ef1ddaea9641,1742848786,132039.6606,1742848892,26039.6606,Kafka
67e1c3c13224ef1ddaea9642,1742848786,132041.6891,1742848892,26041.6891,Kafka
67e1c3c13224ef1ddaea9646,1742848786,132073.8757,1742848892,26073.8757,Kafka
67e1c3c13224ef1ddaea9648,1742848786,132164.8407,1742848892,26164.8407,Kafka
67e1c3c13224ef1ddaea964a,1742848786,132168.1104,1742848892,26168.1104,Kafka
67e1c3c13224ef1ddaea964e,1742848786,132196.8611,1742848892,26196.8611,Kafka
67e1c3c13224ef1ddaea9651,1742848786,132256.7208,1742848892,26256.7208,Kafka
67e1c3c13224ef1ddaea9652,1742848786,132288.716,1742848892,26288.716,Kafka
67e1c3c13224ef1ddaea9644,1742848786,132044.5147,1742848892,26044.5147,Kafka
67e1c3c13224ef1ddaea965a,1742848786,132505.2515,1742848892,26505.2515,Kafka
67e1c3c13224ef1ddaea9647,1742848786,132132.9766,1742848892,26132.9766,Kafka
67e1c3c13224ef1ddaea9643,1742848786,132043.1681,1742848892,26043.1681,Kafka
67e1c3c13224ef1ddaea965e,1742848786,132598.6993,1742848892,26598.6993,Kafka
67e1c3c13224ef1ddaea9662,1742848786,132604.8734,1742848892,26604.8734,Kafka
67e1c3c13224ef1ddaea962c,1742848786,131543.8001,1742848892,25543.8001,Kafka
67e1c3c13224ef1ddaea9665,1742848786,132691.1539,1742848892,26691.1539,Kafka
67e1c3c13224ef1ddaea9625,1742848786,131360.2436,1742848892,25360.2436,Kafka
67e1c3c13224ef1ddaea962d,1742848786,131546.2275,1742848892,25546.2275,Kafka
67e1c3c13224ef1ddaea9635,1742848786,131729.6945,1742848892,25729.6945,Kafka
67e1c3c13224ef1ddaea9645,1742848786,132072.3904,1742848892,26072.3904,Kafka
67e1c3c13224ef1ddaea9660,1742848786,132602.0792,1742848892,26602.0792,Kafka
67e1c3c13224ef1ddaea9654,1742848786,132380.8159,1742848892,26380.8159,Kafka
67e1c3c13224ef1ddaea965d,1742848786,132569.1956,1742848892,26569.1956,Kafka
67e1c3c13224ef1ddaea965c,1742848786,132566.8391,1742848892,26566.8391,Kafka
67e1c3c13224ef1ddaea9663,1742848786,132629.7971,1742848892,26629.7971,Kafka
67e1c3c13224ef1ddaea9634,1742848786,131701.2671,1742848892,25701.2671,Kafka
67e1c3c13224ef1ddaea9655,1742848786,132383.12,1742848892,26383.12,Kafka
67e1c3c13224ef1ddaea9607,1742848786,130833.9483,1742848891,25833.9483,Kafka
67e1c3c13224ef1ddaea960f,1742848786,130955.2916,1742848891,25955.2916,Kafka
67e1c3c13224ef1ddaea9613,1742848786,131049.674,1742848891,26049.674,Kafka
67e1c3c13224ef1ddaea9617,1742848786,131144.1294,1742848891,26144.1294,Kafka
67e1c3c13224ef1ddaea961b,1742848786,131207.552,1742848891,26207.552,Kafka
67e1c3c13224ef1ddaea961f,1742848786,131297.1488,1742848891,26297.1488,Kafka
67e1c3c13224ef1ddaea9624,1742848786,131357.6672,1742848891,26357.6672,Kafka
67e1c3c13224ef1ddaea9619,1742848786,131203.7885,1742848891,26203.7885,Kafka
67e1c3c13224ef1ddaea95fb,1742848786,130645.7142,1742848891,25645.7142,Kafka
67e1c3c13224ef1ddaea95e6,1742848786,130145.5926,1742848891,25145.5926,Kafka
67e1c3c13224ef1ddaea95e9,1742848786,130210.7826,1742848891,25210.7826,Kafka
67e1c3c13224ef1ddaea95ea,1742848786,130241.9903,1742848891,25241.9903,Kafka
67e1c3c13224ef1ddaea95ec,1742848786,130274.915,1742848891,25274.915,Kafka
67e1c3c13224ef1ddaea95ed,1742848786,130334.9337,1742848891,25334.9337,Kafka
67e1c3c13224ef1ddaea95ee,1742848786,130365.658,1742848891,25365.658,Kafka
67e1c3c13224ef1ddaea95ef,1742848786,130401.2197,1742848891,25401.2197,Kafka
67e1c3c13224ef1ddaea95f0,1742848786,130428.7402,1742848891,25428.7402,Kafka
67e1c3c13224ef1ddaea95f1,1742848786,130430.9066,1742848891,25430.9066,Kafka
67e1c3c13224ef1ddaea95f2,1742848786,130458.6551,1742848891,25458.6551,Kafka
67e1c3c13224ef1ddaea95e5,1742848786,130144.1982,1742848891,25144.1982,Kafka
67e1c3c13224ef1ddaea95e8,1742848786,130180.662,1742848891,25180.662,Kafka
67e1c3c13224ef1ddaea95f5,1742848786,130520.6801,1742848891,25520.6801,Kafka
67e1c3c13224ef1ddaea95f4,1742848786,130462.5806,1742848891,25462.5806,Kafka
67e1c3c13224ef1ddaea95f6,1742848786,130522.794,1742848891,25522.794,Kafka
67e1c3c13224ef1ddaea95f8,1742848786,130583.7675,1742848891,25583.7675,Kafka
67e1c3c13224ef1ddaea95fa,1742848786,130613.6957,1742848891,25613.6957,Kafka
67e1c3c13224ef1ddaea95fe,1742848786,130709.3283,1742848891,25709.3283,Kafka
67e1c3c13224ef1ddaea9600,1742848786,130712.0822,1742848891,25712.0822,Kafka
67e1c3c13224ef1ddaea9601,1742848786,130739.732,1742848891,25739.732,Kafka
67e1c3c13224ef1ddaea9602,1742848786,130769.4867,1742848891,25769.4867,Kafka
67e1c3c13224ef1ddaea9606,1742848786,130832.5131,1742848891,25832.5131,Kafka
67e1c3c13224ef1ddaea9608,1742848786,130862.3866,1742848891,25862.3866,Kafka
67e1c3c13224ef1ddaea960a,1742848786,130895.3763,1742848891,25895.3763,Kafka
67e1c3c13224ef1ddaea960c,1742848786,130924.3212,1742848891,25924.3212,Kafka
67e1c3c13224ef1ddaea960e,1742848786,130927.583,1742848891,25927.583,Kafka
67e1c3c13224ef1ddaea9610,1742848786,130956.831,1742848891,25956.831,Kafka
67e1c3c13224ef1ddaea9611,1742848786,130986.3745,1742848891,25986.3745,Kafka
67e1c3c13224ef1ddaea9612,1742848786,131016.6105,1742848891,26016.6105,Kafka
67e1c3c13224ef1ddaea9616,1742848786,131142.525,1742848891,26142.525,Kafka
67e1c3c13224ef1ddaea9618,1742848786,131172.447,1742848891,26172.447,Kafka
67e1c3c13224ef1ddaea961a,1742848786,131206.1558,1742848891,26206.1558,Kafka
67e1c3c13224ef1ddaea961e,1742848786,131264.5827,1742848891,26264.5827,Kafka
67e1c3c13224ef1ddaea9620,1742848786,131298.666,1742848891,26298.666,Kafka
67e1c3c13224ef1ddaea9621,1742848786,131326.5593,1742848891,26326.5593,Kafka
67e1c3c13224ef1ddaea9622,1742848786,131328.3488,1742848891,26328.3488,Kafka
67e1c3c13224ef1ddaea95eb,1742848786,130244.6521,1742848891,25244.6521,Kafka
67e1c3c13224ef1ddaea95f3,1742848786,130460.9679,1742848891,25460.9679,Kafka
67e1c3c13224ef1ddaea95f7,1742848786,130551.7027,1742848891,25551.7027,Kafka
67e1c3c13224ef1ddaea95fc,1742848786,130676.4897,1742848891,25676.4897,Kafka
67e1c3c13224ef1ddaea95fd,1742848786,130707.4332,1742848891,25707.4332,Kafka
67e1c3c13224ef1ddaea95f9,1742848786,130585.3562,1742848891,25585.3562,Kafka
67e1c3c13224ef1ddaea95ff,1742848786,130710.7255,1742848891,25710.7255,Kafka
67e1c3c13224ef1ddaea95e7,1742848786,130146.9533,1742848891,25146.9533,Kafka
67e1c3c13224ef1ddaea9603,1742848786,130771.3133,1742848891,25771.3133,Kafka
67e1c3c13224ef1ddaea9604,1742848786,130772.8598,1742848891,25772.8598,Kafka
67e1c3c13224ef1ddaea9605,1742848786,130830.8344,1742848891,25830.8344,Kafka
67e1c3c13224ef1ddaea961d,1742848786,131233.5845,1742848891,26233.5845,Kafka
67e1c3c13224ef1ddaea961c,1742848786,131208.9801,1742848891,26208.9801,Kafka
67e1c3c13224ef1ddaea9623,1742848786,131330.4867,1742848891,26330.4867,Kafka
67e1c3c13224ef1ddaea9609,1742848786,130893.4308,1742848891,25893.4308,Kafka
67e1c3c13224ef1ddaea960d,1742848786,130926.2126,1742848891,25926.2126,Kafka
67e1c3c13224ef1ddaea960b,1742848786,130896.6989,1742848891,25896.6989,Kafka
67e1c3c13224ef1ddaea9615,1742848786,131140.5491,1742848891,26140.5491,Kafka
67e1c3c13224ef1ddaea9614,1742848786,131109.6057,1742848891,26109.6057,Kafka
67e1c3c13224ef1ddaea95a5,1742848786,129059.3471,1742848890,25059.3471,Kafka
67e1c3c13224ef1ddaea95a6,1742848786,129060.937,1742848890,25060.937,Kafka
67e1c3c13224ef1ddaea95a8,1742848786,129126.4253,1742848890,25126.4253,Kafka
67e1c3c13224ef1ddaea95a9,1742848786,129128.5895,1742848890,25128.5895,Kafka
67e1c3c13224ef1ddaea95aa,1742848786,129130.1557,1742848890,25130.1557,Kafka
67e1c3c13224ef1ddaea95ac,1742848786,129162.0756,1742848890,25162.0756,Kafka
67e1c3c13224ef1ddaea95ad,1742848786,129164.5295,1742848890,25164.5295,Kafka
67e1c3c13224ef1ddaea95ae,1742848786,129166.0087,1742848890,25166.0087,Kafka
67e1c3c13224ef1ddaea95af,1742848786,129167.4225,1742848890,25167.4225,Kafka
67e1c3c13224ef1ddaea95b0,1742848786,129204.5024,1742848890,25204.5024,Kafka
67e1c3c13224ef1ddaea95b1,1742848786,129206.5343,1742848890,25206.5343,Kafka
67e1c3c13224ef1ddaea95b2,1742848786,129233.7981,1742848890,25233.7981,Kafka
67e1c3c13224ef1ddaea95b4,1742848786,129237.2697,1742848890,25237.2697,Kafka
67e1c3c13224ef1ddaea95b5,1742848786,129238.7325,1742848890,25238.7325,Kafka
67e1c3c13224ef1ddaea95b6,1742848786,129240.232,1742848890,25240.232,Kafka
67e1c3c13224ef1ddaea95b8,1742848786,129264.735,1742848890,25264.735,Kafka
67e1c3c13224ef1ddaea95b9,1742848786,129296.8991,1742848890,25296.8991,Kafka
67e1c3c13224ef1ddaea95ba,1742848786,129299.1262,1742848890,25299.1262,Kafka
67e1c3c13224ef1ddaea95bc,1742848786,129327.6072,1742848890,25327.6072,Kafka
67e1c3c13224ef1ddaea95bd,1742848786,129329.3025,1742848890,25329.3025,Kafka
67e1c3c13224ef1ddaea95be,1742848786,129331.2057,1742848890,25331.2057,Kafka
67e1c3c13224ef1ddaea95bf,1742848786,129332.5418,1742848890,25332.5418,Kafka
67e1c3c13224ef1ddaea95c0,1742848786,129357.8052,1742848890,25357.8052,Kafka
67e1c3c13224ef1ddaea95c1,1742848786,129390.2497,1742848890,25390.2497,Kafka
67e1c3c13224ef1ddaea95c2,1742848786,129391.7538,1742848890,25391.7538,Kafka
67e1c3c13224ef1ddaea95c4,1742848786,129453.126,1742848890,25453.126,Kafka
67e1c3c13224ef1ddaea95c5,1742848786,129454.5555,1742848890,25454.5555,Kafka
67e1c3c13224ef1ddaea95c6,1742848786,129456.1795,1742848890,25456.1795,Kafka
67e1c3c13224ef1ddaea95c8,1742848786,129514.9401,1742848890,25514.9401,Kafka
67e1c3c13224ef1ddaea95c9,1742848786,129516.317,1742848890,25516.317,Kafka
67e1c3c13224ef1ddaea95ca,1742848786,129543.8077,1742848890,25543.8077,Kafka
67e1c3c13224ef1ddaea95cc,1742848786,129636.9241,1742848890,25636.9241,Kafka
67e1c3c13224ef1ddaea95cd,1742848786,129698.8137,1742848890,25698.8137,Kafka
67e1c3c13224ef1ddaea95ce,1742848786,129731.3943,1742848890,25731.3943,Kafka
67e1c3c13224ef1ddaea95cf,1742848786,129791.9179,1742848890,25791.9179,Kafka
67e1c3c13224ef1ddaea95d0,1742848786,129853.861,1742848890,25853.861,Kafka
67e1c3c13224ef1ddaea95d1,1742848786,129884.7679,1742848890,25884.7679,Kafka
67e1c3c13224ef1ddaea95d2,1742848786,129915.9551,1742848890,25915.9551,Kafka
67e1c3c13224ef1ddaea95d4,1742848786,129950.1183,1742848890,25950.1183,Kafka
67e1c3c13224ef1ddaea95d5,1742848786,129951.7579,1742848890,25951.7579,Kafka
67e1c3c13224ef1ddaea95d6,1742848786,129978.8669,1742848890,25978.8669,Kafka
67e1c3c13224ef1ddaea95d8,1742848786,130011.7352,1742848890,26011.7352,Kafka
67e1c3c13224ef1ddaea95d9,1742848786,130040.7269,1742848890,26040.7269,Kafka
67e1c3c13224ef1ddaea95da,1742848786,130070.7587,1742848890,26070.7587,Kafka
67e1c3c13224ef1ddaea95dc,1742848786,130101.7688,1742848890,26101.7688,Kafka
67e1c3c13224ef1ddaea95dd,1742848786,130104.1172,1742848890,26104.1172,Kafka
67e1c3c13224ef1ddaea95de,1742848786,130133.7163,1742848890,26133.7163,Kafka
67e1c3c13224ef1ddaea95df,1742848786,130135.7119,1742848890,26135.7119,Kafka
67e1c3c13224ef1ddaea95e0,1742848786,130137.1483,1742848890,26137.1483,Kafka
67e1c3c13224ef1ddaea95e1,1742848786,130138.5916,1742848890,26138.5916,Kafka
67e1c3c13224ef1ddaea95e2,1742848786,130140.0529,1742848890,26140.0529,Kafka
67e1c3c13224ef1ddaea95e3,1742848786,130141.4395,1742848890,26141.4395,Kafka
67e1c3c13224ef1ddaea95e4,1742848786,130142.7644,1742848890,26142.7644,Kafka
67e1c3c13224ef1ddaea95cb,1742848786,129574.758,1742848890,25574.758,Kafka
67e1c3c13224ef1ddaea95d3,1742848786,129946.9799,1742848890,25946.9799,Kafka
67e1c3c13224ef1ddaea95d7,1742848786,130009.8874,1742848890,26009.8874,Kafka
67e1c3c13224ef1ddaea95db,1742848786,130072.8373,1742848890,26072.8373,Kafka
67e1c3c13224ef1ddaea95ab,1742848786,129131.681,1742848890,25131.681,Kafka
67e1c3c13224ef1ddaea95b3,1742848786,129235.7267,1742848890,25235.7267,Kafka
67e1c3c13224ef1ddaea95b7,1742848786,129241.6992,1742848890,25241.6992,Kafka
67e1c3c13224ef1ddaea95bb,1742848786,129300.4793,1742848890,25300.4793,Kafka
67e1c3c13224ef1ddaea95a7,1742848786,129096.3338,1742848890,25096.3338,Kafka
67e1c3c13224ef1ddaea95c3,1742848786,129450.742,1742848890,25450.742,Kafka
67e1c3c13224ef1ddaea95c7,1742848786,129512.8048,1742848890,25512.8048,Kafka
67e1c3c13224ef1ddaea9565,1742848786,128057.0301,1742848889,25057.0301,Kafka
67e1c3c13224ef1ddaea9566,1742848786,128059.013,1742848889,25059.013,Kafka
67e1c3c13224ef1ddaea9568,1742848786,128061.8312,1742848889,25061.8312,Kafka
67e1c3c13224ef1ddaea9569,1742848786,128117.9359,1742848889,25117.9359,Kafka
67e1c3c13224ef1ddaea956a,1742848786,128120.0583,1742848889,25120.0583,Kafka
67e1c3c13224ef1ddaea956c,1742848786,128179.9165,1742848889,25179.9165,Kafka
67e1c3c13224ef1ddaea956d,1742848786,128181.9131,1742848889,25181.9131,Kafka
67e1c3c13224ef1ddaea956e,1742848786,128211.767,1742848889,25211.767,Kafka
67e1c3c13224ef1ddaea956f,1742848786,128243.3824,1742848889,25243.3824,Kafka
67e1c3c13224ef1ddaea9570,1742848786,128245.5722,1742848889,25245.5722,Kafka
67e1c3c13224ef1ddaea9571,1742848786,128247.0176,1742848889,25247.0176,Kafka
67e1c3c13224ef1ddaea9572,1742848786,128248.5566,1742848889,25248.5566,Kafka
67e1c3c13224ef1ddaea9574,1742848786,128251.2775,1742848889,25251.2775,Kafka
67e1c3c13224ef1ddaea9575,1742848786,128252.8408,1742848889,25252.8408,Kafka
67e1c3c13224ef1ddaea9576,1742848786,128288.3674,1742848889,25288.3674,Kafka
67e1c3c13224ef1ddaea9578,1742848786,128321.9404,1742848889,25321.9404,Kafka
67e1c3c13224ef1ddaea9579,1742848786,128323.3643,1742848889,25323.3643,Kafka
67e1c3c13224ef1ddaea957a,1742848786,128324.718,1742848889,25324.718,Kafka
67e1c3c13224ef1ddaea957c,1742848786,128412.6789,1742848889,25412.6789,Kafka
67e1c3c13224ef1ddaea957d,1742848786,128415.711,1742848889,25415.711,Kafka
67e1c3c13224ef1ddaea957e,1742848786,128417.233,1742848889,25417.233,Kafka
67e1c3c13224ef1ddaea957f,1742848786,128444.5107,1742848889,25444.5107,Kafka
67e1c3c13224ef1ddaea9580,1742848786,128474.4322,1742848889,25474.4322,Kafka
67e1c3c13224ef1ddaea9581,1742848786,128506.548,1742848889,25506.548,Kafka
67e1c3c13224ef1ddaea9582,1742848786,128538.4119,1742848889,25538.4119,Kafka
67e1c3c13224ef1ddaea9584,1742848786,128544.0019,1742848889,25544.0019,Kafka
67e1c3c13224ef1ddaea9585,1742848786,128567.4314,1742848889,25567.4314,Kafka
67e1c3c13224ef1ddaea9586,1742848786,128569.6944,1742848889,25569.6944,Kafka
67e1c3c13224ef1ddaea9588,1742848786,128630.7427,1742848889,25630.7427,Kafka
67e1c3c13224ef1ddaea9589,1742848786,128632.2512,1742848889,25632.2512,Kafka
67e1c3c13224ef1ddaea958a,1742848786,128633.63,1742848889,25633.63,Kafka
67e1c3c13224ef1ddaea958c,1742848786,128662.4761,1742848889,25662.4761,Kafka
67e1c3c13224ef1ddaea958d,1742848786,128663.9626,1742848889,25663.9626,Kafka
67e1c3c13224ef1ddaea958e,1742848786,128665.4137,1742848889,25665.4137,Kafka
67e1c3c13224ef1ddaea958f,1742848786,128722.4417,1742848889,25722.4417,Kafka
67e1c3c13224ef1ddaea9590,1742848786,128753.4125,1742848889,25753.4125,Kafka
67e1c3c13224ef1ddaea9591,1742848786,128755.7371,1742848889,25755.7371,Kafka
67e1c3c13224ef1ddaea9592,1742848786,128757.094,1742848889,25757.094,Kafka
67e1c3c13224ef1ddaea9594,1742848786,128761.3375,1742848889,25761.3375,Kafka
67e1c3c13224ef1ddaea9595,1742848786,128784.3691,1742848889,25784.3691,Kafka
67e1c3c13224ef1ddaea9596,1742848786,128786.4934,1742848889,25786.4934,Kafka
67e1c3c13224ef1ddaea9598,1742848786,128817.0059,1742848889,25817.0059,Kafka
67e1c3c13224ef1ddaea9599,1742848786,128819.348,1742848889,25819.348,Kafka
67e1c3c13224ef1ddaea959a,1742848786,128820.829,1742848889,25820.829,Kafka
67e1c3c13224ef1ddaea959c,1742848786,128823.4494,1742848889,25823.4494,Kafka
67e1c3c13224ef1ddaea959d,1742848786,128824.8191,1742848889,25824.8191,Kafka
67e1c3c13224ef1ddaea959e,1742848786,128826.1419,1742848889,25826.1419,Kafka
67e1c3c13224ef1ddaea959f,1742848786,128892.9352,1742848889,25892.9352,Kafka
67e1c3c13224ef1ddaea95a0,1742848786,128923.8509,1742848889,25923.8509,Kafka
67e1c3c13224ef1ddaea95a1,1742848786,128985.9521,1742848889,25985.9521,Kafka
67e1c3c13224ef1ddaea95a2,1742848786,129017.6358,1742848889,26017.6358,Kafka
67e1c3c13224ef1ddaea95a3,1742848786,129019.6371,1742848889,26019.6371,Kafka
67e1c3c13224ef1ddaea95a4,1742848786,129056.9241,1742848889,26056.9241,Kafka
67e1c3c13224ef1ddaea9587,1742848786,128598.4184,1742848889,25598.4184,Kafka
67e1c3c13224ef1ddaea958b,1742848786,128660.4166,1742848889,25660.4166,Kafka
67e1c3c13224ef1ddaea9593,1742848786,128758.3933,1742848889,25758.3933,Kafka
67e1c3c13224ef1ddaea9597,1742848786,128815.4089,1742848889,25815.4089,Kafka
67e1c3c13224ef1ddaea959b,1742848786,128822.1354,1742848889,25822.1354,Kafka
67e1c3c13224ef1ddaea956b,1742848786,128149.8451,1742848889,25149.8451,Kafka
67e1c3c13224ef1ddaea9573,1742848786,128249.8731,1742848889,25249.8731,Kafka
67e1c3c13224ef1ddaea9577,1742848786,128319.4175,1742848889,25319.4175,Kafka
67e1c3c13224ef1ddaea9567,1742848786,128060.4254,1742848889,25060.4254,Kafka
67e1c3c13224ef1ddaea957b,1742848786,128350.5768,1742848889,25350.5768,Kafka
67e1c3c13224ef1ddaea9583,1742848786,128541.7733,1742848889,25541.7733,Kafka
67e1c3c13224ef1ddaea9525,1742848786,127049.7376,1742848888,25049.7376,Kafka
67e1c3c13224ef1ddaea9526,1742848786,127079.7246,1742848888,25079.7246,Kafka
67e1c3c13224ef1ddaea9528,1742848786,127084.4479,1742848888,25084.4479,Kafka
67e1c3c13224ef1ddaea9529,1742848786,127085.8838,1742848888,25085.8838,Kafka
67e1c3c13224ef1ddaea952a,1742848786,127110.7485,1742848888,25110.7485,Kafka
67e1c3c13224ef1ddaea952c,1742848786,127145.102,1742848888,25145.102,Kafka
67e1c3c13224ef1ddaea952d,1742848786,127146.4717,1742848888,25146.4717,Kafka
67e1c3c13224ef1ddaea952e,1742848786,127147.8239,1742848888,25147.8239,Kafka
67e1c3c13224ef1ddaea952f,1742848786,127149.2365,1742848888,25149.2365,Kafka
67e1c3c13224ef1ddaea9530,1742848786,127150.5586,1742848888,25150.5586,Kafka
67e1c3c13224ef1ddaea9531,1742848786,127152.0618,1742848888,25152.0618,Kafka
67e1c3c13224ef1ddaea9532,1742848786,127219.3477,1742848888,25219.3477,Kafka
67e1c3c13224ef1ddaea9534,1742848786,127222.7976,1742848888,25222.7976,Kafka
67e1c3c13224ef1ddaea9535,1742848786,127224.1774,1742848888,25224.1774,Kafka
67e1c3c13224ef1ddaea9536,1742848786,127251.2565,1742848888,25251.2565,Kafka
67e1c3c13224ef1ddaea9538,1742848786,127281.3919,1742848888,25281.3919,Kafka
67e1c3c13224ef1ddaea9539,1742848786,127283.8335,1742848888,25283.8335,Kafka
67e1c3c13224ef1ddaea953a,1742848786,127343.3733,1742848888,25343.3733,Kafka
67e1c3c13224ef1ddaea953c,1742848786,127436.3342,1742848888,25436.3342,Kafka
67e1c3c13224ef1ddaea953d,1742848786,127467.2791,1742848888,25467.2791,Kafka
67e1c3c13224ef1ddaea953e,1742848786,127498.271,1742848888,25498.271,Kafka
67e1c3c13224ef1ddaea953f,1742848786,127530.5726,1742848888,25530.5726,Kafka
67e1c3c13224ef1ddaea9540,1742848786,127565.4657,1742848888,25565.4657,Kafka
67e1c3c13224ef1ddaea9541,1742848786,127574.9484,1742848888,25574.9484,Kafka
67e1c3c13224ef1ddaea9542,1742848786,127576.7247,1742848888,25576.7247,Kafka
67e1c3c13224ef1ddaea9544,1742848786,127606.8798,1742848888,25606.8798,Kafka
67e1c3c13224ef1ddaea9545,1742848786,127637.8925,1742848888,25637.8925,Kafka
67e1c3c13224ef1ddaea9546,1742848786,127640.1201,1742848888,25640.1201,Kafka
67e1c3c13224ef1ddaea9548,1742848786,127700.8759,1742848888,25700.8759,Kafka
67e1c3c13224ef1ddaea9549,1742848786,127703.0788,1742848888,25703.0788,Kafka
67e1c3c13224ef1ddaea954a,1742848786,127704.7011,1742848888,25704.7011,Kafka
67e1c3c13224ef1ddaea954c,1742848786,127707.5634,1742848888,25707.5634,Kafka
67e1c3c13224ef1ddaea954d,1742848786,127708.9899,1742848888,25708.9899,Kafka
67e1c3c13224ef1ddaea954e,1742848786,127731.5569,1742848888,25731.5569,Kafka
67e1c3c13224ef1ddaea954f,1742848786,127762.2493,1742848888,25762.2493,Kafka
67e1c3c13224ef1ddaea9550,1742848786,127793.3388,1742848888,25793.3388,Kafka
67e1c3c13224ef1ddaea9551,1742848786,127795.4083,1742848888,25795.4083,Kafka
67e1c3c13224ef1ddaea9552,1742848786,127796.8795,1742848888,25796.8795,Kafka
67e1c3c13224ef1ddaea9554,1742848786,127799.83,1742848888,25799.83,Kafka
67e1c3c13224ef1ddaea9555,1742848786,127801.2631,1742848888,25801.2631,Kafka
67e1c3c13224ef1ddaea9556,1742848786,127802.6002,1742848888,25802.6002,Kafka
67e1c3c13224ef1ddaea9558,1742848786,127805.4724,1742848888,25805.4724,Kafka
67e1c3c13224ef1ddaea9559,1742848786,127806.9475,1742848888,25806.9475,Kafka
67e1c3c13224ef1ddaea955a,1742848786,127838.9876,1742848888,25838.9876,Kafka
67e1c3c13224ef1ddaea955c,1742848786,127870.8269,1742848888,25870.8269,Kafka
67e1c3c13224ef1ddaea955d,1742848786,127872.8153,1742848888,25872.8153,Kafka
67e1c3c13224ef1ddaea955e,1742848786,127874.2856,1742848888,25874.2856,Kafka
67e1c3c13224ef1ddaea955f,1742848786,127901.9499,1742848888,25901.9499,Kafka
67e1c3c13224ef1ddaea9560,1742848786,127962.95,1742848888,25962.95,Kafka
67e1c3c13224ef1ddaea9561,1742848786,127965.05,1742848888,25965.05,Kafka
67e1c3c13224ef1ddaea9562,1742848786,127966.5676,1742848888,25966.5676,Kafka
67e1c3c13224ef1ddaea9563,1742848786,127968.0547,1742848888,25968.0547,Kafka
67e1c3c13224ef1ddaea9564,1742848786,128024.8892,1742848888,26024.8892,Kafka
67e1c3c13224ef1ddaea954b,1742848786,127706.1718,1742848888,25706.1718,Kafka
67e1c3c13224ef1ddaea9553,1742848786,127798.3862,1742848888,25798.3862,Kafka
67e1c3c13224ef1ddaea9557,1742848786,127804.0382,1742848888,25804.0382,Kafka
67e1c3c13224ef1ddaea955b,1742848786,127841.5573,1742848888,25841.5573,Kafka
67e1c3c13224ef1ddaea952b,1742848786,127142.843,1742848888,25142.843,Kafka
67e1c3c13224ef1ddaea9527,1742848786,127083.1228,1742848888,25083.1228,Kafka
67e1c3c13224ef1ddaea9533,1742848786,127221.3678,1742848888,25221.3678,Kafka
67e1c3c13224ef1ddaea953b,1742848786,127374.2759,1742848888,25374.2759,Kafka
67e1c3c13224ef1ddaea9537,1742848786,127253.3496,1742848888,25253.3496,Kafka
67e1c3c13224ef1ddaea9547,1742848786,127669.0807,1742848888,25669.0807,Kafka
67e1c3c13224ef1ddaea9543,1742848786,127578.363,1742848888,25578.363,Kafka
67e1c3c13224ef1ddaea94e9,1742848786,126215.7507,1742848887,25215.7507,Kafka
67e1c3c13224ef1ddaea94ea,1742848786,126217.1042,1742848887,25217.1042,Kafka
67e1c3c13224ef1ddaea94ec,1742848786,126242.7257,1742848887,25242.7257,Kafka
67e1c3c13224ef1ddaea94ed,1742848786,126245.188,1742848887,25245.188,Kafka
67e1c3c13224ef1ddaea94ee,1742848786,126274.7378,1742848887,25274.7378,Kafka
67e1c3c13224ef1ddaea94f0,1742848786,126335.7625,1742848887,25335.7625,Kafka
67e1c3c13224ef1ddaea94f1,1742848786,126367.9778,1742848887,25367.9778,Kafka
67e1c3c13224ef1ddaea94f2,1742848786,126369.6019,1742848887,25369.6019,Kafka
67e1c3c13224ef1ddaea94f4,1742848786,126429.8161,1742848887,25429.8161,Kafka
67e1c3c13224ef1ddaea94f5,1742848786,126431.8674,1742848887,25431.8674,Kafka
67e1c3c13224ef1ddaea94f6,1742848786,126433.413,1742848887,25433.413,Kafka
67e1c3c13224ef1ddaea94f8,1742848786,126462.9971,1742848887,25462.9971,Kafka
67e1c3c13224ef1ddaea94f9,1742848786,126464.4612,1742848887,25464.4612,Kafka
67e1c3c13224ef1ddaea94fa,1742848786,126465.925,1742848887,25465.925,Kafka
67e1c3c13224ef1ddaea94fc,1742848786,126490.7671,1742848887,25490.7671,Kafka
67e1c3c13224ef1ddaea94fd,1742848786,126493.0593,1742848887,25493.0593,Kafka
67e1c3c13224ef1ddaea94fe,1742848786,126494.568,1742848887,25494.568,Kafka
67e1c3c13224ef1ddaea94ff,1742848786,126496.0058,1742848887,25496.0058,Kafka
67e1c3c13224ef1ddaea9500,1742848786,126497.3901,1742848887,25497.3901,Kafka
67e1c3c13224ef1ddaea9501,1742848786,126552.7691,1742848887,25552.7691,Kafka
67e1c3c13224ef1ddaea9502,1742848786,126614.6896,1742848887,25614.6896,Kafka
67e1c3c13224ef1ddaea9504,1742848786,126676.7923,1742848887,25676.7923,Kafka
67e1c3c13224ef1ddaea9505,1742848786,126678.6361,1742848887,25678.6361,Kafka
67e1c3c13224ef1ddaea9506,1742848786,126707.8269,1742848887,25707.8269,Kafka
67e1c3c13224ef1ddaea9508,1742848786,126800.97,1742848887,25800.97,Kafka
67e1c3c13224ef1ddaea9509,1742848786,126803.4144,1742848887,25803.4144,Kafka
67e1c3c13224ef1ddaea950a,1742848786,126804.9267,1742848887,25804.9267,Kafka
67e1c3c13224ef1ddaea950c,1742848786,126807.6191,1742848887,25807.6191,Kafka
67e1c3c13224ef1ddaea950d,1742848786,126809.0034,1742848887,25809.0034,Kafka
67e1c3c13224ef1ddaea950e,1742848786,126833.003,1742848887,25833.003,Kafka
67e1c3c13224ef1ddaea950f,1742848786,126835.6425,1742848887,25835.6425,Kafka
67e1c3c13224ef1ddaea9510,1742848786,126837.0412,1742848887,25837.0412,Kafka
67e1c3c13224ef1ddaea9511,1742848786,126838.4068,1742848887,25838.4068,Kafka
67e1c3c13224ef1ddaea9512,1742848786,126839.8484,1742848887,25839.8484,Kafka
67e1c3c13224ef1ddaea9514,1742848786,126865.1887,1742848887,25865.1887,Kafka
67e1c3c13224ef1ddaea9515,1742848786,126866.5747,1742848887,25866.5747,Kafka
67e1c3c13224ef1ddaea9516,1742848786,126867.9153,1742848887,25867.9153,Kafka
67e1c3c13224ef1ddaea9518,1742848786,126893.848,1742848887,25893.848,Kafka
67e1c3c13224ef1ddaea9519,1742848786,126896.114,1742848887,25896.114,Kafka
67e1c3c13224ef1ddaea951a,1742848786,126924.711,1742848887,25924.711,Kafka
67e1c3c13224ef1ddaea951c,1742848786,126957.7039,1742848887,25957.7039,Kafka
67e1c3c13224ef1ddaea951d,1742848786,126987.8706,1742848887,25987.8706,Kafka
67e1c3c13224ef1ddaea951e,1742848786,126990.1382,1742848887,25990.1382,Kafka
67e1c3c13224ef1ddaea951f,1742848786,127019.1564,1742848887,26019.1564,Kafka
67e1c3c13224ef1ddaea9520,1742848786,127020.7702,1742848887,26020.7702,Kafka
67e1c3c13224ef1ddaea9521,1742848786,127022.2046,1742848887,26022.2046,Kafka
67e1c3c13224ef1ddaea9522,1742848786,127023.6143,1742848887,26023.6143,Kafka
67e1c3c13224ef1ddaea9523,1742848786,127025.0123,1742848887,26025.0123,Kafka
67e1c3c13224ef1ddaea9524,1742848786,127026.4199,1742848887,26026.4199,Kafka
67e1c3c13224ef1ddaea950b,1742848786,126806.292,1742848887,25806.292,Kafka
67e1c3c13224ef1ddaea9513,1742848786,126862.7699,1742848887,25862.7699,Kafka
67e1c3c13224ef1ddaea9507,1742848786,126740.4786,1742848887,25740.4786,Kafka
67e1c3c13224ef1ddaea9517,1742848786,126869.2472,1742848887,25869.2472,Kafka
67e1c3c13224ef1ddaea951b,1742848786,126955.6927,1742848887,25955.6927,Kafka
67e1c3c13224ef1ddaea94eb,1742848786,126218.5057,1742848887,25218.5057,Kafka
67e1c3c13224ef1ddaea94ef,1742848786,126276.6704,1742848887,25276.6704,Kafka
67e1c3c13224ef1ddaea94f3,1742848786,126398.6771,1742848887,25398.6771,Kafka
67e1c3c13224ef1ddaea94f7,1742848786,126460.8045,1742848887,25460.8045,Kafka
67e1c3c13224ef1ddaea94fb,1742848786,126467.3619,1742848887,25467.3619,Kafka
67e1c3c13224ef1ddaea9503,1742848786,126646.2353,1742848887,25646.2353,Kafka
67e1c3c13224ef1ddaea94aa,1742848786,125086.887,1742848886,25086.887,Kafka
67e1c3c13224ef1ddaea94ac,1742848786,125143.682,1742848886,25143.682,Kafka
67e1c3c13224ef1ddaea94ad,1742848786,125145.6027,1742848886,25145.6027,Kafka
67e1c3c13224ef1ddaea94ae,1742848786,125173.0738,1742848886,25173.0738,Kafka
67e1c3c13224ef1ddaea94b0,1742848786,125176.6359,1742848886,25176.6359,Kafka
67e1c3c13224ef1ddaea94b1,1742848786,125177.948,1742848886,25177.948,Kafka
67e1c3c13224ef1ddaea94b2,1742848786,125204.0902,1742848886,25204.0902,Kafka
67e1c3c13224ef1ddaea94b4,1742848786,125208.5156,1742848886,25208.5156,Kafka
67e1c3c13224ef1ddaea94b5,1742848786,125210.0486,1742848886,25210.0486,Kafka
67e1c3c13224ef1ddaea94b6,1742848786,125235.9465,1742848886,25235.9465,Kafka
67e1c3c13224ef1ddaea94b8,1742848786,125268.3528,1742848886,25268.3528,Kafka
67e1c3c13224ef1ddaea94b9,1742848786,125298.0447,1742848886,25298.0447,Kafka
67e1c3c13224ef1ddaea94ba,1742848786,125328.1165,1742848886,25328.1165,Kafka
67e1c3c13224ef1ddaea94bc,1742848786,125331.7257,1742848886,25331.7257,Kafka
67e1c3c13224ef1ddaea94bd,1742848786,125333.1145,1742848886,25333.1145,Kafka
67e1c3c13224ef1ddaea94be,1742848786,125334.5745,1742848886,25334.5745,Kafka
67e1c3c13224ef1ddaea94bf,1742848786,125335.9981,1742848886,25335.9981,Kafka
67e1c3c13224ef1ddaea94c0,1742848786,125337.68,1742848886,25337.68,Kafka
67e1c3c13224ef1ddaea94c1,1742848786,125339.1586,1742848886,25339.1586,Kafka
67e1c3c13224ef1ddaea94c2,1742848786,125375.4791,1742848886,25375.4791,Kafka
67e1c3c13224ef1ddaea94c4,1742848786,125408.6892,1742848886,25408.6892,Kafka
67e1c3c13224ef1ddaea94c5,1742848786,125410.1962,1742848886,25410.1962,Kafka
67e1c3c13224ef1ddaea94c6,1742848786,125411.7252,1742848886,25411.7252,Kafka
67e1c3c13224ef1ddaea94c8,1742848786,125437.9402,1742848886,25437.9402,Kafka
67e1c3c13224ef1ddaea94c9,1742848786,125467.6234,1742848886,25467.6234,Kafka
67e1c3c13224ef1ddaea94ca,1742848786,125499.7186,1742848886,25499.7186,Kafka
67e1c3c13224ef1ddaea94cc,1742848786,125531.6122,1742848886,25531.6122,Kafka
67e1c3c13224ef1ddaea94cd,1742848786,125533.0197,1742848886,25533.0197,Kafka
67e1c3c13224ef1ddaea94ce,1742848786,125534.8534,1742848886,25534.8534,Kafka
67e1c3c13224ef1ddaea94cf,1742848786,125537.6708,1742848886,25537.6708,Kafka
67e1c3c13224ef1ddaea94d0,1742848786,125561.3438,1742848886,25561.3438,Kafka
67e1c3c13224ef1ddaea94d1,1742848786,125622.6175,1742848886,25622.6175,Kafka
67e1c3c13224ef1ddaea94d2,1742848786,125624.8456,1742848886,25624.8456,Kafka
67e1c3c13224ef1ddaea94d4,1742848786,125686.8366,1742848886,25686.8366,Kafka
67e1c3c13224ef1ddaea94d5,1742848786,125688.342,1742848886,25688.342,Kafka
67e1c3c13224ef1ddaea94d6,1742848786,125716.5921,1742848886,25716.5921,Kafka
67e1c3c13224ef1ddaea94d8,1742848786,125747.7637,1742848886,25747.7637,Kafka
67e1c3c13224ef1ddaea94d9,1742848786,125749.8191,1742848886,25749.8191,Kafka
67e1c3c13224ef1ddaea94da,1742848786,125778.0158,1742848886,25778.0158,Kafka
67e1c3c13224ef1ddaea94dc,1742848786,125871.5003,1742848886,25871.5003,Kafka
67e1c3c13224ef1ddaea94dd,1742848786,125903.0248,1742848886,25903.0248,Kafka
67e1c3c13224ef1ddaea94de,1742848786,125932.7924,1742848886,25932.7924,Kafka
67e1c3c13224ef1ddaea94df,1742848786,125965.0578,1742848886,25965.0578,Kafka
67e1c3c13224ef1ddaea94e0,1742848786,125995.9711,1742848886,25995.9711,Kafka
67e1c3c13224ef1ddaea94e1,1742848786,125998.5165,1742848886,25998.5165,Kafka
67e1c3c13224ef1ddaea94e2,1742848786,126059.1089,1742848886,26059.1089,Kafka
67e1c3c13224ef1ddaea94e3,1742848786,126118.841,1742848886,26118.841,Kafka
67e1c3c13224ef1ddaea94e4,1742848786,126180.7732,1742848886,26180.7732,Kafka
67e1c3c13224ef1ddaea94e5,1742848786,126182.9874,1742848886,26182.9874,Kafka
67e1c3c13224ef1ddaea94e6,1742848786,126184.3633,1742848886,26184.3633,Kafka
67e1c3c13224ef1ddaea94e7,1742848786,126212.4876,1742848886,26212.4876,Kafka
67e1c3c13224ef1ddaea94e8,1742848786,126214.4208,1742848886,26214.4208,Kafka
67e1c3c13224ef1ddaea94cb,1742848786,125529.626,1742848886,25529.626,Kafka
67e1c3c13224ef1ddaea94d3,1742848786,125684.6841,1742848886,25684.6841,Kafka
67e1c3c13224ef1ddaea94c7,1742848786,125413.1357,1742848886,25413.1357,Kafka
67e1c3c13224ef1ddaea94d7,1742848786,125718.4548,1742848886,25718.4548,Kafka
67e1c3c13224ef1ddaea94db,1742848786,125840.333,1742848886,25840.333,Kafka
67e1c3c13224ef1ddaea94ab,1742848786,125111.1137,1742848886,25111.1137,Kafka
67e1c3c13224ef1ddaea94af,1742848786,125175.2497,1742848886,25175.2497,Kafka
67e1c3c13224ef1ddaea94b3,1742848786,125206.744,1742848886,25206.744,Kafka
67e1c3c13224ef1ddaea94bb,1742848786,125330.1333,1742848886,25330.1333,Kafka
67e1c3c13224ef1ddaea94b7,1742848786,125266.1405,1742848886,25266.1405,Kafka
67e1c3c13224ef1ddaea94c3,1742848786,125406.7495,1742848886,25406.7495,Kafka
67e1c3c13224ef1ddaea946a,1742848786,124076.8401,1742848885,25076.8401,Kafka
67e1c3c13224ef1ddaea946c,1742848786,124079.6088,1742848885,25079.6088,Kafka
67e1c3c13224ef1ddaea946d,1742848786,124080.9789,1742848885,25080.9789,Kafka
67e1c3c13224ef1ddaea946e,1742848786,124134.5398,1742848885,25134.5398,Kafka
67e1c3c13224ef1ddaea9470,1742848786,124166.5442,1742848885,25166.5442,Kafka
67e1c3c13224ef1ddaea9471,1742848786,124197.9286,1742848885,25197.9286,Kafka
67e1c3c13224ef1ddaea9472,1742848786,124199.9417,1742848885,25199.9417,Kafka
67e1c3c13224ef1ddaea9474,1742848786,124258.5815,1742848885,25258.5815,Kafka
67e1c3c13224ef1ddaea9475,1742848786,124261.167,1742848885,25261.167,Kafka
67e1c3c13224ef1ddaea9476,1742848786,124290.5923,1742848885,25290.5923,Kafka
67e1c3c13224ef1ddaea9478,1742848786,124352.4154,1742848885,25352.4154,Kafka
67e1c3c13224ef1ddaea9479,1742848786,124354.582,1742848885,25354.582,Kafka
67e1c3c13224ef1ddaea947a,1742848786,124356.0983,1742848885,25356.0983,Kafka
67e1c3c13224ef1ddaea947c,1742848786,124358.9718,1742848885,25358.9718,Kafka
67e1c3c13224ef1ddaea947d,1742848786,124382.5449,1742848885,25382.5449,Kafka
67e1c3c13224ef1ddaea947e,1742848786,124414.5297,1742848885,25414.5297,Kafka
67e1c3c13224ef1ddaea947f,1742848786,124445.5019,1742848885,25445.5019,Kafka
67e1c3c13224ef1ddaea9480,1742848786,124447.4771,1742848885,25447.4771,Kafka
67e1c3c13224ef1ddaea9481,1742848786,124475.6172,1742848885,25475.6172,Kafka
67e1c3c13224ef1ddaea9482,1742848786,124537.5525,1742848885,25537.5525,Kafka
67e1c3c13224ef1ddaea9484,1742848786,124601.5238,1742848885,25601.5238,Kafka
67e1c3c13224ef1ddaea9485,1742848786,124603.4651,1742848885,25603.4651,Kafka
67e1c3c13224ef1ddaea9486,1742848786,124632.0317,1742848885,25632.0317,Kafka
67e1c3c13224ef1ddaea9488,1742848786,124635.5698,1742848885,25635.5698,Kafka
67e1c3c13224ef1ddaea9489,1742848786,124663.8534,1742848885,25663.8534,Kafka
67e1c3c13224ef1ddaea948a,1742848786,124668.165,1742848885,25668.165,Kafka
67e1c3c13224ef1ddaea948c,1742848786,124724.414,1742848885,25724.414,Kafka
67e1c3c13224ef1ddaea948d,1742848786,124754.5692,1742848885,25754.5692,Kafka
67e1c3c13224ef1ddaea948e,1742848786,124787.2581,1742848885,25787.2581,Kafka
67e1c3c13224ef1ddaea948f,1742848786,124816.5959,1742848885,25816.5959,Kafka
67e1c3c13224ef1ddaea9490,1742848786,124847.7382,1742848885,25847.7382,Kafka
67e1c3c13224ef1ddaea9491,1742848786,124879.9042,1742848885,25879.9042,Kafka
67e1c3c13224ef1ddaea9492,1742848786,124881.4118,1742848885,25881.4118,Kafka
67e1c3c13224ef1ddaea9494,1742848786,124911.6727,1742848885,25911.6727,Kafka
67e1c3c13224ef1ddaea9495,1742848786,124913.0188,1742848885,25913.0188,Kafka
67e1c3c13224ef1ddaea9496,1742848786,124914.4456,1742848885,25914.4456,Kafka
67e1c3c13224ef1ddaea9498,1742848786,124943.1453,1742848885,25943.1453,Kafka
67e1c3c13224ef1ddaea9499,1742848786,124944.5669,1742848885,25944.5669,Kafka
67e1c3c13224ef1ddaea949a,1742848786,124945.9238,1742848885,25945.9238,Kafka
67e1c3c13224ef1ddaea949c,1742848786,125005.5349,1742848885,26005.5349,Kafka
67e1c3c13224ef1ddaea949d,1742848786,125006.9778,1742848885,26006.9778,Kafka
67e1c3c13224ef1ddaea949e,1742848786,125008.3975,1742848885,26008.3975,Kafka
67e1c3c13224ef1ddaea949f,1742848786,125009.7641,1742848885,26009.7641,Kafka
67e1c3c13224ef1ddaea94a0,1742848786,125011.1881,1742848885,26011.1881,Kafka
67e1c3c13224ef1ddaea94a1,1742848786,125012.5673,1742848885,26012.5673,Kafka
67e1c3c13224ef1ddaea94a2,1742848786,125014.0015,1742848885,26014.0015,Kafka
67e1c3c13224ef1ddaea94a3,1742848786,125049.1591,1742848885,26049.1591,Kafka
67e1c3c13224ef1ddaea94a4,1742848786,125051.244,1742848885,26051.244,Kafka
67e1c3c13224ef1ddaea94a5,1742848786,125052.6126,1742848885,26052.6126,Kafka
67e1c3c13224ef1ddaea94a6,1742848786,125080.1263,1742848885,26080.1263,Kafka
67e1c3c13224ef1ddaea94a7,1742848786,125082.1288,1742848885,26082.1288,Kafka
67e1c3c13224ef1ddaea94a8,1742848786,125084.0981,1742848885,26084.0981,Kafka
67e1c3c13224ef1ddaea94a9,1742848786,125085.5499,1742848885,26085.5499,Kafka
67e1c3c13224ef1ddaea9487,1742848786,124634.0688,1742848885,25634.0688,Kafka
67e1c3c13224ef1ddaea948b,1742848786,124693.8246,1742848885,25693.8246,Kafka
67e1c3c13224ef1ddaea9493,1742848786,124909.5706,1742848885,25909.5706,Kafka
67e1c3c13224ef1ddaea9497,1742848786,124940.7109,1742848885,25940.7109,Kafka
67e1c3c13224ef1ddaea949b,1742848786,125002.8497,1742848885,26002.8497,Kafka
67e1c3c13224ef1ddaea946b,1742848786,124078.2363,1742848885,25078.2363,Kafka
67e1c3c13224ef1ddaea946f,1742848786,124136.8157,1742848885,25136.8157,Kafka
67e1c3c13224ef1ddaea9473,1742848786,124228.2477,1742848885,25228.2477,Kafka
67e1c3c13224ef1ddaea947b,1742848786,124357.5211,1742848885,25357.5211,Kafka
67e1c3c13224ef1ddaea9477,1742848786,124320.5705,1742848885,25320.5705,Kafka
67e1c3c13224ef1ddaea9483,1742848786,124569.6025,1742848885,25569.6025,Kafka
67e1c3c13224ef1ddaea9429,1742848786,122915.3598,1742848884,24915.3598,Kafka
67e1c3c13224ef1ddaea942a,1742848786,122941.9276,1742848884,24941.9276,Kafka
67e1c3c13224ef1ddaea942c,1742848786,123033.8467,1742848884,25033.8467,Kafka
67e1c3c13224ef1ddaea942d,1742848786,123035.9348,1742848884,25035.9348,Kafka
67e1c3c13224ef1ddaea942e,1742848786,123037.3108,1742848884,25037.3108,Kafka
67e1c3c13224ef1ddaea942f,1742848786,123038.6784,1742848884,25038.6784,Kafka
67e1c3c13224ef1ddaea9430,1742848786,123040.0458,1742848884,25040.0458,Kafka
67e1c3c13224ef1ddaea9431,1742848786,123041.3816,1742848884,25041.3816,Kafka
67e1c3c13224ef1ddaea9432,1742848786,123042.728,1742848884,25042.728,Kafka
67e1c3c13224ef1ddaea9434,1742848786,123068.199,1742848884,25068.199,Kafka
67e1c3c13224ef1ddaea9435,1742848786,123069.7007,1742848884,25069.7007,Kafka
67e1c3c13224ef1ddaea9436,1742848786,123096.6241,1742848884,25096.6241,Kafka
67e1c3c13224ef1ddaea9438,1742848786,123157.9379,1742848884,25157.9379,Kafka
67e1c3c13224ef1ddaea9439,1742848786,123160.2094,1742848884,25160.2094,Kafka
67e1c3c13224ef1ddaea943a,1742848786,123161.6945,1742848884,25161.6945,Kafka
67e1c3c13224ef1ddaea943c,1742848786,123220.0159,1742848884,25220.0159,Kafka
67e1c3c13224ef1ddaea943d,1742848786,123222.4612,1742848884,25222.4612,Kafka
67e1c3c13224ef1ddaea943e,1742848786,123260.9109,1742848884,25260.9109,Kafka
67e1c3c13224ef1ddaea943f,1742848786,123268.5692,1742848884,25268.5692,Kafka
67e1c3c13224ef1ddaea9440,1742848786,123270.147,1742848884,25270.147,Kafka
67e1c3c13224ef1ddaea9441,1742848786,123271.5685,1742848884,25271.5685,Kafka
67e1c3c13224ef1ddaea9442,1742848786,123297.5391,1742848884,25297.5391,Kafka
67e1c3c13224ef1ddaea9444,1742848786,123360.6626,1742848884,25360.6626,Kafka
67e1c3c13224ef1ddaea9445,1742848786,123362.8363,1742848884,25362.8363,Kafka
67e1c3c13224ef1ddaea9446,1742848786,123390.5487,1742848884,25390.5487,Kafka
67e1c3c13224ef1ddaea9448,1742848786,123483.5159,1742848884,25483.5159,Kafka
67e1c3c13224ef1ddaea9449,1742848786,123485.7321,1742848884,25485.7321,Kafka
67e1c3c13224ef1ddaea944a,1742848786,123545.5121,1742848884,25545.5121,Kafka
67e1c3c13224ef1ddaea944c,1742848786,123608.7096,1742848884,25608.7096,Kafka
67e1c3c13224ef1ddaea944d,1742848786,123639.5782,1742848884,25639.5782,Kafka
67e1c3c13224ef1ddaea944e,1742848786,123670.4745,1742848884,25670.4745,Kafka
67e1c3c13224ef1ddaea944f,1742848786,123701.8477,1742848884,25701.8477,Kafka
67e1c3c13224ef1ddaea9450,1742848786,123731.4705,1742848884,25731.4705,Kafka
67e1c3c13224ef1ddaea9451,1742848786,123733.6425,1742848884,25733.6425,Kafka
67e1c3c13224ef1ddaea9452,1742848786,123735.0978,1742848884,25735.0978,Kafka
67e1c3c13224ef1ddaea9454,1742848786,123793.5124,1742848884,25793.5124,Kafka
67e1c3c13224ef1ddaea9455,1742848786,123795.9468,1742848884,25795.9468,Kafka
67e1c3c13224ef1ddaea9456,1742848786,123828.4124,1742848884,25828.4124,Kafka
67e1c3c13224ef1ddaea9458,1742848786,123855.6491,1742848884,25855.6491,Kafka
67e1c3c13224ef1ddaea9459,1742848786,123858.3152,1742848884,25858.3152,Kafka
67e1c3c13224ef1ddaea945a,1742848786,123859.8236,1742848884,25859.8236,Kafka
67e1c3c13224ef1ddaea945c,1742848786,123889.7807,1742848884,25889.7807,Kafka
67e1c3c13224ef1ddaea945d,1742848786,123917.5689,1742848884,25917.5689,Kafka
67e1c3c13224ef1ddaea945e,1742848786,123948.5825,1742848884,25948.5825,Kafka
67e1c3c13224ef1ddaea945f,1742848786,123979.4988,1742848884,25979.4988,Kafka
67e1c3c13224ef1ddaea9460,1742848786,123981.8358,1742848884,25981.8358,Kafka
67e1c3c13224ef1ddaea9461,1742848786,123983.5593,1742848884,25983.5593,Kafka
67e1c3c13224ef1ddaea9462,1742848786,124010.6346,1742848884,26010.6346,Kafka
67e1c3c13224ef1ddaea9464,1742848786,124014.0392,1742848884,26014.0392,Kafka
67e1c3c13224ef1ddaea9465,1742848786,124015.4513,1742848884,26015.4513,Kafka
67e1c3c13224ef1ddaea9466,1742848786,124042.5858,1742848884,26042.5858,Kafka
67e1c3c13224ef1ddaea9467,1742848786,124044.4981,1742848884,26044.4981,Kafka
67e1c3c13224ef1ddaea9468,1742848786,124073.5525,1742848884,26073.5525,Kafka
67e1c3c13224ef1ddaea9469,1742848786,124075.4263,1742848884,26075.4263,Kafka
67e1c3c13224ef1ddaea944b,1742848786,123576.5618,1742848884,25576.5618,Kafka
67e1c3c13224ef1ddaea9453,1742848786,123736.5024,1742848884,25736.5024,Kafka
67e1c3c13224ef1ddaea9447,1742848786,123452.5004,1742848884,25452.5004,Kafka
67e1c3c13224ef1ddaea945b,1742848786,123887.6246,1742848884,25887.6246,Kafka
67e1c3c13224ef1ddaea9457,1742848786,123831.4664,1742848884,25831.4664,Kafka
67e1c3c13224ef1ddaea9463,1742848786,124012.5841,1742848884,26012.5841,Kafka
67e1c3c13224ef1ddaea942b,1742848786,122973.1689,1742848884,24973.1689,Kafka
67e1c3c13224ef1ddaea9433,1742848786,123066.6018,1742848884,25066.6018,Kafka
67e1c3c13224ef1ddaea9437,1742848786,123098.6765,1742848884,25098.6765,Kafka
67e1c3c13224ef1ddaea943b,1742848786,123190.1441,1742848884,25190.1441,Kafka
67e1c3c13224ef1ddaea9443,1742848786,123329.7665,1742848884,25329.7665,Kafka
67e1c3c13224ef1ddaea93ea,1742848786,121969.2044,1742848883,24969.2044,Kafka
67e1c3c13224ef1ddaea93ec,1742848786,121975.1631,1742848883,24975.1631,Kafka
67e1c3c13224ef1ddaea93ed,1742848786,121976.727,1742848883,24976.727,Kafka
67e1c3c13224ef1ddaea93ee,1742848786,121978.2604,1742848883,24978.2604,Kafka
67e1c3c13224ef1ddaea93f0,1742848786,122042.0364,1742848883,25042.0364,Kafka
67e1c3c13224ef1ddaea93f1,1742848786,122073.7582,1742848883,25073.7582,Kafka
67e1c3c13224ef1ddaea93f2,1742848786,122104.8062,1742848883,25104.8062,Kafka
67e1c3c13224ef1ddaea93f4,1742848786,122165.9007,1742848883,25165.9007,Kafka
67e1c3c13224ef1ddaea93f5,1742848786,122168.4297,1742848883,25168.4297,Kafka
67e1c3c13224ef1ddaea93f6,1742848786,122170.6518,1742848883,25170.6518,Kafka
67e1c3c13224ef1ddaea93f8,1742848786,122174.6347,1742848883,25174.6347,Kafka
67e1c3c13224ef1ddaea93f9,1742848786,122212.1955,1742848883,25212.1955,Kafka
67e1c3c13224ef1ddaea93fa,1742848786,122243.2043,1742848883,25243.2043,Kafka
67e1c3c13224ef1ddaea93fc,1742848786,122246.9776,1742848883,25246.9776,Kafka
67e1c3c13224ef1ddaea93fd,1742848786,122248.4317,1742848883,25248.4317,Kafka
67e1c3c13224ef1ddaea93fe,1742848786,122249.8772,1742848883,25249.8772,Kafka
67e1c3c13224ef1ddaea93ff,1742848786,122251.3437,1742848883,25251.3437,Kafka
67e1c3c13224ef1ddaea9400,1742848786,122252.7496,1742848883,25252.7496,Kafka
67e1c3c13224ef1ddaea9401,1742848786,122254.2017,1742848883,25254.2017,Kafka
67e1c3c13224ef1ddaea9402,1742848786,122255.6899,1742848883,25255.6899,Kafka
67e1c3c13224ef1ddaea9404,1742848786,122258.6762,1742848883,25258.6762,Kafka
67e1c3c13224ef1ddaea9405,1742848786,122260.6132,1742848883,25260.6132,Kafka
67e1c3c13224ef1ddaea9406,1742848786,122262.1186,1742848883,25262.1186,Kafka
67e1c3c13224ef1ddaea9408,1742848786,122265.0081,1742848883,25265.0081,Kafka
67e1c3c13224ef1ddaea9409,1742848786,122266.4363,1742848883,25266.4363,Kafka
67e1c3c13224ef1ddaea940a,1742848786,122267.9241,1742848883,25267.9241,Kafka
67e1c3c13224ef1ddaea940c,1742848786,122321.5422,1742848883,25321.5422,Kafka
67e1c3c13224ef1ddaea940d,1742848786,122382.7643,1742848883,25382.7643,Kafka
67e1c3c13224ef1ddaea940e,1742848786,122384.8595,1742848883,25384.8595,Kafka
67e1c3c13224ef1ddaea940f,1742848786,122414.9313,1742848883,25414.9313,Kafka
67e1c3c13224ef1ddaea9410,1742848786,122444.8332,1742848883,25444.8332,Kafka
67e1c3c13224ef1ddaea9411,1742848786,122447.1002,1742848883,25447.1002,Kafka
67e1c3c13224ef1ddaea9412,1742848786,122448.4959,1742848883,25448.4959,Kafka
67e1c3c13224ef1ddaea9414,1742848786,122475.8993,1742848883,25475.8993,Kafka
67e1c3c13224ef1ddaea9415,1742848786,122506.8103,1742848883,25506.8103,Kafka
67e1c3c13224ef1ddaea9416,1742848786,122569.2229,1742848883,25569.2229,Kafka
67e1c3c13224ef1ddaea9418,1742848786,122661.8672,1742848883,25661.8672,Kafka
67e1c3c13224ef1ddaea9419,1742848786,122693.1437,1742848883,25693.1437,Kafka
67e1c3c13224ef1ddaea941a,1742848786,122723.8931,1742848883,25723.8931,Kafka
67e1c3c13224ef1ddaea941c,1742848786,122727.6526,1742848883,25727.6526,Kafka
67e1c3c13224ef1ddaea941d,1742848786,122728.9994,1742848883,25728.9994,Kafka
67e1c3c13224ef1ddaea941e,1742848786,122756.1355,1742848883,25756.1355,Kafka
67e1c3c13224ef1ddaea941f,1742848786,122758.1617,1742848883,25758.1617,Kafka
67e1c3c13224ef1ddaea9420,1742848786,122785.933,1742848883,25785.933,Kafka
67e1c3c13224ef1ddaea9421,1742848786,122817.7686,1742848883,25817.7686,Kafka
67e1c3c13224ef1ddaea9422,1742848786,122848.1258,1742848883,25848.1258,Kafka
67e1c3c13224ef1ddaea9423,1742848786,122878.9178,1742848883,25878.9178,Kafka
67e1c3c13224ef1ddaea9424,1742848786,122881.2932,1742848883,25881.2932,Kafka
67e1c3c13224ef1ddaea9425,1742848786,122882.7616,1742848883,25882.7616,Kafka
67e1c3c13224ef1ddaea9426,1742848786,122910.8066,1742848883,25910.8066,Kafka
67e1c3c13224ef1ddaea9427,1742848786,122912.6792,1742848883,25912.6792,Kafka
67e1c3c13224ef1ddaea9428,1742848786,122914.013,1742848883,25914.013,Kafka
67e1c3c13224ef1ddaea940b,1742848786,122290.7426,1742848883,25290.7426,Kafka
67e1c3c13224ef1ddaea9413,1742848786,122449.891,1742848883,25449.891,Kafka
67e1c3c13224ef1ddaea9407,1742848786,122263.5572,1742848883,25263.5572,Kafka
67e1c3c13224ef1ddaea9417,1742848786,122600.7515,1742848883,25600.7515,Kafka
67e1c3c13224ef1ddaea941b,1742848786,122726.2687,1742848883,25726.2687,Kafka
67e1c3c13224ef1ddaea93eb,1742848786,121973.4625,1742848883,24973.4625,Kafka
67e1c3c13224ef1ddaea93ef,1742848786,121979.833,1742848883,24979.833,Kafka
67e1c3c13224ef1ddaea93f3,1742848786,122134.8163,1742848883,25134.8163,Kafka
67e1c3c13224ef1ddaea93f7,1742848786,122172.6093,1742848883,25172.6093,Kafka
67e1c3c13224ef1ddaea93fb,1742848786,122245.4717,1742848883,25245.4717,Kafka
67e1c3c13224ef1ddaea9403,1742848786,122257.1707,1742848883,25257.1707,Kafka
67e1c3c03224ef1ddaea93a9,1742848786,120882.0357,1742848882,24882.0357,Kafka
67e1c3c03224ef1ddaea93aa,1742848786,120883.3985,1742848882,24883.3985,Kafka
67e1c3c03224ef1ddaea93ac,1742848786,120910.1565,1742848882,24910.1565,Kafka
67e1c3c13224ef1ddaea93ad,1742848786,120972.215,1742848882,24972.215,Kafka
67e1c3c13224ef1ddaea93ae,1742848786,120973.7947,1742848882,24973.7947,Kafka
67e1c3c13224ef1ddaea93b0,1742848786,121036.1533,1742848882,25036.1533,Kafka
67e1c3c13224ef1ddaea93b1,1742848786,121037.5536,1742848882,25037.5536,Kafka
67e1c3c13224ef1ddaea93b2,1742848786,121038.9863,1742848882,25038.9863,Kafka
67e1c3c13224ef1ddaea93b4,1742848786,121067.5635,1742848882,25067.5635,Kafka
67e1c3c13224ef1ddaea93b5,1742848786,121127.1415,1742848882,25127.1415,Kafka
67e1c3c13224ef1ddaea93b6,1742848786,121129.2783,1742848882,25129.2783,Kafka
67e1c3c13224ef1ddaea93b8,1742848786,121132.0324,1742848882,25132.0324,Kafka
67e1c3c13224ef1ddaea93b9,1742848786,121189.2835,1742848882,25189.2835,Kafka
67e1c3c13224ef1ddaea93ba,1742848786,121191.632,1742848882,25191.632,Kafka
67e1c3c13224ef1ddaea93bc,1742848786,121222.2345,1742848882,25222.2345,Kafka
67e1c3c13224ef1ddaea93bd,1742848786,121223.6644,1742848882,25223.6644,Kafka
67e1c3c13224ef1ddaea93be,1742848786,121252.2073,1742848882,25252.2073,Kafka
67e1c3c13224ef1ddaea93bf,1742848786,121254.0772,1742848882,25254.0772,Kafka
67e1c3c13224ef1ddaea93c0,1742848786,121255.6465,1742848882,25255.6465,Kafka
67e1c3c13224ef1ddaea93c1,1742848786,121257.0072,1742848882,25257.0072,Kafka
67e1c3c13224ef1ddaea93c2,1742848786,121282.1756,1742848882,25282.1756,Kafka
67e1c3c13224ef1ddaea93c4,1742848786,121344.172,1742848882,25344.172,Kafka
67e1c3c13224ef1ddaea93c5,1742848786,121346.4483,1742848882,25346.4483,Kafka
67e1c3c13224ef1ddaea93c6,1742848786,121376.7761,1742848882,25376.7761,Kafka
67e1c3c13224ef1ddaea93c8,1742848786,121379.7691,1742848882,25379.7691,Kafka
67e1c3c13224ef1ddaea93c9,1742848786,121381.1013,1742848882,25381.1013,Kafka
67e1c3c13224ef1ddaea93ca,1742848786,121382.4888,1742848882,25382.4888,Kafka
67e1c3c13224ef1ddaea93cc,1742848786,121385.4616,1742848882,25385.4616,Kafka
67e1c3c13224ef1ddaea93cd,1742848786,121421.6988,1742848882,25421.6988,Kafka
67e1c3c13224ef1ddaea93ce,1742848786,121424.308,1742848882,25424.308,Kafka
67e1c3c13224ef1ddaea93cf,1742848786,121452.6734,1742848882,25452.6734,Kafka
67e1c3c13224ef1ddaea93d0,1742848786,121454.7794,1742848882,25454.7794,Kafka
67e1c3c13224ef1ddaea93d1,1742848786,121456.2812,1742848882,25456.2812,Kafka
67e1c3c13224ef1ddaea93d2,1742848786,121457.6716,1742848882,25457.6716,Kafka
67e1c3c13224ef1ddaea93d4,1742848786,121460.4858,1742848882,25460.4858,Kafka
67e1c3c13224ef1ddaea93d5,1742848786,121461.8644,1742848882,25461.8644,Kafka
67e1c3c13224ef1ddaea93d6,1742848786,121463.2392,1742848882,25463.2392,Kafka
67e1c3c13224ef1ddaea93d8,1742848786,121531.8616,1742848882,25531.8616,Kafka
67e1c3c13224ef1ddaea93d9,1742848786,121533.416,1742848882,25533.416,Kafka
67e1c3c13224ef1ddaea93da,1742848786,121535.1003,1742848882,25535.1003,Kafka
67e1c3c13224ef1ddaea93dc,1742848786,121594.9393,1742848882,25594.9393,Kafka
67e1c3c13224ef1ddaea93dd,1742848786,121596.3401,1742848882,25596.3401,Kafka
67e1c3c13224ef1ddaea93de,1742848786,121654.2378,1742848882,25654.2378,Kafka
67e1c3c13224ef1ddaea93df,1742848786,121657.1711,1742848882,25657.1711,Kafka
67e1c3c13224ef1ddaea93e0,1742848786,121686.0957,1742848882,25686.0957,Kafka
67e1c3c13224ef1ddaea93e1,1742848786,121688.0856,1742848882,25688.0856,Kafka
67e1c3c13224ef1ddaea93e2,1742848786,121717.2434,1742848882,25717.2434,Kafka
67e1c3c13224ef1ddaea93e4,1742848786,121809.2772,1742848882,25809.2772,Kafka
67e1c3c13224ef1ddaea93e5,1742848786,121871.3461,1742848882,25871.3461,Kafka
67e1c3c13224ef1ddaea93e6,1742848786,121909.5642,1742848882,25909.5642,Kafka
67e1c3c13224ef1ddaea93e7,1742848786,121934.3431,1742848882,25934.3431,Kafka
67e1c3c13224ef1ddaea93e8,1742848786,121936.3536,1742848882,25936.3536,Kafka
67e1c3c13224ef1ddaea93e9,1742848786,121937.809,1742848882,25937.809,Kafka
67e1c3c13224ef1ddaea93cb,1742848786,121383.9517,1742848882,25383.9517,Kafka
67e1c3c13224ef1ddaea93d3,1742848786,121459.0933,1742848882,25459.0933,Kafka
67e1c3c13224ef1ddaea93c7,1742848786,121378.2818,1742848882,25378.2818,Kafka
67e1c3c13224ef1ddaea93d7,1742848786,121499.1732,1742848882,25499.1732,Kafka
67e1c3c13224ef1ddaea93db,1742848786,121592.5666,1742848882,25592.5666,Kafka
67e1c3c13224ef1ddaea93e3,1742848786,121747.264,1742848882,25747.264,Kafka
67e1c3c03224ef1ddaea93ab,1742848786,120884.7927,1742848882,24884.7927,Kafka
67e1c3c13224ef1ddaea93af,1742848786,121034.1724,1742848882,25034.1724,Kafka
67e1c3c13224ef1ddaea93b3,1742848786,121040.3729,1742848882,25040.3729,Kafka
67e1c3c13224ef1ddaea93b7,1742848786,121130.6677,1742848882,25130.6677,Kafka
67e1c3c13224ef1ddaea93bb,1742848786,121220.1862,1742848882,25220.1862,Kafka
67e1c3c13224ef1ddaea93c3,1742848786,121314.6911,1742848882,25314.6911,Kafka
67e1c3c03224ef1ddaea9369,1742848786,119766.7406,1742848881,24766.7406,Kafka
67e1c3c03224ef1ddaea936a,1742848786,119794.676,1742848881,24794.676,Kafka
67e1c3c03224ef1ddaea936c,1742848786,119824.8989,1742848881,24824.8989,Kafka
67e1c3c03224ef1ddaea936d,1742848786,119857.7085,1742848881,24857.7085,Kafka
67e1c3c03224ef1ddaea936e,1742848786,119859.8516,1742848881,24859.8516,Kafka
67e1c3c03224ef1ddaea9370,1742848786,119862.5253,1742848881,24862.5253,Kafka
67e1c3c03224ef1ddaea9371,1742848786,119886.8788,1742848881,24886.8788,Kafka
67e1c3c03224ef1ddaea9372,1742848786,119888.8297,1742848881,24888.8297,Kafka
67e1c3c03224ef1ddaea9374,1742848786,119892.199,1742848881,24892.199,Kafka
67e1c3c03224ef1ddaea9375,1742848786,119893.595,1742848881,24893.595,Kafka
67e1c3c03224ef1ddaea9376,1742848786,119895.1397,1742848881,24895.1397,Kafka
67e1c3c03224ef1ddaea9378,1742848786,119919.5014,1742848881,24919.5014,Kafka
67e1c3c03224ef1ddaea9379,1742848786,119921.1018,1742848881,24921.1018,Kafka
67e1c3c03224ef1ddaea937a,1742848786,119950.4134,1742848881,24950.4134,Kafka
67e1c3c03224ef1ddaea937c,1742848786,120012.9723,1742848881,25012.9723,Kafka
67e1c3c03224ef1ddaea937d,1742848786,120042.0152,1742848881,25042.0152,Kafka
67e1c3c03224ef1ddaea937e,1742848786,120044.2454,1742848881,25044.2454,Kafka
67e1c3c03224ef1ddaea937f,1742848786,120045.6522,1742848881,25045.6522,Kafka
67e1c3c03224ef1ddaea9380,1742848786,120046.9858,1742848881,25046.9858,Kafka
67e1c3c03224ef1ddaea9381,1742848786,120048.3822,1742848881,25048.3822,Kafka
67e1c3c03224ef1ddaea9382,1742848786,120073.3335,1742848881,25073.3335,Kafka
67e1c3c03224ef1ddaea9384,1742848786,120135.1259,1742848881,25135.1259,Kafka
67e1c3c03224ef1ddaea9385,1742848786,120166.1334,1742848881,25166.1334,Kafka
67e1c3c03224ef1ddaea9386,1742848786,120168.8962,1742848881,25168.8962,Kafka
67e1c3c03224ef1ddaea9388,1742848786,120227.9351,1742848881,25227.9351,Kafka
67e1c3c03224ef1ddaea9389,1742848786,120230.07,1742848881,25230.07,Kafka
67e1c3c03224ef1ddaea938a,1742848786,120258.9078,1742848881,25258.9078,Kafka
67e1c3c03224ef1ddaea938c,1742848786,120262.537,1742848881,25262.537,Kafka
67e1c3c03224ef1ddaea938d,1742848786,120289.9031,1742848881,25289.9031,Kafka
67e1c3c03224ef1ddaea938e,1742848786,120291.9843,1742848881,25291.9843,Kafka
67e1c3c03224ef1ddaea938f,1742848786,120351.9123,1742848881,25351.9123,Kafka
67e1c3c03224ef1ddaea9390,1742848786,120363.1696,1742848881,25363.1696,Kafka
67e1c3c03224ef1ddaea9391,1742848786,120399.5688,1742848881,25399.5688,Kafka
67e1c3c03224ef1ddaea9392,1742848786,120401.6134,1742848881,25401.6134,Kafka
67e1c3c03224ef1ddaea9394,1742848786,120431.6739,1742848881,25431.6739,Kafka
67e1c3c03224ef1ddaea9395,1742848786,120461.3427,1742848881,25461.3427,Kafka
67e1c3c03224ef1ddaea9396,1742848786,120464.2489,1742848881,25464.2489,Kafka
67e1c3c03224ef1ddaea9398,1742848786,120494.8772,1742848881,25494.8772,Kafka
67e1c3c03224ef1ddaea9399,1742848786,120496.4288,1742848881,25496.4288,Kafka
67e1c3c03224ef1ddaea939a,1742848786,120522.5609,1742848881,25522.5609,Kafka
67e1c3c03224ef1ddaea939c,1742848786,120526.4601,1742848881,25526.4601,Kafka
67e1c3c03224ef1ddaea939d,1742848786,120556.5397,1742848881,25556.5397,Kafka
67e1c3c03224ef1ddaea939e,1742848786,120573.7735,1742848881,25573.7735,Kafka
67e1c3c03224ef1ddaea939f,1742848786,120630.9675,1742848881,25630.9675,Kafka
67e1c3c03224ef1ddaea93a0,1742848786,120693.1529,1742848881,25693.1529,Kafka
67e1c3c03224ef1ddaea93a1,1742848786,120724.9938,1742848881,25724.9938,Kafka
67e1c3c03224ef1ddaea93a2,1742848786,120756.0637,1742848881,25756.0637,Kafka
67e1c3c03224ef1ddaea93a3,1742848786,120758.0606,1742848881,25758.0606,Kafka
67e1c3c03224ef1ddaea93a4,1742848786,120759.4149,1742848881,25759.4149,Kafka
67e1c3c03224ef1ddaea93a5,1742848786,120786.9553,1742848881,25786.9553,Kafka
67e1c3c03224ef1ddaea93a6,1742848786,120817.0934,1742848881,25817.0934,Kafka
67e1c3c03224ef1ddaea93a7,1742848786,120849.8357,1742848881,25849.8357,Kafka
67e1c3c03224ef1ddaea93a8,1742848786,120880.0529,1742848881,25880.0529,Kafka
67e1c3c03224ef1ddaea9387,1742848786,120170.6568,1742848881,25170.6568,Kafka
67e1c3c03224ef1ddaea938b,1742848786,120261.0946,1742848881,25261.0946,Kafka
67e1c3c03224ef1ddaea9393,1742848786,120429.4984,1742848881,25429.4984,Kafka
67e1c3c03224ef1ddaea9397,1742848786,120492.6845,1742848881,25492.6845,Kafka
67e1c3c03224ef1ddaea939b,1742848786,120524.7956,1742848881,25524.7956,Kafka
67e1c3c03224ef1ddaea936b,1742848786,119796.862,1742848881,24796.862,Kafka
67e1c3c03224ef1ddaea936f,1742848786,119861.1993,1742848881,24861.1993,Kafka
67e1c3c03224ef1ddaea9373,1742848786,119890.8224,1742848881,24890.8224,Kafka
67e1c3c03224ef1ddaea9377,1742848786,119896.5411,1742848881,24896.5411,Kafka
67e1c3c03224ef1ddaea937b,1742848786,120010.9201,1742848881,25010.9201,Kafka
67e1c3c03224ef1ddaea9383,1742848786,120103.9008,1742848881,25103.9008,Kafka
67e1c3c03224ef1ddaea9329,1742848786,118601.8475,1742848880,24601.8475,Kafka
67e1c3c03224ef1ddaea932a,1742848786,118603.3486,1742848880,24603.3486,Kafka
67e1c3c03224ef1ddaea932c,1742848786,118633.4703,1742848880,24633.4703,Kafka
67e1c3c03224ef1ddaea932d,1742848786,118663.334,1742848880,24663.334,Kafka
67e1c3c03224ef1ddaea932e,1742848786,118693.3464,1742848880,24693.3464,Kafka
67e1c3c03224ef1ddaea9330,1742848786,118786.2223,1742848880,24786.2223,Kafka
67e1c3c03224ef1ddaea9331,1742848786,118788.3071,1742848880,24788.3071,Kafka
67e1c3c03224ef1ddaea9332,1742848786,118789.7125,1742848880,24789.7125,Kafka
67e1c3c03224ef1ddaea9334,1742848786,118792.4742,1742848880,24792.4742,Kafka
67e1c3c03224ef1ddaea9335,1742848786,118793.9072,1742848880,24793.9072,Kafka
67e1c3c03224ef1ddaea9336,1742848786,118817.252,1742848880,24817.252,Kafka
67e1c3c03224ef1ddaea9338,1742848786,118850.813,1742848880,24850.813,Kafka
67e1c3c03224ef1ddaea9339,1742848786,118879.2163,1742848880,24879.2163,Kafka
67e1c3c03224ef1ddaea933a,1742848786,118881.2186,1742848880,24881.2186,Kafka
67e1c3c03224ef1ddaea933c,1742848786,118914.1407,1742848880,24914.1407,Kafka
67e1c3c03224ef1ddaea933d,1742848786,118944.0211,1742848880,24944.0211,Kafka
67e1c3c03224ef1ddaea933e,1742848786,118945.5548,1742848880,24945.5548,Kafka
67e1c3c03224ef1ddaea933f,1742848786,118946.9151,1742848880,24946.9151,Kafka
67e1c3c03224ef1ddaea9340,1742848786,119003.3085,1742848880,25003.3085,Kafka
67e1c3c03224ef1ddaea9341,1742848786,119065.3056,1742848880,25065.3056,Kafka
67e1c3c03224ef1ddaea9342,1742848786,119096.2596,1742848880,25096.2596,Kafka
67e1c3c03224ef1ddaea9344,1742848786,119130.525,1742848880,25130.525,Kafka
67e1c3c03224ef1ddaea9345,1742848786,119163.3109,1742848880,25163.3109,Kafka
67e1c3c03224ef1ddaea9346,1742848786,119165.8827,1742848880,25165.8827,Kafka
67e1c3c03224ef1ddaea9348,1742848786,119190.5728,1742848880,25190.5728,Kafka
67e1c3c03224ef1ddaea9349,1742848786,119192.8195,1742848880,25192.8195,Kafka
67e1c3c03224ef1ddaea934a,1742848786,119220.4273,1742848880,25220.4273,Kafka
67e1c3c03224ef1ddaea934c,1742848786,119314.4959,1742848880,25314.4959,Kafka
67e1c3c03224ef1ddaea934d,1742848786,119316.4366,1742848880,25316.4366,Kafka
67e1c3c03224ef1ddaea934e,1742848786,119375.4028,1742848880,25375.4028,Kafka
67e1c3c03224ef1ddaea934f,1742848786,119406.5006,1742848880,25406.5006,Kafka
67e1c3c03224ef1ddaea9350,1742848786,119438.2056,1742848880,25438.2056,Kafka
67e1c3c03224ef1ddaea9351,1742848786,119468.384,1742848880,25468.384,Kafka
67e1c3c03224ef1ddaea9352,1742848786,119470.5392,1742848880,25470.5392,Kafka
67e1c3c03224ef1ddaea9354,1742848786,119473.4458,1742848880,25473.4458,Kafka
67e1c3c03224ef1ddaea9355,1742848786,119474.8792,1742848880,25474.8792,Kafka
67e1c3c03224ef1ddaea9356,1742848786,119476.4163,1742848880,25476.4163,Kafka
67e1c3c03224ef1ddaea9358,1742848786,119479.2295,1742848880,25479.2295,Kafka
67e1c3c03224ef1ddaea9359,1742848786,119480.6268,1742848880,25480.6268,Kafka
67e1c3c03224ef1ddaea935a,1742848786,119482.091,1742848880,25482.091,Kafka
67e1c3c03224ef1ddaea935c,1742848786,119546.7563,1742848880,25546.7563,Kafka
67e1c3c03224ef1ddaea935d,1742848786,119577.7088,1742848880,25577.7088,Kafka
67e1c3c03224ef1ddaea935e,1742848786,119579.577,1742848880,25579.577,Kafka
67e1c3c03224ef1ddaea935f,1742848786,119607.8344,1742848880,25607.8344,Kafka
67e1c3c03224ef1ddaea9360,1742848786,119610.4449,1742848880,25610.4449,Kafka
67e1c3c03224ef1ddaea9361,1742848786,119611.8138,1742848880,25611.8138,Kafka
67e1c3c03224ef1ddaea9362,1742848786,119639.727,1742848880,25639.727,Kafka
67e1c3c03224ef1ddaea9363,1742848786,119672.2415,1742848880,25672.2415,Kafka
67e1c3c03224ef1ddaea9364,1742848786,119701.3661,1742848880,25701.3661,Kafka
67e1c3c03224ef1ddaea9365,1742848786,119703.5673,1742848880,25703.5673,Kafka
67e1c3c03224ef1ddaea9366,1742848786,119732.7675,1742848880,25732.7675,Kafka
67e1c3c03224ef1ddaea9367,1742848786,119762.9445,1742848880,25762.9445,Kafka
67e1c3c03224ef1ddaea9368,1742848786,119764.9512,1742848880,25764.9512,Kafka
67e1c3c03224ef1ddaea934b,1742848786,119282.3851,1742848880,25282.3851,Kafka
67e1c3c03224ef1ddaea9353,1742848786,119472.0498,1742848880,25472.0498,Kafka
67e1c3c03224ef1ddaea9357,1742848786,119477.8008,1742848880,25477.8008,Kafka
67e1c3c03224ef1ddaea935b,1742848786,119516.5259,1742848880,25516.5259,Kafka
67e1c3c03224ef1ddaea932f,1742848786,118725.2417,1742848880,24725.2417,Kafka
67e1c3c03224ef1ddaea9333,1742848786,118791.0692,1742848880,24791.0692,Kafka
67e1c3c03224ef1ddaea932b,1742848786,118631.2778,1742848880,24631.2778,Kafka
67e1c3c03224ef1ddaea9337,1742848786,118848.5066,1742848880,24848.5066,Kafka
67e1c3c03224ef1ddaea9343,1742848786,119128.4901,1742848880,25128.4901,Kafka
67e1c3c03224ef1ddaea933b,1742848786,118912.6432,1742848880,24912.6432,Kafka
67e1c3c03224ef1ddaea9347,1742848786,119167.4004,1742848880,25167.4004,Kafka
67e1c3c03224ef1ddaea92eb,1742848786,117500.164,1742848879,24500.164,Kafka
67e1c3c03224ef1ddaea92ef,1742848786,117624.8521,1742848879,24624.8521,Kafka
67e1c3c03224ef1ddaea92f3,1742848786,117692.0432,1742848879,24692.0432,Kafka
67e1c3c03224ef1ddaea92f7,1742848786,117749.0937,1742848879,24749.0937,Kafka
67e1c3c03224ef1ddaea92fb,1742848786,117755.6052,1742848879,24755.6052,Kafka
67e1c3c03224ef1ddaea9303,1742848786,117843.2973,1742848879,24843.2973,Kafka
67e1c3c03224ef1ddaea92ea,1742848786,117439.1554,1742848879,24439.1554,Kafka
67e1c3c03224ef1ddaea92ec,1742848786,117532.6984,1742848879,24532.6984,Kafka
67e1c3c03224ef1ddaea92ed,1742848786,117563.0389,1742848879,24563.0389,Kafka
67e1c3c03224ef1ddaea92ee,1742848786,117593.0634,1742848879,24593.0634,Kafka
67e1c3c03224ef1ddaea92f0,1742848786,117686.0745,1742848879,24686.0745,Kafka
67e1c3c03224ef1ddaea92f1,1742848786,117688.6002,1742848879,24688.6002,Kafka
67e1c3c03224ef1ddaea92f2,1742848786,117690.5007,1742848879,24690.5007,Kafka
67e1c3c03224ef1ddaea92f4,1742848786,117718.0265,1742848879,24718.0265,Kafka
67e1c3c03224ef1ddaea92f5,1742848786,117719.9985,1742848879,24719.9985,Kafka
67e1c3c03224ef1ddaea92f6,1742848786,117721.382,1742848879,24721.382,Kafka
67e1c3c03224ef1ddaea92f8,1742848786,117751.2623,1742848879,24751.2623,Kafka
67e1c3c03224ef1ddaea92f9,1742848786,117752.7037,1742848879,24752.7037,Kafka
67e1c3c03224ef1ddaea92fa,1742848786,117754.1637,1742848879,24754.1637,Kafka
67e1c3c03224ef1ddaea92fc,1742848786,117757.0075,1742848879,24757.0075,Kafka
67e1c3c03224ef1ddaea92fd,1742848786,117780.196,1742848879,24780.196,Kafka
67e1c3c03224ef1ddaea92fe,1742848786,117782.2019,1742848879,24782.2019,Kafka
67e1c3c03224ef1ddaea92ff,1742848786,117783.684,1742848879,24783.684,Kafka
67e1c3c03224ef1ddaea9300,1742848786,117785.148,1742848879,24785.148,Kafka
67e1c3c03224ef1ddaea9301,1742848786,117810.2034,1742848879,24810.2034,Kafka
67e1c3c03224ef1ddaea9302,1742848786,117841.1412,1742848879,24841.1412,Kafka
67e1c3c03224ef1ddaea9304,1742848786,117844.9472,1742848879,24844.9472,Kafka
67e1c3c03224ef1ddaea9305,1742848786,117872.8914,1742848879,24872.8914,Kafka
67e1c3c03224ef1ddaea9306,1742848786,117874.7512,1742848879,24874.7512,Kafka
67e1c3c03224ef1ddaea9308,1742848786,117877.5703,1742848879,24877.5703,Kafka
67e1c3c03224ef1ddaea9309,1742848786,117878.9878,1742848879,24878.9878,Kafka
67e1c3c03224ef1ddaea930a,1742848786,117903.9152,1742848879,24903.9152,Kafka
67e1c3c03224ef1ddaea930c,1742848786,117907.229,1742848879,24907.229,Kafka
67e1c3c03224ef1ddaea930d,1742848786,117908.5538,1742848879,24908.5538,Kafka
67e1c3c03224ef1ddaea930e,1742848786,117909.8935,1742848879,24909.8935,Kafka
67e1c3c03224ef1ddaea930f,1742848786,117911.1638,1742848879,24911.1638,Kafka
67e1c3c03224ef1ddaea9310,1742848786,117912.5092,1742848879,24912.5092,Kafka
67e1c3c03224ef1ddaea9311,1742848786,117913.9191,1742848879,24913.9191,Kafka
67e1c3c03224ef1ddaea9312,1742848786,117915.3528,1742848879,24915.3528,Kafka
67e1c3c03224ef1ddaea9314,1742848786,118011.3734,1742848879,25011.3734,Kafka
67e1c3c03224ef1ddaea9315,1742848786,118073.2885,1742848879,25073.2885,Kafka
67e1c3c03224ef1ddaea9316,1742848786,118105.3302,1742848879,25105.3302,Kafka
67e1c3c03224ef1ddaea9318,1742848786,118137.7163,1742848879,25137.7163,Kafka
67e1c3c03224ef1ddaea9319,1742848786,118139.3484,1742848879,25139.3484,Kafka
67e1c3c03224ef1ddaea931a,1742848786,118167.1316,1742848879,25167.1316,Kafka
67e1c3c03224ef1ddaea931c,1742848786,118228.2748,1742848879,25228.2748,Kafka
67e1c3c03224ef1ddaea931d,1742848786,118261.1254,1742848879,25261.1254,Kafka
67e1c3c03224ef1ddaea931e,1742848786,118321.2547,1742848879,25321.2547,Kafka
67e1c3c03224ef1ddaea931f,1742848786,118323.5618,1742848879,25323.5618,Kafka
67e1c3c03224ef1ddaea9320,1742848786,118324.9013,1742848879,25324.9013,Kafka
67e1c3c03224ef1ddaea9321,1742848786,118352.2596,1742848879,25352.2596,Kafka
67e1c3c03224ef1ddaea9322,1742848786,118383.4688,1742848879,25383.4688,Kafka
67e1c3c03224ef1ddaea9323,1742848786,118415.2494,1742848879,25415.2494,Kafka
67e1c3c03224ef1ddaea9324,1742848786,118445.2432,1742848879,25445.2432,Kafka
67e1c3c03224ef1ddaea9325,1742848786,118507.345,1742848879,25507.345,Kafka
67e1c3c03224ef1ddaea9326,1742848786,118540.4863,1742848879,25540.4863,Kafka
67e1c3c03224ef1ddaea9327,1742848786,118543.2295,1742848879,25543.2295,Kafka
67e1c3c03224ef1ddaea9328,1742848786,118569.3681,1742848879,25569.3681,Kafka
67e1c3c03224ef1ddaea9307,1742848786,117876.1835,1742848879,24876.1835,Kafka
67e1c3c03224ef1ddaea9313,1742848786,117949.6234,1742848879,24949.6234,Kafka
67e1c3c03224ef1ddaea9317,1742848786,118135.3076,1742848879,25135.3076,Kafka
67e1c3c03224ef1ddaea930b,1742848786,117905.8784,1742848879,24905.8784,Kafka
67e1c3c03224ef1ddaea931b,1742848786,118197.2754,1742848879,25197.2754,Kafka
67e1c3c03224ef1ddaea92cb,1742848786,116910.9887,1742848878,24910.9887,Kafka
67e1c3c03224ef1ddaea92d3,1742848786,117005.0861,1742848878,25005.0861,Kafka
67e1c3c03224ef1ddaea92d7,1742848786,117070.5905,1742848878,25070.5905,Kafka
67e1c3c03224ef1ddaea92db,1742848786,117159.9589,1742848878,25159.9589,Kafka
67e1c3c03224ef1ddaea92e3,1742848786,117314.0012,1742848878,25314.0012,Kafka
67e1c3c03224ef1ddaea92ab,1742848786,116384.4001,1742848878,24384.4001,Kafka
67e1c3c03224ef1ddaea92af,1742848786,116448.6378,1742848878,24448.6378,Kafka
67e1c3c03224ef1ddaea92b3,1742848786,116454.7325,1742848878,24454.7325,Kafka
67e1c3c03224ef1ddaea92b7,1742848786,116601.0176,1742848878,24601.0176,Kafka
67e1c3c03224ef1ddaea92bb,1742848786,116663.0061,1742848878,24663.0061,Kafka
67e1c3c03224ef1ddaea92c3,1742848786,116760.3112,1742848878,24760.3112,Kafka
67e1c3c03224ef1ddaea92c7,1742848786,116818.8815,1742848878,24818.8815,Kafka
67e1c3c03224ef1ddaea92a9,1742848786,116327.5017,1742848878,24327.5017,Kafka
67e1c3c03224ef1ddaea92aa,1742848786,116353.4087,1742848878,24353.4087,Kafka
67e1c3c03224ef1ddaea92ac,1742848786,116386.77,1742848878,24386.77,Kafka
67e1c3c03224ef1ddaea92ad,1742848786,116415.3446,1742848878,24415.3446,Kafka
67e1c3c03224ef1ddaea92ae,1742848786,116446.5115,1742848878,24446.5115,Kafka
67e1c3c03224ef1ddaea92b0,1742848786,116450.1918,1742848878,24450.1918,Kafka
67e1c3c03224ef1ddaea92b1,1742848786,116451.7464,1742848878,24451.7464,Kafka
67e1c3c03224ef1ddaea92b2,1742848786,116453.2609,1742848878,24453.2609,Kafka
67e1c3c03224ef1ddaea92b4,1742848786,116478.656,1742848878,24478.656,Kafka
67e1c3c03224ef1ddaea92b5,1742848786,116509.424,1742848878,24509.424,Kafka
67e1c3c03224ef1ddaea92b6,1742848786,116539.5323,1742848878,24539.5323,Kafka
67e1c3c03224ef1ddaea92b8,1742848786,116603.0528,1742848878,24603.0528,Kafka
67e1c3c03224ef1ddaea92b9,1742848786,116604.5522,1742848878,24604.5522,Kafka
67e1c3c03224ef1ddaea92ba,1742848786,116605.9833,1742848878,24605.9833,Kafka
67e1c3c03224ef1ddaea92bc,1742848786,116695.0392,1742848878,24695.0392,Kafka
67e1c3c03224ef1ddaea92bd,1742848786,116726.9523,1742848878,24726.9523,Kafka
67e1c3c03224ef1ddaea92be,1742848786,116728.4674,1742848878,24728.4674,Kafka
67e1c3c03224ef1ddaea92bf,1742848786,116730.0122,1742848878,24730.0122,Kafka
67e1c3c03224ef1ddaea92c0,1742848786,116731.4653,1742848878,24731.4653,Kafka
67e1c3c03224ef1ddaea92c1,1742848786,116756.097,1742848878,24756.097,Kafka
67e1c3c03224ef1ddaea92c2,1742848786,116758.8528,1742848878,24758.8528,Kafka
67e1c3c03224ef1ddaea92c4,1742848786,116761.6605,1742848878,24761.6605,Kafka
67e1c3c03224ef1ddaea92c5,1742848786,116787.4351,1742848878,24787.4351,Kafka
67e1c3c03224ef1ddaea92c6,1742848786,116790.9948,1742848878,24790.9948,Kafka
67e1c3c03224ef1ddaea92c8,1742848786,116849.0754,1742848878,24849.0754,Kafka
67e1c3c03224ef1ddaea92c9,1742848786,116880.89,1742848878,24880.89,Kafka
67e1c3c03224ef1ddaea92ca,1742848786,116882.7494,1742848878,24882.7494,Kafka
67e1c3c03224ef1ddaea92cc,1742848786,116913.0413,1742848878,24913.0413,Kafka
67e1c3c03224ef1ddaea92cd,1742848786,116914.4486,1742848878,24914.4486,Kafka
67e1c3c03224ef1ddaea92ce,1742848786,116915.863,1742848878,24915.863,Kafka
67e1c3c03224ef1ddaea92cf,1742848786,116917.2064,1742848878,24917.2064,Kafka
67e1c3c03224ef1ddaea92d0,1742848786,116942.0141,1742848878,24942.0141,Kafka
67e1c3c03224ef1ddaea92d1,1742848786,116974.1846,1742848878,24974.1846,Kafka
67e1c3c03224ef1ddaea92d2,1742848786,116976.3542,1742848878,24976.3542,Kafka
67e1c3c03224ef1ddaea92d4,1742848786,117036.2937,1742848878,25036.2937,Kafka
67e1c3c03224ef1ddaea92d5,1742848786,117066.9135,1742848878,25066.9135,Kafka
67e1c3c03224ef1ddaea92d6,1742848786,117069.0217,1742848878,25069.0217,Kafka
67e1c3c03224ef1ddaea92d8,1742848786,117072.0369,1742848878,25072.0369,Kafka
67e1c3c03224ef1ddaea92d9,1742848786,117097.9012,1742848878,25097.9012,Kafka
67e1c3c03224ef1ddaea92da,1742848786,117129.028,1742848878,25129.028,Kafka
67e1c3c03224ef1ddaea92dc,1742848786,117161.8862,1742848878,25161.8862,Kafka
67e1c3c03224ef1ddaea92dd,1742848786,117163.2441,1742848878,25163.2441,Kafka
67e1c3c03224ef1ddaea92de,1742848786,117164.6209,1742848878,25164.6209,Kafka
67e1c3c03224ef1ddaea92df,1742848786,117190.0157,1742848878,25190.0157,Kafka
67e1c3c03224ef1ddaea92e0,1742848786,117191.7025,1742848878,25191.7025,Kafka
67e1c3c03224ef1ddaea92e1,1742848786,117252.0441,1742848878,25252.0441,Kafka
67e1c3c03224ef1ddaea92e2,1742848786,117282.9442,1742848878,25282.9442,Kafka
67e1c3c03224ef1ddaea92e4,1742848786,117316.1558,1742848878,25316.1558,Kafka
67e1c3c03224ef1ddaea92e5,1742848786,117345.0039,1742848878,25345.0039,Kafka
67e1c3c03224ef1ddaea92e6,1742848786,117347.6446,1742848878,25347.6446,Kafka
67e1c3c03224ef1ddaea92e7,1742848786,117349.0085,1742848878,25349.0085,Kafka
67e1c3c03224ef1ddaea92e8,1742848786,117350.3533,1742848878,25350.3533,Kafka
67e1c3c03224ef1ddaea92e9,1742848786,117407.0076,1742848878,25407.0076,Kafka
67e1c3c03224ef1ddaea928b,1742848786,115795.4141,1742848877,24795.4141,Kafka
67e1c3c03224ef1ddaea9293,1742848786,115954.746,1742848877,24954.746,Kafka
67e1c3c03224ef1ddaea9297,1742848786,116016.7246,1742848877,25016.7246,Kafka
67e1c3c03224ef1ddaea929b,1742848786,116075.2883,1742848877,25075.2883,Kafka
67e1c3c03224ef1ddaea926b,1742848786,115291.5327,1742848877,24291.5327,Kafka
67e1c3c03224ef1ddaea926f,1742848786,115330.3035,1742848877,24330.3035,Kafka
67e1c3c03224ef1ddaea9273,1742848786,115336.8363,1742848877,24336.8363,Kafka
67e1c3c03224ef1ddaea9277,1742848786,115454.2709,1742848877,24454.2709,Kafka
67e1c3c03224ef1ddaea927b,1742848786,115487.5095,1742848877,24487.5095,Kafka
67e1c3c03224ef1ddaea9283,1742848786,115644.3152,1742848877,24644.3152,Kafka
67e1c3c03224ef1ddaea9287,1742848786,115677.7247,1742848877,24677.7247,Kafka
67e1c3c03224ef1ddaea9269,1742848786,115288.5201,1742848877,24288.5201,Kafka
67e1c3c03224ef1ddaea926a,1742848786,115290.018,1742848877,24290.018,Kafka
67e1c3c03224ef1ddaea926c,1742848786,115292.9646,1742848877,24292.9646,Kafka
67e1c3c03224ef1ddaea926d,1742848786,115294.3643,1742848877,24294.3643,Kafka
67e1c3c03224ef1ddaea926e,1742848786,115295.767,1742848877,24295.767,Kafka
67e1c3c03224ef1ddaea9270,1742848786,115332.5244,1742848877,24332.5244,Kafka
67e1c3c03224ef1ddaea9271,1742848786,115334.005,1742848877,24334.005,Kafka
67e1c3c03224ef1ddaea9272,1742848786,115335.4087,1742848877,24335.4087,Kafka
67e1c3c03224ef1ddaea9274,1742848786,115361.447,1742848877,24361.447,Kafka
67e1c3c03224ef1ddaea9275,1742848786,115393.3817,1742848877,24393.3817,Kafka
67e1c3c03224ef1ddaea9276,1742848786,115424.1971,1742848877,24424.1971,Kafka
67e1c3c03224ef1ddaea9278,1742848786,115456.398,1742848877,24456.398,Kafka
67e1c3c03224ef1ddaea9279,1742848786,115457.8371,1742848877,24457.8371,Kafka
67e1c3c03224ef1ddaea927a,1742848786,115485.2997,1742848877,24485.2997,Kafka
67e1c3c03224ef1ddaea927c,1742848786,115488.9562,1742848877,24488.9562,Kafka
67e1c3c03224ef1ddaea927d,1742848786,115490.3831,1742848877,24490.3831,Kafka
67e1c3c03224ef1ddaea927e,1742848786,115516.2725,1742848877,24516.2725,Kafka
67e1c3c03224ef1ddaea927f,1742848786,115548.5054,1742848877,24548.5054,Kafka
67e1c3c03224ef1ddaea9280,1742848786,115579.2313,1742848877,24579.2313,Kafka
67e1c3c03224ef1ddaea9281,1742848786,115640.3325,1742848877,24640.3325,Kafka
67e1c3c03224ef1ddaea9282,1742848786,115642.9189,1742848877,24642.9189,Kafka
67e1c3c03224ef1ddaea9284,1742848786,115672.5394,1742848877,24672.5394,Kafka
67e1c3c03224ef1ddaea9285,1742848786,115674.6256,1742848877,24674.6256,Kafka
67e1c3c03224ef1ddaea9286,1742848786,115676.3127,1742848877,24676.3127,Kafka
67e1c3c03224ef1ddaea9288,1742848786,115703.2983,1742848877,24703.2983,Kafka
67e1c3c03224ef1ddaea9289,1742848786,115705.3822,1742848877,24705.3822,Kafka
67e1c3c03224ef1ddaea928a,1742848786,115733.2889,1742848877,24733.2889,Kafka
67e1c3c03224ef1ddaea928c,1742848786,115797.3562,1742848877,24797.3562,Kafka
67e1c3c03224ef1ddaea928d,1742848786,115827.5258,1742848877,24827.5258,Kafka
67e1c3c03224ef1ddaea928e,1742848786,115857.4525,1742848877,24857.4525,Kafka
67e1c3c03224ef1ddaea928f,1742848786,115888.2958,1742848877,24888.2958,Kafka
67e1c3c03224ef1ddaea9290,1742848786,115919.3079,1742848877,24919.3079,Kafka
67e1c3c03224ef1ddaea9291,1742848786,115951.5644,1742848877,24951.5644,Kafka
67e1c3c03224ef1ddaea9292,1742848786,115953.4091,1742848877,24953.4091,Kafka
67e1c3c03224ef1ddaea9294,1742848786,115981.3962,1742848877,24981.3962,Kafka
67e1c3c03224ef1ddaea9295,1742848786,116013.2803,1742848877,25013.2803,Kafka
67e1c3c03224ef1ddaea9296,1742848786,116015.2363,1742848877,25015.2363,Kafka
67e1c3c03224ef1ddaea9298,1742848786,116018.2266,1742848877,25018.2266,Kafka
67e1c3c03224ef1ddaea9299,1742848786,116019.6989,1742848877,25019.6989,Kafka
67e1c3c03224ef1ddaea929a,1742848786,116044.1469,1742848877,25044.1469,Kafka
67e1c3c03224ef1ddaea929c,1742848786,116136.2905,1742848877,25136.2905,Kafka
67e1c3c03224ef1ddaea929d,1742848786,116139.1436,1742848877,25139.1436,Kafka
67e1c3c03224ef1ddaea929e,1742848786,116140.667,1742848877,25140.667,Kafka
67e1c3c03224ef1ddaea929f,1742848786,116198.5683,1742848877,25198.5683,Kafka
67e1c3c03224ef1ddaea92a0,1742848786,116200.7713,1742848877,25200.7713,Kafka
67e1c3c03224ef1ddaea92a1,1742848786,116229.3364,1742848877,25229.3364,Kafka
67e1c3c03224ef1ddaea92a2,1742848786,116232.4236,1742848877,25232.4236,Kafka
67e1c3c03224ef1ddaea92a3,1742848786,116260.4604,1742848877,25260.4604,Kafka
67e1c3c03224ef1ddaea92a4,1742848786,116262.797,1742848877,25262.797,Kafka
67e1c3c03224ef1ddaea92a5,1742848786,116264.3072,1742848877,25264.3072,Kafka
67e1c3c03224ef1ddaea92a6,1742848786,116291.3035,1742848877,25291.3035,Kafka
67e1c3c03224ef1ddaea92a7,1742848786,116324.5535,1742848877,25324.5535,Kafka
67e1c3c03224ef1ddaea92a8,1742848786,116326.0029,1742848877,25326.0029,Kafka
67e1c3c03224ef1ddaea924b,1742848786,114711.2232,1742848876,24711.2232,Kafka
67e1c3c03224ef1ddaea9253,1742848786,114838.9617,1742848876,24838.9617,Kafka
67e1c3c03224ef1ddaea9257,1742848786,114930.5995,1742848876,24930.5995,Kafka
67e1c3c03224ef1ddaea925b,1742848786,114989.4542,1742848876,24989.4542,Kafka
67e1c3c03224ef1ddaea922b,1742848786,114200.2114,1742848876,24200.2114,Kafka
67e1c3c03224ef1ddaea9233,1742848786,114269.1264,1742848876,24269.1264,Kafka
67e1c3c03224ef1ddaea923b,1742848786,114400.154,1742848876,24400.154,Kafka
67e1c3c03224ef1ddaea9237,1742848786,114341.4687,1742848876,24341.4687,Kafka
67e1c3c03224ef1ddaea9247,1742848786,114683.9446,1742848876,24683.9446,Kafka
67e1c3c03224ef1ddaea9243,1742848786,114650.2389,1742848876,24650.2389,Kafka
67e1c3c03224ef1ddaea9228,1742848786,114141.3952,1742848876,24141.3952,Kafka
67e1c3c03224ef1ddaea9229,1742848786,114167.7739,1742848876,24167.7739,Kafka
67e1c3c03224ef1ddaea922a,1742848786,114169.9467,1742848876,24169.9467,Kafka
67e1c3c03224ef1ddaea922c,1742848786,114229.846,1742848876,24229.846,Kafka
67e1c3c03224ef1ddaea922d,1742848786,114232.2329,1742848876,24232.2329,Kafka
67e1c3c03224ef1ddaea922e,1742848786,114260.726,1742848876,24260.726,Kafka
67e1c3c03224ef1ddaea922f,1742848786,114263.4912,1742848876,24263.4912,Kafka
67e1c3c03224ef1ddaea9230,1742848786,114264.99,1742848876,24264.99,Kafka
67e1c3c03224ef1ddaea9231,1742848786,114266.3649,1742848876,24266.3649,Kafka
67e1c3c03224ef1ddaea9232,1742848786,114267.7383,1742848876,24267.7383,Kafka
67e1c3c03224ef1ddaea9234,1742848786,114270.4931,1742848876,24270.4931,Kafka
67e1c3c03224ef1ddaea9235,1742848786,114307.1472,1742848876,24307.1472,Kafka
67e1c3c03224ef1ddaea9236,1742848786,114338.5006,1742848876,24338.5006,Kafka
67e1c3c03224ef1ddaea9238,1742848786,114370.1411,1742848876,24370.1411,Kafka
67e1c3c03224ef1ddaea9239,1742848786,114372.2968,1742848876,24372.2968,Kafka
67e1c3c03224ef1ddaea923a,1742848786,114373.7294,1742848876,24373.7294,Kafka
67e1c3c03224ef1ddaea923c,1742848786,114402.6371,1742848876,24402.6371,Kafka
67e1c3c03224ef1ddaea923d,1742848786,114404.1458,1742848876,24404.1458,Kafka
67e1c3c03224ef1ddaea923e,1742848786,114462.1578,1742848876,24462.1578,Kafka
67e1c3c03224ef1ddaea923f,1742848786,114524.4623,1742848876,24524.4623,Kafka
67e1c3c03224ef1ddaea9240,1742848786,114555.1569,1742848876,24555.1569,Kafka
67e1c3c03224ef1ddaea9241,1742848786,114586.1589,1742848876,24586.1589,Kafka
67e1c3c03224ef1ddaea9242,1742848786,114618.5956,1742848876,24618.5956,Kafka
67e1c3c03224ef1ddaea9244,1742848786,114651.704,1742848876,24651.704,Kafka
67e1c3c03224ef1ddaea9245,1742848786,114680.4017,1742848876,24680.4017,Kafka
67e1c3c03224ef1ddaea9246,1742848786,114682.4125,1742848876,24682.4125,Kafka
67e1c3c03224ef1ddaea9248,1742848786,114685.3442,1742848876,24685.3442,Kafka
67e1c3c03224ef1ddaea9249,1742848786,114686.8382,1742848876,24686.8382,Kafka
67e1c3c03224ef1ddaea924a,1742848786,114688.1742,1742848876,24688.1742,Kafka
67e1c3c03224ef1ddaea924c,1742848786,114713.2243,1742848876,24713.2243,Kafka
67e1c3c03224ef1ddaea924d,1742848786,114741.188,1742848876,24741.188,Kafka
67e1c3c03224ef1ddaea924e,1742848786,114743.563,1742848876,24743.563,Kafka
67e1c3c03224ef1ddaea924f,1742848786,114772.0918,1742848876,24772.0918,Kafka
67e1c3c03224ef1ddaea9250,1742848786,114803.2266,1742848876,24803.2266,Kafka
67e1c3c03224ef1ddaea9251,1742848786,114835.3364,1742848876,24835.3364,Kafka
67e1c3c03224ef1ddaea9252,1742848786,114837.5486,1742848876,24837.5486,Kafka
67e1c3c03224ef1ddaea9254,1742848786,114865.1714,1742848876,24865.1714,Kafka
67e1c3c03224ef1ddaea9255,1742848786,114897.6405,1742848876,24897.6405,Kafka
67e1c3c03224ef1ddaea9256,1742848786,114928.585,1742848876,24928.585,Kafka
67e1c3c03224ef1ddaea9258,1742848786,114958.2082,1742848876,24958.2082,Kafka
67e1c3c03224ef1ddaea9259,1742848786,114960.3493,1742848876,24960.3493,Kafka
67e1c3c03224ef1ddaea925a,1742848786,114961.9754,1742848876,24961.9754,Kafka
67e1c3c03224ef1ddaea925c,1742848786,114992.4285,1742848876,24992.4285,Kafka
67e1c3c03224ef1ddaea925d,1742848786,115020.3116,1742848876,25020.3116,Kafka
67e1c3c03224ef1ddaea925e,1742848786,115082.2701,1742848876,25082.2701,Kafka
67e1c3c03224ef1ddaea925f,1742848786,115115.3685,1742848876,25115.3685,Kafka
67e1c3c03224ef1ddaea9260,1742848786,115145.3022,1742848876,25145.3022,Kafka
67e1c3c03224ef1ddaea9261,1742848786,115175.9116,1742848876,25175.9116,Kafka
67e1c3c03224ef1ddaea9262,1742848786,115183.9036,1742848876,25183.9036,Kafka
67e1c3c03224ef1ddaea9263,1742848786,115238.1579,1742848876,25238.1579,Kafka
67e1c3c03224ef1ddaea9264,1742848786,115244.5419,1742848876,25244.5419,Kafka
67e1c3c03224ef1ddaea9265,1742848786,115246.1382,1742848876,25246.1382,Kafka
67e1c3c03224ef1ddaea9266,1742848786,115247.6108,1742848876,25247.6108,Kafka
67e1c3c03224ef1ddaea9267,1742848786,115249.1923,1742848876,25249.1923,Kafka
67e1c3c03224ef1ddaea9268,1742848786,115287.0513,1742848876,25287.0513,Kafka
67e1c3c03224ef1ddaea9207,1742848786,113540.9443,1742848875,24540.9443,Kafka
67e1c3c03224ef1ddaea920b,1742848786,113546.9545,1742848875,24546.9545,Kafka
67e1c3c03224ef1ddaea9213,1742848786,113735.4053,1742848875,24735.4053,Kafka
67e1c3c03224ef1ddaea9217,1742848786,113800.3003,1742848875,24800.3003,Kafka
67e1c3c03224ef1ddaea921b,1742848786,113843.6572,1742848875,24843.6572,Kafka
67e1c3c03224ef1ddaea91eb,1742848786,113175.4242,1742848875,24175.4242,Kafka
67e1c3c03224ef1ddaea91ef,1742848786,113212.471,1742848875,24212.471,Kafka
67e1c3c03224ef1ddaea91f3,1742848786,113268.4248,1742848875,24268.4248,Kafka
67e1c3c03224ef1ddaea91fb,1742848786,113341.6599,1742848875,24341.6599,Kafka
67e1c3c03224ef1ddaea91f7,1742848786,113335.8896,1742848875,24335.8896,Kafka
67e1c3c03224ef1ddaea9203,1742848786,113534.4779,1742848875,24534.4779,Kafka
67e1c3c03224ef1ddaea91e8,1742848786,113114.3624,1742848875,24114.3624,Kafka
67e1c3c03224ef1ddaea91e9,1742848786,113144.3885,1742848875,24144.3885,Kafka
67e1c3c03224ef1ddaea91ea,1742848786,113146.3648,1742848875,24146.3648,Kafka
67e1c3c03224ef1ddaea91ec,1742848786,113207.6206,1742848875,24207.6206,Kafka
67e1c3c03224ef1ddaea91ed,1742848786,113209.7691,1742848875,24209.7691,Kafka
67e1c3c03224ef1ddaea91ee,1742848786,113211.0784,1742848875,24211.0784,Kafka
67e1c3c03224ef1ddaea91f0,1742848786,113239.306,1742848875,24239.306,Kafka
67e1c3c03224ef1ddaea91f1,1742848786,113240.7147,1742848875,24240.7147,Kafka
67e1c3c03224ef1ddaea91f2,1742848786,113242.0906,1742848875,24242.0906,Kafka
67e1c3c03224ef1ddaea91f4,1742848786,113301.0158,1742848875,24301.0158,Kafka
67e1c3c03224ef1ddaea91f5,1742848786,113331.5088,1742848875,24331.5088,Kafka
67e1c3c03224ef1ddaea91f6,1742848786,113334.2048,1742848875,24334.2048,Kafka
67e1c3c03224ef1ddaea91f8,1742848786,113337.3832,1742848875,24337.3832,Kafka
67e1c3c03224ef1ddaea91f9,1742848786,113338.8134,1742848875,24338.8134,Kafka
67e1c3c03224ef1ddaea91fa,1742848786,113340.2059,1742848875,24340.2059,Kafka
67e1c3c03224ef1ddaea91fc,1742848786,113376.9438,1742848875,24376.9438,Kafka
67e1c3c03224ef1ddaea91fd,1742848786,113379.033,1742848875,24379.033,Kafka
67e1c3c03224ef1ddaea91fe,1742848786,113407.9935,1742848875,24407.9935,Kafka
67e1c3c03224ef1ddaea91ff,1742848786,113438.9539,1742848875,24438.9539,Kafka
67e1c3c03224ef1ddaea9200,1742848786,113441.1085,1742848875,24441.1085,Kafka
67e1c3c03224ef1ddaea9201,1742848786,113469.9214,1742848875,24469.9214,Kafka
67e1c3c03224ef1ddaea9202,1742848786,113531.995,1742848875,24531.995,Kafka
67e1c3c03224ef1ddaea9204,1742848786,113536.2888,1742848875,24536.2888,Kafka
67e1c3c03224ef1ddaea9205,1742848786,113537.7823,1742848875,24537.7823,Kafka
67e1c3c03224ef1ddaea9206,1742848786,113539.2302,1742848875,24539.2302,Kafka
67e1c3c03224ef1ddaea9208,1742848786,113542.4478,1742848875,24542.4478,Kafka
67e1c3c03224ef1ddaea9209,1742848786,113543.9614,1742848875,24543.9614,Kafka
67e1c3c03224ef1ddaea920a,1742848786,113545.4065,1742848875,24545.4065,Kafka
67e1c3c03224ef1ddaea920c,1742848786,113578.4496,1742848875,24578.4496,Kafka
67e1c3c03224ef1ddaea920d,1742848786,113580.3875,1742848875,24580.3875,Kafka
67e1c3c03224ef1ddaea920e,1742848786,113581.7952,1742848875,24581.7952,Kafka
67e1c3c03224ef1ddaea920f,1742848786,113609.7532,1742848875,24609.7532,Kafka
67e1c3c03224ef1ddaea9210,1742848786,113640.5452,1742848875,24640.5452,Kafka
67e1c3c03224ef1ddaea9211,1742848786,113702.5957,1742848875,24702.5957,Kafka
67e1c3c03224ef1ddaea9212,1742848786,113704.8538,1742848875,24704.8538,Kafka
67e1c3c03224ef1ddaea9214,1742848786,113765.4378,1742848875,24765.4378,Kafka
67e1c3c03224ef1ddaea9215,1742848786,113796.5506,1742848875,24796.5506,Kafka
67e1c3c03224ef1ddaea9216,1742848786,113798.7994,1742848875,24798.7994,Kafka
67e1c3c03224ef1ddaea9218,1742848786,113801.7691,1742848875,24801.7691,Kafka
67e1c3c03224ef1ddaea9219,1742848786,113804.1541,1742848875,24804.1541,Kafka
67e1c3c03224ef1ddaea921a,1742848786,113810.623,1742848875,24810.623,Kafka
67e1c3c03224ef1ddaea921c,1742848786,113851.7213,1742848875,24851.7213,Kafka
67e1c3c03224ef1ddaea921d,1742848786,113888.6983,1742848875,24888.6983,Kafka
67e1c3c03224ef1ddaea921e,1742848786,113919.8033,1742848875,24919.8033,Kafka
67e1c3c03224ef1ddaea921f,1742848786,113922.3729,1742848875,24922.3729,Kafka
67e1c3c03224ef1ddaea9220,1742848786,113924.1582,1742848875,24924.1582,Kafka
67e1c3c03224ef1ddaea9221,1742848786,113951.4006,1742848875,24951.4006,Kafka
67e1c3c03224ef1ddaea9222,1742848786,113981.5855,1742848875,24981.5855,Kafka
67e1c3c03224ef1ddaea9223,1742848786,114013.4995,1742848875,25013.4995,Kafka
67e1c3c03224ef1ddaea9224,1742848786,114074.5731,1742848875,25074.5731,Kafka
67e1c3c03224ef1ddaea9225,1742848786,114106.679,1742848875,25106.679,Kafka
67e1c3c03224ef1ddaea9226,1742848786,114137.6091,1742848875,25137.6091,Kafka
67e1c3c03224ef1ddaea9227,1742848786,114139.9987,1742848875,25139.9987,Kafka
67e1c3c03224ef1ddaea91cb,1742848786,112558.0188,1742848874,24558.0188,Kafka
67e1c3c03224ef1ddaea91d3,1742848786,112808.3875,1742848874,24808.3875,Kafka
67e1c3c03224ef1ddaea91d7,1742848786,112837.9545,1742848874,24837.9545,Kafka
67e1c3c03224ef1ddaea91db,1742848786,112870.6523,1742848874,24870.6523,Kafka
67e1c3c03224ef1ddaea91af,1742848786,112020.31,1742848874,24020.31,Kafka
67e1c3c03224ef1ddaea91b3,1742848786,112122.4515,1742848874,24122.4515,Kafka
67e1c3c03224ef1ddaea91ab,1742848786,112013.9102,1742848874,24013.9102,Kafka
67e1c3c03224ef1ddaea91b7,1742848786,112188.7722,1742848874,24188.7722,Kafka
67e1c3c03224ef1ddaea91c3,1742848786,112369.3273,1742848874,24369.3273,Kafka
67e1c3c03224ef1ddaea91bb,1742848786,112215.2178,1742848874,24215.2178,Kafka
67e1c3c03224ef1ddaea91c7,1742848786,112494.6037,1742848874,24494.6037,Kafka
67e1c3c03224ef1ddaea91a8,1742848786,111956.008,1742848874,23956.008,Kafka
67e1c3c03224ef1ddaea91a9,1742848786,111957.4956,1742848874,23957.4956,Kafka
67e1c3c03224ef1ddaea91aa,1742848786,111981.9215,1742848874,23981.9215,Kafka
67e1c3c03224ef1ddaea91ac,1742848786,112015.9191,1742848874,24015.9191,Kafka
67e1c3c03224ef1ddaea91ad,1742848786,112017.3483,1742848874,24017.3483,Kafka
67e1c3c03224ef1ddaea91ae,1742848786,112018.8686,1742848874,24018.8686,Kafka
67e1c3c03224ef1ddaea91b0,1742848786,112021.7406,1742848874,24021.7406,Kafka
67e1c3c03224ef1ddaea91b1,1742848786,112023.1807,1742848874,24023.1807,Kafka
67e1c3c03224ef1ddaea91b2,1742848786,112090.3436,1742848874,24090.3436,Kafka
67e1c3c03224ef1ddaea91b4,1742848786,112183.3387,1742848874,24183.3387,Kafka
67e1c3c03224ef1ddaea91b5,1742848786,112185.1645,1742848874,24185.1645,Kafka
67e1c3c03224ef1ddaea91b6,1742848786,112187.4107,1742848874,24187.4107,Kafka
67e1c3c03224ef1ddaea91b8,1742848786,112190.1771,1742848874,24190.1771,Kafka
67e1c3c03224ef1ddaea91b9,1742848786,112191.6288,1742848874,24191.6288,Kafka
67e1c3c03224ef1ddaea91ba,1742848786,112193.0321,1742848874,24193.0321,Kafka
67e1c3c03224ef1ddaea91bc,1742848786,112217.1879,1742848874,24217.1879,Kafka
67e1c3c03224ef1ddaea91bd,1742848786,112218.5984,1742848874,24218.5984,Kafka
67e1c3c03224ef1ddaea91be,1742848786,112245.3309,1742848874,24245.3309,Kafka
67e1c3c03224ef1ddaea91bf,1742848786,112276.3663,1742848874,24276.3663,Kafka
67e1c3c03224ef1ddaea91c0,1742848786,112278.5149,1742848874,24278.5149,Kafka
67e1c3c03224ef1ddaea91c1,1742848786,112279.9587,1742848874,24279.9587,Kafka
67e1c3c03224ef1ddaea91c2,1742848786,112309.1555,1742848874,24309.1555,Kafka
67e1c3c03224ef1ddaea91c4,1742848786,112371.5101,1742848874,24371.5101,Kafka
67e1c3c03224ef1ddaea91c5,1742848786,112431.4854,1742848874,24431.4854,Kafka
67e1c3c03224ef1ddaea91c6,1742848786,112462.4484,1742848874,24462.4484,Kafka
67e1c3c03224ef1ddaea91c8,1742848786,112496.7212,1742848874,24496.7212,Kafka
67e1c3c03224ef1ddaea91c9,1742848786,112524.3389,1742848874,24524.3389,Kafka
67e1c3c03224ef1ddaea91ca,1742848786,112556.2684,1742848874,24556.2684,Kafka
67e1c3c03224ef1ddaea91cc,1742848786,112586.3375,1742848874,24586.3375,Kafka
67e1c3c03224ef1ddaea91cd,1742848786,112617.352,1742848874,24617.352,Kafka
67e1c3c03224ef1ddaea91ce,1742848786,112679.4248,1742848874,24679.4248,Kafka
67e1c3c03224ef1ddaea91cf,1742848786,112711.4607,1742848874,24711.4607,Kafka
67e1c3c03224ef1ddaea91d0,1742848786,112772.4467,1742848874,24772.4467,Kafka
67e1c3c03224ef1ddaea91d1,1742848786,112804.4932,1742848874,24804.4932,Kafka
67e1c3c03224ef1ddaea91d2,1742848786,112806.6513,1742848874,24806.6513,Kafka
67e1c3c03224ef1ddaea91d4,1742848786,112810.1599,1742848874,24810.1599,Kafka
67e1c3c03224ef1ddaea91d5,1742848786,112811.9479,1742848874,24811.9479,Kafka
67e1c3c03224ef1ddaea91d6,1742848786,112835.5911,1742848874,24835.5911,Kafka
67e1c3c03224ef1ddaea91d8,1742848786,112865.409,1742848874,24865.409,Kafka
67e1c3c03224ef1ddaea91d9,1742848786,112867.4999,1742848874,24867.4999,Kafka
67e1c3c03224ef1ddaea91da,1742848786,112869.1368,1742848874,24869.1368,Kafka
67e1c3c03224ef1ddaea91dc,1742848786,112872.0766,1742848874,24872.0766,Kafka
67e1c3c03224ef1ddaea91dd,1742848786,112896.3537,1742848874,24896.3537,Kafka
67e1c3c03224ef1ddaea91de,1742848786,112898.3651,1742848874,24898.3651,Kafka
67e1c3c03224ef1ddaea91df,1742848786,112928.3124,1742848874,24928.3124,Kafka
67e1c3c03224ef1ddaea91e0,1742848786,112958.397,1742848874,24958.397,Kafka
67e1c3c03224ef1ddaea91e1,1742848786,112960.751,1742848874,24960.751,Kafka
67e1c3c03224ef1ddaea91e2,1742848786,112962.0263,1742848874,24962.0263,Kafka
67e1c3c03224ef1ddaea91e3,1742848786,113020.472,1742848874,25020.472,Kafka
67e1c3c03224ef1ddaea91e4,1742848786,113022.8296,1742848874,25022.8296,Kafka
67e1c3c03224ef1ddaea91e5,1742848786,113024.2468,1742848874,25024.2468,Kafka
67e1c3c03224ef1ddaea91e6,1742848786,113051.4108,1742848874,25051.4108,Kafka
67e1c3c03224ef1ddaea91e7,1742848786,113083.6325,1742848874,25083.6325,Kafka
67e1c3c03224ef1ddaea918b,1742848786,111456.378,1742848873,24456.378,Kafka
67e1c3c03224ef1ddaea9193,1742848786,111613.4473,1742848873,24613.4473,Kafka
67e1c3c03224ef1ddaea9197,1742848786,111645.3597,1742848873,24645.3597,Kafka
67e1c3c03224ef1ddaea919b,1742848786,111706.5467,1742848873,24706.5467,Kafka
67e1c3c03224ef1ddaea916f,1742848786,110974.2449,1742848873,23974.2449,Kafka
67e1c3c03224ef1ddaea9173,1742848786,111038.4879,1742848873,24038.4879,Kafka
67e1c3c03224ef1ddaea9177,1742848786,111103.5116,1742848873,24103.5116,Kafka
67e1c3c03224ef1ddaea917b,1742848786,111178.7226,1742848873,24178.7226,Kafka
67e1c3c03224ef1ddaea9183,1742848786,111334.1848,1742848873,24334.1848,Kafka
67e1c3c03224ef1ddaea9187,1742848786,111395.6777,1742848873,24395.6777,Kafka
67e1c3c03224ef1ddaea916c,1742848786,110885.4787,1742848873,23885.4787,Kafka
67e1c3c03224ef1ddaea916d,1742848786,110913.046,1742848873,23913.046,Kafka
67e1c3c03224ef1ddaea916e,1742848786,110943.3171,1742848873,23943.3171,Kafka
67e1c3c03224ef1ddaea9170,1742848786,110976.5104,1742848873,23976.5104,Kafka
67e1c3c03224ef1ddaea9171,1742848786,110977.9628,1742848873,23977.9628,Kafka
67e1c3c03224ef1ddaea9172,1742848786,111036.2294,1742848873,24036.2294,Kafka
67e1c3c03224ef1ddaea9174,1742848786,111070.3681,1742848873,24070.3681,Kafka
67e1c3c03224ef1ddaea9175,1742848786,111098.3232,1742848873,24098.3232,Kafka
67e1c3c03224ef1ddaea9176,1742848786,111100.5746,1742848873,24100.5746,Kafka
67e1c3c03224ef1ddaea9178,1742848786,111109.2592,1742848873,24109.2592,Kafka
67e1c3c03224ef1ddaea9179,1742848786,111145.6771,1742848873,24145.6771,Kafka
67e1c3c03224ef1ddaea917a,1742848786,111147.7738,1742848873,24147.7738,Kafka
67e1c3c03224ef1ddaea917c,1742848786,111207.7066,1742848873,24207.7066,Kafka
67e1c3c03224ef1ddaea917d,1742848786,111209.6499,1742848873,24209.6499,Kafka
67e1c3c03224ef1ddaea917e,1742848786,111238.871,1742848873,24238.871,Kafka
67e1c3c03224ef1ddaea917f,1742848786,111268.8208,1742848873,24268.8208,Kafka
67e1c3c03224ef1ddaea9180,1742848786,111270.7981,1742848873,24270.7981,Kafka
67e1c3c03224ef1ddaea9181,1742848786,111299.8734,1742848873,24299.8734,Kafka
67e1c3c03224ef1ddaea9182,1742848786,111332.038,1742848873,24332.038,Kafka
67e1c3c03224ef1ddaea9184,1742848786,111362.6828,1742848873,24362.6828,Kafka
67e1c3c03224ef1ddaea9185,1742848786,111364.7953,1742848873,24364.7953,Kafka
67e1c3c03224ef1ddaea9186,1742848786,111393.7315,1742848873,24393.7315,Kafka
67e1c3c03224ef1ddaea9188,1742848786,111397.1114,1742848873,24397.1114,Kafka
67e1c3c03224ef1ddaea9189,1742848786,111398.5703,1742848873,24398.5703,Kafka
67e1c3c03224ef1ddaea918a,1742848786,111424.7072,1742848873,24424.7072,Kafka
67e1c3c03224ef1ddaea918c,1742848786,111485.8325,1742848873,24485.8325,Kafka
67e1c3c03224ef1ddaea918d,1742848786,111516.8533,1742848873,24516.8533,Kafka
67e1c3c03224ef1ddaea918e,1742848786,111519.1304,1742848873,24519.1304,Kafka
67e1c3c03224ef1ddaea918f,1742848786,111520.5526,1742848873,24520.5526,Kafka
67e1c3c03224ef1ddaea9190,1742848786,111578.8511,1742848873,24578.8511,Kafka
67e1c3c03224ef1ddaea9191,1742848786,111609.8739,1742848873,24609.8739,Kafka
67e1c3c03224ef1ddaea9192,1742848786,111611.9044,1742848873,24611.9044,Kafka
67e1c3c03224ef1ddaea9194,1742848786,111614.8345,1742848873,24614.8345,Kafka
67e1c3c03224ef1ddaea9195,1742848786,111641.8701,1742848873,24641.8701,Kafka
67e1c3c03224ef1ddaea9196,1742848786,111643.9398,1742848873,24643.9398,Kafka
67e1c3c03224ef1ddaea9198,1742848786,111646.9092,1742848873,24646.9092,Kafka
67e1c3c03224ef1ddaea9199,1742848786,111702.8759,1742848873,24702.8759,Kafka
67e1c3c03224ef1ddaea919a,1742848786,111705.0501,1742848873,24705.0501,Kafka
67e1c3c03224ef1ddaea919c,1742848786,111764.8975,1742848873,24764.8975,Kafka
67e1c3c03224ef1ddaea919d,1742848786,111796.895,1742848873,24796.895,Kafka
67e1c3c03224ef1ddaea919e,1742848786,111857.9818,1742848873,24857.9818,Kafka
67e1c3c03224ef1ddaea919f,1742848786,111860.5366,1742848873,24860.5366,Kafka
67e1c3c03224ef1ddaea91a0,1742848786,111862.3323,1742848873,24862.3323,Kafka
67e1c3c03224ef1ddaea91a1,1742848786,111863.9254,1742848873,24863.9254,Kafka
67e1c3c03224ef1ddaea91a2,1742848786,111865.4639,1742848873,24865.4639,Kafka
67e1c3c03224ef1ddaea91a3,1742848786,111890.2069,1742848873,24890.2069,Kafka
67e1c3c03224ef1ddaea91a4,1742848786,111892.8043,1742848873,24892.8043,Kafka
67e1c3c03224ef1ddaea91a5,1742848786,111950.8827,1742848873,24950.8827,Kafka
67e1c3c03224ef1ddaea91a6,1742848786,111953.0678,1742848873,24953.0678,Kafka
67e1c3c03224ef1ddaea91a7,1742848786,111954.5459,1742848873,24954.5459,Kafka
67e1c3c03224ef1ddaea9153,1742848786,110494.738,1742848872,24494.738,Kafka
67e1c3c03224ef1ddaea9157,1742848786,110528.5118,1742848872,24528.5118,Kafka
67e1c3c03224ef1ddaea915b,1742848786,110710.7298,1742848872,24710.7298,Kafka
67e1c3c03224ef1ddaea9163,1742848786,110750.3739,1742848872,24750.3739,Kafka
67e1c3c03224ef1ddaea912b,1742848786,109873.7307,1742848872,23873.7307,Kafka
67e1c3c03224ef1ddaea912f,1742848786,109938.8534,1742848872,23938.8534,Kafka
67e1c3c03224ef1ddaea9133,1742848786,109969.5576,1742848872,23969.5576,Kafka
67e1c3c03224ef1ddaea9137,1742848786,110091.7428,1742848872,24091.7428,Kafka
67e1c3c03224ef1ddaea913b,1742848786,110155.7994,1742848872,24155.7994,Kafka
67e1c3c03224ef1ddaea9143,1742848786,110218.2641,1742848872,24218.2641,Kafka
67e1c3c03224ef1ddaea9147,1742848786,110223.9273,1742848872,24223.9273,Kafka
67e1c3c03224ef1ddaea914b,1742848786,110338.8219,1742848872,24338.8219,Kafka
67e1c3c03224ef1ddaea912c,1742848786,109904.7062,1742848872,23904.7062,Kafka
67e1c3c03224ef1ddaea912d,1742848786,109906.9723,1742848872,23906.9723,Kafka
67e1c3c03224ef1ddaea912e,1742848786,109936.6946,1742848872,23936.6946,Kafka
67e1c3c03224ef1ddaea9130,1742848786,109940.3501,1742848872,23940.3501,Kafka
67e1c3c03224ef1ddaea9131,1742848786,109941.783,1742848872,23941.783,Kafka
67e1c3c03224ef1ddaea9132,1742848786,109967.588,1742848872,23967.588,Kafka
67e1c3c03224ef1ddaea9134,1742848786,109997.8045,1742848872,23997.8045,Kafka
67e1c3c03224ef1ddaea9135,1742848786,110029.5878,1742848872,24029.5878,Kafka
67e1c3c03224ef1ddaea9136,1742848786,110060.7766,1742848872,24060.7766,Kafka
67e1c3c03224ef1ddaea9138,1742848786,110093.7608,1742848872,24093.7608,Kafka
67e1c3c03224ef1ddaea9139,1742848786,110121.7472,1742848872,24121.7472,Kafka
67e1c3c03224ef1ddaea913a,1742848786,110153.754,1742848872,24153.754,Kafka
67e1c3c03224ef1ddaea913c,1742848786,110157.2263,1742848872,24157.2263,Kafka
67e1c3c03224ef1ddaea913d,1742848786,110183.7396,1742848872,24183.7396,Kafka
67e1c3c03224ef1ddaea913e,1742848786,110185.9618,1742848872,24185.9618,Kafka
67e1c3c03224ef1ddaea913f,1742848786,110187.5883,1742848872,24187.5883,Kafka
67e1c3c03224ef1ddaea9140,1742848786,110189.2194,1742848872,24189.2194,Kafka
67e1c3c03224ef1ddaea9141,1742848786,110214.7667,1742848872,24214.7667,Kafka
67e1c3c03224ef1ddaea9142,1742848786,110216.8846,1742848872,24216.8846,Kafka
67e1c3c03224ef1ddaea9144,1742848786,110219.7153,1742848872,24219.7153,Kafka
67e1c3c03224ef1ddaea9145,1742848786,110221.1007,1742848872,24221.1007,Kafka
67e1c3c03224ef1ddaea9146,1742848786,110222.465,1742848872,24222.465,Kafka
67e1c3c03224ef1ddaea9148,1742848786,110245.7639,1742848872,24245.7639,Kafka
67e1c3c03224ef1ddaea9149,1742848786,110247.9624,1742848872,24247.9624,Kafka
67e1c3c03224ef1ddaea914a,1742848786,110277.7888,1742848872,24277.7888,Kafka
67e1c3c03224ef1ddaea914c,1742848786,110341.1791,1742848872,24341.1791,Kafka
67e1c3c03224ef1ddaea914d,1742848786,110342.6914,1742848872,24342.6914,Kafka
67e1c3c03224ef1ddaea914e,1742848786,110369.7644,1742848872,24369.7644,Kafka
67e1c3c03224ef1ddaea914f,1742848786,110401.7905,1742848872,24401.7905,Kafka
67e1c3c03224ef1ddaea9150,1742848786,110431.8365,1742848872,24431.8365,Kafka
67e1c3c03224ef1ddaea9151,1742848786,110433.9053,1742848872,24433.9053,Kafka
67e1c3c03224ef1ddaea9152,1742848786,110462.754,1742848872,24462.754,Kafka
67e1c3c03224ef1ddaea9154,1742848786,110496.7536,1742848872,24496.7536,Kafka
67e1c3c03224ef1ddaea9155,1742848786,110524.7459,1742848872,24524.7459,Kafka
67e1c3c03224ef1ddaea9156,1742848786,110526.9882,1742848872,24526.9882,Kafka
67e1c3c03224ef1ddaea9158,1742848786,110586.7582,1742848872,24586.7582,Kafka
67e1c3c03224ef1ddaea9159,1742848786,110618.7003,1742848872,24618.7003,Kafka
67e1c3c03224ef1ddaea915a,1742848786,110648.839,1742848872,24648.839,Kafka
67e1c3c03224ef1ddaea915c,1742848786,110713.0003,1742848872,24713.0003,Kafka
67e1c3c03224ef1ddaea915d,1742848786,110714.4809,1742848872,24714.4809,Kafka
67e1c3c03224ef1ddaea915e,1742848786,110742.6249,1742848872,24742.6249,Kafka
67e1c3c03224ef1ddaea915f,1742848786,110744.6316,1742848872,24744.6316,Kafka
67e1c3c03224ef1ddaea9160,1742848786,110746.0404,1742848872,24746.0404,Kafka
67e1c3c03224ef1ddaea9161,1742848786,110747.5795,1742848872,24747.5795,Kafka
67e1c3c03224ef1ddaea9162,1742848786,110748.992,1742848872,24748.992,Kafka
67e1c3c03224ef1ddaea9164,1742848786,110751.7598,1742848872,24751.7598,Kafka
67e1c3c03224ef1ddaea9165,1742848786,110753.272,1742848872,24753.272,Kafka
67e1c3c03224ef1ddaea9166,1742848786,110788.2938,1742848872,24788.2938,Kafka
67e1c3c03224ef1ddaea9167,1742848786,110820.1943,1742848872,24820.1943,Kafka
67e1c3c03224ef1ddaea9168,1742848786,110822.2292,1742848872,24822.2292,Kafka
67e1c3c03224ef1ddaea9169,1742848786,110850.2711,1742848872,24850.2711,Kafka
67e1c3c03224ef1ddaea916a,1742848786,110882.2716,1742848872,24882.2716,Kafka
67e1c3c03224ef1ddaea916b,1742848786,110884.0313,1742848872,24884.0313,Kafka
67e1c3c03224ef1ddaea910b,1742848786,109223.6784,1742848871,24223.6784,Kafka
67e1c3c03224ef1ddaea9113,1742848786,109470.6258,1742848871,24470.6258,Kafka
67e1c3c03224ef1ddaea9117,1742848786,109536.0055,1742848871,24536.0055,Kafka
67e1c3c03224ef1ddaea911b,1742848786,109597.679,1742848871,24597.679,Kafka
67e1c3c03224ef1ddaea90ef,1742848786,108681.073,1742848871,23681.073,Kafka
67e1c3c03224ef1ddaea90f3,1742848786,108746.6313,1742848871,23746.6313,Kafka
67e1c3c03224ef1ddaea90f7,1742848786,108807.2263,1742848871,23807.2263,Kafka
67e1c3c03224ef1ddaea90fb,1742848786,108866.8865,1742848871,23866.8865,Kafka
67e1c3c03224ef1ddaea90eb,1742848786,108529.2513,1742848871,23529.2513,Kafka
67e1c3c03224ef1ddaea9103,1742848786,109026.8109,1742848871,24026.8109,Kafka
67e1c3c03224ef1ddaea9107,1742848786,109032.6242,1742848871,24032.6242,Kafka
67e1c3c03224ef1ddaea90ea,1742848786,108527.7097,1742848871,23527.7097,Kafka
67e1c3c03224ef1ddaea90ec,1742848786,108587.0527,1742848871,23587.0527,Kafka
67e1c3c03224ef1ddaea90ed,1742848786,108649.1093,1742848871,23649.1093,Kafka
67e1c3c03224ef1ddaea90ee,1742848786,108651.5157,1742848871,23651.5157,Kafka
67e1c3c03224ef1ddaea90f0,1742848786,108711.0261,1742848871,23711.0261,Kafka
67e1c3c03224ef1ddaea90f1,1742848786,108743.1067,1742848871,23743.1067,Kafka
67e1c3c03224ef1ddaea90f2,1742848786,108745.1668,1742848871,23745.1668,Kafka
67e1c3c03224ef1ddaea90f4,1742848786,108748.1501,1742848871,23748.1501,Kafka
67e1c3c03224ef1ddaea90f5,1742848786,108773.9293,1742848871,23773.9293,Kafka
67e1c3c03224ef1ddaea90f6,1742848786,108804.9498,1742848871,23804.9498,Kafka
67e1c3c03224ef1ddaea90f8,1742848786,108808.6989,1742848871,23808.6989,Kafka
67e1c3c03224ef1ddaea90f9,1742848786,108835.0591,1742848871,23835.0591,Kafka
67e1c3c03224ef1ddaea90fa,1742848786,108837.2775,1742848871,23837.2775,Kafka
67e1c3c03224ef1ddaea90fc,1742848786,108898.132,1742848871,23898.132,Kafka
67e1c3c03224ef1ddaea90fd,1742848786,108900.4065,1742848871,23900.4065,Kafka
67e1c3c03224ef1ddaea90fe,1742848786,108959.0722,1742848871,23959.0722,Kafka
67e1c3c03224ef1ddaea90ff,1742848786,108990.1173,1742848871,23990.1173,Kafka
67e1c3c03224ef1ddaea9100,1742848786,109021.9745,1742848871,24021.9745,Kafka
67e1c3c03224ef1ddaea9101,1742848786,109023.9297,1742848871,24023.9297,Kafka
67e1c3c03224ef1ddaea9102,1742848786,109025.3582,1742848871,24025.3582,Kafka
67e1c3c03224ef1ddaea9104,1742848786,109028.2238,1742848871,24028.2238,Kafka
67e1c3c03224ef1ddaea9105,1742848786,109029.7317,1742848871,24029.7317,Kafka
67e1c3c03224ef1ddaea9106,1742848786,109031.2111,1742848871,24031.2111,Kafka
67e1c3c03224ef1ddaea9108,1742848786,109067.6182,1742848871,24067.6182,Kafka
67e1c3c03224ef1ddaea9109,1742848786,109129.5725,1742848871,24129.5725,Kafka
67e1c3c03224ef1ddaea910a,1742848786,109191.607,1742848871,24191.607,Kafka
67e1c3c03224ef1ddaea910c,1742848786,109284.6808,1742848871,24284.6808,Kafka
67e1c3c03224ef1ddaea910d,1742848786,109286.9054,1742848871,24286.9054,Kafka
67e1c3c03224ef1ddaea910e,1742848786,109288.4071,1742848871,24288.4071,Kafka
67e1c3c03224ef1ddaea910f,1742848786,109289.9734,1742848871,24289.9734,Kafka
67e1c3c03224ef1ddaea9110,1742848786,109316.6267,1742848871,24316.6267,Kafka
67e1c3c03224ef1ddaea9111,1742848786,109347.5894,1742848871,24347.5894,Kafka
67e1c3c03224ef1ddaea9112,1742848786,109408.6231,1742848871,24408.6231,Kafka
67e1c3c03224ef1ddaea9114,1742848786,109503.0216,1742848871,24503.0216,Kafka
67e1c3c03224ef1ddaea9115,1742848786,109504.5545,1742848871,24504.5545,Kafka
67e1c3c03224ef1ddaea9116,1742848786,109533.4438,1742848871,24533.4438,Kafka
67e1c3c03224ef1ddaea9118,1742848786,109564.6515,1742848871,24564.6515,Kafka
67e1c3c03224ef1ddaea9119,1742848786,109566.7286,1742848871,24566.7286,Kafka
67e1c3c03224ef1ddaea911a,1742848786,109595.5983,1742848871,24595.5983,Kafka
67e1c3c03224ef1ddaea911c,1742848786,109625.6516,1742848871,24625.6516,Kafka
67e1c3c03224ef1ddaea911d,1742848786,109627.7014,1742848871,24627.7014,Kafka
67e1c3c03224ef1ddaea911e,1742848786,109629.2745,1742848871,24629.2745,Kafka
67e1c3c03224ef1ddaea911f,1742848786,109630.67,1742848871,24630.67,Kafka
67e1c3c03224ef1ddaea9120,1742848786,109656.6405,1742848871,24656.6405,Kafka
67e1c3c03224ef1ddaea9121,1742848786,109688.6038,1742848871,24688.6038,Kafka
67e1c3c03224ef1ddaea9122,1742848786,109719.5652,1742848871,24719.5652,Kafka
67e1c3c03224ef1ddaea9123,1742848786,109721.6706,1742848871,24721.6706,Kafka
67e1c3c03224ef1ddaea9124,1742848786,109723.1651,1742848871,24723.1651,Kafka
67e1c3c03224ef1ddaea9125,1742848786,109725.4667,1742848871,24725.4667,Kafka
67e1c3c03224ef1ddaea9126,1742848786,109750.7621,1742848871,24750.7621,Kafka
67e1c3c03224ef1ddaea9127,1742848786,109753.1445,1742848871,24753.1445,Kafka
67e1c3c03224ef1ddaea9128,1742848786,109780.7951,1742848871,24780.7951,Kafka
67e1c3c03224ef1ddaea9129,1742848786,109812.8561,1742848871,24812.8561,Kafka
67e1c3c03224ef1ddaea912a,1742848786,109843.9906,1742848871,24843.9906,Kafka
67e1c3c03224ef1ddaea90d3,1742848786,108033.9475,1742848870,24033.9475,Kafka
67e1c3c03224ef1ddaea90d7,1742848786,108091.3983,1742848870,24091.3983,Kafka
67e1c3c03224ef1ddaea90db,1742848786,108123.312,1742848870,24123.312,Kafka
67e1c3c03224ef1ddaea90cb,1742848786,107879.4923,1742848870,23879.4923,Kafka
67e1c3c03224ef1ddaea90e3,1742848786,108309.562,1742848870,24309.562,Kafka
67e1c3c03224ef1ddaea90af,1742848786,107256.1335,1742848870,23256.1335,Kafka
67e1c3c03224ef1ddaea90b3,1742848786,107288.4212,1742848870,23288.4212,Kafka
67e1c3c03224ef1ddaea90ab,1742848786,107229.1097,1742848870,23229.1097,Kafka
67e1c3c03224ef1ddaea90b7,1742848786,107411.5049,1742848870,23411.5049,Kafka
67e1c3c03224ef1ddaea90c3,1742848786,107688.3497,1742848870,23688.3497,Kafka
67e1c3c03224ef1ddaea90bb,1742848786,107442.3531,1742848870,23442.3531,Kafka
67e1c3c03224ef1ddaea90c7,1742848786,107812.3777,1742848870,23812.3777,Kafka
67e1c3c03224ef1ddaea90ac,1742848786,107230.502,1742848870,23230.502,Kafka
67e1c3c03224ef1ddaea90ad,1742848786,107231.8072,1742848870,23231.8072,Kafka
67e1c3c03224ef1ddaea90ae,1742848786,107233.1239,1742848870,23233.1239,Kafka
67e1c3c03224ef1ddaea90b0,1742848786,107258.2992,1742848870,23258.2992,Kafka
67e1c3c03224ef1ddaea90b1,1742848786,107259.9213,1742848870,23259.9213,Kafka
67e1c3c03224ef1ddaea90b2,1742848786,107286.429,1742848870,23286.429,Kafka
67e1c3c03224ef1ddaea90b4,1742848786,107347.333,1742848870,23347.333,Kafka
67e1c3c03224ef1ddaea90b5,1742848786,107349.7727,1742848870,23349.7727,Kafka
67e1c3c03224ef1ddaea90b6,1742848786,107409.4627,1742848870,23409.4627,Kafka
67e1c3c03224ef1ddaea90b8,1742848786,107412.9261,1742848870,23412.9261,Kafka
67e1c3c03224ef1ddaea90b9,1742848786,107414.3673,1742848870,23414.3673,Kafka
67e1c3c03224ef1ddaea90ba,1742848786,107440.3247,1742848870,23440.3247,Kafka
67e1c3c03224ef1ddaea90bc,1742848786,107443.8297,1742848870,23443.8297,Kafka
67e1c3c03224ef1ddaea90bd,1742848786,107445.2605,1742848870,23445.2605,Kafka
67e1c3c03224ef1ddaea90be,1742848786,107472.2315,1742848870,23472.2315,Kafka
67e1c3c03224ef1ddaea90bf,1742848786,107504.0621,1742848870,23504.0621,Kafka
67e1c3c03224ef1ddaea90c0,1742848786,107534.9012,1742848870,23534.9012,Kafka
67e1c3c03224ef1ddaea90c1,1742848786,107565.1825,1742848870,23565.1825,Kafka
67e1c3c03224ef1ddaea90c2,1742848786,107626.3529,1742848870,23626.3529,Kafka
67e1c3c03224ef1ddaea90c4,1742848786,107720.2572,1742848870,23720.2572,Kafka
67e1c3c03224ef1ddaea90c5,1742848786,107751.1532,1742848870,23751.1532,Kafka
67e1c3c03224ef1ddaea90c6,1742848786,107782.3184,1742848870,23782.3184,Kafka
67e1c3c03224ef1ddaea90c8,1742848786,107874.3832,1742848870,23874.3832,Kafka
67e1c3c03224ef1ddaea90c9,1742848786,107876.4988,1742848870,23876.4988,Kafka
67e1c3c03224ef1ddaea90ca,1742848786,107878.0277,1742848870,23878.0277,Kafka
67e1c3c03224ef1ddaea90cc,1742848786,107905.4028,1742848870,23905.4028,Kafka
67e1c3c03224ef1ddaea90cd,1742848786,107967.4329,1742848870,23967.4329,Kafka
67e1c3c03224ef1ddaea90ce,1742848786,107969.614,1742848870,23969.614,Kafka
67e1c3c03224ef1ddaea90cf,1742848786,107971.1303,1742848870,23971.1303,Kafka
67e1c3c03224ef1ddaea90d0,1742848786,107999.338,1742848870,23999.338,Kafka
67e1c3c03224ef1ddaea90d1,1742848786,108030.4237,1742848870,24030.4237,Kafka
67e1c3c03224ef1ddaea90d2,1742848786,108032.488,1742848870,24032.488,Kafka
67e1c3c03224ef1ddaea90d4,1742848786,108060.3953,1742848870,24060.3953,Kafka
67e1c3c03224ef1ddaea90d5,1742848786,108062.5313,1742848870,24062.5313,Kafka
67e1c3c03224ef1ddaea90d6,1742848786,108064.0173,1742848870,24064.0173,Kafka
67e1c3c03224ef1ddaea90d8,1742848786,108093.7124,1742848870,24093.7124,Kafka
67e1c3c03224ef1ddaea90d9,1742848786,108095.3328,1742848870,24095.3328,Kafka
67e1c3c03224ef1ddaea90da,1742848786,108096.7298,1742848870,24096.7298,Kafka
67e1c3c03224ef1ddaea90dc,1742848786,108125.3445,1742848870,24125.3445,Kafka
67e1c3c03224ef1ddaea90dd,1742848786,108153.4777,1742848870,24153.4777,Kafka
67e1c3c03224ef1ddaea90de,1742848786,108155.9585,1742848870,24155.9585,Kafka
67e1c3c03224ef1ddaea90df,1742848786,108184.6293,1742848870,24184.6293,Kafka
67e1c3c03224ef1ddaea90e0,1742848786,108246.4897,1742848870,24246.4897,Kafka
67e1c3c03224ef1ddaea90e1,1742848786,108248.9037,1742848870,24248.9037,Kafka
67e1c3c03224ef1ddaea90e2,1742848786,108277.5854,1742848870,24277.5854,Kafka
67e1c3c03224ef1ddaea90e4,1742848786,108370.5046,1742848870,24370.5046,Kafka
67e1c3c03224ef1ddaea90e5,1742848786,108432.5285,1742848870,24432.5285,Kafka
67e1c3c03224ef1ddaea90e6,1742848786,108464.6645,1742848870,24464.6645,Kafka
67e1c3c03224ef1ddaea90e7,1742848786,108466.8063,1742848870,24466.8063,Kafka
67e1c3c03224ef1ddaea90e8,1742848786,108468.3788,1742848870,24468.3788,Kafka
67e1c3c03224ef1ddaea90e9,1742848786,108525.1411,1742848870,24525.1411,Kafka
67e1c3c03224ef1ddaea9093,1742848786,106835.75,1742848869,23835.75,Kafka
67e1c3c03224ef1ddaea9097,1742848786,106867.5211,1742848869,23867.5211,Kafka
67e1c3c03224ef1ddaea908b,1742848786,106619.6582,1742848869,23619.6582,Kafka
67e1c3c03224ef1ddaea909b,1742848786,106901.9898,1742848869,23901.9898,Kafka
67e1c3c03224ef1ddaea90a3,1742848786,106976.6295,1742848869,23976.6295,Kafka
67e1c3c03224ef1ddaea9073,1742848786,106000.7032,1742848869,23000.7032,Kafka
67e1c3c03224ef1ddaea9077,1742848786,106124.1201,1742848869,23124.1201,Kafka
67e1c3c03224ef1ddaea907b,1742848786,106186.0718,1742848869,23186.0718,Kafka
67e1c3c03224ef1ddaea9083,1742848786,106370.8772,1742848869,23370.8772,Kafka
67e1c3c03224ef1ddaea9087,1742848786,106526.7487,1742848869,23526.7487,Kafka
67e1c3c03224ef1ddaea9072,1742848786,105998.6366,1742848869,22998.6366,Kafka
67e1c3c03224ef1ddaea9074,1742848786,106030.9083,1742848869,23030.9083,Kafka
67e1c3c03224ef1ddaea9075,1742848786,106061.6736,1742848869,23061.6736,Kafka
67e1c3c03224ef1ddaea9076,1742848786,106091.7599,1742848869,23091.7599,Kafka
67e1c3c03224ef1ddaea9078,1742848786,106153.7034,1742848869,23153.7034,Kafka
67e1c3c03224ef1ddaea9079,1742848786,106155.9703,1742848869,23155.9703,Kafka
67e1c3c03224ef1ddaea907a,1742848786,106157.4725,1742848869,23157.4725,Kafka
67e1c3c03224ef1ddaea907c,1742848786,106187.5465,1742848869,23187.5465,Kafka
67e1c3c03224ef1ddaea907d,1742848786,106216.729,1742848869,23216.729,Kafka
67e1c3c03224ef1ddaea907e,1742848786,106246.7966,1742848869,23246.7966,Kafka
67e1c3c03224ef1ddaea907f,1742848786,106249.2335,1742848869,23249.2335,Kafka
67e1c3c03224ef1ddaea9080,1742848786,106277.8016,1742848869,23277.8016,Kafka
67e1c3c03224ef1ddaea9081,1742848786,106308.7957,1742848869,23308.7957,Kafka
67e1c3c03224ef1ddaea9082,1742848786,106340.8774,1742848869,23340.8774,Kafka
67e1c3c03224ef1ddaea9084,1742848786,106402.6168,1742848869,23402.6168,Kafka
67e1c3c03224ef1ddaea9085,1742848786,106463.7397,1742848869,23463.7397,Kafka
67e1c3c03224ef1ddaea9086,1742848786,106494.7161,1742848869,23494.7161,Kafka
67e1c3c03224ef1ddaea9088,1742848786,106528.8481,1742848869,23528.8481,Kafka
67e1c3c03224ef1ddaea9089,1742848786,106556.7461,1742848869,23556.7461,Kafka
67e1c3c03224ef1ddaea908a,1742848786,106587.7425,1742848869,23587.7425,Kafka
67e1c3c03224ef1ddaea908c,1742848786,106651.0197,1742848869,23651.0197,Kafka
67e1c3c03224ef1ddaea908d,1742848786,106681.0113,1742848869,23681.0113,Kafka
67e1c3c03224ef1ddaea908e,1742848786,106683.5386,1742848869,23683.5386,Kafka
67e1c3c03224ef1ddaea908f,1742848786,106685.5637,1742848869,23685.5637,Kafka
67e1c3c03224ef1ddaea9090,1742848786,106712.7986,1742848869,23712.7986,Kafka
67e1c3c03224ef1ddaea9091,1742848786,106744.6469,1742848869,23744.6469,Kafka
67e1c3c03224ef1ddaea9092,1742848786,106773.9377,1742848869,23773.9377,Kafka
67e1c3c03224ef1ddaea9094,1742848786,106837.8192,1742848869,23837.8192,Kafka
67e1c3c03224ef1ddaea9095,1742848786,106839.2606,1742848869,23839.2606,Kafka
67e1c3c03224ef1ddaea9096,1742848786,106840.7123,1742848869,23840.7123,Kafka
67e1c3c03224ef1ddaea9098,1742848786,106869.5356,1742848869,23869.5356,Kafka
67e1c3c03224ef1ddaea9099,1742848786,106898.6806,1742848869,23898.6806,Kafka
67e1c3c03224ef1ddaea909a,1742848786,106900.5916,1742848869,23900.5916,Kafka
67e1c3c03224ef1ddaea909c,1742848786,106903.4071,1742848869,23903.4071,Kafka
67e1c3c03224ef1ddaea909d,1742848786,106904.771,1742848869,23904.771,Kafka
67e1c3c03224ef1ddaea909e,1742848786,106906.1811,1742848869,23906.1811,Kafka
67e1c3c03224ef1ddaea909f,1742848786,106907.5722,1742848869,23907.5722,Kafka
67e1c3c03224ef1ddaea90a0,1742848786,106908.9307,1742848869,23908.9307,Kafka
67e1c3c03224ef1ddaea90a1,1742848786,106910.3819,1742848869,23910.3819,Kafka
67e1c3c03224ef1ddaea90a2,1742848786,106944.1842,1742848869,23944.1842,Kafka
67e1c3c03224ef1ddaea90a4,1742848786,107006.2464,1742848869,24006.2464,Kafka
67e1c3c03224ef1ddaea90a5,1742848786,107037.4586,1742848869,24037.4586,Kafka
67e1c3c03224ef1ddaea90a6,1742848786,107099.3453,1742848869,24099.3453,Kafka
67e1c3c03224ef1ddaea90a7,1742848786,107161.306,1742848869,24161.306,Kafka
67e1c3c03224ef1ddaea90a8,1742848786,107223.3649,1742848869,24223.3649,Kafka
67e1c3c03224ef1ddaea90a9,1742848786,107225.2958,1742848869,24225.2958,Kafka
67e1c3c03224ef1ddaea90aa,1742848786,107227.67,1742848869,24227.67,Kafka
67e1c3c03224ef1ddaea904b,1742848786,105410.7587,1742848868,23410.7587,Kafka
67e1c3c03224ef1ddaea9053,1742848786,105449.2083,1742848868,23449.2083,Kafka
67e1c3c03224ef1ddaea9057,1742848786,105487.2799,1742848868,23487.2799,Kafka
67e1c3c03224ef1ddaea905b,1742848786,105674.169,1742848868,23674.169,Kafka
67e1c3c03224ef1ddaea9063,1742848786,105781.8337,1742848868,23781.8337,Kafka
67e1c3c03224ef1ddaea9067,1742848786,105875.566,1742848868,23875.566,Kafka
67e1c3c03224ef1ddaea906b,1742848786,105881.754,1742848868,23881.754,Kafka
67e1c3c03224ef1ddaea9033,1742848786,105209.1126,1742848868,23209.1126,Kafka
67e1c3c03224ef1ddaea9037,1742848786,105302.1793,1742848868,23302.1793,Kafka
67e1c3c03224ef1ddaea903b,1742848786,105337.0984,1742848868,23337.0984,Kafka
67e1c3c03224ef1ddaea9043,1742848786,105375.0242,1742848868,23375.0242,Kafka
67e1c3c03224ef1ddaea9047,1742848786,105381.5115,1742848868,23381.5115,Kafka
67e1c3c03224ef1ddaea9034,1742848786,105211.147,1742848868,23211.147,Kafka
67e1c3c03224ef1ddaea9035,1742848786,105239.372,1742848868,23239.372,Kafka
67e1c3c03224ef1ddaea9036,1742848786,105270.6966,1742848868,23270.6966,Kafka
67e1c3c03224ef1ddaea9038,1742848786,105332.2761,1742848868,23332.2761,Kafka
67e1c3c03224ef1ddaea9039,1742848786,105334.2828,1742848868,23334.2828,Kafka
67e1c3c03224ef1ddaea903a,1742848786,105335.7282,1742848868,23335.7282,Kafka
67e1c3c03224ef1ddaea903c,1742848786,105364.1806,1742848868,23364.1806,Kafka
67e1c3c03224ef1ddaea903d,1742848786,105366.1813,1742848868,23366.1813,Kafka
67e1c3c03224ef1ddaea903e,1742848786,105367.7052,1742848868,23367.7052,Kafka
67e1c3c03224ef1ddaea903f,1742848786,105369.1777,1742848868,23369.1777,Kafka
67e1c3c03224ef1ddaea9040,1742848786,105370.634,1742848868,23370.634,Kafka
67e1c3c03224ef1ddaea9041,1742848786,105372.0833,1742848868,23372.0833,Kafka
67e1c3c03224ef1ddaea9042,1742848786,105373.5153,1742848868,23373.5153,Kafka
67e1c3c03224ef1ddaea9044,1742848786,105376.4277,1742848868,23376.4277,Kafka
67e1c3c03224ef1ddaea9045,1742848786,105377.8918,1742848868,23377.8918,Kafka
67e1c3c03224ef1ddaea9046,1742848786,105379.4652,1742848868,23379.4652,Kafka
67e1c3c03224ef1ddaea9048,1742848786,105382.9718,1742848868,23382.9718,Kafka
67e1c3c03224ef1ddaea9049,1742848786,105384.4306,1742848868,23384.4306,Kafka
67e1c3c03224ef1ddaea904a,1742848786,105385.8626,1742848868,23385.8626,Kafka
67e1c3c03224ef1ddaea904c,1742848786,105412.8163,1742848868,23412.8163,Kafka
67e1c3c03224ef1ddaea904d,1742848786,105414.4108,1742848868,23414.4108,Kafka
67e1c3c03224ef1ddaea904e,1742848786,105441.5714,1742848868,23441.5714,Kafka
67e1c3c03224ef1ddaea904f,1742848786,105443.5287,1742848868,23443.5287,Kafka
67e1c3c03224ef1ddaea9050,1742848786,105444.9544,1742848868,23444.9544,Kafka
67e1c3c03224ef1ddaea9051,1742848786,105446.3371,1742848868,23446.3371,Kafka
67e1c3c03224ef1ddaea9052,1742848786,105447.7861,1742848868,23447.7861,Kafka
67e1c3c03224ef1ddaea9054,1742848786,105450.5883,1742848868,23450.5883,Kafka
67e1c3c03224ef1ddaea9055,1742848786,105452.0309,1742848868,23452.0309,Kafka
67e1c3c03224ef1ddaea9056,1742848786,105453.4985,1742848868,23453.4985,Kafka
67e1c3c03224ef1ddaea9058,1742848786,105549.2278,1742848868,23549.2278,Kafka
67e1c3c03224ef1ddaea9059,1742848786,105580.343,1742848868,23580.343,Kafka
67e1c3c03224ef1ddaea905a,1742848786,105642.4229,1742848868,23642.4229,Kafka
67e1c3c03224ef1ddaea905c,1742848786,105676.2613,1742848868,23676.2613,Kafka
67e1c3c03224ef1ddaea905d,1742848786,105735.2187,1742848868,23735.2187,Kafka
67e1c3c03224ef1ddaea905e,1742848786,105740.4848,1742848868,23740.4848,Kafka
67e1c3c03224ef1ddaea905f,1742848786,105742.3847,1742848868,23742.3847,Kafka
67e1c3c03224ef1ddaea9060,1742848786,105743.9536,1742848868,23743.9536,Kafka
67e1c3c03224ef1ddaea9061,1742848786,105745.3992,1742848868,23745.3992,Kafka
67e1c3c03224ef1ddaea9062,1742848786,105746.9199,1742848868,23746.9199,Kafka
67e1c3c03224ef1ddaea9064,1742848786,105784.1686,1742848868,23784.1686,Kafka
67e1c3c03224ef1ddaea9065,1742848786,105812.6838,1742848868,23812.6838,Kafka
67e1c3c03224ef1ddaea9066,1742848786,105845.5746,1742848868,23845.5746,Kafka
67e1c3c03224ef1ddaea9068,1742848786,105877.5777,1742848868,23877.5777,Kafka
67e1c3c03224ef1ddaea9069,1742848786,105878.9972,1742848868,23878.9972,Kafka
67e1c3c03224ef1ddaea906a,1742848786,105880.386,1742848868,23880.386,Kafka
67e1c3c03224ef1ddaea906c,1742848786,105883.1396,1742848868,23883.1396,Kafka
67e1c3c03224ef1ddaea906d,1742848786,105905.5975,1742848868,23905.5975,Kafka
67e1c3c03224ef1ddaea906e,1742848786,105937.9589,1742848868,23937.9589,Kafka
67e1c3c03224ef1ddaea906f,1742848786,105939.5763,1742848868,23939.5763,Kafka
67e1c3c03224ef1ddaea9070,1742848786,105968.4494,1742848868,23968.4494,Kafka
67e1c3c03224ef1ddaea9071,1742848786,105970.3579,1742848868,23970.3579,Kafka
67e1c3c03224ef1ddaea9013,1742848786,104500.4832,1742848867,23500.4832,Kafka
67e1c3c03224ef1ddaea9017,1742848786,104621.1789,1742848867,23621.1789,Kafka
67e1c3c03224ef1ddaea901b,1742848786,104682.7088,1742848867,23682.7088,Kafka
67e1c3c03224ef1ddaea900b,1742848786,104374.3046,1742848867,23374.3046,Kafka
67e1c3c03224ef1ddaea9023,1742848786,104837.327,1742848867,23837.327,Kafka
67e1c3c03224ef1ddaea9027,1742848786,104960.1631,1742848867,23960.1631,Kafka
67e1c3c03224ef1ddaea8ff7,1742848786,104174.8771,1742848867,23174.8771,Kafka
67e1c3c03224ef1ddaea8ffb,1742848786,104180.1423,1742848867,23180.1423,Kafka
67e1c3c03224ef1ddaea9003,1742848786,104267.5154,1742848867,23267.5154,Kafka
67e1c3c03224ef1ddaea9007,1742848786,104273.237,1742848867,23273.237,Kafka
67e1c3c03224ef1ddaea8ff5,1742848786,104172.0048,1742848867,23172.0048,Kafka
67e1c3c03224ef1ddaea8ff6,1742848786,104173.4691,1742848867,23173.4691,Kafka
67e1c3c03224ef1ddaea8ff8,1742848786,104176.2227,1742848867,23176.2227,Kafka
67e1c3c03224ef1ddaea8ff9,1742848786,104177.5411,1742848867,23177.5411,Kafka
67e1c3c03224ef1ddaea8ffa,1742848786,104178.7894,1742848867,23178.7894,Kafka
67e1c3c03224ef1ddaea8ffc,1742848786,104202.1421,1742848867,23202.1421,Kafka
67e1c3c03224ef1ddaea8ffd,1742848786,104204.048,1742848867,23204.048,Kafka
67e1c3c03224ef1ddaea8ffe,1742848786,104233.2843,1742848867,23233.2843,Kafka
67e1c3c03224ef1ddaea8fff,1742848786,104235.4565,1742848867,23235.4565,Kafka
67e1c3c03224ef1ddaea9000,1742848786,104236.8709,1742848867,23236.8709,Kafka
67e1c3c03224ef1ddaea9001,1742848786,104264.0817,1742848867,23264.0817,Kafka
67e1c3c03224ef1ddaea9002,1742848786,104266.0113,1742848867,23266.0113,Kafka
67e1c3c03224ef1ddaea9004,1742848786,104268.9243,1742848867,23268.9243,Kafka
67e1c3c03224ef1ddaea9005,1742848786,104270.2987,1742848867,23270.2987,Kafka
67e1c3c03224ef1ddaea9006,1742848786,104271.8671,1742848867,23271.8671,Kafka
67e1c3c03224ef1ddaea9008,1742848786,104274.6526,1742848867,23274.6526,Kafka
67e1c3c03224ef1ddaea9009,1742848786,104309.6187,1742848867,23309.6187,Kafka
67e1c3c03224ef1ddaea900a,1742848786,104371.9446,1742848867,23371.9446,Kafka
67e1c3c03224ef1ddaea900c,1742848786,104376.2512,1742848867,23376.2512,Kafka
67e1c3c03224ef1ddaea900d,1742848786,104377.8982,1742848867,23377.8982,Kafka
67e1c3c03224ef1ddaea900e,1742848786,104433.6918,1742848867,23433.6918,Kafka
67e1c3c03224ef1ddaea900f,1742848786,104436.0113,1742848867,23436.0113,Kafka
67e1c3c03224ef1ddaea9010,1742848786,104495.2177,1742848867,23495.2177,Kafka
67e1c3c03224ef1ddaea9011,1742848786,104497.6509,1742848867,23497.6509,Kafka
67e1c3c03224ef1ddaea9012,1742848786,104499.0988,1742848867,23499.0988,Kafka
67e1c3c03224ef1ddaea9014,1742848786,104527.0455,1742848867,23527.0455,Kafka
67e1c3c03224ef1ddaea9015,1742848786,104559.1263,1742848867,23559.1263,Kafka
67e1c3c03224ef1ddaea9016,1742848786,104589.0927,1742848867,23589.0927,Kafka
67e1c3c03224ef1ddaea9018,1742848786,104622.6474,1742848867,23622.6474,Kafka
67e1c3c03224ef1ddaea9019,1742848786,104651.6013,1742848867,23651.6013,Kafka
67e1c3c03224ef1ddaea901a,1742848786,104653.4332,1742848867,23653.4332,Kafka
67e1c3c03224ef1ddaea901c,1742848786,104713.28,1742848867,23713.28,Kafka
67e1c3c03224ef1ddaea901d,1742848786,104715.4878,1742848867,23715.4878,Kafka
67e1c3c03224ef1ddaea901e,1742848786,104743.1713,1742848867,23743.1713,Kafka
67e1c3c03224ef1ddaea901f,1742848786,104745.4176,1742848867,23745.4176,Kafka
67e1c3c03224ef1ddaea9020,1742848786,104746.8973,1742848867,23746.8973,Kafka
67e1c3c03224ef1ddaea9021,1742848786,104748.2249,1742848867,23748.2249,Kafka
67e1c3c03224ef1ddaea9022,1742848786,104805.126,1742848867,23805.126,Kafka
67e1c3c03224ef1ddaea9024,1742848786,104868.1142,1742848867,23868.1142,Kafka
67e1c3c03224ef1ddaea9025,1742848786,104898.8633,1742848867,23898.8633,Kafka
67e1c3c03224ef1ddaea9026,1742848786,104930.815,1742848867,23930.815,Kafka
67e1c3c03224ef1ddaea9028,1742848786,104962.4649,1742848867,23962.4649,Kafka
67e1c3c03224ef1ddaea9029,1742848786,104991.2622,1742848867,23991.2622,Kafka
67e1c3c03224ef1ddaea902a,1742848786,104993.8191,1742848867,23993.8191,Kafka
67e1c3c03224ef1ddaea902b,1742848786,104995.2316,1742848867,23995.2316,Kafka
67e1c3c03224ef1ddaea902c,1742848786,104996.7434,1742848867,23996.7434,Kafka
67e1c3c03224ef1ddaea902d,1742848786,105022.3143,1742848867,24022.3143,Kafka
67e1c3c03224ef1ddaea902e,1742848786,105053.1858,1742848867,24053.1858,Kafka
67e1c3c03224ef1ddaea902f,1742848786,105085.8105,1742848867,24085.8105,Kafka
67e1c3c03224ef1ddaea9030,1742848786,105115.1892,1742848867,24115.1892,Kafka
67e1c3c03224ef1ddaea9031,1742848786,105146.193,1742848867,24146.193,Kafka
67e1c3c03224ef1ddaea9032,1742848786,105177.2055,1742848867,24177.2055,Kafka
67e1c3c03224ef1ddaea8fcb,1742848786,103178.0452,1742848866,23178.0452,Kafka
67e1c3c03224ef1ddaea8fd3,1742848786,103427.308,1742848866,23427.308,Kafka
67e1c3c03224ef1ddaea8fd7,1742848786,103491.9569,1742848866,23491.9569,Kafka
67e1c3c03224ef1ddaea8fdb,1742848786,103612.0437,1742848866,23612.0437,Kafka
67e1c3c03224ef1ddaea8fe3,1742848786,103830.2834,1742848866,23830.2834,Kafka
67e1c3c03224ef1ddaea8fe7,1742848786,103893.038,1742848866,23893.038,Kafka
67e1c3c03224ef1ddaea8feb,1742848786,103953.0149,1742848866,23953.0149,Kafka
67e1c3c03224ef1ddaea8fb7,1742848786,102826.5516,1742848866,22826.5516,Kafka
67e1c3c03224ef1ddaea8fbb,1742848786,102885.9179,1742848866,22885.9179,Kafka
67e1c3c03224ef1ddaea8fc3,1742848786,103041.7515,1742848866,23041.7515,Kafka
67e1c3c03224ef1ddaea8fc7,1742848786,103109.7276,1742848866,23109.7276,Kafka
67e1c3c03224ef1ddaea8fb5,1742848786,102823.6308,1742848866,22823.6308,Kafka
67e1c3c03224ef1ddaea8fb6,1742848786,102825.0364,1742848866,22825.0364,Kafka
67e1c3c03224ef1ddaea8fb8,1742848786,102853.6444,1742848866,22853.6444,Kafka
67e1c3c03224ef1ddaea8fb9,1742848786,102855.6175,1742848866,22855.6175,Kafka
67e1c3c03224ef1ddaea8fba,1742848786,102883.6259,1742848866,22883.6259,Kafka
67e1c3c03224ef1ddaea8fbc,1742848786,102915.4366,1742848866,22915.4366,Kafka
67e1c3c03224ef1ddaea8fbd,1742848786,102917.3211,1742848866,22917.3211,Kafka
67e1c3c03224ef1ddaea8fbe,1742848786,102918.7416,1742848866,22918.7416,Kafka
67e1c3c03224ef1ddaea8fbf,1742848786,102920.1479,1742848866,22920.1479,Kafka
67e1c3c03224ef1ddaea8fc0,1742848786,102947.2469,1742848866,22947.2469,Kafka
67e1c3c03224ef1ddaea8fc1,1742848786,102977.7307,1742848866,22977.7307,Kafka
67e1c3c03224ef1ddaea8fc2,1742848786,103008.6891,1742848866,23008.6891,Kafka
67e1c3c03224ef1ddaea8fc4,1742848786,103069.6098,1742848866,23069.6098,Kafka
67e1c3c03224ef1ddaea8fc5,1742848786,103100.6592,1742848866,23100.6592,Kafka
67e1c3c03224ef1ddaea8fc6,1742848786,103108.066,1742848866,23108.066,Kafka
67e1c3c03224ef1ddaea8fc8,1742848786,103111.1739,1742848866,23111.1739,Kafka
67e1c3c03224ef1ddaea8fc9,1742848786,103112.6101,1742848866,23112.6101,Kafka
67e1c3c03224ef1ddaea8fca,1742848786,103114.0657,1742848866,23114.0657,Kafka
67e1c3c03224ef1ddaea8fcc,1742848786,103211.0454,1742848866,23211.0454,Kafka
67e1c3c03224ef1ddaea8fcd,1742848786,103241.1286,1742848866,23241.1286,Kafka
67e1c3c03224ef1ddaea8fce,1742848786,103243.1527,1742848866,23243.1527,Kafka
67e1c3c03224ef1ddaea8fcf,1742848786,103302.025,1742848866,23302.025,Kafka
67e1c3c03224ef1ddaea8fd0,1742848786,103333.0408,1742848866,23333.0408,Kafka
67e1c3c03224ef1ddaea8fd1,1742848786,103335.1523,1742848866,23335.1523,Kafka
67e1c3c03224ef1ddaea8fd2,1742848786,103395.5251,1742848866,23395.5251,Kafka
67e1c3c03224ef1ddaea8fd4,1742848786,103457.9712,1742848866,23457.9712,Kafka
67e1c3c03224ef1ddaea8fd5,1742848786,103460.8705,1742848866,23460.8705,Kafka
67e1c3c03224ef1ddaea8fd6,1742848786,103489.857,1742848866,23489.857,Kafka
67e1c3c03224ef1ddaea8fd8,1742848786,103493.6304,1742848866,23493.6304,Kafka
67e1c3c03224ef1ddaea8fd9,1742848786,103520.1307,1742848866,23520.1307,Kafka
67e1c3c03224ef1ddaea8fda,1742848786,103550.1638,1742848866,23550.1638,Kafka
67e1c3c03224ef1ddaea8fdc,1742848786,103643.0271,1742848866,23643.0271,Kafka
67e1c3c03224ef1ddaea8fdd,1742848786,103675.5244,1742848866,23675.5244,Kafka
67e1c3c03224ef1ddaea8fde,1742848786,103705.8891,1742848866,23705.8891,Kafka
67e1c3c03224ef1ddaea8fdf,1742848786,103737.0207,1742848866,23737.0207,Kafka
67e1c3c03224ef1ddaea8fe0,1742848786,103767.0199,1742848866,23767.0199,Kafka
67e1c3c03224ef1ddaea8fe1,1742848786,103769.3515,1742848866,23769.3515,Kafka
67e1c3c03224ef1ddaea8fe2,1742848786,103798.9102,1742848866,23798.9102,Kafka
67e1c3c03224ef1ddaea8fe4,1742848786,103832.0507,1742848866,23832.0507,Kafka
67e1c3c03224ef1ddaea8fe5,1742848786,103860.0789,1742848866,23860.0789,Kafka
67e1c3c03224ef1ddaea8fe6,1742848786,103890.9965,1742848866,23890.9965,Kafka
67e1c3c03224ef1ddaea8fe8,1742848786,103922.0196,1742848866,23922.0196,Kafka
67e1c3c03224ef1ddaea8fe9,1742848786,103924.94,1742848866,23924.94,Kafka
67e1c3c03224ef1ddaea8fea,1742848786,103926.4032,1742848866,23926.4032,Kafka
67e1c3c03224ef1ddaea8fec,1742848786,103955.4398,1742848866,23955.4398,Kafka
67e1c3c03224ef1ddaea8fed,1742848786,103956.8288,1742848866,23956.8288,Kafka
67e1c3c03224ef1ddaea8fee,1742848786,104015.0654,1742848866,24015.0654,Kafka
67e1c3c03224ef1ddaea8fef,1742848786,104047.0075,1742848866,24047.0075,Kafka
67e1c3c03224ef1ddaea8ff0,1742848786,104077.9431,1742848866,24077.9431,Kafka
67e1c3c03224ef1ddaea8ff1,1742848786,104079.8397,1742848866,24079.8397,Kafka
67e1c3c03224ef1ddaea8ff2,1742848786,104081.3667,1742848866,24081.3667,Kafka
67e1c3c03224ef1ddaea8ff3,1742848786,104108.0562,1742848866,24108.0562,Kafka
67e1c3c03224ef1ddaea8ff4,1742848786,104141.0759,1742848866,24141.0759,Kafka
67e1c3c03224ef1ddaea8f8b,1742848786,101987.987,1742848865,22987.987,Kafka
67e1c3c03224ef1ddaea8f93,1742848786,102174.51,1742848865,23174.51,Kafka
67e1c3c03224ef1ddaea8f97,1742848786,102326.6985,1742848865,23326.6985,Kafka
67e1c3c03224ef1ddaea8f9b,1742848786,102450.5026,1742848865,23450.5026,Kafka
67e1c3c03224ef1ddaea8fa3,1742848786,102636.4724,1742848865,23636.4724,Kafka
67e1c3c03224ef1ddaea8fa7,1742848786,102642.5116,1742848865,23642.5116,Kafka
67e1c3c03224ef1ddaea8fab,1742848786,102702.0656,1742848865,23702.0656,Kafka
67e1c3c03224ef1ddaea8f75,1742848786,101846.1936,1742848865,22846.1936,Kafka
67e1c3c03224ef1ddaea8f76,1742848786,101848.5527,1742848865,22848.5527,Kafka
67e1c3c03224ef1ddaea8f78,1742848786,101851.9052,1742848865,22851.9052,Kafka
67e1c3c03224ef1ddaea8f79,1742848786,101853.336,1742848865,22853.336,Kafka
67e1c3c03224ef1ddaea8f7a,1742848786,101854.7023,1742848865,22854.7023,Kafka
67e1c3c03224ef1ddaea8f7c,1742848786,101857.5573,1742848865,22857.5573,Kafka
67e1c3c03224ef1ddaea8f7d,1742848786,101858.9731,1742848865,22858.9731,Kafka
67e1c3c03224ef1ddaea8f7e,1742848786,101860.4849,1742848865,22860.4849,Kafka
67e1c3c03224ef1ddaea8f7f,1742848786,101892.5387,1742848865,22892.5387,Kafka
67e1c3c03224ef1ddaea8f80,1742848786,101894.1524,1742848865,22894.1524,Kafka
67e1c3c03224ef1ddaea8f81,1742848786,101895.5692,1742848865,22895.5692,Kafka
67e1c3c03224ef1ddaea8f82,1742848786,101922.2553,1742848865,22922.2553,Kafka
67e1c3c03224ef1ddaea8f84,1742848786,101925.6019,1742848865,22925.6019,Kafka
67e1c3c03224ef1ddaea8f85,1742848786,101927.1297,1742848865,22927.1297,Kafka
67e1c3c03224ef1ddaea8f86,1742848786,101928.524,1742848865,22928.524,Kafka
67e1c3c03224ef1ddaea8f88,1742848786,101931.368,1742848865,22931.368,Kafka
67e1c3c03224ef1ddaea8f89,1742848786,101984.3375,1742848865,22984.3375,Kafka
67e1c3c03224ef1ddaea8f8a,1742848786,101986.6369,1742848865,22986.6369,Kafka
67e1c3c03224ef1ddaea8f8c,1742848786,102015.3589,1742848865,23015.3589,Kafka
67e1c3c03224ef1ddaea8f8d,1742848786,102017.7216,1742848865,23017.7216,Kafka
67e1c3c03224ef1ddaea8f8e,1742848786,102047.909,1742848865,23047.909,Kafka
67e1c3c03224ef1ddaea8f8f,1742848786,102077.3775,1742848865,23077.3775,Kafka
67e1c3c03224ef1ddaea8f90,1742848786,102079.5076,1742848865,23079.5076,Kafka
67e1c3c03224ef1ddaea8f91,1742848786,102139.4471,1742848865,23139.4471,Kafka
67e1c3c03224ef1ddaea8f92,1742848786,102173.0959,1742848865,23173.0959,Kafka
67e1c3c03224ef1ddaea8f94,1742848786,102202.3941,1742848865,23202.3941,Kafka
67e1c3c03224ef1ddaea8f95,1742848786,102232.4778,1742848865,23232.4778,Kafka
67e1c3c03224ef1ddaea8f96,1742848786,102294.4719,1742848865,23294.4719,Kafka
67e1c3c03224ef1ddaea8f98,1742848786,102356.5301,1742848865,23356.5301,Kafka
67e1c3c03224ef1ddaea8f99,1742848786,102358.865,1742848865,23358.865,Kafka
67e1c3c03224ef1ddaea8f9a,1742848786,102418.51,1742848865,23418.51,Kafka
67e1c3c03224ef1ddaea8f9c,1742848786,102482.1736,1742848865,23482.1736,Kafka
67e1c3c03224ef1ddaea8f9d,1742848786,102511.7242,1742848865,23511.7242,Kafka
67e1c3c03224ef1ddaea8f9e,1742848786,102542.7203,1742848865,23542.7203,Kafka
67e1c3c03224ef1ddaea8f77,1742848786,101850.3214,1742848865,22850.3214,Kafka
67e1c3c03224ef1ddaea8f9f,1742848786,102544.6197,1742848865,23544.6197,Kafka
67e1c3c03224ef1ddaea8fa0,1742848786,102547.0854,1742848865,23547.0854,Kafka
67e1c3c03224ef1ddaea8fa1,1742848786,102573.6543,1742848865,23573.6543,Kafka
67e1c3c03224ef1ddaea8fa2,1742848786,102604.6798,1742848865,23604.6798,Kafka
67e1c3c03224ef1ddaea8f7b,1742848786,101856.2023,1742848865,22856.2023,Kafka
67e1c3c03224ef1ddaea8fa4,1742848786,102638.4039,1742848865,23638.4039,Kafka
67e1c3c03224ef1ddaea8fa5,1742848786,102639.7727,1742848865,23639.7727,Kafka
67e1c3c03224ef1ddaea8fa6,1742848786,102641.1403,1742848865,23641.1403,Kafka
67e1c3c03224ef1ddaea8fa8,1742848786,102643.9024,1742848865,23643.9024,Kafka
67e1c3c03224ef1ddaea8fa9,1742848786,102666.6519,1742848865,23666.6519,Kafka
67e1c3c03224ef1ddaea8faa,1742848786,102699.7998,1742848865,23699.7998,Kafka
67e1c3c03224ef1ddaea8f83,1742848786,101924.1987,1742848865,22924.1987,Kafka
67e1c3c03224ef1ddaea8fac,1742848786,102703.4422,1742848865,23703.4422,Kafka
67e1c3c03224ef1ddaea8fad,1742848786,102704.8228,1742848865,23704.8228,Kafka
67e1c3c03224ef1ddaea8fae,1742848786,102706.2265,1742848865,23706.2265,Kafka
67e1c3c03224ef1ddaea8faf,1742848786,102729.4085,1742848865,23729.4085,Kafka
67e1c3c03224ef1ddaea8fb0,1742848786,102731.4118,1742848865,23731.4118,Kafka
67e1c3c03224ef1ddaea8fb1,1742848786,102760.8595,1742848865,23760.8595,Kafka
67e1c3c03224ef1ddaea8fb2,1742848786,102763.2008,1742848865,23763.2008,Kafka
67e1c3c03224ef1ddaea8f87,1742848786,101929.9437,1742848865,22929.9437,Kafka
67e1c3c03224ef1ddaea8fb3,1742848786,102765.5161,1742848865,23765.5161,Kafka
67e1c3c03224ef1ddaea8fb4,1742848786,102821.6765,1742848865,23821.6765,Kafka
67e1c3c03224ef1ddaea8f35,1742848786,100659.3161,1742848864,22659.3161,Kafka
67e1c3c03224ef1ddaea8f36,1742848786,100682.4507,1742848864,22682.4507,Kafka
67e1c3c03224ef1ddaea8f37,1742848786,100686.1679,1742848864,22686.1679,Kafka
67e1c3c03224ef1ddaea8f38,1742848786,100687.7087,1742848864,22687.7087,Kafka
67e1c3c03224ef1ddaea8f39,1742848786,100689.306,1742848864,22689.306,Kafka
67e1c3c03224ef1ddaea8f3a,1742848786,100690.6614,1742848864,22690.6614,Kafka
67e1c3c03224ef1ddaea8f3b,1742848786,100714.0959,1742848864,22714.0959,Kafka
67e1c3c03224ef1ddaea8f3c,1742848786,100775.3901,1742848864,22775.3901,Kafka
67e1c3c03224ef1ddaea8f3d,1742848786,100777.5447,1742848864,22777.5447,Kafka
67e1c3c03224ef1ddaea8f3e,1742848786,100778.9985,1742848864,22778.9985,Kafka
67e1c3c03224ef1ddaea8f3f,1742848786,100807.3247,1742848864,22807.3247,Kafka
67e1c3c03224ef1ddaea8f40,1742848786,100837.3256,1742848864,22837.3256,Kafka
67e1c3c03224ef1ddaea8f41,1742848786,100868.2745,1742848864,22868.2745,Kafka
67e1c3c03224ef1ddaea8f42,1742848786,100900.8236,1742848864,22900.8236,Kafka
67e1c3c03224ef1ddaea8f43,1742848786,100930.3034,1742848864,22930.3034,Kafka
67e1c3c03224ef1ddaea8f44,1742848786,100961.3761,1742848864,22961.3761,Kafka
67e1c3c03224ef1ddaea8f45,1742848786,100992.4562,1742848864,22992.4562,Kafka
67e1c3c03224ef1ddaea8f46,1742848786,101023.2553,1742848864,23023.2553,Kafka
67e1c3c03224ef1ddaea8f47,1742848786,101085.4366,1742848864,23085.4366,Kafka
67e1c3c03224ef1ddaea8f48,1742848786,101087.5762,1742848864,23087.5762,Kafka
67e1c3c03224ef1ddaea8f49,1742848786,101116.4281,1742848864,23116.4281,Kafka
67e1c3c03224ef1ddaea8f4a,1742848786,101118.7252,1742848864,23118.7252,Kafka
67e1c3c03224ef1ddaea8f4b,1742848786,101178.8671,1742848864,23178.8671,Kafka
67e1c3c03224ef1ddaea8f4c,1742848786,101181.182,1742848864,23181.182,Kafka
67e1c3c03224ef1ddaea8f4d,1742848786,101183.3972,1742848864,23183.3972,Kafka
67e1c3c03224ef1ddaea8f4e,1742848786,101185.2838,1742848864,23185.2838,Kafka
67e1c3c03224ef1ddaea8f4f,1742848786,101187.5131,1742848864,23187.5131,Kafka
67e1c3c03224ef1ddaea8f50,1742848786,101189.989,1742848864,23189.989,Kafka
67e1c3c03224ef1ddaea8f51,1742848786,101192.1732,1742848864,23192.1732,Kafka
67e1c3c03224ef1ddaea8f52,1742848786,101256.0476,1742848864,23256.0476,Kafka
67e1c3c03224ef1ddaea8f53,1742848786,101257.7297,1742848864,23257.7297,Kafka
67e1c3c03224ef1ddaea8f54,1742848786,101287.7426,1742848864,23287.7426,Kafka
67e1c3c03224ef1ddaea8f55,1742848786,101289.2533,1742848864,23289.2533,Kafka
67e1c3c03224ef1ddaea8f56,1742848786,101318.7773,1742848864,23318.7773,Kafka
67e1c3c03224ef1ddaea8f57,1742848786,101348.9679,1742848864,23348.9679,Kafka
67e1c3c03224ef1ddaea8f58,1742848786,101351.5205,1742848864,23351.5205,Kafka
67e1c3c03224ef1ddaea8f59,1742848786,101379.9851,1742848864,23379.9851,Kafka
67e1c3c03224ef1ddaea8f5a,1742848786,101411.7258,1742848864,23411.7258,Kafka
67e1c3c03224ef1ddaea8f5b,1742848786,101413.6595,1742848864,23413.6595,Kafka
67e1c3c03224ef1ddaea8f5c,1742848786,101415.067,1742848864,23415.067,Kafka
67e1c3c03224ef1ddaea8f5d,1742848786,101416.4634,1742848864,23416.4634,Kafka
67e1c3c03224ef1ddaea8f5e,1742848786,101417.891,1742848864,23417.891,Kafka
67e1c3c03224ef1ddaea8f5f,1742848786,101443.8025,1742848864,23443.8025,Kafka
67e1c3c03224ef1ddaea8f60,1742848786,101473.8747,1742848864,23473.8747,Kafka
67e1c3c03224ef1ddaea8f61,1742848786,101504.042,1742848864,23504.042,Kafka
67e1c3c03224ef1ddaea8f62,1742848786,101506.2235,1742848864,23506.2235,Kafka
67e1c3c03224ef1ddaea8f63,1742848786,101507.8267,1742848864,23507.8267,Kafka
67e1c3c03224ef1ddaea8f64,1742848786,101509.2799,1742848864,23509.2799,Kafka
67e1c3c03224ef1ddaea8f65,1742848786,101510.7088,1742848864,23510.7088,Kafka
67e1c3c03224ef1ddaea8f66,1742848786,101512.1369,1742848864,23512.1369,Kafka
67e1c3c03224ef1ddaea8f67,1742848786,101513.5631,1742848864,23513.5631,Kafka
67e1c3c03224ef1ddaea8f68,1742848786,101537.4211,1742848864,23537.4211,Kafka
67e1c3c03224ef1ddaea8f69,1742848786,101540.5702,1742848864,23540.5702,Kafka
67e1c3c03224ef1ddaea8f6a,1742848786,101597.152,1742848864,23597.152,Kafka
67e1c3c03224ef1ddaea8f6b,1742848786,101658.9857,1742848864,23658.9857,Kafka
67e1c3c03224ef1ddaea8f6c,1742848786,101689.9549,1742848864,23689.9549,Kafka
67e1c3c03224ef1ddaea8f6d,1742848786,101692.2643,1742848864,23692.2643,Kafka
67e1c3c03224ef1ddaea8f6e,1742848786,101693.9099,1742848864,23693.9099,Kafka
67e1c3c03224ef1ddaea8f6f,1742848786,101721.0756,1742848864,23721.0756,Kafka
67e1c3c03224ef1ddaea8f70,1742848786,101723.3107,1742848864,23723.3107,Kafka
67e1c3c03224ef1ddaea8f71,1742848786,101754.7705,1742848864,23754.7705,Kafka
67e1c3c03224ef1ddaea8f72,1742848786,101756.9897,1742848864,23756.9897,Kafka
67e1c3c03224ef1ddaea8f73,1742848786,101783.8172,1742848864,23783.8172,Kafka
67e1c3c03224ef1ddaea8f74,1742848786,101814.6701,1742848864,23814.6701,Kafka
67e1c3c03224ef1ddaea8ef4,1742848786,99650.4019,1742848863,22650.4019,Kafka
67e1c3c03224ef1ddaea8ef5,1742848786,99652.784,1742848863,22652.784,Kafka
67e1c3c03224ef1ddaea8ef6,1742848786,99654.7406,1742848863,22654.7406,Kafka
67e1c3c03224ef1ddaea8ef7,1742848786,99656.5159,1742848863,22656.5159,Kafka
67e1c3c03224ef1ddaea8ef8,1742848786,99690.1991,1742848863,22690.1991,Kafka
67e1c3c03224ef1ddaea8ef9,1742848786,99752.2027,1742848863,22752.2027,Kafka
67e1c3c03224ef1ddaea8efa,1742848786,99754.3376,1742848863,22754.3376,Kafka
67e1c3c03224ef1ddaea8efb,1742848786,99783.1795,1742848863,22783.1795,Kafka
67e1c3c03224ef1ddaea8efc,1742848786,99785.2358,1742848863,22785.2358,Kafka
67e1c3c03224ef1ddaea8efd,1742848786,99787.2989,1742848863,22787.2989,Kafka
67e1c3c03224ef1ddaea8efe,1742848786,99815.2486,1742848863,22815.2486,Kafka
67e1c3c03224ef1ddaea8eff,1742848786,99817.4205,1742848863,22817.4205,Kafka
67e1c3c03224ef1ddaea8f00,1742848786,99818.8522,1742848863,22818.8522,Kafka
67e1c3c03224ef1ddaea8f01,1742848786,99845.2357,1742848863,22845.2357,Kafka
67e1c3c03224ef1ddaea8f02,1742848786,99848.1921,1742848863,22848.1921,Kafka
67e1c3c03224ef1ddaea8f03,1742848786,99876.4144,1742848863,22876.4144,Kafka
67e1c3c03224ef1ddaea8f04,1742848786,99879.2231,1742848863,22879.2231,Kafka
67e1c3c03224ef1ddaea8f05,1742848786,99880.9811,1742848863,22880.9811,Kafka
67e1c3c03224ef1ddaea8f06,1742848786,99882.5104,1742848863,22882.5104,Kafka
67e1c3c03224ef1ddaea8f07,1742848786,99884.1277,1742848863,22884.1277,Kafka
67e1c3c03224ef1ddaea8f08,1742848786,99885.6353,1742848863,22885.6353,Kafka
67e1c3c03224ef1ddaea8f09,1742848786,99907.1845,1742848863,22907.1845,Kafka
67e1c3c03224ef1ddaea8f0a,1742848786,99909.3788,1742848863,22909.3788,Kafka
67e1c3c03224ef1ddaea8f0b,1742848786,99939.1644,1742848863,22939.1644,Kafka
67e1c3c03224ef1ddaea8f0c,1742848786,99941.2464,1742848863,22941.2464,Kafka
67e1c3c03224ef1ddaea8f0d,1742848786,99942.6477,1742848863,22942.6477,Kafka
67e1c3c03224ef1ddaea8f0e,1742848786,99970.0003,1742848863,22970.0003,Kafka
67e1c3c03224ef1ddaea8f0f,1742848786,100001.0755,1742848863,23001.0755,Kafka
67e1c3c03224ef1ddaea8f10,1742848786,100031.1956,1742848863,23031.1956,Kafka
67e1c3c03224ef1ddaea8f11,1742848786,100033.2791,1742848863,23033.2791,Kafka
67e1c3c03224ef1ddaea8f12,1742848786,100034.8111,1742848863,23034.8111,Kafka
67e1c3c03224ef1ddaea8f13,1742848786,100063.2519,1742848863,23063.2519,Kafka
67e1c3c03224ef1ddaea8f14,1742848786,100065.3835,1742848863,23065.3835,Kafka
67e1c3c03224ef1ddaea8f15,1742848786,100066.7624,1742848863,23066.7624,Kafka
67e1c3c03224ef1ddaea8f16,1742848786,100068.211,1742848863,23068.211,Kafka
67e1c3c03224ef1ddaea8f17,1742848786,100069.5397,1742848863,23069.5397,Kafka
67e1c3c03224ef1ddaea8f18,1742848786,100094.5322,1742848863,23094.5322,Kafka
67e1c3c03224ef1ddaea8f19,1742848786,100124.2408,1742848863,23124.2408,Kafka
67e1c3c03224ef1ddaea8f1a,1742848786,100126.0946,1742848863,23126.0946,Kafka
67e1c3c03224ef1ddaea8f1b,1742848786,100127.9545,1742848863,23127.9545,Kafka
67e1c3c03224ef1ddaea8f1c,1742848786,100156.0253,1742848863,23156.0253,Kafka
67e1c3c03224ef1ddaea8f1d,1742848786,100157.9082,1742848863,23157.9082,Kafka
67e1c3c03224ef1ddaea8f1e,1742848786,100186.2361,1742848863,23186.2361,Kafka
67e1c3c03224ef1ddaea8f1f,1742848786,100188.0751,1742848863,23188.0751,Kafka
67e1c3c03224ef1ddaea8f20,1742848786,100217.1814,1742848863,23217.1814,Kafka
67e1c3c03224ef1ddaea8f21,1742848786,100219.3525,1742848863,23219.3525,Kafka
67e1c3c03224ef1ddaea8f22,1742848786,100220.7039,1742848863,23220.7039,Kafka
67e1c3c03224ef1ddaea8f23,1742848786,100222.1096,1742848863,23222.1096,Kafka
67e1c3c03224ef1ddaea8f24,1742848786,100279.2271,1742848863,23279.2271,Kafka
67e1c3c03224ef1ddaea8f25,1742848786,100310.3033,1742848863,23310.3033,Kafka
67e1c3c03224ef1ddaea8f26,1742848786,100312.5685,1742848863,23312.5685,Kafka
67e1c3c03224ef1ddaea8f27,1742848786,100314.0458,1742848863,23314.0458,Kafka
67e1c3c03224ef1ddaea8f28,1742848786,100315.4297,1742848863,23315.4297,Kafka
67e1c3c03224ef1ddaea8f29,1742848786,100344.394,1742848863,23344.394,Kafka
67e1c3c03224ef1ddaea8f2a,1742848786,100372.348,1742848863,23372.348,Kafka
67e1c3c03224ef1ddaea8f2b,1742848786,100403.4714,1742848863,23403.4714,Kafka
67e1c3c03224ef1ddaea8f2c,1742848786,100405.7123,1742848863,23405.7123,Kafka
67e1c3c03224ef1ddaea8f2d,1742848786,100434.5295,1742848863,23434.5295,Kafka
67e1c3c03224ef1ddaea8f2e,1742848786,100496.342,1742848863,23496.342,Kafka
67e1c3c03224ef1ddaea8f2f,1742848786,100529.3112,1742848863,23529.3112,Kafka
67e1c3c03224ef1ddaea8f30,1742848786,100530.9477,1742848863,23530.9477,Kafka
67e1c3c03224ef1ddaea8f31,1742848786,100589.404,1742848863,23589.404,Kafka
67e1c3c03224ef1ddaea8f32,1742848786,100620.4234,1742848863,23620.4234,Kafka
67e1c3c03224ef1ddaea8f33,1742848786,100654.9628,1742848863,23654.9628,Kafka
67e1c3c03224ef1ddaea8f34,1742848786,100657.7429,1742848863,23657.7429,Kafka
67e1c3c03224ef1ddaea8eb5,1742848786,98558.9246,1742848862,22558.9246,Kafka
67e1c3c03224ef1ddaea8eb6,1742848786,98561.2252,1742848862,22561.2252,Kafka
67e1c3c03224ef1ddaea8eb7,1742848786,98621.1579,1742848862,22621.1579,Kafka
67e1c3c03224ef1ddaea8eb8,1742848786,98652.3369,1742848862,22652.3369,Kafka
67e1c3c03224ef1ddaea8eb9,1742848786,98655.9226,1742848862,22655.9226,Kafka
67e1c3c03224ef1ddaea8eba,1742848786,98658.0191,1742848862,22658.0191,Kafka
67e1c3c03224ef1ddaea8ebb,1742848786,98659.5315,1742848862,22659.5315,Kafka
67e1c3c03224ef1ddaea8ebc,1742848786,98661.1318,1742848862,22661.1318,Kafka
67e1c3c03224ef1ddaea8ebd,1742848786,98662.5548,1742848862,22662.5548,Kafka
67e1c3c03224ef1ddaea8ebe,1742848786,98664.4893,1742848862,22664.4893,Kafka
67e1c3c03224ef1ddaea8ebf,1742848786,98666.4029,1742848862,22666.4029,Kafka
67e1c3c03224ef1ddaea8ec0,1742848786,98668.7595,1742848862,22668.7595,Kafka
67e1c3c03224ef1ddaea8ec1,1742848786,98671.1342,1742848862,22671.1342,Kafka
67e1c3c03224ef1ddaea8ec2,1742848786,98698.5019,1742848862,22698.5019,Kafka
67e1c3c03224ef1ddaea8ec3,1742848786,98700.7058,1742848862,22700.7058,Kafka
67e1c3c03224ef1ddaea8ec4,1742848786,98702.1291,1742848862,22702.1291,Kafka
67e1c3c03224ef1ddaea8ec5,1742848786,98703.5798,1742848862,22703.5798,Kafka
67e1c3c03224ef1ddaea8ec6,1742848786,98730.7356,1742848862,22730.7356,Kafka
67e1c3c03224ef1ddaea8ec7,1742848786,98732.3015,1742848862,22732.3015,Kafka
67e1c3c03224ef1ddaea8ec8,1742848786,98760.3764,1742848862,22760.3764,Kafka
67e1c3c03224ef1ddaea8ec9,1742848786,98792.374,1742848862,22792.374,Kafka
67e1c3c03224ef1ddaea8eca,1742848786,98794.2859,1742848862,22794.2859,Kafka
67e1c3c03224ef1ddaea8ecb,1742848786,98795.6447,1742848862,22795.6447,Kafka
67e1c3c03224ef1ddaea8ecc,1742848786,98822.5384,1742848862,22822.5384,Kafka
67e1c3c03224ef1ddaea8ecd,1742848786,98824.5672,1742848862,22824.5672,Kafka
67e1c3c03224ef1ddaea8ece,1742848786,98825.9829,1742848862,22825.9829,Kafka
67e1c3c03224ef1ddaea8ecf,1742848786,98827.3347,1742848862,22827.3347,Kafka
67e1c3c03224ef1ddaea8ed0,1742848786,98853.6306,1742848862,22853.6306,Kafka
67e1c3c03224ef1ddaea8ed1,1742848786,98884.5161,1742848862,22884.5161,Kafka
67e1c3c03224ef1ddaea8ed2,1742848786,98916.5501,1742848862,22916.5501,Kafka
67e1c3c03224ef1ddaea8ed3,1742848786,98946.5966,1742848862,22946.5966,Kafka
67e1c3c03224ef1ddaea8ed4,1742848786,98979.757,1742848862,22979.757,Kafka
67e1c3c03224ef1ddaea8ed5,1742848786,98982.0219,1742848862,22982.0219,Kafka
67e1c3c03224ef1ddaea8ed6,1742848786,98983.7045,1742848862,22983.7045,Kafka
67e1c3c03224ef1ddaea8ed7,1742848786,98985.4334,1742848862,22985.4334,Kafka
67e1c3c03224ef1ddaea8ed8,1742848786,98988.9805,1742848862,22988.9805,Kafka
67e1c3c03224ef1ddaea8ed9,1742848786,99054.8413,1742848862,23054.8413,Kafka
67e1c3c03224ef1ddaea8eda,1742848786,99057.1551,1742848862,23057.1551,Kafka
67e1c3c03224ef1ddaea8edb,1742848786,99058.7623,1742848862,23058.7623,Kafka
67e1c3c03224ef1ddaea8edc,1742848786,99060.3333,1742848862,23060.3333,Kafka
67e1c3c03224ef1ddaea8edd,1742848786,99086.8518,1742848862,23086.8518,Kafka
67e1c3c03224ef1ddaea8ede,1742848786,99089.0322,1742848862,23089.0322,Kafka
67e1c3c03224ef1ddaea8edf,1742848786,99116.9175,1742848862,23116.9175,Kafka
67e1c3c03224ef1ddaea8ee0,1742848786,99148.8776,1742848862,23148.8776,Kafka
67e1c3c03224ef1ddaea8ee1,1742848786,99178.9594,1742848862,23178.9594,Kafka
67e1c3c03224ef1ddaea8ee2,1742848786,99209.924,1742848862,23209.924,Kafka
67e1c3c03224ef1ddaea8ee3,1742848786,99242.3123,1742848862,23242.3123,Kafka
67e1c3c03224ef1ddaea8ee4,1742848786,99271.9454,1742848862,23271.9454,Kafka
67e1c3c03224ef1ddaea8ee5,1742848786,99273.9246,1742848862,23273.9246,Kafka
67e1c3c03224ef1ddaea8ee6,1742848786,99333.7692,1742848862,23333.7692,Kafka
67e1c3c03224ef1ddaea8ee7,1742848786,99364.8055,1742848862,23364.8055,Kafka
67e1c3c03224ef1ddaea8ee8,1742848786,99426.7511,1742848862,23426.7511,Kafka
67e1c3c03224ef1ddaea8ee9,1742848786,99457.7584,1742848862,23457.7584,Kafka
67e1c3c03224ef1ddaea8eea,1742848786,99519.7031,1742848862,23519.7031,Kafka
67e1c3c03224ef1ddaea8eeb,1742848786,99521.7317,1742848862,23521.7317,Kafka
67e1c3c03224ef1ddaea8eec,1742848786,99550.767,1742848862,23550.767,Kafka
67e1c3c03224ef1ddaea8eed,1742848786,99553.179,1742848862,23553.179,Kafka
67e1c3c03224ef1ddaea8eee,1742848786,99582.5651,1742848862,23582.5651,Kafka
67e1c3c03224ef1ddaea8eef,1742848786,99612.6807,1742848862,23612.6807,Kafka
67e1c3c03224ef1ddaea8ef0,1742848786,99614.7322,1742848862,23614.7322,Kafka
67e1c3c03224ef1ddaea8ef1,1742848786,99644.8237,1742848862,23644.8237,Kafka
67e1c3c03224ef1ddaea8ef2,1742848786,99646.3678,1742848862,23646.3678,Kafka
67e1c3c03224ef1ddaea8ef3,1742848786,99648.6928,1742848862,23648.6928,Kafka
67e1c3c03224ef1ddaea8e74,1742848786,97212.7748,1742848861,22212.7748,Kafka
67e1c3c03224ef1ddaea8e75,1742848786,97214.1498,1742848861,22214.1498,Kafka
67e1c3c03224ef1ddaea8e76,1742848786,97272.1748,1742848861,22272.1748,Kafka
67e1c3c03224ef1ddaea8e77,1742848786,97334.1713,1742848861,22334.1713,Kafka
67e1c3c03224ef1ddaea8e78,1742848786,97396.1612,1742848861,22396.1612,Kafka
67e1c3c03224ef1ddaea8e79,1742848786,97398.4188,1742848861,22398.4188,Kafka
67e1c3c03224ef1ddaea8e7a,1742848786,97428.0909,1742848861,22428.0909,Kafka
67e1c3c03224ef1ddaea8e7b,1742848786,97459.3538,1742848861,22459.3538,Kafka
67e1c3c03224ef1ddaea8e7c,1742848786,97461.2556,1742848861,22461.2556,Kafka
67e1c3c03224ef1ddaea8e7d,1742848786,97489.2208,1742848861,22489.2208,Kafka
67e1c3c03224ef1ddaea8e7e,1742848786,97520.2943,1742848861,22520.2943,Kafka
67e1c3c03224ef1ddaea8e7f,1742848786,97582.3284,1742848861,22582.3284,Kafka
67e1c3c03224ef1ddaea8e80,1742848786,97614.2515,1742848861,22614.2515,Kafka
67e1c3c03224ef1ddaea8e81,1742848786,97690.6958,1742848861,22690.6958,Kafka
67e1c3c03224ef1ddaea8e82,1742848786,97752.6672,1742848861,22752.6672,Kafka
67e1c3c03224ef1ddaea8e83,1742848786,97754.8342,1742848861,22754.8342,Kafka
67e1c3c03224ef1ddaea8e84,1742848786,97756.1958,1742848861,22756.1958,Kafka
67e1c3c03224ef1ddaea8e85,1742848786,97783.7454,1742848861,22783.7454,Kafka
67e1c3c03224ef1ddaea8e86,1742848786,97786.2843,1742848861,22786.2843,Kafka
67e1c3c03224ef1ddaea8e87,1742848786,97816.2719,1742848861,22816.2719,Kafka
67e1c3c03224ef1ddaea8e88,1742848786,97818.6785,1742848861,22818.6785,Kafka
67e1c3c03224ef1ddaea8e89,1742848786,97820.051,1742848861,22820.051,Kafka
67e1c3c03224ef1ddaea8e8a,1742848786,97847.0021,1742848861,22847.0021,Kafka
67e1c3c03224ef1ddaea8e8b,1742848786,97876.6481,1742848861,22876.6481,Kafka
67e1c3c03224ef1ddaea8e8c,1742848786,97878.6881,1742848861,22878.6881,Kafka
67e1c3c03224ef1ddaea8e8d,1742848786,97880.2837,1742848861,22880.2837,Kafka
67e1c3c03224ef1ddaea8e8e,1742848786,97881.7022,1742848861,22881.7022,Kafka
67e1c3c03224ef1ddaea8e8f,1742848786,97883.1228,1742848861,22883.1228,Kafka
67e1c3c03224ef1ddaea8e90,1742848786,97884.5142,1742848861,22884.5142,Kafka
67e1c3c03224ef1ddaea8e91,1742848786,97907.7057,1742848861,22907.7057,Kafka
67e1c3c03224ef1ddaea8e92,1742848786,97939.9315,1742848861,22939.9315,Kafka
67e1c3c03224ef1ddaea8e93,1742848786,97941.994,1742848861,22941.994,Kafka
67e1c3c03224ef1ddaea8e94,1742848786,98000.8787,1742848861,23000.8787,Kafka
67e1c3c03224ef1ddaea8e95,1742848786,98003.1806,1742848861,23003.1806,Kafka
67e1c3c03224ef1ddaea8e96,1742848786,98004.7039,1742848861,23004.7039,Kafka
67e1c3c03224ef1ddaea8e97,1742848786,98031.8976,1742848861,23031.8976,Kafka
67e1c3c03224ef1ddaea8e98,1742848786,98034.0014,1742848861,23034.0014,Kafka
67e1c3c03224ef1ddaea8e99,1742848786,98035.4189,1742848861,23035.4189,Kafka
67e1c3c03224ef1ddaea8e9a,1742848786,98062.7492,1742848861,23062.7492,Kafka
67e1c3c03224ef1ddaea8e9b,1742848786,98064.7479,1742848861,23064.7479,Kafka
67e1c3c03224ef1ddaea8e9c,1742848786,98066.1373,1742848861,23066.1373,Kafka
67e1c3c03224ef1ddaea8e9d,1742848786,98067.5047,1742848861,23067.5047,Kafka
67e1c3c03224ef1ddaea8e9e,1742848786,98068.8561,1742848861,23068.8561,Kafka
67e1c3c03224ef1ddaea8e9f,1742848786,98094.7026,1742848861,23094.7026,Kafka
67e1c3c03224ef1ddaea8ea0,1742848786,98096.6336,1742848861,23096.6336,Kafka
67e1c3c03224ef1ddaea8ea1,1742848786,98125.6549,1742848861,23125.6549,Kafka
67e1c3c03224ef1ddaea8ea2,1742848786,98155.8593,1742848861,23155.8593,Kafka
67e1c3c03224ef1ddaea8ea3,1742848786,98158.0971,1742848861,23158.0971,Kafka
67e1c3c03224ef1ddaea8ea4,1742848786,98186.8244,1742848861,23186.8244,Kafka
67e1c3c03224ef1ddaea8ea5,1742848786,98189.2078,1742848861,23189.2078,Kafka
67e1c3c03224ef1ddaea8ea6,1742848786,98217.9111,1742848861,23217.9111,Kafka
67e1c3c03224ef1ddaea8ea7,1742848786,98249.9481,1742848861,23249.9481,Kafka
67e1c3c03224ef1ddaea8ea8,1742848786,98252.2245,1742848861,23252.2245,Kafka
67e1c3c03224ef1ddaea8ea9,1742848786,98280.7487,1742848861,23280.7487,Kafka
67e1c3c03224ef1ddaea8eaa,1742848786,98341.9122,1742848861,23341.9122,Kafka
67e1c3c03224ef1ddaea8eab,1742848786,98344.1854,1742848861,23344.1854,Kafka
67e1c3c03224ef1ddaea8eac,1742848786,98345.5798,1742848861,23345.5798,Kafka
67e1c3c03224ef1ddaea8ead,1742848786,98372.8982,1742848861,23372.8982,Kafka
67e1c3c03224ef1ddaea8eae,1742848786,98434.8918,1742848861,23434.8918,Kafka
67e1c3c03224ef1ddaea8eaf,1742848786,98436.9701,1742848861,23436.9701,Kafka
67e1c3c03224ef1ddaea8eb0,1742848786,98438.3671,1742848861,23438.3671,Kafka
67e1c3c03224ef1ddaea8eb1,1742848786,98465.9493,1742848861,23465.9493,Kafka
67e1c3c03224ef1ddaea8eb2,1742848786,98468.2935,1742848861,23468.2935,Kafka
67e1c3c03224ef1ddaea8eb3,1742848786,98469.6905,1742848861,23469.6905,Kafka
67e1c3c03224ef1ddaea8eb4,1742848786,98496.9506,1742848861,23496.9506,Kafka
67e1c3c03224ef1ddaea8e34,1742848786,96016.4946,1742848860,22016.4946,Kafka
67e1c3c03224ef1ddaea8e35,1742848786,96018.5471,1742848860,22018.5471,Kafka
67e1c3c03224ef1ddaea8e36,1742848786,96019.9825,1742848860,22019.9825,Kafka
67e1c3c03224ef1ddaea8e37,1742848786,96047.4606,1742848860,22047.4606,Kafka
67e1c3c03224ef1ddaea8e38,1742848786,96078.5318,1742848860,22078.5318,Kafka
67e1c3c03224ef1ddaea8e39,1742848786,96081.1735,1742848860,22081.1735,Kafka
67e1c3c03224ef1ddaea8e3a,1742848786,96109.4421,1742848860,22109.4421,Kafka
67e1c3c03224ef1ddaea8e3b,1742848786,96141.4133,1742848860,22141.4133,Kafka
67e1c3c03224ef1ddaea8e3c,1742848786,96172.5948,1742848860,22172.5948,Kafka
67e1c3c03224ef1ddaea8e3d,1742848786,96174.63,1742848860,22174.63,Kafka
67e1c3c03224ef1ddaea8e3e,1742848786,96233.5197,1742848860,22233.5197,Kafka
67e1c3c03224ef1ddaea8e3f,1742848786,96295.4752,1742848860,22295.4752,Kafka
67e1c3c03224ef1ddaea8e40,1742848786,96327.3596,1742848860,22327.3596,Kafka
67e1c3c03224ef1ddaea8e41,1742848786,96357.825,1742848860,22357.825,Kafka
67e1c3c03224ef1ddaea8e42,1742848786,96360.2322,1742848860,22360.2322,Kafka
67e1c3c03224ef1ddaea8e43,1742848786,96361.9109,1742848860,22361.9109,Kafka
67e1c3c03224ef1ddaea8e44,1742848786,96363.3849,1742848860,22363.3849,Kafka
67e1c3c03224ef1ddaea8e45,1742848786,96364.8776,1742848860,22364.8776,Kafka
67e1c3c03224ef1ddaea8e46,1742848786,96366.3117,1742848860,22366.3117,Kafka
67e1c3c03224ef1ddaea8e47,1742848786,96367.8445,1742848860,22367.8445,Kafka
67e1c3c03224ef1ddaea8e48,1742848786,96369.3261,1742848860,22369.3261,Kafka
67e1c3c03224ef1ddaea8e49,1742848786,96405.2141,1742848860,22405.2141,Kafka
67e1c3c03224ef1ddaea8e4a,1742848786,96407.6376,1742848860,22407.6376,Kafka
67e1c3c03224ef1ddaea8e4b,1742848786,96436.1138,1742848860,22436.1138,Kafka
67e1c3c03224ef1ddaea8e4c,1742848786,96438.3778,1742848860,22438.3778,Kafka
67e1c3c03224ef1ddaea8e4d,1742848786,96497.186,1742848860,22497.186,Kafka
67e1c3c03224ef1ddaea8e4e,1742848786,96499.5163,1742848860,22499.5163,Kafka
67e1c3c03224ef1ddaea8e4f,1742848786,96559.0287,1742848860,22559.0287,Kafka
67e1c3c03224ef1ddaea8e50,1742848786,96590.9423,1742848860,22590.9423,Kafka
67e1c3c03224ef1ddaea8e51,1742848786,96621.0259,1742848860,22621.0259,Kafka
67e1c3c03224ef1ddaea8e52,1742848786,96652.1644,1742848860,22652.1644,Kafka
67e1c3c03224ef1ddaea8e53,1742848786,96654.9928,1742848860,22654.9928,Kafka
67e1c3c03224ef1ddaea8e54,1742848786,96656.9997,1742848860,22656.9997,Kafka
67e1c3c03224ef1ddaea8e55,1742848786,96683.0903,1742848860,22683.0903,Kafka
67e1c3c03224ef1ddaea8e56,1742848786,96685.4355,1742848860,22685.4355,Kafka
67e1c3c03224ef1ddaea8e57,1742848786,96714.0427,1742848860,22714.0427,Kafka
67e1c3c03224ef1ddaea8e58,1742848786,96745.0176,1742848860,22745.0176,Kafka
67e1c3c03224ef1ddaea8e59,1742848786,96777.8884,1742848860,22777.8884,Kafka
67e1c3c03224ef1ddaea8e5a,1742848786,96780.5515,1742848860,22780.5515,Kafka
67e1c3c03224ef1ddaea8e5b,1742848786,96781.8651,1742848860,22781.8651,Kafka
67e1c3c03224ef1ddaea8e5c,1742848786,96806.9627,1742848860,22806.9627,Kafka
67e1c3c03224ef1ddaea8e5d,1742848786,96838.1668,1742848860,22838.1668,Kafka
67e1c3c03224ef1ddaea8e5e,1742848786,96869.8988,1742848860,22869.8988,Kafka
67e1c3c03224ef1ddaea8e5f,1742848786,96871.6629,1742848860,22871.6629,Kafka
67e1c3c03224ef1ddaea8e60,1742848786,96873.0527,1742848860,22873.0527,Kafka
67e1c3c03224ef1ddaea8e61,1742848786,96874.4698,1742848860,22874.4698,Kafka
67e1c3c03224ef1ddaea8e62,1742848786,96875.9006,1742848860,22875.9006,Kafka
67e1c3c03224ef1ddaea8e63,1742848786,96877.3327,1742848860,22877.3327,Kafka
67e1c3c03224ef1ddaea8e64,1742848786,96900.9763,1742848860,22900.9763,Kafka
67e1c3c03224ef1ddaea8e65,1742848786,96931.0131,1742848860,22931.0131,Kafka
67e1c3c03224ef1ddaea8e66,1742848786,96993.0492,1742848860,22993.0492,Kafka
67e1c3c03224ef1ddaea8e67,1742848786,97024.9211,1742848860,23024.9211,Kafka
67e1c3c03224ef1ddaea8e68,1742848786,97055.1353,1742848860,23055.1353,Kafka
67e1c3c03224ef1ddaea8e69,1742848786,97057.1834,1742848860,23057.1834,Kafka
67e1c3c03224ef1ddaea8e6a,1742848786,97058.6284,1742848860,23058.6284,Kafka
67e1c3c03224ef1ddaea8e6b,1742848786,97060.031,1742848860,23060.031,Kafka
67e1c3c03224ef1ddaea8e6c,1742848786,97086.0895,1742848860,23086.0895,Kafka
67e1c3c03224ef1ddaea8e6d,1742848786,97088.1623,1742848860,23088.1623,Kafka
67e1c3c03224ef1ddaea8e6e,1742848786,97089.5458,1742848860,23089.5458,Kafka
67e1c3c03224ef1ddaea8e6f,1742848786,97118.2311,1742848860,23118.2311,Kafka
67e1c3c03224ef1ddaea8e70,1742848786,97120.0428,1742848860,23120.0428,Kafka
67e1c3c03224ef1ddaea8e71,1742848786,97179.1833,1742848860,23179.1833,Kafka
67e1c3c03224ef1ddaea8e72,1742848786,97181.9056,1742848860,23181.9056,Kafka
67e1c3c03224ef1ddaea8e73,1742848786,97210.2814,1742848860,23210.2814,Kafka
67e1c3c03224ef1ddaea8df3,1742848786,94569.211,1742848859,21569.211,Kafka
67e1c3c03224ef1ddaea8df4,1742848786,94570.5755,1742848859,21570.5755,Kafka
67e1c3c03224ef1ddaea8df5,1742848786,94607.9379,1742848859,21607.9379,Kafka
67e1c3c03224ef1ddaea8df6,1742848786,94609.2705,1742848859,21609.2705,Kafka
67e1c3c03224ef1ddaea8df7,1742848786,94637.2961,1742848859,21637.2961,Kafka
67e1c3c03224ef1ddaea8df8,1742848786,94669.8595,1742848859,21669.8595,Kafka
67e1c3c03224ef1ddaea8df9,1742848786,94700.0967,1742848859,21700.0967,Kafka
67e1c3c03224ef1ddaea8dfa,1742848786,94730.3111,1742848859,21730.3111,Kafka
67e1c3c03224ef1ddaea8dfb,1742848786,94732.6175,1742848859,21732.6175,Kafka
67e1c3c03224ef1ddaea8dfc,1742848786,94734.1224,1742848859,21734.1224,Kafka
67e1c3c03224ef1ddaea8dfd,1742848786,94735.4979,1742848859,21735.4979,Kafka
67e1c3c03224ef1ddaea8dfe,1742848786,94762.2448,1742848859,21762.2448,Kafka
67e1c3c03224ef1ddaea8dff,1742848786,94764.4592,1742848859,21764.4592,Kafka
67e1c3c03224ef1ddaea8e00,1742848786,94792.3086,1742848859,21792.3086,Kafka
67e1c3c03224ef1ddaea8e01,1742848786,94824.258,1742848859,21824.258,Kafka
67e1c3c03224ef1ddaea8e02,1742848786,94826.1937,1742848859,21826.1937,Kafka
67e1c3c03224ef1ddaea8e03,1742848786,94827.5781,1742848859,21827.5781,Kafka
67e1c3c03224ef1ddaea8e04,1742848786,94854.3835,1742848859,21854.3835,Kafka
67e1c3c03224ef1ddaea8e05,1742848786,94856.8708,1742848859,21856.8708,Kafka
67e1c3c03224ef1ddaea8e06,1742848786,94858.4298,1742848859,21858.4298,Kafka
67e1c3c03224ef1ddaea8e07,1742848786,94859.8536,1742848859,21859.8536,Kafka
67e1c3c03224ef1ddaea8e08,1742848786,94885.3222,1742848859,21885.3222,Kafka
67e1c3c03224ef1ddaea8e09,1742848786,94947.3476,1742848859,21947.3476,Kafka
67e1c3c03224ef1ddaea8e0a,1742848786,94950.0198,1742848859,21950.0198,Kafka
67e1c3c03224ef1ddaea8e0b,1742848786,94981.2217,1742848859,21981.2217,Kafka
67e1c3c03224ef1ddaea8e0c,1742848786,94989.143,1742848859,21989.143,Kafka
67e1c3c03224ef1ddaea8e0d,1742848786,95027.3577,1742848859,22027.3577,Kafka
67e1c3c03224ef1ddaea8e0e,1742848786,95086.5064,1742848859,22086.5064,Kafka
67e1c3c03224ef1ddaea8e0f,1742848786,95148.4609,1742848859,22148.4609,Kafka
67e1c3c03224ef1ddaea8e10,1742848786,95181.0593,1742848859,22181.0593,Kafka
67e1c3c03224ef1ddaea8e11,1742848786,95211.7446,1742848859,22211.7446,Kafka
67e1c3c03224ef1ddaea8e12,1742848786,95214.0139,1742848859,22214.0139,Kafka
67e1c3c03224ef1ddaea8e13,1742848786,95215.5757,1742848859,22215.5757,Kafka
67e1c3c03224ef1ddaea8e14,1742848786,95242.5561,1742848859,22242.5561,Kafka
67e1c3c03224ef1ddaea8e15,1742848786,95244.8351,1742848859,22244.8351,Kafka
67e1c3c03224ef1ddaea8e16,1742848786,95246.3281,1742848859,22246.3281,Kafka
67e1c3c03224ef1ddaea8e17,1742848786,95273.5279,1742848859,22273.5279,Kafka
67e1c3c03224ef1ddaea8e18,1742848786,95275.7227,1742848859,22275.7227,Kafka
67e1c3c03224ef1ddaea8e19,1742848786,95303.4799,1742848859,22303.4799,Kafka
67e1c3c03224ef1ddaea8e1a,1742848786,95335.5843,1742848859,22335.5843,Kafka
67e1c3c03224ef1ddaea8e1b,1742848786,95365.7208,1742848859,22365.7208,Kafka
67e1c3c03224ef1ddaea8e1c,1742848786,95368.2086,1742848859,22368.2086,Kafka
67e1c3c03224ef1ddaea8e1d,1742848786,95397.6179,1742848859,22397.6179,Kafka
67e1c3c03224ef1ddaea8e1e,1742848786,95458.5162,1742848859,22458.5162,Kafka
67e1c3c03224ef1ddaea8e1f,1742848786,95490.3372,1742848859,22490.3372,Kafka
67e1c3c03224ef1ddaea8e20,1742848786,95551.587,1742848859,22551.587,Kafka
67e1c3c03224ef1ddaea8e21,1742848786,95582.5745,1742848859,22582.5745,Kafka
67e1c3c03224ef1ddaea8e22,1742848786,95615.5041,1742848859,22615.5041,Kafka
67e1c3c03224ef1ddaea8e23,1742848786,95644.7491,1742848859,22644.7491,Kafka
67e1c3c03224ef1ddaea8e24,1742848786,95646.718,1742848859,22646.718,Kafka
67e1c3c03224ef1ddaea8e25,1742848786,95649.174,1742848859,22649.174,Kafka
67e1c3c03224ef1ddaea8e26,1742848786,95676.5237,1742848859,22676.5237,Kafka
67e1c3c03224ef1ddaea8e27,1742848786,95737.7355,1742848859,22737.7355,Kafka
67e1c3c03224ef1ddaea8e28,1742848786,95740.3318,1742848859,22740.3318,Kafka
67e1c3c03224ef1ddaea8e29,1742848786,95769.5068,1742848859,22769.5068,Kafka
67e1c3c03224ef1ddaea8e2a,1742848786,95771.4593,1742848859,22771.4593,Kafka
67e1c3c03224ef1ddaea8e2b,1742848786,95801.3617,1742848859,22801.3617,Kafka
67e1c3c03224ef1ddaea8e2c,1742848786,95831.9368,1742848859,22831.9368,Kafka
67e1c3c03224ef1ddaea8e2d,1742848786,95835.258,1742848859,22835.258,Kafka
67e1c3c03224ef1ddaea8e2e,1742848786,95861.4374,1742848859,22861.4374,Kafka
67e1c3c03224ef1ddaea8e2f,1742848786,95892.3644,1742848859,22892.3644,Kafka
67e1c3c03224ef1ddaea8e30,1742848786,95894.0757,1742848859,22894.0757,Kafka
67e1c3c03224ef1ddaea8e31,1742848786,95896.1907,1742848859,22896.1907,Kafka
67e1c3c03224ef1ddaea8e32,1742848786,95924.3383,1742848859,22924.3383,Kafka
67e1c3c03224ef1ddaea8e33,1742848786,95985.584,1742848859,22985.584,Kafka
67e1c3c03224ef1ddaea8db3,1742848786,93199.6601,1742848858,21199.6601,Kafka
67e1c3c03224ef1ddaea8db4,1742848786,93201.2771,1742848858,21201.2771,Kafka
67e1c3c03224ef1ddaea8db5,1742848786,93228.0288,1742848858,21228.0288,Kafka
67e1c3c03224ef1ddaea8db6,1742848786,93229.5498,1742848858,21229.5498,Kafka
67e1c3c03224ef1ddaea8db7,1742848786,93230.9841,1742848858,21230.9841,Kafka
67e1c3c03224ef1ddaea8db8,1742848786,93288.5288,1742848858,21288.5288,Kafka
67e1c3c03224ef1ddaea8db9,1742848786,93319.9053,1742848858,21319.9053,Kafka
67e1c3c03224ef1ddaea8dba,1742848786,93322.474,1742848858,21322.474,Kafka
67e1c3c03224ef1ddaea8dbb,1742848786,93323.9143,1742848858,21323.9143,Kafka
67e1c3c03224ef1ddaea8dbc,1742848786,93352.5991,1742848858,21352.5991,Kafka
67e1c3c03224ef1ddaea8dbd,1742848786,93354.0491,1742848858,21354.0491,Kafka
67e1c3c03224ef1ddaea8dbe,1742848786,93381.7705,1742848858,21381.7705,Kafka
67e1c3c03224ef1ddaea8dbf,1742848786,93443.5666,1742848858,21443.5666,Kafka
67e1c3c03224ef1ddaea8dc0,1742848786,93505.537,1742848858,21505.537,Kafka
67e1c3c03224ef1ddaea8dc1,1742848786,93507.8112,1742848858,21507.8112,Kafka
67e1c3c03224ef1ddaea8dc2,1742848786,93567.6052,1742848858,21567.6052,Kafka
67e1c3c03224ef1ddaea8dc3,1742848786,93598.7582,1742848858,21598.7582,Kafka
67e1c3c03224ef1ddaea8dc4,1742848786,93629.5761,1742848858,21629.5761,Kafka
67e1c3c03224ef1ddaea8dc5,1742848786,93691.6258,1742848858,21691.6258,Kafka
67e1c3c03224ef1ddaea8dc6,1742848786,93724.108,1742848858,21724.108,Kafka
67e1c3c03224ef1ddaea8dc7,1742848786,93758.4102,1742848858,21758.4102,Kafka
67e1c3c03224ef1ddaea8dc8,1742848786,93784.7265,1742848858,21784.7265,Kafka
67e1c3c03224ef1ddaea8dc9,1742848786,93787.1453,1742848858,21787.1453,Kafka
67e1c3c03224ef1ddaea8dca,1742848786,93788.8554,1742848858,21788.8554,Kafka
67e1c3c03224ef1ddaea8dcb,1742848786,93816.6659,1742848858,21816.6659,Kafka
67e1c3c03224ef1ddaea8dcc,1742848786,93846.8332,1742848858,21846.8332,Kafka
67e1c3c03224ef1ddaea8dcd,1742848786,93877.6617,1742848858,21877.6617,Kafka
67e1c3c03224ef1ddaea8dce,1742848786,93879.9243,1742848858,21879.9243,Kafka
67e1c3c03224ef1ddaea8dcf,1742848786,93909.6347,1742848858,21909.6347,Kafka
67e1c3c03224ef1ddaea8dd0,1742848786,93911.6803,1742848858,21911.6803,Kafka
67e1c3c03224ef1ddaea8dd1,1742848786,93940.5101,1742848858,21940.5101,Kafka
67e1c3c03224ef1ddaea8dd2,1742848786,93942.7122,1742848858,21942.7122,Kafka
67e1c3c03224ef1ddaea8dd3,1742848786,94001.8165,1742848858,22001.8165,Kafka
67e1c3c03224ef1ddaea8dd4,1742848786,94003.3964,1742848858,22003.3964,Kafka
67e1c3c03224ef1ddaea8dd5,1742848786,94005.4195,1742848858,22005.4195,Kafka
67e1c3c03224ef1ddaea8dd6,1742848786,94032.6843,1742848858,22032.6843,Kafka
67e1c3c03224ef1ddaea8dd7,1742848786,94063.7367,1742848858,22063.7367,Kafka
67e1c3c03224ef1ddaea8dd8,1742848786,94066.212,1742848858,22066.212,Kafka
67e1c3c03224ef1ddaea8dd9,1742848786,94094.8513,1742848858,22094.8513,Kafka
67e1c3c03224ef1ddaea8dda,1742848786,94097.3302,1742848858,22097.3302,Kafka
67e1c3c03224ef1ddaea8ddb,1742848786,94125.7266,1742848858,22125.7266,Kafka
67e1c3c03224ef1ddaea8ddc,1742848786,94158.8071,1742848858,22158.8071,Kafka
67e1c3c03224ef1ddaea8ddd,1742848786,94188.8216,1742848858,22188.8216,Kafka
67e1c3c03224ef1ddaea8dde,1742848786,94218.7356,1742848858,22218.7356,Kafka
67e1c3c03224ef1ddaea8ddf,1742848786,94220.9796,1742848858,22220.9796,Kafka
67e1c3c03224ef1ddaea8de0,1742848786,94249.8786,1742848858,22249.8786,Kafka
67e1c3c03224ef1ddaea8de1,1742848786,94281.5276,1742848858,22281.5276,Kafka
67e1c3c03224ef1ddaea8de2,1742848786,94311.8125,1742848858,22311.8125,Kafka
67e1c3c03224ef1ddaea8de3,1742848786,94342.7034,1742848858,22342.7034,Kafka
67e1c3c03224ef1ddaea8de4,1742848786,94344.9306,1742848858,22344.9306,Kafka
67e1c3c03224ef1ddaea8de5,1742848786,94346.3006,1742848858,22346.3006,Kafka
67e1c3c03224ef1ddaea8de6,1742848786,94347.7988,1742848858,22347.7988,Kafka
67e1c3c03224ef1ddaea8de7,1742848786,94349.1318,1742848858,22349.1318,Kafka
67e1c3c03224ef1ddaea8de8,1742848786,94374.6232,1742848858,22374.6232,Kafka
67e1c3c03224ef1ddaea8de9,1742848786,94404.7326,1742848858,22404.7326,Kafka
67e1c3c03224ef1ddaea8dea,1742848786,94436.7477,1742848858,22436.7477,Kafka
67e1c3c03224ef1ddaea8deb,1742848786,94466.7018,1742848858,22466.7018,Kafka
67e1c3c03224ef1ddaea8dec,1742848786,94499.2971,1742848858,22499.2971,Kafka
67e1c3c03224ef1ddaea8ded,1742848786,94530.3521,1742848858,22530.3521,Kafka
67e1c3c03224ef1ddaea8dee,1742848786,94560.9983,1742848858,22560.9983,Kafka
67e1c3c03224ef1ddaea8def,1742848786,94563.5223,1742848858,22563.5223,Kafka
67e1c3c03224ef1ddaea8df0,1742848786,94564.9233,1742848858,22564.9233,Kafka
67e1c3c03224ef1ddaea8df1,1742848786,94566.2776,1742848858,22566.2776,Kafka
67e1c3c03224ef1ddaea8df2,1742848786,94567.8127,1742848858,22567.8127,Kafka
67e1c3c03224ef1ddaea8d72,1742848786,91710.1014,1742848857,20710.1014,Kafka
67e1c3c03224ef1ddaea8d73,1742848786,91712.4257,1742848857,20712.4257,Kafka
67e1c3c03224ef1ddaea8d74,1742848786,91739.881,1742848857,20739.881,Kafka
67e1c3c03224ef1ddaea8d75,1742848786,91769.9611,1742848857,20769.9611,Kafka
67e1c3c03224ef1ddaea8d76,1742848786,91832.0884,1742848857,20832.0884,Kafka
67e1c3c03224ef1ddaea8d77,1742848786,91836.2454,1742848857,20836.2454,Kafka
67e1c3c03224ef1ddaea8d78,1742848786,91838.1966,1742848857,20838.1966,Kafka
67e1c3c03224ef1ddaea8d79,1742848786,91893.9416,1742848857,20893.9416,Kafka
67e1c3c03224ef1ddaea8d7a,1742848786,91924.94,1742848857,20924.94,Kafka
67e1c3c03224ef1ddaea8d7b,1742848786,91986.8535,1742848857,20986.8535,Kafka
67e1c3c03224ef1ddaea8d7c,1742848786,92018.8033,1742848857,21018.8033,Kafka
67e1c3c03224ef1ddaea8d7d,1742848786,92048.8486,1742848857,21048.8486,Kafka
67e1c3c03224ef1ddaea8d7e,1742848786,92079.899,1742848857,21079.899,Kafka
67e1c3c03224ef1ddaea8d7f,1742848786,92110.8723,1742848857,21110.8723,Kafka
67e1c3c03224ef1ddaea8d80,1742848786,92141.8449,1742848857,21141.8449,Kafka
67e1c3c03224ef1ddaea8d81,1742848786,92144.6774,1742848857,21144.6774,Kafka
67e1c3c03224ef1ddaea8d82,1742848786,92173.0645,1742848857,21173.0645,Kafka
67e1c3c03224ef1ddaea8d83,1742848786,92234.8492,1742848857,21234.8492,Kafka
67e1c3c03224ef1ddaea8d84,1742848786,92265.8695,1742848857,21265.8695,Kafka
67e1c3c03224ef1ddaea8d85,1742848786,92296.8758,1742848857,21296.8758,Kafka
67e1c3c03224ef1ddaea8d86,1742848786,92299.6874,1742848857,21299.6874,Kafka
67e1c3c03224ef1ddaea8d87,1742848786,92301.3104,1742848857,21301.3104,Kafka
67e1c3c03224ef1ddaea8d88,1742848786,92303.1026,1742848857,21303.1026,Kafka
67e1c3c03224ef1ddaea8d89,1742848786,92328.0693,1742848857,21328.0693,Kafka
67e1c3c03224ef1ddaea8d8a,1742848786,92330.7953,1742848857,21330.7953,Kafka
67e1c3c03224ef1ddaea8d8b,1742848786,92332.4723,1742848857,21332.4723,Kafka
67e1c3c03224ef1ddaea8d8c,1742848786,92359.0038,1742848857,21359.0038,Kafka
67e1c3c03224ef1ddaea8d8d,1742848786,92390.143,1742848857,21390.143,Kafka
67e1c3c03224ef1ddaea8d8e,1742848786,92392.806,1742848857,21392.806,Kafka
67e1c3c03224ef1ddaea8d8f,1742848786,92452.0553,1742848857,21452.0553,Kafka
67e1c3c03224ef1ddaea8d90,1742848786,92485.4925,1742848857,21485.4925,Kafka
67e1c3c03224ef1ddaea8d91,1742848786,92515.2731,1742848857,21515.2731,Kafka
67e1c3c03224ef1ddaea8d92,1742848786,92517.5495,1742848857,21517.5495,Kafka
67e1c3c03224ef1ddaea8d93,1742848786,92578.0398,1742848857,21578.0398,Kafka
67e1c3c03224ef1ddaea8d94,1742848786,92586.6254,1742848857,21586.6254,Kafka
67e1c3c03224ef1ddaea8d95,1742848786,92588.2952,1742848857,21588.2952,Kafka
67e1c3c03224ef1ddaea8d96,1742848786,92590.116,1742848857,21590.116,Kafka
67e1c3c03224ef1ddaea8d97,1742848786,92622.3965,1742848857,21622.3965,Kafka
67e1c3c03224ef1ddaea8d98,1742848786,92653.4007,1742848857,21653.4007,Kafka
67e1c3c03224ef1ddaea8d99,1742848786,92684.4345,1742848857,21684.4345,Kafka
67e1c3c03224ef1ddaea8d9a,1742848786,92715.438,1742848857,21715.438,Kafka
67e1c3c03224ef1ddaea8d9b,1742848786,92746.5261,1742848857,21746.5261,Kafka
67e1c3c03224ef1ddaea8d9c,1742848786,92777.4171,1742848857,21777.4171,Kafka
67e1c3c03224ef1ddaea8d9d,1742848786,92808.4463,1742848857,21808.4463,Kafka
67e1c3c03224ef1ddaea8d9e,1742848786,92870.3898,1742848857,21870.3898,Kafka
67e1c3c03224ef1ddaea8d9f,1742848786,92902.7059,1742848857,21902.7059,Kafka
67e1c3c03224ef1ddaea8da0,1742848786,92932.3732,1742848857,21932.3732,Kafka
67e1c3c03224ef1ddaea8da1,1742848786,92963.506,1742848857,21963.506,Kafka
67e1c3c03224ef1ddaea8da2,1742848786,92965.7377,1742848857,21965.7377,Kafka
67e1c3c03224ef1ddaea8da3,1742848786,92995.1758,1742848857,21995.1758,Kafka
67e1c3c03224ef1ddaea8da4,1742848786,92997.1015,1742848857,21997.1015,Kafka
67e1c3c03224ef1ddaea8da5,1742848786,92998.5843,1742848857,21998.5843,Kafka
67e1c3c03224ef1ddaea8da6,1742848786,93025.4686,1742848857,22025.4686,Kafka
67e1c3c03224ef1ddaea8da7,1742848786,93057.7033,1742848857,22057.7033,Kafka
67e1c3c03224ef1ddaea8da8,1742848786,93089.6063,1742848857,22089.6063,Kafka
67e1c3c03224ef1ddaea8da9,1742848786,93092.0823,1742848857,22092.0823,Kafka
67e1c3c03224ef1ddaea8daa,1742848786,93093.6363,1742848857,22093.6363,Kafka
67e1c3c03224ef1ddaea8dab,1742848786,93095.3702,1742848857,22095.3702,Kafka
67e1c3c03224ef1ddaea8dac,1742848786,93097.5007,1742848857,22097.5007,Kafka
67e1c3c03224ef1ddaea8dad,1742848786,93133.7232,1742848857,22133.7232,Kafka
67e1c3c03224ef1ddaea8dae,1742848786,93136.1266,1742848857,22136.1266,Kafka
67e1c3c03224ef1ddaea8daf,1742848786,93137.9102,1742848857,22137.9102,Kafka
67e1c3c03224ef1ddaea8db0,1742848786,93139.4994,1742848857,22139.4994,Kafka
67e1c3c03224ef1ddaea8db1,1742848786,93195.7395,1742848857,22195.7395,Kafka
67e1c3c03224ef1ddaea8db2,1742848786,93198.0514,1742848857,22198.0514,Kafka
67e1c3c03224ef1ddaea8d36,1742848786,90204.5832,1742848856,20204.5832,Kafka
67e1c3c03224ef1ddaea8d37,1742848786,90236.6994,1742848856,20236.6994,Kafka
67e1c3c03224ef1ddaea8d38,1742848786,90238.906,1742848856,20238.906,Kafka
67e1c3c03224ef1ddaea8d39,1742848786,90267.3627,1742848856,20267.3627,Kafka
67e1c3c03224ef1ddaea8d3a,1742848786,90269.5257,1742848856,20269.5257,Kafka
67e1c3c03224ef1ddaea8d3b,1742848786,90297.5322,1742848856,20297.5322,Kafka
67e1c3c03224ef1ddaea8d3c,1742848786,90328.5403,1742848856,20328.5403,Kafka
67e1c3c03224ef1ddaea8d3d,1742848786,90360.4756,1742848856,20360.4756,Kafka
67e1c3c03224ef1ddaea8d3e,1742848786,90362.5783,1742848856,20362.5783,Kafka
67e1c3c03224ef1ddaea8d3f,1742848786,90421.3331,1742848856,20421.3331,Kafka
67e1c3c03224ef1ddaea8d40,1742848786,90423.4879,1742848856,20423.4879,Kafka
67e1c3c03224ef1ddaea8d41,1742848786,90425.1342,1742848856,20425.1342,Kafka
67e1c3c03224ef1ddaea8d42,1742848786,90453.3437,1742848856,20453.3437,Kafka
67e1c3c03224ef1ddaea8d43,1742848786,90455.8859,1742848856,20455.8859,Kafka
67e1c3c03224ef1ddaea8d44,1742848786,90457.2382,1742848856,20457.2382,Kafka
67e1c3c03224ef1ddaea8d45,1742848786,90483.2532,1742848856,20483.2532,Kafka
67e1c3c03224ef1ddaea8d46,1742848786,90515.6683,1742848856,20515.6683,Kafka
67e1c3c03224ef1ddaea8d47,1742848786,90545.2642,1742848856,20545.2642,Kafka
67e1c3c03224ef1ddaea8d48,1742848786,90548.8329,1742848856,20548.8329,Kafka
67e1c3c03224ef1ddaea8d49,1742848786,90607.2425,1742848856,20607.2425,Kafka
67e1c3c03224ef1ddaea8d4a,1742848786,90669.2814,1742848856,20669.2814,Kafka
67e1c3c03224ef1ddaea8d4b,1742848786,90700.3705,1742848856,20700.3705,Kafka
67e1c3c03224ef1ddaea8d4c,1742848786,90762.3116,1742848856,20762.3116,Kafka
67e1c3c03224ef1ddaea8d4d,1742848786,90794.836,1742848856,20794.836,Kafka
67e1c3c03224ef1ddaea8d4e,1742848786,90825.8159,1742848856,20825.8159,Kafka
67e1c3c03224ef1ddaea8d4f,1742848786,90856.1497,1742848856,20856.1497,Kafka
67e1c3c03224ef1ddaea8d50,1742848786,90887.1707,1742848856,20887.1707,Kafka
67e1c3c03224ef1ddaea8d51,1742848786,90889.2632,1742848856,20889.2632,Kafka
67e1c3c03224ef1ddaea8d52,1742848786,90890.6716,1742848856,20890.6716,Kafka
67e1c3c03224ef1ddaea8d53,1742848786,90917.3184,1742848856,20917.3184,Kafka
67e1c3c03224ef1ddaea8d54,1742848786,90979.4763,1742848856,20979.4763,Kafka
67e1c3c03224ef1ddaea8d55,1742848786,91041.3509,1742848856,21041.3509,Kafka
67e1c3c03224ef1ddaea8d56,1742848786,91044.3021,1742848856,21044.3021,Kafka
67e1c3c03224ef1ddaea8d57,1742848786,91047.0036,1742848856,21047.0036,Kafka
67e1c3c03224ef1ddaea8d58,1742848786,91072.4044,1742848856,21072.4044,Kafka
67e1c3c03224ef1ddaea8d59,1742848786,91074.6879,1742848856,21074.6879,Kafka
67e1c3c03224ef1ddaea8d5a,1742848786,91076.3774,1742848856,21076.3774,Kafka
67e1c3c03224ef1ddaea8d5b,1742848786,91104.3319,1742848856,21104.3319,Kafka
67e1c3c03224ef1ddaea8d5c,1742848786,91135.2996,1742848856,21135.2996,Kafka
67e1c3c03224ef1ddaea8d5d,1742848786,91166.1154,1742848856,21166.1154,Kafka
67e1c3c03224ef1ddaea8d5e,1742848786,91206.1537,1742848856,21206.1537,Kafka
67e1c3c03224ef1ddaea8d5f,1742848786,91207.9175,1742848856,21207.9175,Kafka
67e1c3c03224ef1ddaea8d60,1742848786,91243.9411,1742848856,21243.9411,Kafka
67e1c3c03224ef1ddaea8d61,1742848786,91305.0046,1742848856,21305.0046,Kafka
67e1c3c03224ef1ddaea8d62,1742848786,91366.9393,1742848856,21366.9393,Kafka
67e1c3c03224ef1ddaea8d63,1742848786,91369.2671,1742848856,21369.2671,Kafka
67e1c3c03224ef1ddaea8d64,1742848786,91370.9621,1742848856,21370.9621,Kafka
67e1c3c03224ef1ddaea8d65,1742848786,91397.8793,1742848856,21397.8793,Kafka
67e1c3c03224ef1ddaea8d66,1742848786,91400.0937,1742848856,21400.0937,Kafka
67e1c3c03224ef1ddaea8d67,1742848786,91459.8116,1742848856,21459.8116,Kafka
67e1c3c03224ef1ddaea8d68,1742848786,91490.8184,1742848856,21490.8184,Kafka
67e1c3c03224ef1ddaea8d69,1742848786,91522.824,1742848856,21522.824,Kafka
67e1c3c03224ef1ddaea8d6a,1742848786,91524.8138,1742848856,21524.8138,Kafka
67e1c3c03224ef1ddaea8d6b,1742848786,91526.2146,1742848856,21526.2146,Kafka
67e1c3c03224ef1ddaea8d6c,1742848786,91527.5931,1742848856,21527.5931,Kafka
67e1c3c03224ef1ddaea8d6d,1742848786,91553.8613,1742848856,21553.8613,Kafka
67e1c3c03224ef1ddaea8d6e,1742848786,91584.7632,1742848856,21584.7632,Kafka
67e1c3c03224ef1ddaea8d6f,1742848786,91586.6303,1742848856,21586.6303,Kafka
67e1c3c03224ef1ddaea8d70,1742848786,91646.2863,1742848856,21646.2863,Kafka
67e1c3c03224ef1ddaea8d71,1742848786,91677.2543,1742848856,21677.2543,Kafka
67e1c3c03224ef1ddaea8cf6,1742848786,88608.8571,1742848855,19608.8571,Kafka
67e1c3c03224ef1ddaea8cf7,1742848786,88671.0543,1742848855,19671.0543,Kafka
67e1c3c03224ef1ddaea8cf8,1742848786,88674.5152,1742848855,19674.5152,Kafka
67e1c3c03224ef1ddaea8cf9,1742848786,88676.2472,1742848855,19676.2472,Kafka
67e1c3c03224ef1ddaea8cfa,1742848786,88677.6493,1742848855,19677.6493,Kafka
67e1c3c03224ef1ddaea8cfb,1742848786,88701.9289,1742848855,19701.9289,Kafka
67e1c3c03224ef1ddaea8cfc,1742848786,88768.0343,1742848855,19768.0343,Kafka
67e1c3c03224ef1ddaea8cfd,1742848786,88825.6007,1742848855,19825.6007,Kafka
67e1c3c03224ef1ddaea8cfe,1742848786,88827.7784,1742848855,19827.7784,Kafka
67e1c3c03224ef1ddaea8cff,1742848786,88857.5206,1742848855,19857.5206,Kafka
67e1c3c03224ef1ddaea8d00,1742848786,88859.681,1742848855,19859.681,Kafka
67e1c3c03224ef1ddaea8d01,1742848786,88888.5683,1742848855,19888.5683,Kafka
67e1c3c03224ef1ddaea8d02,1742848786,88950.3335,1742848855,19950.3335,Kafka
67e1c3c03224ef1ddaea8d03,1742848786,89011.2423,1742848855,20011.2423,Kafka
67e1c3c03224ef1ddaea8d04,1742848786,89043.423,1742848855,20043.423,Kafka
67e1c3c03224ef1ddaea8d05,1742848786,89045.5072,1742848855,20045.5072,Kafka
67e1c3c03224ef1ddaea8d06,1742848786,89073.1973,1742848855,20073.1973,Kafka
67e1c3c03224ef1ddaea8d07,1742848786,89135.2603,1742848855,20135.2603,Kafka
67e1c3c03224ef1ddaea8d08,1742848786,89137.3909,1742848855,20137.3909,Kafka
67e1c3c03224ef1ddaea8d09,1742848786,89138.8885,1742848855,20138.8885,Kafka
67e1c3c03224ef1ddaea8d0a,1742848786,89140.3142,1742848855,20140.3142,Kafka
67e1c3c03224ef1ddaea8d0b,1742848786,89141.7002,1742848855,20141.7002,Kafka
67e1c3c03224ef1ddaea8d0c,1742848786,89143.0734,1742848855,20143.0734,Kafka
67e1c3c03224ef1ddaea8d0d,1742848786,89144.4527,1742848855,20144.4527,Kafka
67e1c3c03224ef1ddaea8d0e,1742848786,89145.7831,1742848855,20145.7831,Kafka
67e1c3c03224ef1ddaea8d0f,1742848786,89212.71,1742848855,20212.71,Kafka
67e1c3c03224ef1ddaea8d10,1742848786,89215.9818,1742848855,20215.9818,Kafka
67e1c3c03224ef1ddaea8d11,1742848786,89245.1982,1742848855,20245.1982,Kafka
67e1c3c03224ef1ddaea8d12,1742848786,89274.7138,1742848855,20274.7138,Kafka
67e1c3c03224ef1ddaea8d13,1742848786,89277.1779,1742848855,20277.1779,Kafka
67e1c3c03224ef1ddaea8d14,1742848786,89336.7316,1742848855,20336.7316,Kafka
67e1c3c03224ef1ddaea8d15,1742848786,89338.8491,1742848855,20338.8491,Kafka
67e1c3c03224ef1ddaea8d16,1742848786,89398.724,1742848855,20398.724,Kafka
67e1c3c03224ef1ddaea8d17,1742848786,89430.9771,1742848855,20430.9771,Kafka
67e1c3c03224ef1ddaea8d18,1742848786,89460.9912,1742848855,20460.9912,Kafka
67e1c3c03224ef1ddaea8d19,1742848786,89493.611,1742848855,20493.611,Kafka
67e1c3c03224ef1ddaea8d1a,1742848786,89495.3593,1742848855,20495.3593,Kafka
67e1c3c03224ef1ddaea8d1b,1742848786,89522.8582,1742848855,20522.8582,Kafka
67e1c3c03224ef1ddaea8d1c,1742848786,89554.7134,1742848855,20554.7134,Kafka
67e1c3c03224ef1ddaea8d1d,1742848786,89615.725,1742848855,20615.725,Kafka
67e1c3c03224ef1ddaea8d1e,1742848786,89677.9989,1742848855,20677.9989,Kafka
67e1c3c03224ef1ddaea8d1f,1742848786,89680.7033,1742848855,20680.7033,Kafka
67e1c3c03224ef1ddaea8d20,1742848786,89682.111,1742848855,20682.111,Kafka
67e1c3c03224ef1ddaea8d21,1742848786,89683.4742,1742848855,20683.4742,Kafka
67e1c3c03224ef1ddaea8d22,1742848786,89739.7722,1742848855,20739.7722,Kafka
67e1c3c03224ef1ddaea8d23,1742848786,89742.0566,1742848855,20742.0566,Kafka
67e1c3c03224ef1ddaea8d24,1742848786,89771.6723,1742848855,20771.6723,Kafka
67e1c3c03224ef1ddaea8d25,1742848786,89774.0954,1742848855,20774.0954,Kafka
67e1c3c03224ef1ddaea8d26,1742848786,89803.2773,1742848855,20803.2773,Kafka
67e1c3c03224ef1ddaea8d27,1742848786,89832.6824,1742848855,20832.6824,Kafka
67e1c3c03224ef1ddaea8d28,1742848786,89836.5874,1742848855,20836.5874,Kafka
67e1c3c03224ef1ddaea8d29,1742848786,89864.9347,1742848855,20864.9347,Kafka
67e1c3c03224ef1ddaea8d2a,1742848786,89894.4621,1742848855,20894.4621,Kafka
67e1c3c03224ef1ddaea8d2b,1742848786,89896.6629,1742848855,20896.6629,Kafka
67e1c3c03224ef1ddaea8d2c,1742848786,89925.4413,1742848855,20925.4413,Kafka
67e1c3c03224ef1ddaea8d2d,1742848786,89956.6404,1742848855,20956.6404,Kafka
67e1c3c03224ef1ddaea8d2e,1742848786,89989.6515,1742848855,20989.6515,Kafka
67e1c3c03224ef1ddaea8d2f,1742848786,90019.4006,1742848855,21019.4006,Kafka
67e1c3c03224ef1ddaea8d30,1742848786,90021.4457,1742848855,21021.4457,Kafka
67e1c3c03224ef1ddaea8d31,1742848786,90022.8854,1742848855,21022.8854,Kafka
67e1c3c03224ef1ddaea8d32,1742848786,90049.4877,1742848855,21049.4877,Kafka
67e1c3c03224ef1ddaea8d33,1742848786,90081.3175,1742848855,21081.3175,Kafka
67e1c3c03224ef1ddaea8d34,1742848786,90111.4377,1742848855,21111.4377,Kafka
67e1c3c03224ef1ddaea8d35,1742848786,90173.7419,1742848855,21173.7419,Kafka
67e1c3c03224ef1ddaea8cb6,1742848786,87183.4433,1742848854,19183.4433,Kafka
67e1c3c03224ef1ddaea8cb7,1742848786,87215.2173,1742848854,19215.2173,Kafka
67e1c3c03224ef1ddaea8cb8,1742848786,87246.1991,1742848854,19246.1991,Kafka
67e1c3c03224ef1ddaea8cb9,1742848786,87277.2906,1742848854,19277.2906,Kafka
67e1c3c03224ef1ddaea8cba,1742848786,87279.2816,1742848854,19279.2816,Kafka
67e1c3c03224ef1ddaea8cbb,1742848786,87280.6668,1742848854,19280.6668,Kafka
67e1c3c03224ef1ddaea8cbc,1742848786,87308.573,1742848854,19308.573,Kafka
67e1c3c03224ef1ddaea8cbd,1742848786,87310.1569,1742848854,19310.1569,Kafka
67e1c3c03224ef1ddaea8cbe,1742848786,87311.4869,1742848854,19311.4869,Kafka
67e1c3c03224ef1ddaea8cbf,1742848786,87312.8453,1742848854,19312.8453,Kafka
67e1c3c03224ef1ddaea8cc0,1742848786,87314.9658,1742848854,19314.9658,Kafka
67e1c3c03224ef1ddaea8cc1,1742848786,87316.4201,1742848854,19316.4201,Kafka
67e1c3c03224ef1ddaea8cc2,1742848786,87338.3067,1742848854,19338.3067,Kafka
67e1c3c03224ef1ddaea8cc3,1742848786,87370.2257,1742848854,19370.2257,Kafka
67e1c3c03224ef1ddaea8cc4,1742848786,87401.9555,1742848854,19401.9555,Kafka
67e1c3c03224ef1ddaea8cc5,1742848786,87404.6521,1742848854,19404.6521,Kafka
67e1c3c03224ef1ddaea8cc6,1742848786,87434.0071,1742848854,19434.0071,Kafka
67e1c3c03224ef1ddaea8cc7,1742848786,87463.5021,1742848854,19463.5021,Kafka
67e1c3c03224ef1ddaea8cc8,1742848786,87524.0207,1742848854,19524.0207,Kafka
67e1c3c03224ef1ddaea8cc9,1742848786,87555.8725,1742848854,19555.8725,Kafka
67e1c3c03224ef1ddaea8cca,1742848786,87587.0244,1742848854,19587.0244,Kafka
67e1c3c03224ef1ddaea8ccb,1742848786,87617.0568,1742848854,19617.0568,Kafka
67e1c3c03224ef1ddaea8ccc,1742848786,87649.0703,1742848854,19649.0703,Kafka
67e1c3c03224ef1ddaea8ccd,1742848786,87710.1591,1742848854,19710.1591,Kafka
67e1c3c03224ef1ddaea8cce,1742848786,87712.4979,1742848854,19712.4979,Kafka
67e1c3c03224ef1ddaea8ccf,1742848786,87714,1742848854,19714,Kafka
67e1c3c03224ef1ddaea8cd0,1742848786,87715.3894,1742848854,19715.3894,Kafka
67e1c3c03224ef1ddaea8cd1,1742848786,87772.1493,1742848854,19772.1493,Kafka
67e1c3c03224ef1ddaea8cd2,1742848786,87804.5512,1742848854,19804.5512,Kafka
67e1c3c03224ef1ddaea8cd3,1742848786,87865.3336,1742848854,19865.3336,Kafka
67e1c3c03224ef1ddaea8cd4,1742848786,87867.7914,1742848854,19867.7914,Kafka
67e1c3c03224ef1ddaea8cd5,1742848786,87896.1108,1742848854,19896.1108,Kafka
67e1c3c03224ef1ddaea8cd6,1742848786,87898.1868,1742848854,19898.1868,Kafka
67e1c3c03224ef1ddaea8cd7,1742848786,87927.0904,1742848854,19927.0904,Kafka
67e1c3c03224ef1ddaea8cd8,1742848786,87959.2856,1742848854,19959.2856,Kafka
67e1c3c03224ef1ddaea8cd9,1742848786,87990.5414,1742848854,19990.5414,Kafka
67e1c3c03224ef1ddaea8cda,1742848786,88020.9622,1742848854,20020.9622,Kafka
67e1c3c03224ef1ddaea8cdb,1742848786,88051.7567,1742848854,20051.7567,Kafka
67e1c3c03224ef1ddaea8cdc,1742848786,88112.8225,1742848854,20112.8225,Kafka
67e1c3c03224ef1ddaea8cdd,1742848786,88143.9471,1742848854,20143.9471,Kafka
67e1c3c03224ef1ddaea8cde,1742848786,88146.5895,1742848854,20146.5895,Kafka
67e1c3c03224ef1ddaea8cdf,1742848786,88148.1833,1742848854,20148.1833,Kafka
67e1c3c03224ef1ddaea8ce0,1742848786,88149.5729,1742848854,20149.5729,Kafka
67e1c3c03224ef1ddaea8ce1,1742848786,88150.907,1742848854,20150.907,Kafka
67e1c3c03224ef1ddaea8ce2,1742848786,88152.3465,1742848854,20152.3465,Kafka
67e1c3c03224ef1ddaea8ce3,1742848786,88174.8334,1742848854,20174.8334,Kafka
67e1c3c03224ef1ddaea8ce4,1742848786,88205.8927,1742848854,20205.8927,Kafka
67e1c3c03224ef1ddaea8ce5,1742848786,88238.8937,1742848854,20238.8937,Kafka
67e1c3c03224ef1ddaea8ce6,1742848786,88240.2938,1742848854,20240.2938,Kafka
67e1c3c03224ef1ddaea8ce7,1742848786,88268.8131,1742848854,20268.8131,Kafka
67e1c3c03224ef1ddaea8ce8,1742848786,88298.881,1742848854,20298.881,Kafka
67e1c3c03224ef1ddaea8ce9,1742848786,88300.9927,1742848854,20300.9927,Kafka
67e1c3c03224ef1ddaea8cea,1742848786,88302.543,1742848854,20302.543,Kafka
67e1c3c03224ef1ddaea8ceb,1742848786,88329.8734,1742848854,20329.8734,Kafka
67e1c3c03224ef1ddaea8cec,1742848786,88332.4086,1742848854,20332.4086,Kafka
67e1c3c03224ef1ddaea8ced,1742848786,88334.1565,1742848854,20334.1565,Kafka
67e1c3c03224ef1ddaea8cee,1742848786,88360.8173,1742848854,20360.8173,Kafka
67e1c3c03224ef1ddaea8cef,1742848786,88391.8608,1742848854,20391.8608,Kafka
67e1c3c03224ef1ddaea8cf0,1742848786,88453.8841,1742848854,20453.8841,Kafka
67e1c3c03224ef1ddaea8cf1,1742848786,88456.3909,1742848854,20456.3909,Kafka
67e1c3c03224ef1ddaea8cf2,1742848786,88484.8954,1742848854,20484.8954,Kafka
67e1c3c03224ef1ddaea8cf3,1742848786,88486.4984,1742848854,20486.4984,Kafka
67e1c3c03224ef1ddaea8cf4,1742848786,88516.0436,1742848854,20516.0436,Kafka
67e1c3c03224ef1ddaea8cf5,1742848786,88547.0223,1742848854,20547.0223,Kafka
67e1c3bf3224ef1ddaea8c75,1742848786,85542.2328,1742848853,18542.2328,Kafka
67e1c3bf3224ef1ddaea8c76,1742848786,85572.7838,1742848853,18572.7838,Kafka
67e1c3bf3224ef1ddaea8c77,1742848786,85602.6043,1742848853,18602.6043,Kafka
67e1c3bf3224ef1ddaea8c78,1742848786,85604.5711,1742848853,18604.5711,Kafka
67e1c3bf3224ef1ddaea8c79,1742848786,85606.1257,1742848853,18606.1257,Kafka
67e1c3bf3224ef1ddaea8c7a,1742848786,85633.5968,1742848853,18633.5968,Kafka
67e1c3bf3224ef1ddaea8c7b,1742848786,85665.5441,1742848853,18665.5441,Kafka
67e1c3bf3224ef1ddaea8c7c,1742848786,85696.4687,1742848853,18696.4687,Kafka
67e1c3bf3224ef1ddaea8c7d,1742848786,85727.4455,1742848853,18727.4455,Kafka
67e1c3bf3224ef1ddaea8c7e,1742848786,85758.9511,1742848853,18758.9511,Kafka
67e1c3bf3224ef1ddaea8c7f,1742848786,85789.9874,1742848853,18789.9874,Kafka
67e1c3bf3224ef1ddaea8c80,1742848786,85820.4626,1742848853,18820.4626,Kafka
67e1c3bf3224ef1ddaea8c81,1742848786,85851.863,1742848853,18851.863,Kafka
67e1c3bf3224ef1ddaea8c82,1742848786,85853.8831,1742848853,18853.8831,Kafka
67e1c3bf3224ef1ddaea8c83,1742848786,85882.696,1742848853,18882.696,Kafka
67e1c3bf3224ef1ddaea8c84,1742848786,85943.9624,1742848853,18943.9624,Kafka
67e1c3bf3224ef1ddaea8c85,1742848786,85974.673,1742848853,18974.673,Kafka
67e1c3bf3224ef1ddaea8c86,1742848786,85976.8983,1742848853,18976.8983,Kafka
67e1c3bf3224ef1ddaea8c87,1742848786,85978.4542,1742848853,18978.4542,Kafka
67e1c3bf3224ef1ddaea8c88,1742848786,85979.8016,1742848853,18979.8016,Kafka
67e1c3bf3224ef1ddaea8c89,1742848786,86036.6126,1742848853,19036.6126,Kafka
67e1c3bf3224ef1ddaea8c8a,1742848786,86038.773,1742848853,19038.773,Kafka
67e1c3bf3224ef1ddaea8c8b,1742848786,86068.581,1742848853,19068.581,Kafka
67e1c3bf3224ef1ddaea8c8c,1742848786,86100.0348,1742848853,19100.0348,Kafka
67e1c3bf3224ef1ddaea8c8d,1742848786,86160.2988,1742848853,19160.2988,Kafka
67e1c3bf3224ef1ddaea8c8e,1742848786,86222.4496,1742848853,19222.4496,Kafka
67e1c3bf3224ef1ddaea8c8f,1742848786,86254.1873,1742848853,19254.1873,Kafka
67e1c3bf3224ef1ddaea8c90,1742848786,86256.4519,1742848853,19256.4519,Kafka
67e1c3bf3224ef1ddaea8c91,1742848786,86257.9273,1742848853,19257.9273,Kafka
67e1c3bf3224ef1ddaea8c92,1742848786,86285.089,1742848853,19285.089,Kafka
67e1c3bf3224ef1ddaea8c93,1742848786,86316.0284,1742848853,19316.0284,Kafka
67e1c3bf3224ef1ddaea8c94,1742848786,86318.0771,1742848853,19318.0771,Kafka
67e1c3bf3224ef1ddaea8c95,1742848786,86346.321,1742848853,19346.321,Kafka
67e1c3bf3224ef1ddaea8c96,1742848786,86348.5901,1742848853,19348.5901,Kafka
67e1c3bf3224ef1ddaea8c97,1742848786,86378.1539,1742848853,19378.1539,Kafka
67e1c3bf3224ef1ddaea8c98,1742848786,86408.1474,1742848853,19408.1474,Kafka
67e1c3bf3224ef1ddaea8c99,1742848786,86470.2417,1742848853,19470.2417,Kafka
67e1c3bf3224ef1ddaea8c9a,1742848786,86503.7432,1742848853,19503.7432,Kafka
67e1c3bf3224ef1ddaea8c9b,1742848786,86563.1865,1742848853,19563.1865,Kafka
67e1c3bf3224ef1ddaea8c9c,1742848786,86596.1041,1742848853,19596.1041,Kafka
67e1c3bf3224ef1ddaea8c9d,1742848786,86598.3379,1742848853,19598.3379,Kafka
67e1c3bf3224ef1ddaea8c9e,1742848786,86625.125,1742848853,19625.125,Kafka
67e1c3c03224ef1ddaea8c9f,1742848786,86627.1805,1742848853,19627.1805,Kafka
67e1c3c03224ef1ddaea8ca0,1742848786,86656.8277,1742848853,19656.8277,Kafka
67e1c3c03224ef1ddaea8ca1,1742848786,86687.3114,1742848853,19687.3114,Kafka
67e1c3c03224ef1ddaea8ca2,1742848786,86719.2081,1742848853,19719.2081,Kafka
67e1c3c03224ef1ddaea8ca3,1742848786,86750.2956,1742848853,19750.2956,Kafka
67e1c3c03224ef1ddaea8ca4,1742848786,86781.0086,1742848853,19781.0086,Kafka
67e1c3c03224ef1ddaea8ca5,1742848786,86783.1282,1742848853,19783.1282,Kafka
67e1c3c03224ef1ddaea8ca6,1742848786,86784.5814,1742848853,19784.5814,Kafka
67e1c3c03224ef1ddaea8ca7,1742848786,86812.045,1742848853,19812.045,Kafka
67e1c3c03224ef1ddaea8ca8,1742848786,86842.7287,1742848853,19842.7287,Kafka
67e1c3c03224ef1ddaea8ca9,1742848786,86874.4118,1742848853,19874.4118,Kafka
67e1c3c03224ef1ddaea8caa,1742848786,86904.2926,1742848853,19904.2926,Kafka
67e1c3c03224ef1ddaea8cab,1742848786,86936.1448,1742848853,19936.1448,Kafka
67e1c3c03224ef1ddaea8cac,1742848786,86967.1886,1742848853,19967.1886,Kafka
67e1c3c03224ef1ddaea8cad,1742848786,86998.177,1742848853,19998.177,Kafka
67e1c3c03224ef1ddaea8cae,1742848786,87000.1818,1742848853,20000.1818,Kafka
67e1c3c03224ef1ddaea8caf,1742848786,87001.5959,1742848853,20001.5959,Kafka
67e1c3c03224ef1ddaea8cb0,1742848786,87002.9969,1742848853,20002.9969,Kafka
67e1c3c03224ef1ddaea8cb1,1742848786,87004.3665,1742848853,20004.3665,Kafka
67e1c3c03224ef1ddaea8cb2,1742848786,87028.4102,1742848853,20028.4102,Kafka
67e1c3c03224ef1ddaea8cb3,1742848786,87060.3379,1742848853,20060.3379,Kafka
67e1c3c03224ef1ddaea8cb4,1742848786,87091.231,1742848853,20091.231,Kafka
67e1c3c03224ef1ddaea8cb5,1742848786,87152.3483,1742848853,20152.3483,Kafka
67e1c3bf3224ef1ddaea8c35,1742848786,83962.1096,1742848852,17962.1096,Kafka
67e1c3bf3224ef1ddaea8c36,1742848786,83991.8049,1742848852,17991.8049,Kafka
67e1c3bf3224ef1ddaea8c37,1742848786,84021.7811,1742848852,18021.7811,Kafka
67e1c3bf3224ef1ddaea8c38,1742848786,84023.9681,1742848852,18023.9681,Kafka
67e1c3bf3224ef1ddaea8c39,1742848786,84025.4054,1742848852,18025.4054,Kafka
67e1c3bf3224ef1ddaea8c3a,1742848786,84052.783,1742848852,18052.783,Kafka
67e1c3bf3224ef1ddaea8c3b,1742848786,84084.8528,1742848852,18084.8528,Kafka
67e1c3bf3224ef1ddaea8c3c,1742848786,84116.6922,1742848852,18116.6922,Kafka
67e1c3bf3224ef1ddaea8c3d,1742848786,84119.114,1742848852,18119.114,Kafka
67e1c3bf3224ef1ddaea8c3e,1742848786,84176.826,1742848852,18176.826,Kafka
67e1c3bf3224ef1ddaea8c3f,1742848786,84209.2953,1742848852,18209.2953,Kafka
67e1c3bf3224ef1ddaea8c40,1742848786,84269.8363,1742848852,18269.8363,Kafka
67e1c3bf3224ef1ddaea8c41,1742848786,84301.6446,1742848852,18301.6446,Kafka
67e1c3bf3224ef1ddaea8c42,1742848786,84303.958,1742848852,18303.958,Kafka
67e1c3bf3224ef1ddaea8c43,1742848786,84332.8401,1742848852,18332.8401,Kafka
67e1c3bf3224ef1ddaea8c44,1742848786,84393.9518,1742848852,18393.9518,Kafka
67e1c3bf3224ef1ddaea8c45,1742848786,84395.4811,1742848852,18395.4811,Kafka
67e1c3bf3224ef1ddaea8c46,1742848786,84397.2136,1742848852,18397.2136,Kafka
67e1c3bf3224ef1ddaea8c47,1742848786,84398.7319,1742848852,18398.7319,Kafka
67e1c3bf3224ef1ddaea8c48,1742848786,84400.4229,1742848852,18400.4229,Kafka
67e1c3bf3224ef1ddaea8c49,1742848786,84456.2547,1742848852,18456.2547,Kafka
67e1c3bf3224ef1ddaea8c4a,1742848786,84459.31,1742848852,18459.31,Kafka
67e1c3bf3224ef1ddaea8c4b,1742848786,84488.5303,1742848852,18488.5303,Kafka
67e1c3bf3224ef1ddaea8c4c,1742848786,84490.5974,1742848852,18490.5974,Kafka
67e1c3bf3224ef1ddaea8c4d,1742848786,84518.8037,1742848852,18518.8037,Kafka
67e1c3bf3224ef1ddaea8c4e,1742848786,84549.9347,1742848852,18549.9347,Kafka
67e1c3bf3224ef1ddaea8c4f,1742848786,84610.8567,1742848852,18610.8567,Kafka
67e1c3bf3224ef1ddaea8c50,1742848786,84612.9729,1742848852,18612.9729,Kafka
67e1c3bf3224ef1ddaea8c51,1742848786,84642.7227,1742848852,18642.7227,Kafka
67e1c3bf3224ef1ddaea8c52,1742848786,84644.7566,1742848852,18644.7566,Kafka
67e1c3bf3224ef1ddaea8c53,1742848786,84703.9219,1742848852,18703.9219,Kafka
67e1c3bf3224ef1ddaea8c54,1742848786,84735.6565,1742848852,18735.6565,Kafka
67e1c3bf3224ef1ddaea8c55,1742848786,84797.0287,1742848852,18797.0287,Kafka
67e1c3bf3224ef1ddaea8c56,1742848786,84799.2469,1742848852,18799.2469,Kafka
67e1c3bf3224ef1ddaea8c57,1742848786,84828.7686,1742848852,18828.7686,Kafka
67e1c3bf3224ef1ddaea8c58,1742848786,84863.6873,1742848852,18863.6873,Kafka
67e1c3bf3224ef1ddaea8c59,1742848786,84890.8144,1742848852,18890.8144,Kafka
67e1c3bf3224ef1ddaea8c5a,1742848786,84922.2381,1742848852,18922.2381,Kafka
67e1c3bf3224ef1ddaea8c5b,1742848786,84952.7823,1742848852,18952.7823,Kafka
67e1c3bf3224ef1ddaea8c5c,1742848786,84954.6563,1742848852,18954.6563,Kafka
67e1c3bf3224ef1ddaea8c5d,1742848786,84983.7601,1742848852,18983.7601,Kafka
67e1c3bf3224ef1ddaea8c5e,1742848786,85015.0401,1742848852,19015.0401,Kafka
67e1c3bf3224ef1ddaea8c5f,1742848786,85016.9761,1742848852,19016.9761,Kafka
67e1c3bf3224ef1ddaea8c60,1742848786,85044.8925,1742848852,19044.8925,Kafka
67e1c3bf3224ef1ddaea8c61,1742848786,85046.6026,1742848852,19046.6026,Kafka
67e1c3bf3224ef1ddaea8c62,1742848786,85048.7866,1742848852,19048.7866,Kafka
67e1c3bf3224ef1ddaea8c63,1742848786,85076.8225,1742848852,19076.8225,Kafka
67e1c3bf3224ef1ddaea8c64,1742848786,85108.1982,1742848852,19108.1982,Kafka
67e1c3bf3224ef1ddaea8c65,1742848786,85140.5001,1742848852,19140.5001,Kafka
67e1c3bf3224ef1ddaea8c66,1742848786,85142.3711,1742848852,19142.3711,Kafka
67e1c3bf3224ef1ddaea8c67,1742848786,85200.1899,1742848852,19200.1899,Kafka
67e1c3bf3224ef1ddaea8c68,1742848786,85202.7176,1742848852,19202.7176,Kafka
67e1c3bf3224ef1ddaea8c69,1742848786,85230.8994,1742848852,19230.8994,Kafka
67e1c3bf3224ef1ddaea8c6a,1742848786,85232.9427,1742848852,19232.9427,Kafka
67e1c3bf3224ef1ddaea8c6b,1742848786,85292.7276,1742848852,19292.7276,Kafka
67e1c3bf3224ef1ddaea8c6c,1742848786,85354.6187,1742848852,19354.6187,Kafka
67e1c3bf3224ef1ddaea8c6d,1742848786,85385.632,1742848852,19385.632,Kafka
67e1c3bf3224ef1ddaea8c6e,1742848786,85388.0333,1742848852,19388.0333,Kafka
67e1c3bf3224ef1ddaea8c6f,1742848786,85389.6443,1742848852,19389.6443,Kafka
67e1c3bf3224ef1ddaea8c70,1742848786,85447.5151,1742848852,19447.5151,Kafka
67e1c3bf3224ef1ddaea8c71,1742848786,85449.9345,1742848852,19449.9345,Kafka
67e1c3bf3224ef1ddaea8c72,1742848786,85451.533,1742848852,19451.533,Kafka
67e1c3bf3224ef1ddaea8c73,1742848786,85478.6194,1742848852,19478.6194,Kafka
67e1c3bf3224ef1ddaea8c74,1742848786,85510.888,1742848852,19510.888,Kafka
67e1c3bf3224ef1ddaea8bf4,1742848786,82691.7294,1742848851,17691.7294,Kafka
67e1c3bf3224ef1ddaea8bf5,1742848786,82693.2607,1742848851,17693.2607,Kafka
67e1c3bf3224ef1ddaea8bf6,1742848786,82720.7072,1742848851,17720.7072,Kafka
67e1c3bf3224ef1ddaea8bf7,1742848786,82752.0412,1742848851,17752.0412,Kafka
67e1c3bf3224ef1ddaea8bf8,1742848786,82781.7077,1742848851,17781.7077,Kafka
67e1c3bf3224ef1ddaea8bf9,1742848786,82843.6651,1742848851,17843.6651,Kafka
67e1c3bf3224ef1ddaea8bfa,1742848786,82875.691,1742848851,17875.691,Kafka
67e1c3bf3224ef1ddaea8bfb,1742848786,82877.7963,1742848851,17877.7963,Kafka
67e1c3bf3224ef1ddaea8bfc,1742848786,82906.4859,1742848851,17906.4859,Kafka
67e1c3bf3224ef1ddaea8bfd,1742848786,82937.6615,1742848851,17937.6615,Kafka
67e1c3bf3224ef1ddaea8bfe,1742848786,82939.7853,1742848851,17939.7853,Kafka
67e1c3bf3224ef1ddaea8bff,1742848786,82941.2806,1742848851,17941.2806,Kafka
67e1c3bf3224ef1ddaea8c00,1742848786,82942.8924,1742848851,17942.8924,Kafka
67e1c3bf3224ef1ddaea8c01,1742848786,82967.599,1742848851,17967.599,Kafka
67e1c3bf3224ef1ddaea8c02,1742848786,82969.2168,1742848851,17969.2168,Kafka
67e1c3bf3224ef1ddaea8c03,1742848786,83029.7501,1742848851,18029.7501,Kafka
67e1c3bf3224ef1ddaea8c04,1742848786,83060.7518,1742848851,18060.7518,Kafka
67e1c3bf3224ef1ddaea8c05,1742848786,83093.1063,1742848851,18093.1063,Kafka
67e1c3bf3224ef1ddaea8c06,1742848786,83126.4552,1742848851,18126.4552,Kafka
67e1c3bf3224ef1ddaea8c07,1742848786,83128.0172,1742848851,18128.0172,Kafka
67e1c3bf3224ef1ddaea8c08,1742848786,83184.6596,1742848851,18184.6596,Kafka
67e1c3bf3224ef1ddaea8c09,1742848786,83186.5097,1742848851,18186.5097,Kafka
67e1c3bf3224ef1ddaea8c0a,1742848786,83215.6437,1742848851,18215.6437,Kafka
67e1c3bf3224ef1ddaea8c0b,1742848786,83247.6375,1742848851,18247.6375,Kafka
67e1c3bf3224ef1ddaea8c0c,1742848786,83278.5938,1742848851,18278.5938,Kafka
67e1c3bf3224ef1ddaea8c0d,1742848786,83280.1911,1742848851,18280.1911,Kafka
67e1c3bf3224ef1ddaea8c0e,1742848786,83281.8694,1742848851,18281.8694,Kafka
67e1c3bf3224ef1ddaea8c0f,1742848786,83283.4961,1742848851,18283.4961,Kafka
67e1c3bf3224ef1ddaea8c10,1742848786,83284.9497,1742848851,18284.9497,Kafka
67e1c3bf3224ef1ddaea8c11,1742848786,83308.6899,1742848851,18308.6899,Kafka
67e1c3bf3224ef1ddaea8c12,1742848786,83340.7683,1742848851,18340.7683,Kafka
67e1c3bf3224ef1ddaea8c13,1742848786,83343.0956,1742848851,18343.0956,Kafka
67e1c3bf3224ef1ddaea8c14,1742848786,83344.6103,1742848851,18344.6103,Kafka
67e1c3bf3224ef1ddaea8c15,1742848786,83371.5632,1742848851,18371.5632,Kafka
67e1c3bf3224ef1ddaea8c16,1742848786,83401.7863,1742848851,18401.7863,Kafka
67e1c3bf3224ef1ddaea8c17,1742848786,83464.0908,1742848851,18464.0908,Kafka
67e1c3bf3224ef1ddaea8c18,1742848786,83465.7875,1742848851,18465.7875,Kafka
67e1c3bf3224ef1ddaea8c19,1742848786,83525.8181,1742848851,18525.8181,Kafka
67e1c3bf3224ef1ddaea8c1a,1742848786,83557.5284,1742848851,18557.5284,Kafka
67e1c3bf3224ef1ddaea8c1b,1742848786,83593.4017,1742848851,18593.4017,Kafka
67e1c3bf3224ef1ddaea8c1c,1742848786,83596.1459,1742848851,18596.1459,Kafka
67e1c3bf3224ef1ddaea8c1d,1742848786,83620.0476,1742848851,18620.0476,Kafka
67e1c3bf3224ef1ddaea8c1e,1742848786,83622.5374,1742848851,18622.5374,Kafka
67e1c3bf3224ef1ddaea8c1f,1742848786,83624.1669,1742848851,18624.1669,Kafka
67e1c3bf3224ef1ddaea8c20,1742848786,83680.6914,1742848851,18680.6914,Kafka
67e1c3bf3224ef1ddaea8c21,1742848786,83712.6791,1742848851,18712.6791,Kafka
67e1c3bf3224ef1ddaea8c22,1742848786,83714.6253,1742848851,18714.6253,Kafka
67e1c3bf3224ef1ddaea8c23,1742848786,83716.0474,1742848851,18716.0474,Kafka
67e1c3bf3224ef1ddaea8c24,1742848786,83717.452,1742848851,18717.452,Kafka
67e1c3bf3224ef1ddaea8c25,1742848786,83718.8983,1742848851,18718.8983,Kafka
67e1c3bf3224ef1ddaea8c26,1742848786,83720.2951,1742848851,18720.2951,Kafka
67e1c3bf3224ef1ddaea8c27,1742848786,83742.8057,1742848851,18742.8057,Kafka
67e1c3bf3224ef1ddaea8c28,1742848786,83744.9784,1742848851,18744.9784,Kafka
67e1c3bf3224ef1ddaea8c29,1742848786,83746.5335,1742848851,18746.5335,Kafka
67e1c3bf3224ef1ddaea8c2a,1742848786,83748.02,1742848851,18748.02,Kafka
67e1c3bf3224ef1ddaea8c2b,1742848786,83773.748,1742848851,18773.748,Kafka
67e1c3bf3224ef1ddaea8c2c,1742848786,83776.0851,1742848851,18776.0851,Kafka
67e1c3bf3224ef1ddaea8c2d,1742848786,83777.6765,1742848851,18777.6765,Kafka
67e1c3bf3224ef1ddaea8c2e,1742848786,83804.8596,1742848851,18804.8596,Kafka
67e1c3bf3224ef1ddaea8c2f,1742848786,83836.7292,1742848851,18836.7292,Kafka
67e1c3bf3224ef1ddaea8c30,1742848786,83838.8003,1742848851,18838.8003,Kafka
67e1c3bf3224ef1ddaea8c31,1742848786,83866.7786,1742848851,18866.7786,Kafka
67e1c3bf3224ef1ddaea8c32,1742848786,83868.8611,1742848851,18868.8611,Kafka
67e1c3bf3224ef1ddaea8c33,1742848786,83897.7217,1742848851,18897.7217,Kafka
67e1c3bf3224ef1ddaea8c34,1742848786,83959.8551,1742848851,18959.8551,Kafka
67e1c3bf3224ef1ddaea8bf3,1742848786,82689.8149,1742848850,18689.8149,Kafka
67e1c3bf3224ef1ddaea8bb4,1742848786,81138.2807,1742848850,17138.2807,Kafka
67e1c3bf3224ef1ddaea8bb5,1742848786,81200.2227,1742848850,17200.2227,Kafka
67e1c3bf3224ef1ddaea8bb6,1742848786,81232.1169,1742848850,17232.1169,Kafka
67e1c3bf3224ef1ddaea8bb7,1742848786,81262.2038,1742848850,17262.2038,Kafka
67e1c3bf3224ef1ddaea8bb8,1742848786,81264.5112,1742848850,17264.5112,Kafka
67e1c3bf3224ef1ddaea8bb9,1742848786,81294.3879,1742848850,17294.3879,Kafka
67e1c3bf3224ef1ddaea8bba,1742848786,81324.2495,1742848850,17324.2495,Kafka
67e1c3bf3224ef1ddaea8bbb,1742848786,81355.1845,1742848850,17355.1845,Kafka
67e1c3bf3224ef1ddaea8bbc,1742848786,81417.2134,1742848850,17417.2134,Kafka
67e1c3bf3224ef1ddaea8bbd,1742848786,81449.3212,1742848850,17449.3212,Kafka
67e1c3bf3224ef1ddaea8bbe,1742848786,81479.2793,1742848850,17479.2793,Kafka
67e1c3bf3224ef1ddaea8bbf,1742848786,81541.7152,1742848850,17541.7152,Kafka
67e1c3bf3224ef1ddaea8bc0,1742848786,81543.8997,1742848850,17543.8997,Kafka
67e1c3bf3224ef1ddaea8bc1,1742848786,81572.2667,1742848850,17572.2667,Kafka
67e1c3bf3224ef1ddaea8bc2,1742848786,81603.2946,1742848850,17603.2946,Kafka
67e1c3bf3224ef1ddaea8bc3,1742848786,81605.4807,1742848850,17605.4807,Kafka
67e1c3bf3224ef1ddaea8bc4,1742848786,81635.3446,1742848850,17635.3446,Kafka
67e1c3bf3224ef1ddaea8bc5,1742848786,81637.2912,1742848850,17637.2912,Kafka
67e1c3bf3224ef1ddaea8bc6,1742848786,81666.231,1742848850,17666.231,Kafka
67e1c3bf3224ef1ddaea8bc7,1742848786,81668.2753,1742848850,17668.2753,Kafka
67e1c3bf3224ef1ddaea8bc8,1742848786,81696.3084,1742848850,17696.3084,Kafka
67e1c3bf3224ef1ddaea8bc9,1742848786,81728.3733,1742848850,17728.3733,Kafka
67e1c3bf3224ef1ddaea8bca,1742848786,81730.3555,1742848850,17730.3555,Kafka
67e1c3bf3224ef1ddaea8bcb,1742848786,81789.3364,1742848850,17789.3364,Kafka
67e1c3bf3224ef1ddaea8bcc,1742848786,81791.5663,1742848850,17791.5663,Kafka
67e1c3bf3224ef1ddaea8bcd,1742848786,81821.2618,1742848850,17821.2618,Kafka
67e1c3bf3224ef1ddaea8bce,1742848786,81882.3957,1742848850,17882.3957,Kafka
67e1c3bf3224ef1ddaea8bcf,1742848786,81884.511,1742848850,17884.511,Kafka
67e1c3bf3224ef1ddaea8bd0,1742848786,81886.0282,1742848850,17886.0282,Kafka
67e1c3bf3224ef1ddaea8bd1,1742848786,81887.3744,1742848850,17887.3744,Kafka
67e1c3bf3224ef1ddaea8bd2,1742848786,81944.4421,1742848850,17944.4421,Kafka
67e1c3bf3224ef1ddaea8bd3,1742848786,81947.7598,1742848850,17947.7598,Kafka
67e1c3bf3224ef1ddaea8bd4,1742848786,81949.4547,1742848850,17949.4547,Kafka
67e1c3bf3224ef1ddaea8bd5,1742848786,81952.7731,1742848850,17952.7731,Kafka
67e1c3bf3224ef1ddaea8bd6,1742848786,82006.5067,1742848850,18006.5067,Kafka
67e1c3bf3224ef1ddaea8bd7,1742848786,82008.3792,1742848850,18008.3792,Kafka
67e1c3bf3224ef1ddaea8bd8,1742848786,82068.5305,1742848850,18068.5305,Kafka
67e1c3bf3224ef1ddaea8bd9,1742848786,82070.9684,1742848850,18070.9684,Kafka
67e1c3bf3224ef1ddaea8bda,1742848786,82100.3915,1742848850,18100.3915,Kafka
67e1c3bf3224ef1ddaea8bdb,1742848786,82130.5011,1742848850,18130.5011,Kafka
67e1c3bf3224ef1ddaea8bdc,1742848786,82132.7257,1742848850,18132.7257,Kafka
67e1c3bf3224ef1ddaea8bdd,1742848786,82134.3966,1742848850,18134.3966,Kafka
67e1c3bf3224ef1ddaea8bde,1742848786,82135.8688,1742848850,18135.8688,Kafka
67e1c3bf3224ef1ddaea8bdf,1742848786,82192.45,1742848850,18192.45,Kafka
67e1c3bf3224ef1ddaea8be0,1742848786,82224.4549,1742848850,18224.4549,Kafka
67e1c3bf3224ef1ddaea8be1,1742848786,82226.554,1742848850,18226.554,Kafka
67e1c3bf3224ef1ddaea8be2,1742848786,82286.2346,1742848850,18286.2346,Kafka
67e1c3bf3224ef1ddaea8be3,1742848786,82317.4381,1742848850,18317.4381,Kafka
67e1c3bf3224ef1ddaea8be4,1742848786,82319.6136,1742848850,18319.6136,Kafka
67e1c3bf3224ef1ddaea8be5,1742848786,82379.0432,1742848850,18379.0432,Kafka
67e1c3bf3224ef1ddaea8be6,1742848786,82381.6474,1742848850,18381.6474,Kafka
67e1c3bf3224ef1ddaea8be7,1742848786,82383.2557,1742848850,18383.2557,Kafka
67e1c3bf3224ef1ddaea8be8,1742848786,82440.7706,1742848850,18440.7706,Kafka
67e1c3bf3224ef1ddaea8be9,1742848786,82443.5569,1742848850,18443.5569,Kafka
67e1c3bf3224ef1ddaea8bea,1742848786,82444.9384,1742848850,18444.9384,Kafka
67e1c3bf3224ef1ddaea8beb,1742848786,82472.673,1742848850,18472.673,Kafka
67e1c3bf3224ef1ddaea8bec,1742848786,82475.3238,1742848850,18475.3238,Kafka
67e1c3bf3224ef1ddaea8bed,1742848786,82503.4416,1742848850,18503.4416,Kafka
67e1c3bf3224ef1ddaea8bee,1742848786,82506.1847,1742848850,18506.1847,Kafka
67e1c3bf3224ef1ddaea8bef,1742848786,82538.3197,1742848850,18538.3197,Kafka
67e1c3bf3224ef1ddaea8bf0,1742848786,82564.5786,1742848850,18564.5786,Kafka
67e1c3bf3224ef1ddaea8bf1,1742848786,82626.6412,1742848850,18626.6412,Kafka
67e1c3bf3224ef1ddaea8bf2,1742848786,82658.6689,1742848850,18658.6689,Kafka
67e1c3bf3224ef1ddaea8b75,1742848786,79774.3635,1742848849,16774.3635,Kafka
67e1c3bf3224ef1ddaea8b76,1742848786,79777.7665,1742848849,16777.7665,Kafka
67e1c3bf3224ef1ddaea8b77,1742848786,79779.5361,1742848849,16779.5361,Kafka
67e1c3bf3224ef1ddaea8b78,1742848786,79836.0122,1742848849,16836.0122,Kafka
67e1c3bf3224ef1ddaea8b79,1742848786,79866.904,1742848849,16866.904,Kafka
67e1c3bf3224ef1ddaea8b7a,1742848786,79898.929,1742848849,16898.929,Kafka
67e1c3bf3224ef1ddaea8b7b,1742848786,79959.9579,1742848849,16959.9579,Kafka
67e1c3bf3224ef1ddaea8b7c,1742848786,80021.981,1742848849,17021.981,Kafka
67e1c3bf3224ef1ddaea8b7d,1742848786,80024.1288,1742848849,17024.1288,Kafka
67e1c3bf3224ef1ddaea8b7e,1742848786,80025.5332,1742848849,17025.5332,Kafka
67e1c3bf3224ef1ddaea8b7f,1742848786,80026.8844,1742848849,17026.8844,Kafka
67e1c3bf3224ef1ddaea8b80,1742848786,80052.9696,1742848849,17052.9696,Kafka
67e1c3bf3224ef1ddaea8b81,1742848786,80115.0195,1742848849,17115.0195,Kafka
67e1c3bf3224ef1ddaea8b82,1742848786,80117.1921,1742848849,17117.1921,Kafka
67e1c3bf3224ef1ddaea8b83,1742848786,80118.9532,1742848849,17118.9532,Kafka
67e1c3bf3224ef1ddaea8b84,1742848786,80145.9771,1742848849,17145.9771,Kafka
67e1c3bf3224ef1ddaea8b85,1742848786,80178.0549,1742848849,17178.0549,Kafka
67e1c3bf3224ef1ddaea8b86,1742848786,80208.0375,1742848849,17208.0375,Kafka
67e1c3bf3224ef1ddaea8b87,1742848786,80210.2898,1742848849,17210.2898,Kafka
67e1c3bf3224ef1ddaea8b88,1742848786,80211.9353,1742848849,17211.9353,Kafka
67e1c3bf3224ef1ddaea8b89,1742848786,80238.9781,1742848849,17238.9781,Kafka
67e1c3bf3224ef1ddaea8b8a,1742848786,80269.9866,1742848849,17269.9866,Kafka
67e1c3bf3224ef1ddaea8b8b,1742848786,80302.0917,1742848849,17302.0917,Kafka
67e1c3bf3224ef1ddaea8b8c,1742848786,80304.1198,1742848849,17304.1198,Kafka
67e1c3bf3224ef1ddaea8b8d,1742848786,80305.563,1742848849,17305.563,Kafka
67e1c3bf3224ef1ddaea8b8e,1742848786,80306.9702,1742848849,17306.9702,Kafka
67e1c3bf3224ef1ddaea8b8f,1742848786,80308.3856,1742848849,17308.3856,Kafka
67e1c3bf3224ef1ddaea8b90,1742848786,80309.8009,1742848849,17309.8009,Kafka
67e1c3bf3224ef1ddaea8b91,1742848786,80363.1203,1742848849,17363.1203,Kafka
67e1c3bf3224ef1ddaea8b92,1742848786,80365.4739,1742848849,17365.4739,Kafka
67e1c3bf3224ef1ddaea8b93,1742848786,80366.8769,1742848849,17366.8769,Kafka
67e1c3bf3224ef1ddaea8b94,1742848786,80368.903,1742848849,17368.903,Kafka
67e1c3bf3224ef1ddaea8b95,1742848786,80395.081,1742848849,17395.081,Kafka
67e1c3bf3224ef1ddaea8b96,1742848786,80397.1686,1742848849,17397.1686,Kafka
67e1c3bf3224ef1ddaea8b97,1742848786,80425.0181,1742848849,17425.0181,Kafka
67e1c3bf3224ef1ddaea8b98,1742848786,80427.5879,1742848849,17427.5879,Kafka
67e1c3bf3224ef1ddaea8b99,1742848786,80486.9862,1742848849,17486.9862,Kafka
67e1c3bf3224ef1ddaea8b9a,1742848786,80549.2424,1742848849,17549.2424,Kafka
67e1c3bf3224ef1ddaea8b9b,1742848786,80580.9373,1742848849,17580.9373,Kafka
67e1c3bf3224ef1ddaea8b9c,1742848786,80611.0449,1742848849,17611.0449,Kafka
67e1c3bf3224ef1ddaea8b9d,1742848786,80642.9249,1742848849,17642.9249,Kafka
67e1c3bf3224ef1ddaea8b9e,1742848786,80673.1216,1742848849,17673.1216,Kafka
67e1c3bf3224ef1ddaea8b9f,1742848786,80704.0345,1742848849,17704.0345,Kafka
67e1c3bf3224ef1ddaea8ba0,1742848786,80735.8132,1742848849,17735.8132,Kafka
67e1c3bf3224ef1ddaea8ba1,1742848786,80737.7958,1742848849,17737.7958,Kafka
67e1c3bf3224ef1ddaea8ba2,1742848786,80739.2071,1742848849,17739.2071,Kafka
67e1c3bf3224ef1ddaea8ba3,1742848786,80765.9989,1742848849,17765.9989,Kafka
67e1c3bf3224ef1ddaea8ba4,1742848786,80768.0358,1742848849,17768.0358,Kafka
67e1c3bf3224ef1ddaea8ba5,1742848786,80769.5628,1742848849,17769.5628,Kafka
67e1c3bf3224ef1ddaea8ba6,1742848786,80797.9812,1742848849,17797.9812,Kafka
67e1c3bf3224ef1ddaea8ba7,1742848786,80799.9863,1742848849,17799.9863,Kafka
67e1c3bf3224ef1ddaea8ba8,1742848786,80801.4467,1742848849,17801.4467,Kafka
67e1c3bf3224ef1ddaea8ba9,1742848786,80828.0203,1742848849,17828.0203,Kafka
67e1c3bf3224ef1ddaea8baa,1742848786,80860.0023,1742848849,17860.0023,Kafka
67e1c3bf3224ef1ddaea8bab,1742848786,80890.9735,1742848849,17890.9735,Kafka
67e1c3bf3224ef1ddaea8bac,1742848786,80921.0558,1742848849,17921.0558,Kafka
67e1c3bf3224ef1ddaea8bad,1742848786,80983.1069,1742848849,17983.1069,Kafka
67e1c3bf3224ef1ddaea8bae,1742848786,80985.2045,1742848849,17985.2045,Kafka
67e1c3bf3224ef1ddaea8baf,1742848786,80986.9207,1742848849,17986.9207,Kafka
67e1c3bf3224ef1ddaea8bb0,1742848786,80988.5681,1742848849,17988.5681,Kafka
67e1c3bf3224ef1ddaea8bb1,1742848786,80990.1017,1742848849,17990.1017,Kafka
67e1c3bf3224ef1ddaea8bb2,1742848786,81045.2642,1742848849,18045.2642,Kafka
67e1c3bf3224ef1ddaea8bb3,1742848786,81107.32,1742848849,18107.32,Kafka
67e1c3bf3224ef1ddaea8b37,1742848786,78355.5,1742848848,16355.5,Kafka
67e1c3bf3224ef1ddaea8b38,1742848786,78356.8529,1742848848,16356.8529,Kafka
67e1c3bf3224ef1ddaea8b39,1742848786,78358.2063,1742848848,16358.2063,Kafka
67e1c3bf3224ef1ddaea8b3a,1742848786,78410.4684,1742848848,16410.4684,Kafka
67e1c3bf3224ef1ddaea8b3b,1742848786,78413.1883,1742848848,16413.1883,Kafka
67e1c3bf3224ef1ddaea8b3c,1742848786,78441.3894,1742848848,16441.3894,Kafka
67e1c3bf3224ef1ddaea8b3d,1742848786,78503.5121,1742848848,16503.5121,Kafka
67e1c3bf3224ef1ddaea8b3e,1742848786,78505.7377,1742848848,16505.7377,Kafka
67e1c3bf3224ef1ddaea8b3f,1742848786,78535.981,1742848848,16535.981,Kafka
67e1c3bf3224ef1ddaea8b40,1742848786,78538.5303,1742848848,16538.5303,Kafka
67e1c3bf3224ef1ddaea8b41,1742848786,78540.2209,1742848848,16540.2209,Kafka
67e1c3bf3224ef1ddaea8b42,1742848786,78542.1702,1742848848,16542.1702,Kafka
67e1c3bf3224ef1ddaea8b43,1742848786,78543.7631,1742848848,16543.7631,Kafka
67e1c3bf3224ef1ddaea8b44,1742848786,78566.2773,1742848848,16566.2773,Kafka
67e1c3bf3224ef1ddaea8b45,1742848786,78568.5921,1742848848,16568.5921,Kafka
67e1c3bf3224ef1ddaea8b46,1742848786,78597.4025,1742848848,16597.4025,Kafka
67e1c3bf3224ef1ddaea8b47,1742848786,78627.5176,1742848848,16627.5176,Kafka
67e1c3bf3224ef1ddaea8b48,1742848786,78658.5371,1742848848,16658.5371,Kafka
67e1c3bf3224ef1ddaea8b49,1742848786,78661.0435,1742848848,16661.0435,Kafka
67e1c3bf3224ef1ddaea8b4a,1742848786,78690.3787,1742848848,16690.3787,Kafka
67e1c3bf3224ef1ddaea8b4b,1742848786,78751.4206,1742848848,16751.4206,Kafka
67e1c3bf3224ef1ddaea8b4c,1742848786,78782.4551,1742848848,16782.4551,Kafka
67e1c3bf3224ef1ddaea8b4d,1742848786,78813.3829,1742848848,16813.3829,Kafka
67e1c3bf3224ef1ddaea8b4e,1742848786,78815.2381,1742848848,16815.2381,Kafka
67e1c3bf3224ef1ddaea8b4f,1742848786,78816.663,1742848848,16816.663,Kafka
67e1c3bf3224ef1ddaea8b50,1742848786,78875.5799,1742848848,16875.5799,Kafka
67e1c3bf3224ef1ddaea8b51,1742848786,78877.6357,1742848848,16877.6357,Kafka
67e1c3bf3224ef1ddaea8b52,1742848786,78907.1665,1742848848,16907.1665,Kafka
67e1c3bf3224ef1ddaea8b53,1742848786,78968.4797,1742848848,16968.4797,Kafka
67e1c3bf3224ef1ddaea8b54,1742848786,78970.818,1742848848,16970.818,Kafka
67e1c3bf3224ef1ddaea8b55,1742848786,78999.4883,1742848848,16999.4883,Kafka
67e1c3bf3224ef1ddaea8b56,1742848786,79030.3375,1742848848,17030.3375,Kafka
67e1c3bf3224ef1ddaea8b57,1742848786,79063.2591,1742848848,17063.2591,Kafka
67e1c3bf3224ef1ddaea8b58,1742848786,79094.8875,1742848848,17094.8875,Kafka
67e1c3bf3224ef1ddaea8b59,1742848786,79097.5648,1742848848,17097.5648,Kafka
67e1c3bf3224ef1ddaea8b5a,1742848786,79099.1468,1742848848,17099.1468,Kafka
67e1c3bf3224ef1ddaea8b5b,1742848786,79124.603,1742848848,17124.603,Kafka
67e1c3bf3224ef1ddaea8b5c,1742848786,79126.9915,1742848848,17126.9915,Kafka
67e1c3bf3224ef1ddaea8b5d,1742848786,79128.4003,1742848848,17128.4003,Kafka
67e1c3bf3224ef1ddaea8b5e,1742848786,79154.051,1742848848,17154.051,Kafka
67e1c3bf3224ef1ddaea8b5f,1742848786,79216.0501,1742848848,17216.0501,Kafka
67e1c3bf3224ef1ddaea8b60,1742848786,79218.5608,1742848848,17218.5608,Kafka
67e1c3bf3224ef1ddaea8b61,1742848786,79219.9716,1742848848,17219.9716,Kafka
67e1c3bf3224ef1ddaea8b62,1742848786,79247.4922,1742848848,17247.4922,Kafka
67e1c3bf3224ef1ddaea8b63,1742848786,79249.8712,1742848848,17249.8712,Kafka
67e1c3bf3224ef1ddaea8b64,1742848786,79309.0616,1742848848,17309.0616,Kafka
67e1c3bf3224ef1ddaea8b65,1742848786,79340.0725,1742848848,17340.0725,Kafka
67e1c3bf3224ef1ddaea8b66,1742848786,79342.5057,1742848848,17342.5057,Kafka
67e1c3bf3224ef1ddaea8b67,1742848786,79343.9935,1742848848,17343.9935,Kafka
67e1c3bf3224ef1ddaea8b68,1742848786,79372.3777,1742848848,17372.3777,Kafka
67e1c3bf3224ef1ddaea8b69,1742848786,79433.2536,1742848848,17433.2536,Kafka
67e1c3bf3224ef1ddaea8b6a,1742848786,79435.972,1742848848,17435.972,Kafka
67e1c3bf3224ef1ddaea8b6b,1742848786,79437.5155,1742848848,17437.5155,Kafka
67e1c3bf3224ef1ddaea8b6c,1742848786,79464.1409,1742848848,17464.1409,Kafka
67e1c3bf3224ef1ddaea8b6d,1742848786,79495.9804,1742848848,17495.9804,Kafka
67e1c3bf3224ef1ddaea8b6e,1742848786,79498.4482,1742848848,17498.4482,Kafka
67e1c3bf3224ef1ddaea8b6f,1742848786,79557.1304,1742848848,17557.1304,Kafka
67e1c3bf3224ef1ddaea8b70,1742848786,79619.1577,1742848848,17619.1577,Kafka
67e1c3bf3224ef1ddaea8b71,1742848786,79621.6318,1742848848,17621.6318,Kafka
67e1c3bf3224ef1ddaea8b72,1742848786,79651.2448,1742848848,17651.2448,Kafka
67e1c3bf3224ef1ddaea8b73,1742848786,79712.1327,1742848848,17712.1327,Kafka
67e1c3bf3224ef1ddaea8b74,1742848786,79744.2208,1742848848,17744.2208,Kafka
67e1c3bf3224ef1ddaea8af6,1742848786,77080.3017,1742848847,16080.3017,Kafka
67e1c3bf3224ef1ddaea8af7,1742848786,77107.9529,1742848847,16107.9529,Kafka
67e1c3bf3224ef1ddaea8af8,1742848786,77169.9798,1742848847,16169.9798,Kafka
67e1c3bf3224ef1ddaea8af9,1742848786,77232.1217,1742848847,16232.1217,Kafka
67e1c3bf3224ef1ddaea8afa,1742848786,77234.6484,1742848847,16234.6484,Kafka
67e1c3bf3224ef1ddaea8afb,1742848786,77263.9629,1742848847,16263.9629,Kafka
67e1c3bf3224ef1ddaea8afc,1742848786,77265.9814,1742848847,16265.9814,Kafka
67e1c3bf3224ef1ddaea8afd,1742848786,77267.3875,1742848847,16267.3875,Kafka
67e1c3bf3224ef1ddaea8afe,1742848786,77268.8483,1742848847,16268.8483,Kafka
67e1c3bf3224ef1ddaea8aff,1742848786,77294.0069,1742848847,16294.0069,Kafka
67e1c3bf3224ef1ddaea8b00,1742848786,77326.0122,1742848847,16326.0122,Kafka
67e1c3bf3224ef1ddaea8b01,1742848786,77356.8614,1742848847,16356.8614,Kafka
67e1c3bf3224ef1ddaea8b02,1742848786,77358.914,1742848847,16358.914,Kafka
67e1c3bf3224ef1ddaea8b03,1742848786,77360.3718,1742848847,16360.3718,Kafka
67e1c3bf3224ef1ddaea8b04,1742848786,77388.8408,1742848847,16388.8408,Kafka
67e1c3bf3224ef1ddaea8b05,1742848786,77393.8299,1742848847,16393.8299,Kafka
67e1c3bf3224ef1ddaea8b06,1742848786,77419.2128,1742848847,16419.2128,Kafka
67e1c3bf3224ef1ddaea8b07,1742848786,77480.1783,1742848847,16480.1783,Kafka
67e1c3bf3224ef1ddaea8b08,1742848786,77511.9869,1742848847,16511.9869,Kafka
67e1c3bf3224ef1ddaea8b09,1742848786,77573.4161,1742848847,16573.4161,Kafka
67e1c3bf3224ef1ddaea8b0a,1742848786,77575.5899,1742848847,16575.5899,Kafka
67e1c3bf3224ef1ddaea8b0b,1742848786,77605.782,1742848847,16605.782,Kafka
67e1c3bf3224ef1ddaea8b0c,1742848786,77635.2288,1742848847,16635.2288,Kafka
67e1c3bf3224ef1ddaea8b0d,1742848786,77667.1248,1742848847,16667.1248,Kafka
67e1c3bf3224ef1ddaea8b0e,1742848786,77669.2498,1742848847,16669.2498,Kafka
67e1c3bf3224ef1ddaea8b0f,1742848786,77698.3811,1742848847,16698.3811,Kafka
67e1c3bf3224ef1ddaea8b10,1742848786,77700.7187,1742848847,16700.7187,Kafka
67e1c3bf3224ef1ddaea8b11,1742848786,77728.155,1742848847,16728.155,Kafka
67e1c3bf3224ef1ddaea8b12,1742848786,77730.4279,1742848847,16730.4279,Kafka
67e1c3bf3224ef1ddaea8b13,1742848786,77790.226,1742848847,16790.226,Kafka
67e1c3bf3224ef1ddaea8b14,1742848786,77792.9969,1742848847,16792.9969,Kafka
67e1c3bf3224ef1ddaea8b15,1742848786,77852.5504,1742848847,16852.5504,Kafka
67e1c3bf3224ef1ddaea8b16,1742848786,77855.2556,1742848847,16855.2556,Kafka
67e1c3bf3224ef1ddaea8b17,1742848786,77914.3553,1742848847,16914.3553,Kafka
67e1c3bf3224ef1ddaea8b18,1742848786,77917.1129,1742848847,16917.1129,Kafka
67e1c3bf3224ef1ddaea8b19,1742848786,77945.3723,1742848847,16945.3723,Kafka
67e1c3bf3224ef1ddaea8b1a,1742848786,77947.6442,1742848847,16947.6442,Kafka
67e1c3bf3224ef1ddaea8b1b,1742848786,77949.0179,1742848847,16949.0179,Kafka
67e1c3bf3224ef1ddaea8b1c,1742848786,77950.349,1742848847,16950.349,Kafka
67e1c3bf3224ef1ddaea8b1d,1742848786,77976.3595,1742848847,16976.3595,Kafka
67e1c3bf3224ef1ddaea8b1e,1742848786,78007.3772,1742848847,17007.3772,Kafka
67e1c3bf3224ef1ddaea8b1f,1742848786,78040.7275,1742848847,17040.7275,Kafka
67e1c3bf3224ef1ddaea8b20,1742848786,78042.2076,1742848847,17042.2076,Kafka
67e1c3bf3224ef1ddaea8b21,1742848786,78100.3702,1742848847,17100.3702,Kafka
67e1c3bf3224ef1ddaea8b22,1742848786,78132.2899,1742848847,17132.2899,Kafka
67e1c3bf3224ef1ddaea8b23,1742848786,78134.4246,1742848847,17134.4246,Kafka
67e1c3bf3224ef1ddaea8b24,1742848786,78135.8197,1742848847,17135.8197,Kafka
67e1c3bf3224ef1ddaea8b25,1742848786,78137.2617,1742848847,17137.2617,Kafka
67e1c3bf3224ef1ddaea8b26,1742848786,78138.6786,1742848847,17138.6786,Kafka
67e1c3bf3224ef1ddaea8b27,1742848786,78140.066,1742848847,17140.066,Kafka
67e1c3bf3224ef1ddaea8b28,1742848786,78162.469,1742848847,17162.469,Kafka
67e1c3bf3224ef1ddaea8b29,1742848786,78224.3989,1742848847,17224.3989,Kafka
67e1c3bf3224ef1ddaea8b2a,1742848786,78226.9041,1742848847,17226.9041,Kafka
67e1c3bf3224ef1ddaea8b2b,1742848786,78228.4934,1742848847,17228.4934,Kafka
67e1c3bf3224ef1ddaea8b2c,1742848786,78229.8411,1742848847,17229.8411,Kafka
67e1c3bf3224ef1ddaea8b2d,1742848786,78231.3335,1742848847,17231.3335,Kafka
67e1c3bf3224ef1ddaea8b2e,1742848786,78232.7379,1742848847,17232.7379,Kafka
67e1c3bf3224ef1ddaea8b2f,1742848786,78256.3626,1742848847,17256.3626,Kafka
67e1c3bf3224ef1ddaea8b30,1742848786,78259.2566,1742848847,17259.2566,Kafka
67e1c3bf3224ef1ddaea8b31,1742848786,78287.7582,1742848847,17287.7582,Kafka
67e1c3bf3224ef1ddaea8b32,1742848786,78318.3898,1742848847,17318.3898,Kafka
67e1c3bf3224ef1ddaea8b33,1742848786,78349.2048,1742848847,17349.2048,Kafka
67e1c3bf3224ef1ddaea8b34,1742848786,78351.3934,1742848847,17351.3934,Kafka
67e1c3bf3224ef1ddaea8b35,1742848786,78352.7404,1742848847,17352.7404,Kafka
67e1c3bf3224ef1ddaea8b36,1742848786,78354.064,1742848847,17354.064,Kafka
67e1c3bf3224ef1ddaea8ab6,1742848786,75480.9214,1742848846,15480.9214,Kafka
67e1c3bf3224ef1ddaea8ab7,1742848786,75513.3573,1742848846,15513.3573,Kafka
67e1c3bf3224ef1ddaea8ab8,1742848786,75543.0106,1742848846,15543.0106,Kafka
67e1c3bf3224ef1ddaea8ab9,1742848786,75604.8346,1742848846,15604.8346,Kafka
67e1c3bf3224ef1ddaea8aba,1742848786,75666.877,1742848846,15666.877,Kafka
67e1c3bf3224ef1ddaea8abb,1742848786,75698.7786,1742848846,15698.7786,Kafka
67e1c3bf3224ef1ddaea8abc,1742848786,75701.1835,1742848846,15701.1835,Kafka
67e1c3bf3224ef1ddaea8abd,1742848786,75729.0016,1742848846,15729.0016,Kafka
67e1c3bf3224ef1ddaea8abe,1742848786,75759.9584,1742848846,15759.9584,Kafka
67e1c3bf3224ef1ddaea8abf,1742848786,75791.9279,1742848846,15791.9279,Kafka
67e1c3bf3224ef1ddaea8ac0,1742848786,75794.0379,1742848846,15794.0379,Kafka
67e1c3bf3224ef1ddaea8ac1,1742848786,75821.9173,1742848846,15821.9173,Kafka
67e1c3bf3224ef1ddaea8ac2,1742848786,75852.9718,1742848846,15852.9718,Kafka
67e1c3bf3224ef1ddaea8ac3,1742848786,75885.5896,1742848846,15885.5896,Kafka
67e1c3bf3224ef1ddaea8ac4,1742848786,75915.9632,1742848846,15915.9632,Kafka
67e1c3bf3224ef1ddaea8ac5,1742848786,75918.0373,1742848846,15918.0373,Kafka
67e1c3bf3224ef1ddaea8ac6,1742848786,75945.9425,1742848846,15945.9425,Kafka
67e1c3bf3224ef1ddaea8ac7,1742848786,75948.2345,1742848846,15948.2345,Kafka
67e1c3bf3224ef1ddaea8ac8,1742848786,75949.7845,1742848846,15949.7845,Kafka
67e1c3bf3224ef1ddaea8ac9,1742848786,76007.9762,1742848846,16007.9762,Kafka
67e1c3bf3224ef1ddaea8aca,1742848786,76039.817,1742848846,16039.817,Kafka
67e1c3bf3224ef1ddaea8acb,1742848786,76069.9106,1742848846,16069.9106,Kafka
67e1c3bf3224ef1ddaea8acc,1742848786,76072.4006,1742848846,16072.4006,Kafka
67e1c3bf3224ef1ddaea8acd,1742848786,76113.4576,1742848846,16113.4576,Kafka
67e1c3bf3224ef1ddaea8ace,1742848786,76177.863,1742848846,16177.863,Kafka
67e1c3bf3224ef1ddaea8acf,1742848786,76239.8503,1742848846,16239.8503,Kafka
67e1c3bf3224ef1ddaea8ad0,1742848786,76270.8978,1742848846,16270.8978,Kafka
67e1c3bf3224ef1ddaea8ad1,1742848786,76273.0919,1742848846,16273.0919,Kafka
67e1c3bf3224ef1ddaea8ad2,1742848786,76301.8572,1742848846,16301.8572,Kafka
67e1c3bf3224ef1ddaea8ad3,1742848786,76332.8999,1742848846,16332.8999,Kafka
67e1c3bf3224ef1ddaea8ad4,1742848786,76363.7677,1742848846,16363.7677,Kafka
67e1c3bf3224ef1ddaea8ad5,1742848786,76365.8123,1742848846,16365.8123,Kafka
67e1c3bf3224ef1ddaea8ad6,1742848786,76394.7598,1742848846,16394.7598,Kafka
67e1c3bf3224ef1ddaea8ad7,1742848786,76425.8838,1742848846,16425.8838,Kafka
67e1c3bf3224ef1ddaea8ad8,1742848786,76456.8335,1742848846,16456.8335,Kafka
67e1c3bf3224ef1ddaea8ad9,1742848786,76488.9216,1742848846,16488.9216,Kafka
67e1c3bf3224ef1ddaea8ada,1742848786,76549.8457,1742848846,16549.8457,Kafka
67e1c3bf3224ef1ddaea8adb,1742848786,76582.2069,1742848846,16582.2069,Kafka
67e1c3bf3224ef1ddaea8adc,1742848786,76584.4668,1742848846,16584.4668,Kafka
67e1c3bf3224ef1ddaea8add,1742848786,76585.8584,1742848846,16585.8584,Kafka
67e1c3bf3224ef1ddaea8ade,1742848786,76611.7476,1742848846,16611.7476,Kafka
67e1c3bf3224ef1ddaea8adf,1742848786,76644.5391,1742848846,16644.5391,Kafka
67e1c3bf3224ef1ddaea8ae0,1742848786,76673.8629,1742848846,16673.8629,Kafka
67e1c3bf3224ef1ddaea8ae1,1742848786,76704.9057,1742848846,16704.9057,Kafka
67e1c3bf3224ef1ddaea8ae2,1742848786,76707.1454,1742848846,16707.1454,Kafka
67e1c3bf3224ef1ddaea8ae3,1742848786,76708.6807,1742848846,16708.6807,Kafka
67e1c3bf3224ef1ddaea8ae4,1742848786,76766.9814,1742848846,16766.9814,Kafka
67e1c3bf3224ef1ddaea8ae5,1742848786,76769.3812,1742848846,16769.3812,Kafka
67e1c3bf3224ef1ddaea8ae6,1742848786,76798.9588,1742848846,16798.9588,Kafka
67e1c3bf3224ef1ddaea8ae7,1742848786,76828.9926,1742848846,16828.9926,Kafka
67e1c3bf3224ef1ddaea8ae8,1742848786,76831.5954,1742848846,16831.5954,Kafka
67e1c3bf3224ef1ddaea8ae9,1742848786,76833.5682,1742848846,16833.5682,Kafka
67e1c3bf3224ef1ddaea8aea,1742848786,76835.2819,1742848846,16835.2819,Kafka
67e1c3bf3224ef1ddaea8aeb,1742848786,76860.8312,1742848846,16860.8312,Kafka
67e1c3bf3224ef1ddaea8aec,1742848786,76891.9072,1742848846,16891.9072,Kafka
67e1c3bf3224ef1ddaea8aed,1742848786,76893.791,1742848846,16893.791,Kafka
67e1c3bf3224ef1ddaea8aee,1742848786,76921.9647,1742848846,16921.9647,Kafka
67e1c3bf3224ef1ddaea8aef,1742848786,76952.9582,1742848846,16952.9582,Kafka
67e1c3bf3224ef1ddaea8af0,1742848786,76955.2053,1742848846,16955.2053,Kafka
67e1c3bf3224ef1ddaea8af1,1742848786,76985.2141,1742848846,16985.2141,Kafka
67e1c3bf3224ef1ddaea8af2,1742848786,76987.4117,1742848846,16987.4117,Kafka
67e1c3bf3224ef1ddaea8af3,1742848786,77014.9663,1742848846,17014.9663,Kafka
67e1c3bf3224ef1ddaea8af4,1742848786,77045.9622,1742848846,17045.9622,Kafka
67e1c3bf3224ef1ddaea8af5,1742848786,77078.058,1742848846,17078.058,Kafka
67e1c3bf3224ef1ddaea8a75,1742848786,74259.465,1742848845,15259.465,Kafka
67e1c3bf3224ef1ddaea8a76,1742848786,74288.9911,1742848845,15288.9911,Kafka
67e1c3bf3224ef1ddaea8a77,1742848786,74290.9217,1742848845,15290.9217,Kafka
67e1c3bf3224ef1ddaea8a78,1742848786,74318.5808,1742848845,15318.5808,Kafka
67e1c3bf3224ef1ddaea8a79,1742848786,74349.5445,1742848845,15349.5445,Kafka
67e1c3bf3224ef1ddaea8a7a,1742848786,74351.6567,1742848845,15351.6567,Kafka
67e1c3bf3224ef1ddaea8a7b,1742848786,74380.5769,1742848845,15380.5769,Kafka
67e1c3bf3224ef1ddaea8a7c,1742848786,74383.4817,1742848845,15383.4817,Kafka
67e1c3bf3224ef1ddaea8a7d,1742848786,74412.5674,1742848845,15412.5674,Kafka
67e1c3bf3224ef1ddaea8a7e,1742848786,74414.6407,1742848845,15414.6407,Kafka
67e1c3bf3224ef1ddaea8a7f,1742848786,74443.726,1742848845,15443.726,Kafka
67e1c3bf3224ef1ddaea8a80,1742848786,74446.1582,1742848845,15446.1582,Kafka
67e1c3bf3224ef1ddaea8a81,1742848786,74447.6587,1742848845,15447.6587,Kafka
67e1c3bf3224ef1ddaea8a82,1742848786,74473.5402,1742848845,15473.5402,Kafka
67e1c3bf3224ef1ddaea8a83,1742848786,74505.7635,1742848845,15505.7635,Kafka
67e1c3bf3224ef1ddaea8a84,1742848786,74507.9254,1742848845,15507.9254,Kafka
67e1c3bf3224ef1ddaea8a85,1742848786,74509.4758,1742848845,15509.4758,Kafka
67e1c3bf3224ef1ddaea8a86,1742848786,74535.6195,1742848845,15535.6195,Kafka
67e1c3bf3224ef1ddaea8a87,1742848786,74538.5855,1742848845,15538.5855,Kafka
67e1c3bf3224ef1ddaea8a88,1742848786,74597.569,1742848845,15597.569,Kafka
67e1c3bf3224ef1ddaea8a89,1742848786,74659.7904,1742848845,15659.7904,Kafka
67e1c3bf3224ef1ddaea8a8a,1742848786,74661.6611,1742848845,15661.6611,Kafka
67e1c3bf3224ef1ddaea8a8b,1742848786,74663.5852,1742848845,15663.5852,Kafka
67e1c3bf3224ef1ddaea8a8c,1742848786,74664.9475,1742848845,15664.9475,Kafka
67e1c3bf3224ef1ddaea8a8d,1742848786,74690.8486,1742848845,15690.8486,Kafka
67e1c3bf3224ef1ddaea8a8e,1742848786,74693.8475,1742848845,15693.8475,Kafka
67e1c3bf3224ef1ddaea8a8f,1742848786,74752.5793,1742848845,15752.5793,Kafka
67e1c3bf3224ef1ddaea8a90,1742848786,74784.9192,1742848845,15784.9192,Kafka
67e1c3bf3224ef1ddaea8a91,1742848786,74786.8704,1742848845,15786.8704,Kafka
67e1c3bf3224ef1ddaea8a92,1742848786,74788.2997,1742848845,15788.2997,Kafka
67e1c3bf3224ef1ddaea8a93,1742848786,74789.718,1742848845,15789.718,Kafka
67e1c3bf3224ef1ddaea8a94,1742848786,74791.1173,1742848845,15791.1173,Kafka
67e1c3bf3224ef1ddaea8a95,1742848786,74815.6179,1742848845,15815.6179,Kafka
67e1c3bf3224ef1ddaea8a96,1742848786,74817.9355,1742848845,15817.9355,Kafka
67e1c3bf3224ef1ddaea8a97,1742848786,74876.4175,1742848845,15876.4175,Kafka
67e1c3bf3224ef1ddaea8a98,1742848786,74878.7607,1742848845,15878.7607,Kafka
67e1c3bf3224ef1ddaea8a99,1742848786,74908.2637,1742848845,15908.2637,Kafka
67e1c3bf3224ef1ddaea8a9a,1742848786,74910.3171,1742848845,15910.3171,Kafka
67e1c3bf3224ef1ddaea8a9b,1742848786,74969.3708,1742848845,15969.3708,Kafka
67e1c3bf3224ef1ddaea8a9c,1742848786,74971.8837,1742848845,15971.8837,Kafka
67e1c3bf3224ef1ddaea8a9d,1742848786,74973.9001,1742848845,15973.9001,Kafka
67e1c3bf3224ef1ddaea8a9e,1742848786,74975.6745,1742848845,15975.6745,Kafka
67e1c3bf3224ef1ddaea8a9f,1742848786,75000.6268,1742848845,16000.6268,Kafka
67e1c3bf3224ef1ddaea8aa0,1742848786,75031.5273,1742848845,16031.5273,Kafka
67e1c3bf3224ef1ddaea8aa1,1742848786,75063.3732,1742848845,16063.3732,Kafka
67e1c3bf3224ef1ddaea8aa2,1742848786,75094.4123,1742848845,16094.4123,Kafka
67e1c3bf3224ef1ddaea8aa3,1742848786,75155.4217,1742848845,16155.4217,Kafka
67e1c3bf3224ef1ddaea8aa4,1742848786,75157.6065,1742848845,16157.6065,Kafka
67e1c3bf3224ef1ddaea8aa5,1742848786,75159.1702,1742848845,16159.1702,Kafka
67e1c3bf3224ef1ddaea8aa6,1742848786,75186.2974,1742848845,16186.2974,Kafka
67e1c3bf3224ef1ddaea8aa7,1742848786,75218.4548,1742848845,16218.4548,Kafka
67e1c3bf3224ef1ddaea8aa8,1742848786,75249.6673,1742848845,16249.6673,Kafka
67e1c3bf3224ef1ddaea8aa9,1742848786,75251.8661,1742848845,16251.8661,Kafka
67e1c3bf3224ef1ddaea8aaa,1742848786,75280.8161,1742848845,16280.8161,Kafka
67e1c3bf3224ef1ddaea8aab,1742848786,75283.0125,1742848845,16283.0125,Kafka
67e1c3bf3224ef1ddaea8aac,1742848786,75311.2311,1742848845,16311.2311,Kafka
67e1c3bf3224ef1ddaea8aad,1742848786,75313.3073,1742848845,16313.3073,Kafka
67e1c3bf3224ef1ddaea8aae,1742848786,75314.7171,1742848845,16314.7171,Kafka
67e1c3bf3224ef1ddaea8aaf,1742848786,75316.0723,1742848845,16316.0723,Kafka
67e1c3bf3224ef1ddaea8ab0,1742848786,75317.6088,1742848845,16317.6088,Kafka
67e1c3bf3224ef1ddaea8ab1,1742848786,75319.0183,1742848845,16319.0183,Kafka
67e1c3bf3224ef1ddaea8ab2,1742848786,75320.4126,1742848845,16320.4126,Kafka
67e1c3bf3224ef1ddaea8ab3,1742848786,75356.8974,1742848845,16356.8974,Kafka
67e1c3bf3224ef1ddaea8ab4,1742848786,75388.8158,1742848845,16388.8158,Kafka
67e1c3bf3224ef1ddaea8ab5,1742848786,75449.9961,1742848845,16449.9961,Kafka
67e1c3bf3224ef1ddaea8a36,1742848786,73050.7254,1742848844,15050.7254,Kafka
67e1c3bf3224ef1ddaea8a37,1742848786,73052.4545,1742848844,15052.4545,Kafka
67e1c3bf3224ef1ddaea8a38,1742848786,73079.0866,1742848844,15079.0866,Kafka
67e1c3bf3224ef1ddaea8a39,1742848786,73110.2379,1742848844,15110.2379,Kafka
67e1c3bf3224ef1ddaea8a3a,1742848786,73112.2535,1742848844,15112.2535,Kafka
67e1c3bf3224ef1ddaea8a3b,1742848786,73140.2628,1742848844,15140.2628,Kafka
67e1c3bf3224ef1ddaea8a3c,1742848786,73142.3285,1742848844,15142.3285,Kafka
67e1c3bf3224ef1ddaea8a3d,1742848786,73171.195,1742848844,15171.195,Kafka
67e1c3bf3224ef1ddaea8a3e,1742848786,73173.2757,1742848844,15173.2757,Kafka
67e1c3bf3224ef1ddaea8a3f,1742848786,73174.6882,1742848844,15174.6882,Kafka
67e1c3bf3224ef1ddaea8a40,1742848786,73176.1257,1742848844,15176.1257,Kafka
67e1c3bf3224ef1ddaea8a41,1742848786,73203.1377,1742848844,15203.1377,Kafka
67e1c3bf3224ef1ddaea8a42,1742848786,73264.3628,1742848844,15264.3628,Kafka
67e1c3bf3224ef1ddaea8a43,1742848786,73265.9384,1742848844,15265.9384,Kafka
67e1c3bf3224ef1ddaea8a44,1742848786,73267.8814,1742848844,15267.8814,Kafka
67e1c3bf3224ef1ddaea8a45,1742848786,73296.1498,1742848844,15296.1498,Kafka
67e1c3bf3224ef1ddaea8a46,1742848786,73327.1282,1742848844,15327.1282,Kafka
67e1c3bf3224ef1ddaea8a47,1742848786,73388.3083,1742848844,15388.3083,Kafka
67e1c3bf3224ef1ddaea8a48,1742848786,73450.3807,1742848844,15450.3807,Kafka
67e1c3bf3224ef1ddaea8a49,1742848786,73482.4101,1742848844,15482.4101,Kafka
67e1c3bf3224ef1ddaea8a4a,1742848786,73513.2298,1742848844,15513.2298,Kafka
67e1c3bf3224ef1ddaea8a4b,1742848786,73543.447,1742848844,15543.447,Kafka
67e1c3bf3224ef1ddaea8a4c,1742848786,73574.2929,1742848844,15574.2929,Kafka
67e1c3bf3224ef1ddaea8a4d,1742848786,73576.8231,1742848844,15576.8231,Kafka
67e1c3bf3224ef1ddaea8a4e,1742848786,73578.2117,1742848844,15578.2117,Kafka
67e1c3bf3224ef1ddaea8a4f,1742848786,73605.8381,1742848844,15605.8381,Kafka
67e1c3bf3224ef1ddaea8a50,1742848786,73637.4641,1742848844,15637.4641,Kafka
67e1c3bf3224ef1ddaea8a51,1742848786,73639.6957,1742848844,15639.6957,Kafka
67e1c3bf3224ef1ddaea8a52,1742848786,73668.625,1742848844,15668.625,Kafka
67e1c3bf3224ef1ddaea8a53,1742848786,73670.6522,1742848844,15670.6522,Kafka
67e1c3bf3224ef1ddaea8a54,1742848786,73672.0491,1742848844,15672.0491,Kafka
67e1c3bf3224ef1ddaea8a55,1742848786,73673.4396,1742848844,15673.4396,Kafka
67e1c3bf3224ef1ddaea8a56,1742848786,73699.3999,1742848844,15699.3999,Kafka
67e1c3bf3224ef1ddaea8a57,1742848786,73730.5073,1742848844,15730.5073,Kafka
67e1c3bf3224ef1ddaea8a58,1742848786,73732.5451,1742848844,15732.5451,Kafka
67e1c3bf3224ef1ddaea8a59,1742848786,73733.9225,1742848844,15733.9225,Kafka
67e1c3bf3224ef1ddaea8a5a,1742848786,73761.5109,1742848844,15761.5109,Kafka
67e1c3bf3224ef1ddaea8a5b,1742848786,73792.4483,1742848844,15792.4483,Kafka
67e1c3bf3224ef1ddaea8a5c,1742848786,73794.3824,1742848844,15794.3824,Kafka
67e1c3bf3224ef1ddaea8a5d,1742848786,73822.5617,1742848844,15822.5617,Kafka
67e1c3bf3224ef1ddaea8a5e,1742848786,73854.7675,1742848844,15854.7675,Kafka
67e1c3bf3224ef1ddaea8a5f,1742848786,73856.8007,1742848844,15856.8007,Kafka
67e1c3bf3224ef1ddaea8a60,1742848786,73915.9062,1742848844,15915.9062,Kafka
67e1c3bf3224ef1ddaea8a61,1742848786,73918.3899,1742848844,15918.3899,Kafka
67e1c3bf3224ef1ddaea8a62,1742848786,73919.8896,1742848844,15919.8896,Kafka
67e1c3bf3224ef1ddaea8a63,1742848786,73946.6449,1742848844,15946.6449,Kafka
67e1c3bf3224ef1ddaea8a64,1742848786,73949.0263,1742848844,15949.0263,Kafka
67e1c3bf3224ef1ddaea8a65,1742848786,73950.5838,1742848844,15950.5838,Kafka
67e1c3bf3224ef1ddaea8a66,1742848786,73951.9368,1742848844,15951.9368,Kafka
67e1c3bf3224ef1ddaea8a67,1742848786,73953.7005,1742848844,15953.7005,Kafka
67e1c3bf3224ef1ddaea8a68,1742848786,73977.608,1742848844,15977.608,Kafka
67e1c3bf3224ef1ddaea8a69,1742848786,73979.2892,1742848844,15979.2892,Kafka
67e1c3bf3224ef1ddaea8a6a,1742848786,74008.604,1742848844,16008.604,Kafka
67e1c3bf3224ef1ddaea8a6b,1742848786,74039.6076,1742848844,16039.6076,Kafka
67e1c3bf3224ef1ddaea8a6c,1742848786,74071.4818,1742848844,16071.4818,Kafka
67e1c3bf3224ef1ddaea8a6d,1742848786,74101.7972,1742848844,16101.7972,Kafka
67e1c3bf3224ef1ddaea8a6e,1742848786,74104.8035,1742848844,16104.8035,Kafka
67e1c3bf3224ef1ddaea8a6f,1742848786,74132.5232,1742848844,16132.5232,Kafka
67e1c3bf3224ef1ddaea8a70,1742848786,74194.5907,1742848844,16194.5907,Kafka
67e1c3bf3224ef1ddaea8a71,1742848786,74196.9516,1742848844,16196.9516,Kafka
67e1c3bf3224ef1ddaea8a72,1742848786,74225.7294,1742848844,16225.7294,Kafka
67e1c3bf3224ef1ddaea8a73,1742848786,74228.7149,1742848844,16228.7149,Kafka
67e1c3bf3224ef1ddaea8a74,1742848786,74257.5039,1742848844,16257.5039,Kafka
67e1c3bf3224ef1ddaea89f6,1742848786,71783.2299,1742848843,14783.2299,Kafka
67e1c3bf3224ef1ddaea89f7,1742848786,71807.9348,1742848843,14807.9348,Kafka
67e1c3bf3224ef1ddaea89f8,1742848786,71838.2961,1742848843,14838.2961,Kafka
67e1c3bf3224ef1ddaea89f9,1742848786,71840.6008,1742848843,14840.6008,Kafka
67e1c3bf3224ef1ddaea89fa,1742848786,71842.4261,1742848843,14842.4261,Kafka
67e1c3bf3224ef1ddaea89fb,1742848786,71869.9123,1742848843,14869.9123,Kafka
67e1c3bf3224ef1ddaea89fc,1742848786,71901.219,1742848843,14901.219,Kafka
67e1c3bf3224ef1ddaea89fd,1742848786,71903.2495,1742848843,14903.2495,Kafka
67e1c3bf3224ef1ddaea89fe,1742848786,71931.5999,1742848843,14931.5999,Kafka
67e1c3bf3224ef1ddaea89ff,1742848786,71933.8117,1742848843,14933.8117,Kafka
67e1c3bf3224ef1ddaea8a00,1742848786,71935.206,1742848843,14935.206,Kafka
67e1c3bf3224ef1ddaea8a01,1742848786,71936.6994,1742848843,14936.6994,Kafka
67e1c3bf3224ef1ddaea8a02,1742848786,71993.0506,1742848843,14993.0506,Kafka
67e1c3bf3224ef1ddaea8a03,1742848786,72055.1205,1742848843,15055.1205,Kafka
67e1c3bf3224ef1ddaea8a04,1742848786,72057.5054,1742848843,15057.5054,Kafka
67e1c3bf3224ef1ddaea8a05,1742848786,72059.1457,1742848843,15059.1457,Kafka
67e1c3bf3224ef1ddaea8a06,1742848786,72060.5865,1742848843,15060.5865,Kafka
67e1c3bf3224ef1ddaea8a07,1742848786,72086.3441,1742848843,15086.3441,Kafka
67e1c3bf3224ef1ddaea8a08,1742848786,72088.6332,1742848843,15088.6332,Kafka
67e1c3bf3224ef1ddaea8a09,1742848786,72117.106,1742848843,15117.106,Kafka
67e1c3bf3224ef1ddaea8a0a,1742848786,72148.9627,1742848843,15148.9627,Kafka
67e1c3bf3224ef1ddaea8a0b,1742848786,72150.9693,1742848843,15150.9693,Kafka
67e1c3bf3224ef1ddaea8a0c,1742848786,72152.3189,1742848843,15152.3189,Kafka
67e1c3bf3224ef1ddaea8a0d,1742848786,72179.9307,1742848843,15179.9307,Kafka
67e1c3bf3224ef1ddaea8a0e,1742848786,72210.9416,1742848843,15210.9416,Kafka
67e1c3bf3224ef1ddaea8a0f,1742848786,72242.2284,1742848843,15242.2284,Kafka
67e1c3bf3224ef1ddaea8a10,1742848786,72303.1126,1742848843,15303.1126,Kafka
67e1c3bf3224ef1ddaea8a11,1742848786,72334.1,1742848843,15334.1,Kafka
67e1c3bf3224ef1ddaea8a12,1742848786,72336.4329,1742848843,15336.4329,Kafka
67e1c3bf3224ef1ddaea8a13,1742848786,72366.1768,1742848843,15366.1768,Kafka
67e1c3bf3224ef1ddaea8a14,1742848786,72368.5458,1742848843,15368.5458,Kafka
67e1c3bf3224ef1ddaea8a15,1742848786,72427.8504,1742848843,15427.8504,Kafka
67e1c3bf3224ef1ddaea8a16,1742848786,72489.126,1742848843,15489.126,Kafka
67e1c3bf3224ef1ddaea8a17,1742848786,72491.8384,1742848843,15491.8384,Kafka
67e1c3bf3224ef1ddaea8a18,1742848786,72521.6843,1742848843,15521.6843,Kafka
67e1c3bf3224ef1ddaea8a19,1742848786,72523.8005,1742848843,15523.8005,Kafka
67e1c3bf3224ef1ddaea8a1a,1742848786,72582.4404,1742848843,15582.4404,Kafka
67e1c3bf3224ef1ddaea8a1b,1742848786,72613.1845,1742848843,15613.1845,Kafka
67e1c3bf3224ef1ddaea8a1c,1742848786,72615.5434,1742848843,15615.5434,Kafka
67e1c3bf3224ef1ddaea8a1d,1742848786,72617.0499,1742848843,15617.0499,Kafka
67e1c3bf3224ef1ddaea8a1e,1742848786,72618.405,1742848843,15618.405,Kafka
67e1c3bf3224ef1ddaea8a1f,1742848786,72646.3314,1742848843,15646.3314,Kafka
67e1c3bf3224ef1ddaea8a20,1742848786,72675.5457,1742848843,15675.5457,Kafka
67e1c3bf3224ef1ddaea8a21,1742848786,72706.2893,1742848843,15706.2893,Kafka
67e1c3bf3224ef1ddaea8a22,1742848786,72709.0297,1742848843,15709.0297,Kafka
67e1c3bf3224ef1ddaea8a23,1742848786,72737.2656,1742848843,15737.2656,Kafka
67e1c3bf3224ef1ddaea8a24,1742848786,72739.4026,1742848843,15739.4026,Kafka
67e1c3bf3224ef1ddaea8a25,1742848786,72741.4047,1742848843,15741.4047,Kafka
67e1c3bf3224ef1ddaea8a26,1742848786,72743.0805,1742848843,15743.0805,Kafka
67e1c3bf3224ef1ddaea8a27,1742848786,72744.7024,1742848843,15744.7024,Kafka
67e1c3bf3224ef1ddaea8a28,1742848786,72746.3711,1742848843,15746.3711,Kafka
67e1c3bf3224ef1ddaea8a29,1742848786,72769.5978,1742848843,15769.5978,Kafka
67e1c3bf3224ef1ddaea8a2a,1742848786,72771.5989,1742848843,15771.5989,Kafka
67e1c3bf3224ef1ddaea8a2b,1742848786,72800.1264,1742848843,15800.1264,Kafka
67e1c3bf3224ef1ddaea8a2c,1742848786,72830.1788,1742848843,15830.1788,Kafka
67e1c3bf3224ef1ddaea8a2d,1742848786,72892.2081,1742848843,15892.2081,Kafka
67e1c3bf3224ef1ddaea8a2e,1742848786,72923.1905,1742848843,15923.1905,Kafka
67e1c3bf3224ef1ddaea8a2f,1742848786,72955.0748,1742848843,15955.0748,Kafka
67e1c3bf3224ef1ddaea8a30,1742848786,72985.2621,1742848843,15985.2621,Kafka
67e1c3bf3224ef1ddaea8a31,1742848786,73016.1973,1742848843,16016.1973,Kafka
67e1c3bf3224ef1ddaea8a32,1742848786,73018.1429,1742848843,16018.1429,Kafka
67e1c3bf3224ef1ddaea8a33,1742848786,73019.7661,1742848843,16019.7661,Kafka
67e1c3bf3224ef1ddaea8a34,1742848786,73021.1934,1742848843,16021.1934,Kafka
67e1c3bf3224ef1ddaea8a35,1742848786,73048.0371,1742848843,16048.0371,Kafka
67e1c3bf3224ef1ddaea89b5,1742848786,70660.9708,1742848842,14660.9708,Kafka
67e1c3bf3224ef1ddaea89b6,1742848786,70663.123,1742848842,14663.123,Kafka
67e1c3bf3224ef1ddaea89b7,1742848786,70664.5943,1742848842,14664.5943,Kafka
67e1c3bf3224ef1ddaea89b8,1742848786,70691.9658,1742848842,14691.9658,Kafka
67e1c3bf3224ef1ddaea89b9,1742848786,70694.0266,1742848842,14694.0266,Kafka
67e1c3bf3224ef1ddaea89ba,1742848786,70722.2125,1742848842,14722.2125,Kafka
67e1c3bf3224ef1ddaea89bb,1742848786,70754.5287,1742848842,14754.5287,Kafka
67e1c3bf3224ef1ddaea89bc,1742848786,70784.0827,1742848842,14784.0827,Kafka
67e1c3bf3224ef1ddaea89bd,1742848786,70815.11,1742848842,14815.11,Kafka
67e1c3bf3224ef1ddaea89be,1742848786,70847.1291,1742848842,14847.1291,Kafka
67e1c3bf3224ef1ddaea89bf,1742848786,70877.3354,1742848842,14877.3354,Kafka
67e1c3bf3224ef1ddaea89c0,1742848786,70880.7872,1742848842,14880.7872,Kafka
67e1c3bf3224ef1ddaea89c1,1742848786,70884.9407,1742848842,14884.9407,Kafka
67e1c3bf3224ef1ddaea89c2,1742848786,70887.1639,1742848842,14887.1639,Kafka
67e1c3bf3224ef1ddaea89c3,1742848786,70889.3922,1742848842,14889.3922,Kafka
67e1c3bf3224ef1ddaea89c4,1742848786,70891.4638,1742848842,14891.4638,Kafka
67e1c3bf3224ef1ddaea89c5,1742848786,70923.6802,1742848842,14923.6802,Kafka
67e1c3bf3224ef1ddaea89c6,1742848786,70925.7226,1742848842,14925.7226,Kafka
67e1c3bf3224ef1ddaea89c7,1742848786,70928.7664,1742848842,14928.7664,Kafka
67e1c3bf3224ef1ddaea89c8,1742848786,70930.7016,1742848842,14930.7016,Kafka
67e1c3bf3224ef1ddaea89c9,1742848786,70932.4712,1742848842,14932.4712,Kafka
67e1c3bf3224ef1ddaea89ca,1742848786,70934.3718,1742848842,14934.3718,Kafka
67e1c3bf3224ef1ddaea89cb,1742848786,70970.2278,1742848842,14970.2278,Kafka
67e1c3bf3224ef1ddaea89cc,1742848786,71002.0719,1742848842,15002.0719,Kafka
67e1c3bf3224ef1ddaea89cd,1742848786,71004.0624,1742848842,15004.0624,Kafka
67e1c3bf3224ef1ddaea89ce,1742848786,71032.1515,1742848842,15032.1515,Kafka
67e1c3bf3224ef1ddaea89cf,1742848786,71034.9735,1742848842,15034.9735,Kafka
67e1c3bf3224ef1ddaea89d0,1742848786,71036.7241,1742848842,15036.7241,Kafka
67e1c3bf3224ef1ddaea89d1,1742848786,71038.4126,1742848842,15038.4126,Kafka
67e1c3bf3224ef1ddaea89d2,1742848786,71039.9527,1742848842,15039.9527,Kafka
67e1c3bf3224ef1ddaea89d3,1742848786,71041.4682,1742848842,15041.4682,Kafka
67e1c3bf3224ef1ddaea89d4,1742848786,71064.1648,1742848842,15064.1648,Kafka
67e1c3bf3224ef1ddaea89d5,1742848786,71066.424,1742848842,15066.424,Kafka
67e1c3bf3224ef1ddaea89d6,1742848786,71125.0942,1742848842,15125.0942,Kafka
67e1c3bf3224ef1ddaea89d7,1742848786,71157.2016,1742848842,15157.2016,Kafka
67e1c3bf3224ef1ddaea89d8,1742848786,71188.3932,1742848842,15188.3932,Kafka
67e1c3bf3224ef1ddaea89d9,1742848786,71190.9387,1742848842,15190.9387,Kafka
67e1c3bf3224ef1ddaea89da,1742848786,71218.2275,1742848842,15218.2275,Kafka
67e1c3bf3224ef1ddaea89db,1742848786,71220.9743,1742848842,15220.9743,Kafka
67e1c3bf3224ef1ddaea89dc,1742848786,71223.1803,1742848842,15223.1803,Kafka
67e1c3bf3224ef1ddaea89dd,1742848786,71250.0607,1742848842,15250.0607,Kafka
67e1c3bf3224ef1ddaea89de,1742848786,71311.2275,1742848842,15311.2275,Kafka
67e1c3bf3224ef1ddaea89df,1742848786,71342.055,1742848842,15342.055,Kafka
67e1c3bf3224ef1ddaea89e0,1742848786,71373.9273,1742848842,15373.9273,Kafka
67e1c3bf3224ef1ddaea89e1,1742848786,71405.1482,1742848842,15405.1482,Kafka
67e1c3bf3224ef1ddaea89e2,1742848786,71435.1045,1742848842,15435.1045,Kafka
67e1c3bf3224ef1ddaea89e3,1742848786,71437.4153,1742848842,15437.4153,Kafka
67e1c3bf3224ef1ddaea89e4,1742848786,71439.0463,1742848842,15439.0463,Kafka
67e1c3bf3224ef1ddaea89e5,1742848786,71440.456,1742848842,15440.456,Kafka
67e1c3bf3224ef1ddaea89e6,1742848786,71466.8028,1742848842,15466.8028,Kafka
67e1c3bf3224ef1ddaea89e7,1742848786,71468.7804,1742848842,15468.7804,Kafka
67e1c3bf3224ef1ddaea89e8,1742848786,71497.9938,1742848842,15497.9938,Kafka
67e1c3bf3224ef1ddaea89e9,1742848786,71499.8892,1742848842,15499.8892,Kafka
67e1c3bf3224ef1ddaea89ea,1742848786,71559.1383,1742848842,15559.1383,Kafka
67e1c3bf3224ef1ddaea89eb,1742848786,71561.8928,1742848842,15561.8928,Kafka
67e1c3bf3224ef1ddaea89ec,1742848786,71563.5157,1742848842,15563.5157,Kafka
67e1c3bf3224ef1ddaea89ed,1742848786,71590.0305,1742848842,15590.0305,Kafka
67e1c3bf3224ef1ddaea89ee,1742848786,71621.3717,1742848842,15621.3717,Kafka
67e1c3bf3224ef1ddaea89ef,1742848786,71652.2505,1742848842,15652.2505,Kafka
67e1c3bf3224ef1ddaea89f0,1742848786,71683.1283,1742848842,15683.1283,Kafka
67e1c3bf3224ef1ddaea89f1,1742848786,71745.0375,1742848842,15745.0375,Kafka
67e1c3bf3224ef1ddaea89f2,1742848786,71776.9862,1742848842,15776.9862,Kafka
67e1c3bf3224ef1ddaea89f3,1742848786,71779.0557,1742848842,15779.0557,Kafka
67e1c3bf3224ef1ddaea89f4,1742848786,71780.4379,1742848842,15780.4379,Kafka
67e1c3bf3224ef1ddaea89f5,1742848786,71781.8543,1742848842,15781.8543,Kafka
67e1c3bf3224ef1ddaea8975,1742848786,68924.1433,1742848841,13924.1433,Kafka
67e1c3bf3224ef1ddaea8976,1742848786,68955.6224,1742848841,13955.6224,Kafka
67e1c3bf3224ef1ddaea8977,1742848786,68958.6063,1742848841,13958.6063,Kafka
67e1c3bf3224ef1ddaea8978,1742848786,68959.9792,1742848841,13959.9792,Kafka
67e1c3bf3224ef1ddaea8979,1742848786,69017.2433,1742848841,14017.2433,Kafka
67e1c3bf3224ef1ddaea897a,1742848786,69079.1254,1742848841,14079.1254,Kafka
67e1c3bf3224ef1ddaea897b,1742848786,69141.16,1742848841,14141.16,Kafka
67e1c3bf3224ef1ddaea897c,1742848786,69173.1479,1742848841,14173.1479,Kafka
67e1c3bf3224ef1ddaea897d,1742848786,69234.3123,1742848841,14234.3123,Kafka
67e1c3bf3224ef1ddaea897e,1742848786,69265.149,1742848841,14265.149,Kafka
67e1c3bf3224ef1ddaea897f,1742848786,69296.1591,1742848841,14296.1591,Kafka
67e1c3bf3224ef1ddaea8980,1742848786,69328.4005,1742848841,14328.4005,Kafka
67e1c3bf3224ef1ddaea8981,1742848786,69389.272,1742848841,14389.272,Kafka
67e1c3bf3224ef1ddaea8982,1742848786,69451.1562,1742848841,14451.1562,Kafka
67e1c3bf3224ef1ddaea8983,1742848786,69483.132,1742848841,14483.132,Kafka
67e1c3bf3224ef1ddaea8984,1742848786,69514.2126,1742848841,14514.2126,Kafka
67e1c3bf3224ef1ddaea8985,1742848786,69516.2306,1742848841,14516.2306,Kafka
67e1c3bf3224ef1ddaea8986,1742848786,69545.0994,1742848841,14545.0994,Kafka
67e1c3bf3224ef1ddaea8987,1742848786,69606.1348,1742848841,14606.1348,Kafka
67e1c3bf3224ef1ddaea8988,1742848786,69638.7092,1742848841,14638.7092,Kafka
67e1c3bf3224ef1ddaea8989,1742848786,69641.27,1742848841,14641.27,Kafka
67e1c3bf3224ef1ddaea898a,1742848786,69670.4156,1742848841,14670.4156,Kafka
67e1c3bf3224ef1ddaea898b,1742848786,69673.6113,1742848841,14673.6113,Kafka
67e1c3bf3224ef1ddaea898c,1742848786,69699.6433,1742848841,14699.6433,Kafka
67e1c3bf3224ef1ddaea898d,1742848786,69701.8554,1742848841,14701.8554,Kafka
67e1c3bf3224ef1ddaea898e,1742848786,69703.2955,1742848841,14703.2955,Kafka
67e1c3bf3224ef1ddaea898f,1742848786,69704.7693,1742848841,14704.7693,Kafka
67e1c3bf3224ef1ddaea8990,1742848786,69730.8195,1742848841,14730.8195,Kafka
67e1c3bf3224ef1ddaea8991,1742848786,69732.7575,1742848841,14732.7575,Kafka
67e1c3bf3224ef1ddaea8992,1742848786,69760.8579,1742848841,14760.8579,Kafka
67e1c3bf3224ef1ddaea8993,1742848786,69791.7911,1742848841,14791.7911,Kafka
67e1c3bf3224ef1ddaea8994,1742848786,69794.4558,1742848841,14794.4558,Kafka
67e1c3bf3224ef1ddaea8995,1742848786,69822.8017,1742848841,14822.8017,Kafka
67e1c3bf3224ef1ddaea8996,1742848786,69854.0023,1742848841,14854.0023,Kafka
67e1c3bf3224ef1ddaea8997,1742848786,69885.9388,1742848841,14885.9388,Kafka
67e1c3bf3224ef1ddaea8998,1742848786,69916.8876,1742848841,14916.8876,Kafka
67e1c3bf3224ef1ddaea8999,1742848786,69950.4469,1742848841,14950.4469,Kafka
67e1c3bf3224ef1ddaea899a,1742848786,69978.0113,1742848841,14978.0113,Kafka
67e1c3bf3224ef1ddaea899b,1742848786,69981.1718,1742848841,14981.1718,Kafka
67e1c3bf3224ef1ddaea899c,1742848786,70010.0679,1742848841,15010.0679,Kafka
67e1c3bf3224ef1ddaea899d,1742848786,70039.9057,1742848841,15039.9057,Kafka
67e1c3bf3224ef1ddaea899e,1742848786,70101.9933,1742848841,15101.9933,Kafka
67e1c3bf3224ef1ddaea899f,1742848786,70136.7236,1742848841,15136.7236,Kafka
67e1c3bf3224ef1ddaea89a0,1742848786,70194.8752,1742848841,15194.8752,Kafka
67e1c3bf3224ef1ddaea89a1,1742848786,70196.9733,1742848841,15196.9733,Kafka
67e1c3bf3224ef1ddaea89a2,1742848786,70198.32,1742848841,15198.32,Kafka
67e1c3bf3224ef1ddaea89a3,1742848786,70199.6465,1742848841,15199.6465,Kafka
67e1c3bf3224ef1ddaea89a4,1742848786,70225.9069,1742848841,15225.9069,Kafka
67e1c3bf3224ef1ddaea89a5,1742848786,70257.9314,1742848841,15257.9314,Kafka
67e1c3bf3224ef1ddaea89a6,1742848786,70260.1858,1742848841,15260.1858,Kafka
67e1c3bf3224ef1ddaea89a7,1742848786,70261.7003,1742848841,15261.7003,Kafka
67e1c3bf3224ef1ddaea89a8,1742848786,70288.1453,1742848841,15288.1453,Kafka
67e1c3bf3224ef1ddaea89a9,1742848786,70349.9182,1742848841,15349.9182,Kafka
67e1c3bf3224ef1ddaea89aa,1742848786,70382.6307,1742848841,15382.6307,Kafka
67e1c3bf3224ef1ddaea89ab,1742848786,70411.9952,1742848841,15411.9952,Kafka
67e1c3bf3224ef1ddaea89ac,1742848786,70413.52,1742848841,15413.52,Kafka
67e1c3bf3224ef1ddaea89ad,1742848786,70414.9252,1742848841,15414.9252,Kafka
67e1c3bf3224ef1ddaea89ae,1742848786,70442.9175,1742848841,15442.9175,Kafka
67e1c3bf3224ef1ddaea89af,1742848786,70474.9859,1742848841,15474.9859,Kafka
67e1c3bf3224ef1ddaea89b0,1742848786,70506.3244,1742848841,15506.3244,Kafka
67e1c3bf3224ef1ddaea89b1,1742848786,70537.0775,1742848841,15537.0775,Kafka
67e1c3bf3224ef1ddaea89b2,1742848786,70568.3767,1742848841,15568.3767,Kafka
67e1c3bf3224ef1ddaea89b3,1742848786,70628.9399,1742848841,15628.9399,Kafka
67e1c3bf3224ef1ddaea89b4,1742848786,70631.2949,1742848841,15631.2949,Kafka
67e1c3bf3224ef1ddaea8935,1742848786,67281.7209,1742848840,13281.7209,Kafka
67e1c3bf3224ef1ddaea8936,1742848786,67312.7801,1742848840,13312.7801,Kafka
67e1c3bf3224ef1ddaea8937,1742848786,67314.8056,1742848840,13314.8056,Kafka
67e1c3bf3224ef1ddaea8938,1742848786,67374.7696,1742848840,13374.7696,Kafka
67e1c3bf3224ef1ddaea8939,1742848786,67436.564,1742848840,13436.564,Kafka
67e1c3bf3224ef1ddaea893a,1742848786,67438.9257,1742848840,13438.9257,Kafka
67e1c3bf3224ef1ddaea893b,1742848786,67498.2692,1742848840,13498.2692,Kafka
67e1c3bf3224ef1ddaea893c,1742848786,67560.3167,1742848840,13560.3167,Kafka
67e1c3bf3224ef1ddaea893d,1742848786,67591.2461,1742848840,13591.2461,Kafka
67e1c3bf3224ef1ddaea893e,1742848786,67623.4626,1742848840,13623.4626,Kafka
67e1c3bf3224ef1ddaea893f,1742848786,67626.0735,1742848840,13626.0735,Kafka
67e1c3bf3224ef1ddaea8940,1742848786,67654.3449,1742848840,13654.3449,Kafka
67e1c3bf3224ef1ddaea8941,1742848786,67685.2416,1742848840,13685.2416,Kafka
67e1c3bf3224ef1ddaea8942,1742848786,67746.4183,1742848840,13746.4183,Kafka
67e1c3bf3224ef1ddaea8943,1742848786,67777.2837,1742848840,13777.2837,Kafka
67e1c3bf3224ef1ddaea8944,1742848786,67779.6671,1742848840,13779.6671,Kafka
67e1c3bf3224ef1ddaea8945,1742848786,67781.0861,1742848840,13781.0861,Kafka
67e1c3bf3224ef1ddaea8946,1742848786,67809.2761,1742848840,13809.2761,Kafka
67e1c3bf3224ef1ddaea8947,1742848786,67840.4997,1742848840,13840.4997,Kafka
67e1c3bf3224ef1ddaea8948,1742848786,67843.2283,1742848840,13843.2283,Kafka
67e1c3bf3224ef1ddaea8949,1742848786,67870.3008,1742848840,13870.3008,Kafka
67e1c3bf3224ef1ddaea894a,1742848786,67873.2263,1742848840,13873.2263,Kafka
67e1c3bf3224ef1ddaea894b,1742848786,67874.7652,1742848840,13874.7652,Kafka
67e1c3bf3224ef1ddaea894c,1742848786,67876.1648,1742848840,13876.1648,Kafka
67e1c3bf3224ef1ddaea894d,1742848786,67877.6332,1742848840,13877.6332,Kafka
67e1c3bf3224ef1ddaea894e,1742848786,67902.2751,1742848840,13902.2751,Kafka
67e1c3bf3224ef1ddaea894f,1742848786,67904.2145,1742848840,13904.2145,Kafka
67e1c3bf3224ef1ddaea8950,1742848786,67905.9872,1742848840,13905.9872,Kafka
67e1c3bf3224ef1ddaea8951,1742848786,67933.728,1742848840,13933.728,Kafka
67e1c3bf3224ef1ddaea8952,1742848786,67964.3995,1742848840,13964.3995,Kafka
67e1c3bf3224ef1ddaea8953,1742848786,67995.4361,1742848840,13995.4361,Kafka
67e1c3bf3224ef1ddaea8954,1742848786,67998.6472,1742848840,13998.6472,Kafka
67e1c3bf3224ef1ddaea8955,1742848786,68056.3153,1742848840,14056.3153,Kafka
67e1c3bf3224ef1ddaea8956,1742848786,68087.2967,1742848840,14087.2967,Kafka
67e1c3bf3224ef1ddaea8957,1742848786,68089.9367,1742848840,14089.9367,Kafka
67e1c3bf3224ef1ddaea8958,1742848786,68118.2754,1742848840,14118.2754,Kafka
67e1c3bf3224ef1ddaea8959,1742848786,68150.5899,1742848840,14150.5899,Kafka
67e1c3bf3224ef1ddaea895a,1742848786,68152.9984,1742848840,14152.9984,Kafka
67e1c3bf3224ef1ddaea895b,1742848786,68181.3229,1742848840,14181.3229,Kafka
67e1c3bf3224ef1ddaea895c,1742848786,68212.4438,1742848840,14212.4438,Kafka
67e1c3bf3224ef1ddaea895d,1742848786,68273.356,1742848840,14273.356,Kafka
67e1c3bf3224ef1ddaea895e,1742848786,68304.3558,1742848840,14304.3558,Kafka
67e1c3bf3224ef1ddaea895f,1742848786,68306.5639,1742848840,14306.5639,Kafka
67e1c3bf3224ef1ddaea8960,1742848786,68308.1489,1742848840,14308.1489,Kafka
67e1c3bf3224ef1ddaea8961,1742848786,68337.5325,1742848840,14337.5325,Kafka
67e1c3bf3224ef1ddaea8962,1742848786,68366.3999,1742848840,14366.3999,Kafka
67e1c3bf3224ef1ddaea8963,1742848786,68368.6427,1742848840,14368.6427,Kafka
67e1c3bf3224ef1ddaea8964,1742848786,68428.3758,1742848840,14428.3758,Kafka
67e1c3bf3224ef1ddaea8965,1742848786,68430.3968,1742848840,14430.3968,Kafka
67e1c3bf3224ef1ddaea8966,1742848786,68460.9263,1742848840,14460.9263,Kafka
67e1c3bf3224ef1ddaea8967,1742848786,68521.4588,1742848840,14521.4588,Kafka
67e1c3bf3224ef1ddaea8968,1742848786,68553.4976,1742848840,14553.4976,Kafka
67e1c3bf3224ef1ddaea8969,1742848786,68583.4495,1742848840,14583.4495,Kafka
67e1c3bf3224ef1ddaea896a,1742848786,68645.4486,1742848840,14645.4486,Kafka
67e1c3bf3224ef1ddaea896b,1742848786,68707.4923,1742848840,14707.4923,Kafka
67e1c3bf3224ef1ddaea896c,1742848786,68709.7711,1742848840,14709.7711,Kafka
67e1c3bf3224ef1ddaea896d,1742848786,68711.9518,1742848840,14711.9518,Kafka
67e1c3bf3224ef1ddaea896e,1742848786,68714.027,1742848840,14714.027,Kafka
67e1c3bf3224ef1ddaea896f,1742848786,68715.7089,1742848840,14715.7089,Kafka
67e1c3bf3224ef1ddaea8970,1742848786,68740.1521,1742848840,14740.1521,Kafka
67e1c3bf3224ef1ddaea8971,1742848786,68770.2586,1742848840,14770.2586,Kafka
67e1c3bf3224ef1ddaea8972,1742848786,68831.0426,1742848840,14831.0426,Kafka
67e1c3bf3224ef1ddaea8973,1742848786,68862.9587,1742848840,14862.9587,Kafka
67e1c3bf3224ef1ddaea8974,1742848786,68893.9586,1742848840,14893.9586,Kafka
67e1c3bf3224ef1ddaea88f5,1742848786,66042.1497,1742848839,13042.1497,Kafka
67e1c3bf3224ef1ddaea88f6,1742848786,66074.3266,1742848839,13074.3266,Kafka
67e1c3bf3224ef1ddaea88f7,1742848786,66105.3232,1742848839,13105.3232,Kafka
67e1c3bf3224ef1ddaea88f8,1742848786,66165.7017,1742848839,13165.7017,Kafka
67e1c3bf3224ef1ddaea88f9,1742848786,66197.5974,1742848839,13197.5974,Kafka
67e1c3bf3224ef1ddaea88fa,1742848786,66199.5823,1742848839,13199.5823,Kafka
67e1c3bf3224ef1ddaea88fb,1742848786,66228.7709,1742848839,13228.7709,Kafka
67e1c3bf3224ef1ddaea88fc,1742848786,66231.2802,1742848839,13231.2802,Kafka
67e1c3bf3224ef1ddaea88fd,1742848786,66259.5918,1742848839,13259.5918,Kafka
67e1c3bf3224ef1ddaea88fe,1742848786,66261.6407,1742848839,13261.6407,Kafka
67e1c3bf3224ef1ddaea88ff,1742848786,66263.1712,1742848839,13263.1712,Kafka
67e1c3bf3224ef1ddaea8900,1742848786,66264.6347,1742848839,13264.6347,Kafka
67e1c3bf3224ef1ddaea8901,1742848786,66266.1897,1742848839,13266.1897,Kafka
67e1c3bf3224ef1ddaea8902,1742848786,66290.4792,1742848839,13290.4792,Kafka
67e1c3bf3224ef1ddaea8903,1742848786,66292.6706,1742848839,13292.6706,Kafka
67e1c3bf3224ef1ddaea8904,1742848786,66294.0735,1742848839,13294.0735,Kafka
67e1c3bf3224ef1ddaea8905,1742848786,66321.5974,1742848839,13321.5974,Kafka
67e1c3bf3224ef1ddaea8906,1742848786,66323.7754,1742848839,13323.7754,Kafka
67e1c3bf3224ef1ddaea8907,1742848786,66351.7784,1742848839,13351.7784,Kafka
67e1c3bf3224ef1ddaea8908,1742848786,66383.5769,1742848839,13383.5769,Kafka
67e1c3bf3224ef1ddaea8909,1742848786,66413.7232,1742848839,13413.7232,Kafka
67e1c3bf3224ef1ddaea890a,1742848786,66444.788,1742848839,13444.788,Kafka
67e1c3bf3224ef1ddaea890b,1742848786,66447.2184,1742848839,13447.2184,Kafka
67e1c3bf3224ef1ddaea890c,1742848786,66476.7,1742848839,13476.7,Kafka
67e1c3bf3224ef1ddaea890d,1742848786,66506.7111,1742848839,13506.7111,Kafka
67e1c3bf3224ef1ddaea890e,1742848786,66508.9882,1742848839,13508.9882,Kafka
67e1c3bf3224ef1ddaea890f,1742848786,66510.3879,1742848839,13510.3879,Kafka
67e1c3bf3224ef1ddaea8910,1742848786,66511.7443,1742848839,13511.7443,Kafka
67e1c3bf3224ef1ddaea8911,1742848786,66513.0513,1742848839,13513.0513,Kafka
67e1c3bf3224ef1ddaea8912,1742848786,66514.3718,1742848839,13514.3718,Kafka
67e1c3bf3224ef1ddaea8913,1742848786,66515.6732,1742848839,13515.6732,Kafka
67e1c3bf3224ef1ddaea8914,1742848786,66539.0769,1742848839,13539.0769,Kafka
67e1c3bf3224ef1ddaea8915,1742848786,66570.112,1742848839,13570.112,Kafka
67e1c3bf3224ef1ddaea8916,1742848786,66630.7402,1742848839,13630.7402,Kafka
67e1c3bf3224ef1ddaea8917,1742848786,66661.7781,1742848839,13661.7781,Kafka
67e1c3bf3224ef1ddaea8918,1742848786,66692.8269,1742848839,13692.8269,Kafka
67e1c3bf3224ef1ddaea8919,1742848786,66724.5348,1742848839,13724.5348,Kafka
67e1c3bf3224ef1ddaea891a,1742848786,66754.8046,1742848839,13754.8046,Kafka
67e1c3bf3224ef1ddaea891b,1742848786,66785.6799,1742848839,13785.6799,Kafka
67e1c3bf3224ef1ddaea891c,1742848786,66817.8142,1742848839,13817.8142,Kafka
67e1c3bf3224ef1ddaea891d,1742848786,66820.1864,1742848839,13820.1864,Kafka
67e1c3bf3224ef1ddaea891e,1742848786,66878.7943,1742848839,13878.7943,Kafka
67e1c3bf3224ef1ddaea891f,1742848786,66941.0367,1742848839,13941.0367,Kafka
67e1c3bf3224ef1ddaea8920,1742848786,66943.5984,1742848839,13943.5984,Kafka
67e1c3bf3224ef1ddaea8921,1742848786,66944.9655,1742848839,13944.9655,Kafka
67e1c3bf3224ef1ddaea8922,1742848786,66972.8955,1742848839,13972.8955,Kafka
67e1c3bf3224ef1ddaea8923,1742848786,66974.8367,1742848839,13974.8367,Kafka
67e1c3bf3224ef1ddaea8924,1742848786,67033.774,1742848839,14033.774,Kafka
67e1c3bf3224ef1ddaea8925,1742848786,67035.8254,1742848839,14035.8254,Kafka
67e1c3bf3224ef1ddaea8926,1742848786,67037.3478,1742848839,14037.3478,Kafka
67e1c3bf3224ef1ddaea8927,1742848786,67065.584,1742848839,14065.584,Kafka
67e1c3bf3224ef1ddaea8928,1742848786,67067.5249,1742848839,14067.5249,Kafka
67e1c3bf3224ef1ddaea8929,1742848786,67068.9561,1742848839,14068.9561,Kafka
67e1c3bf3224ef1ddaea892a,1742848786,67095.8043,1742848839,14095.8043,Kafka
67e1c3bf3224ef1ddaea892b,1742848786,67098.0552,1742848839,14098.0552,Kafka
67e1c3bf3224ef1ddaea892c,1742848786,67127.7517,1742848839,14127.7517,Kafka
67e1c3bf3224ef1ddaea892d,1742848786,67158.8668,1742848839,14158.8668,Kafka
67e1c3bf3224ef1ddaea892e,1742848786,67161.1138,1742848839,14161.1138,Kafka
67e1c3bf3224ef1ddaea892f,1742848786,67188.6611,1742848839,14188.6611,Kafka
67e1c3bf3224ef1ddaea8930,1742848786,67190.6328,1742848839,14190.6328,Kafka
67e1c3bf3224ef1ddaea8931,1742848786,67219.7538,1742848839,14219.7538,Kafka
67e1c3bf3224ef1ddaea8932,1742848786,67252.3877,1742848839,14252.3877,Kafka
67e1c3bf3224ef1ddaea8933,1742848786,67254.602,1742848839,14254.602,Kafka
67e1c3bf3224ef1ddaea8934,1742848786,67255.9845,1742848839,14255.9845,Kafka
67e1c3bf3224ef1ddaea88b4,1742848786,64677.8522,1742848838,12677.8522,Kafka
67e1c3bf3224ef1ddaea88b5,1742848786,64708.8027,1742848838,12708.8027,Kafka
67e1c3bf3224ef1ddaea88b6,1742848786,64710.8712,1742848838,12710.8712,Kafka
67e1c3bf3224ef1ddaea88b7,1742848786,64740.7041,1742848838,12740.7041,Kafka
67e1c3bf3224ef1ddaea88b8,1742848786,64771.899,1742848838,12771.899,Kafka
67e1c3bf3224ef1ddaea88b9,1742848786,64774.0496,1742848838,12774.0496,Kafka
67e1c3bf3224ef1ddaea88ba,1742848786,64775.5647,1742848838,12775.5647,Kafka
67e1c3bf3224ef1ddaea88bb,1742848786,64803.0803,1742848838,12803.0803,Kafka
67e1c3bf3224ef1ddaea88bc,1742848786,64832.9269,1742848838,12832.9269,Kafka
67e1c3bf3224ef1ddaea88bd,1742848786,64835.1064,1742848838,12835.1064,Kafka
67e1c3bf3224ef1ddaea88be,1742848786,64863.8787,1742848838,12863.8787,Kafka
67e1c3bf3224ef1ddaea88bf,1742848786,64866.2907,1742848838,12866.2907,Kafka
67e1c3bf3224ef1ddaea88c0,1742848786,64867.8666,1742848838,12867.8666,Kafka
67e1c3bf3224ef1ddaea88c1,1742848786,64869.2893,1742848838,12869.2893,Kafka
67e1c3bf3224ef1ddaea88c2,1742848786,64897.3136,1742848838,12897.3136,Kafka
67e1c3bf3224ef1ddaea88c3,1742848786,64926.8625,1742848838,12926.8625,Kafka
67e1c3bf3224ef1ddaea88c4,1742848786,64928.8599,1742848838,12928.8599,Kafka
67e1c3bf3224ef1ddaea88c5,1742848786,64930.2099,1742848838,12930.2099,Kafka
67e1c3bf3224ef1ddaea88c6,1742848786,64931.6214,1742848838,12931.6214,Kafka
67e1c3bf3224ef1ddaea88c7,1742848786,64957.9499,1742848838,12957.9499,Kafka
67e1c3bf3224ef1ddaea88c8,1742848786,65018.991,1742848838,13018.991,Kafka
67e1c3bf3224ef1ddaea88c9,1742848786,65052.7061,1742848838,13052.7061,Kafka
67e1c3bf3224ef1ddaea88ca,1742848786,65112.0181,1742848838,13112.0181,Kafka
67e1c3bf3224ef1ddaea88cb,1742848786,65114.1085,1742848838,13114.1085,Kafka
67e1c3bf3224ef1ddaea88cc,1742848786,65143.849,1742848838,13143.849,Kafka
67e1c3bf3224ef1ddaea88cd,1742848786,65145.9046,1742848838,13145.9046,Kafka
67e1c3bf3224ef1ddaea88ce,1742848786,65173.9004,1742848838,13173.9004,Kafka
67e1c3bf3224ef1ddaea88cf,1742848786,65205.0174,1742848838,13205.0174,Kafka
67e1c3bf3224ef1ddaea88d0,1742848786,65207.0255,1742848838,13207.0255,Kafka
67e1c3bf3224ef1ddaea88d1,1742848786,65208.5833,1742848838,13208.5833,Kafka
67e1c3bf3224ef1ddaea88d2,1742848786,65236.8863,1742848838,13236.8863,Kafka
67e1c3bf3224ef1ddaea88d3,1742848786,65238.9729,1742848838,13238.9729,Kafka
67e1c3bf3224ef1ddaea88d4,1742848786,65240.3587,1742848838,13240.3587,Kafka
67e1c3bf3224ef1ddaea88d5,1742848786,65297.9355,1742848838,13297.9355,Kafka
67e1c3bf3224ef1ddaea88d6,1742848786,65330.1546,1742848838,13330.1546,Kafka
67e1c3bf3224ef1ddaea88d7,1742848786,65360.9152,1742848838,13360.9152,Kafka
67e1c3bf3224ef1ddaea88d8,1742848786,65363.2945,1742848838,13363.2945,Kafka
67e1c3bf3224ef1ddaea88d9,1742848786,65392.0114,1742848838,13392.0114,Kafka
67e1c3bf3224ef1ddaea88da,1742848786,65394.2195,1742848838,13394.2195,Kafka
67e1c3bf3224ef1ddaea88db,1742848786,65422.8212,1742848838,13422.8212,Kafka
67e1c3bf3224ef1ddaea88dc,1742848786,65424.7083,1742848838,13424.7083,Kafka
67e1c3bf3224ef1ddaea88dd,1742848786,65426.1419,1742848838,13426.1419,Kafka
67e1c3bf3224ef1ddaea88de,1742848786,65452.9756,1742848838,13452.9756,Kafka
67e1c3bf3224ef1ddaea88df,1742848786,65454.7066,1742848838,13454.7066,Kafka
67e1c3bf3224ef1ddaea88e0,1742848786,65484.8875,1742848838,13484.8875,Kafka
67e1c3bf3224ef1ddaea88e1,1742848786,65514.9694,1742848838,13514.9694,Kafka
67e1c3bf3224ef1ddaea88e2,1742848786,65516.7108,1742848838,13516.7108,Kafka
67e1c3bf3224ef1ddaea88e3,1742848786,65547.0836,1742848838,13547.0836,Kafka
67e1c3bf3224ef1ddaea88e4,1742848786,65608.156,1742848838,13608.156,Kafka
67e1c3bf3224ef1ddaea88e5,1742848786,65639.0192,1742848838,13639.0192,Kafka
67e1c3bf3224ef1ddaea88e6,1742848786,65641.2104,1742848838,13641.2104,Kafka
67e1c3bf3224ef1ddaea88e7,1742848786,65642.8761,1742848838,13642.8761,Kafka
67e1c3bf3224ef1ddaea88e8,1742848786,65644.4043,1742848838,13644.4043,Kafka
67e1c3bf3224ef1ddaea88e9,1742848786,65701.052,1742848838,13701.052,Kafka
67e1c3bf3224ef1ddaea88ea,1742848786,65733.0356,1742848838,13733.0356,Kafka
67e1c3bf3224ef1ddaea88eb,1742848786,65763.0025,1742848838,13763.0025,Kafka
67e1c3bf3224ef1ddaea88ec,1742848786,65765.2988,1742848838,13765.2988,Kafka
67e1c3bf3224ef1ddaea88ed,1742848786,65793.9808,1742848838,13793.9808,Kafka
67e1c3bf3224ef1ddaea88ee,1742848786,65796.1552,1742848838,13796.1552,Kafka
67e1c3bf3224ef1ddaea88ef,1742848786,65797.5976,1742848838,13797.5976,Kafka
67e1c3bf3224ef1ddaea88f0,1742848786,65856.2076,1742848838,13856.2076,Kafka
67e1c3bf3224ef1ddaea88f1,1742848786,65886.9777,1742848838,13886.9777,Kafka
67e1c3bf3224ef1ddaea88f2,1742848786,65917.956,1742848838,13917.956,Kafka
67e1c3bf3224ef1ddaea88f3,1742848786,65949.8943,1742848838,13949.8943,Kafka
67e1c3bf3224ef1ddaea88f4,1742848786,66011.0577,1742848838,14011.0577,Kafka
67e1c3bf3224ef1ddaea8875,1742848786,63441.225,1742848837,12441.225,Kafka
67e1c3bf3224ef1ddaea8876,1742848786,63442.7988,1742848837,12442.7988,Kafka
67e1c3bf3224ef1ddaea8877,1742848786,63470.025,1742848837,12470.025,Kafka
67e1c3bf3224ef1ddaea8878,1742848786,63471.9788,1742848837,12471.9788,Kafka
67e1c3bf3224ef1ddaea8879,1742848786,63501.0402,1742848837,12501.0402,Kafka
67e1c3bf3224ef1ddaea887a,1742848786,63533.1286,1742848837,12533.1286,Kafka
67e1c3bf3224ef1ddaea887b,1742848786,63564.2984,1742848837,12564.2984,Kafka
67e1c3bf3224ef1ddaea887c,1742848786,63567.2861,1742848837,12567.2861,Kafka
67e1c3bf3224ef1ddaea887d,1742848786,63593.9105,1742848837,12593.9105,Kafka
67e1c3bf3224ef1ddaea887e,1742848786,63595.9473,1742848837,12595.9473,Kafka
67e1c3bf3224ef1ddaea887f,1742848786,63597.386,1742848837,12597.386,Kafka
67e1c3bf3224ef1ddaea8880,1742848786,63598.794,1742848837,12598.794,Kafka
67e1c3bf3224ef1ddaea8881,1742848786,63600.1674,1742848837,12600.1674,Kafka
67e1c3bf3224ef1ddaea8882,1742848786,63601.7514,1742848837,12601.7514,Kafka
67e1c3bf3224ef1ddaea8883,1742848786,63624.8695,1742848837,12624.8695,Kafka
67e1c3bf3224ef1ddaea8884,1742848786,63626.8125,1742848837,12626.8125,Kafka
67e1c3bf3224ef1ddaea8885,1742848786,63686.0591,1742848837,12686.0591,Kafka
67e1c3bf3224ef1ddaea8886,1742848786,63717.8891,1742848837,12717.8891,Kafka
67e1c3bf3224ef1ddaea8887,1742848786,63719.9403,1742848837,12719.9403,Kafka
67e1c3bf3224ef1ddaea8888,1742848786,63779.1146,1742848837,12779.1146,Kafka
67e1c3bf3224ef1ddaea8889,1742848786,63781.1574,1742848837,12781.1574,Kafka
67e1c3bf3224ef1ddaea888a,1742848786,63810.9294,1742848837,12810.9294,Kafka
67e1c3bf3224ef1ddaea888b,1742848786,63843.8219,1742848837,12843.8219,Kafka
67e1c3bf3224ef1ddaea888c,1742848786,63872.9863,1742848837,12872.9863,Kafka
67e1c3bf3224ef1ddaea888d,1742848786,63874.8768,1742848837,12874.8768,Kafka
67e1c3bf3224ef1ddaea888e,1742848786,63904.1788,1742848837,12904.1788,Kafka
67e1c3bf3224ef1ddaea888f,1742848786,63906.5662,1742848837,12906.5662,Kafka
67e1c3bf3224ef1ddaea8890,1742848786,63934.3945,1742848837,12934.3945,Kafka
67e1c3bf3224ef1ddaea8891,1742848786,63936.7137,1742848837,12936.7137,Kafka
67e1c3bf3224ef1ddaea8892,1742848786,63938.2393,1742848837,12938.2393,Kafka
67e1c3bf3224ef1ddaea8893,1742848786,63966.2767,1742848837,12966.2767,Kafka
67e1c3bf3224ef1ddaea8894,1742848786,63996.1786,1742848837,12996.1786,Kafka
67e1c3bf3224ef1ddaea8895,1742848786,64028.0651,1742848837,13028.0651,Kafka
67e1c3bf3224ef1ddaea8896,1742848786,64058.0956,1742848837,13058.0956,Kafka
67e1c3bf3224ef1ddaea8897,1742848786,64060.1215,1742848837,13060.1215,Kafka
67e1c3bf3224ef1ddaea8898,1742848786,64061.5255,1742848837,13061.5255,Kafka
67e1c3bf3224ef1ddaea8899,1742848786,64090.0639,1742848837,13090.0639,Kafka
67e1c3bf3224ef1ddaea889a,1742848786,64120.1248,1742848837,13120.1248,Kafka
67e1c3bf3224ef1ddaea889b,1742848786,64121.8307,1742848837,13121.8307,Kafka
67e1c3bf3224ef1ddaea889c,1742848786,64152.2267,1742848837,13152.2267,Kafka
67e1c3bf3224ef1ddaea889d,1742848786,64154.7476,1742848837,13154.7476,Kafka
67e1c3bf3224ef1ddaea889e,1742848786,64156.1278,1742848837,13156.1278,Kafka
67e1c3bf3224ef1ddaea889f,1742848786,64157.4604,1742848837,13157.4604,Kafka
67e1c3bf3224ef1ddaea88a0,1742848786,64183.0569,1742848837,13183.0569,Kafka
67e1c3bf3224ef1ddaea88a1,1742848786,64212.8813,1742848837,13212.8813,Kafka
67e1c3bf3224ef1ddaea88a2,1742848786,64244.8768,1742848837,13244.8768,Kafka
67e1c3bf3224ef1ddaea88a3,1742848786,64274.8736,1742848837,13274.8736,Kafka
67e1c3bf3224ef1ddaea88a4,1742848786,64306.8503,1742848837,13306.8503,Kafka
67e1c3bf3224ef1ddaea88a5,1742848786,64338.1779,1742848837,13338.1779,Kafka
67e1c3bf3224ef1ddaea88a6,1742848786,64368.5878,1742848837,13368.5878,Kafka
67e1c3bf3224ef1ddaea88a7,1742848786,64429.8055,1742848837,13429.8055,Kafka
67e1c3bf3224ef1ddaea88a8,1742848786,64461.872,1742848837,13461.872,Kafka
67e1c3bf3224ef1ddaea88a9,1742848786,64491.861,1742848837,13491.861,Kafka
67e1c3bf3224ef1ddaea88aa,1742848786,64493.7231,1742848837,13493.7231,Kafka
67e1c3bf3224ef1ddaea88ab,1742848786,64523.7393,1742848837,13523.7393,Kafka
67e1c3bf3224ef1ddaea88ac,1742848786,64525.4785,1742848837,13525.4785,Kafka
67e1c3bf3224ef1ddaea88ad,1742848786,64553.856,1742848837,13553.856,Kafka
67e1c3bf3224ef1ddaea88ae,1742848786,64585.7366,1742848837,13585.7366,Kafka
67e1c3bf3224ef1ddaea88af,1742848786,64587.6895,1742848837,13587.6895,Kafka
67e1c3bf3224ef1ddaea88b0,1742848786,64589.075,1742848837,13589.075,Kafka
67e1c3bf3224ef1ddaea88b1,1742848786,64646.9755,1742848837,13646.9755,Kafka
67e1c3bf3224ef1ddaea88b2,1742848786,64649.4959,1742848837,13649.4959,Kafka
67e1c3bf3224ef1ddaea88b3,1742848786,64651.2611,1742848837,13651.2611,Kafka
67e1c3bf3224ef1ddaea8834,1742848786,61860.0399,1742848836,11860.0399,Kafka
67e1c3bf3224ef1ddaea8835,1742848786,61890.2413,1742848836,11890.2413,Kafka
67e1c3bf3224ef1ddaea8836,1742848786,61919.3682,1742848836,11919.3682,Kafka
67e1c3bf3224ef1ddaea8837,1742848786,61950.3405,1742848836,11950.3405,Kafka
67e1c3bf3224ef1ddaea8838,1742848786,61982.3609,1742848836,11982.3609,Kafka
67e1c3bf3224ef1ddaea8839,1742848786,62012.4488,1742848836,12012.4488,Kafka
67e1c3bf3224ef1ddaea883a,1742848786,62044.1984,1742848836,12044.1984,Kafka
67e1c3bf3224ef1ddaea883b,1742848786,62075.3947,1742848836,12075.3947,Kafka
67e1c3bf3224ef1ddaea883c,1742848786,62136.4012,1742848836,12136.4012,Kafka
67e1c3bf3224ef1ddaea883d,1742848786,62138.6185,1742848836,12138.6185,Kafka
67e1c3bf3224ef1ddaea883e,1742848786,62169.9646,1742848836,12169.9646,Kafka
67e1c3bf3224ef1ddaea883f,1742848786,62171.5869,1742848836,12171.5869,Kafka
67e1c3bf3224ef1ddaea8840,1742848786,62199.4069,1742848836,12199.4069,Kafka
67e1c3bf3224ef1ddaea8841,1742848786,62229.3982,1742848836,12229.3982,Kafka
67e1c3bf3224ef1ddaea8842,1742848786,62261.2647,1742848836,12261.2647,Kafka
67e1c3bf3224ef1ddaea8843,1742848786,62263.2398,1742848836,12263.2398,Kafka
67e1c3bf3224ef1ddaea8844,1742848786,62298.6812,1742848836,12298.6812,Kafka
67e1c3bf3224ef1ddaea8845,1742848786,62300.5445,1742848836,12300.5445,Kafka
67e1c3bf3224ef1ddaea8846,1742848786,62323.4551,1742848836,12323.4551,Kafka
67e1c3bf3224ef1ddaea8847,1742848786,62354.7198,1742848836,12354.7198,Kafka
67e1c3bf3224ef1ddaea8848,1742848786,62415.4081,1742848836,12415.4081,Kafka
67e1c3bf3224ef1ddaea8849,1742848786,62447.7487,1742848836,12447.7487,Kafka
67e1c3bf3224ef1ddaea884a,1742848786,62449.7947,1742848836,12449.7947,Kafka
67e1c3bf3224ef1ddaea884b,1742848786,62477.3761,1742848836,12477.3761,Kafka
67e1c3bf3224ef1ddaea884c,1742848786,62508.3358,1742848836,12508.3358,Kafka
67e1c3bf3224ef1ddaea884d,1742848786,62570.355,1742848836,12570.355,Kafka
67e1c3bf3224ef1ddaea884e,1742848786,62632.3932,1742848836,12632.3932,Kafka
67e1c3bf3224ef1ddaea884f,1742848786,62663.3892,1742848836,12663.3892,Kafka
67e1c3bf3224ef1ddaea8850,1742848786,62695.3705,1742848836,12695.3705,Kafka
67e1c3bf3224ef1ddaea8851,1742848786,62698.3422,1742848836,12698.3422,Kafka
67e1c3bf3224ef1ddaea8852,1742848786,62725.468,1742848836,12725.468,Kafka
67e1c3bf3224ef1ddaea8853,1742848786,62757.2837,1742848836,12757.2837,Kafka
67e1c3bf3224ef1ddaea8854,1742848786,62759.3647,1742848836,12759.3647,Kafka
67e1c3bf3224ef1ddaea8855,1742848786,62760.782,1742848836,12760.782,Kafka
67e1c3bf3224ef1ddaea8856,1742848786,62762.2451,1742848836,12762.2451,Kafka
67e1c3bf3224ef1ddaea8857,1742848786,62763.6821,1742848836,12763.6821,Kafka
67e1c3bf3224ef1ddaea8858,1742848786,62765.181,1742848836,12765.181,Kafka
67e1c3bf3224ef1ddaea8859,1742848786,62787.3607,1742848836,12787.3607,Kafka
67e1c3bf3224ef1ddaea885a,1742848786,62789.5659,1742848836,12789.5659,Kafka
67e1c3bf3224ef1ddaea885b,1742848786,62818.3913,1742848836,12818.3913,Kafka
67e1c3bf3224ef1ddaea885c,1742848786,62820.3353,1742848836,12820.3353,Kafka
67e1c3bf3224ef1ddaea885d,1742848786,62850.95,1742848836,12850.95,Kafka
67e1c3bf3224ef1ddaea885e,1742848786,62881.2621,1742848836,12881.2621,Kafka
67e1c3bf3224ef1ddaea885f,1742848786,62911.3977,1742848836,12911.3977,Kafka
67e1c3bf3224ef1ddaea8860,1742848786,62973.4131,1742848836,12973.4131,Kafka
67e1c3bf3224ef1ddaea8861,1742848786,63004.5295,1742848836,13004.5295,Kafka
67e1c3bf3224ef1ddaea8862,1742848786,63006.6066,1742848836,13006.6066,Kafka
67e1c3bf3224ef1ddaea8863,1742848786,63035.425,1742848836,13035.425,Kafka
67e1c3bf3224ef1ddaea8864,1742848786,63067.8001,1742848836,13067.8001,Kafka
67e1c3bf3224ef1ddaea8865,1742848786,63069.9809,1742848836,13069.9809,Kafka
67e1c3bf3224ef1ddaea8866,1742848786,63071.3854,1742848836,13071.3854,Kafka
67e1c3bf3224ef1ddaea8867,1742848786,63097.3545,1742848836,13097.3545,Kafka
67e1c3bf3224ef1ddaea8868,1742848786,63129.8026,1742848836,13129.8026,Kafka
67e1c3bf3224ef1ddaea8869,1742848786,63159.5636,1742848836,13159.5636,Kafka
67e1c3bf3224ef1ddaea886a,1742848786,63221.5804,1742848836,13221.5804,Kafka
67e1c3bf3224ef1ddaea886b,1742848786,63252.6427,1742848836,13252.6427,Kafka
67e1c3bf3224ef1ddaea886c,1742848786,63255.6329,1742848836,13255.6329,Kafka
67e1c3bf3224ef1ddaea886d,1742848786,63257.0111,1742848836,13257.0111,Kafka
67e1c3bf3224ef1ddaea886e,1742848786,63284.5125,1742848836,13284.5125,Kafka
67e1c3bf3224ef1ddaea886f,1742848786,63345.1655,1742848836,13345.1655,Kafka
67e1c3bf3224ef1ddaea8870,1742848786,63347.2784,1742848836,13347.2784,Kafka
67e1c3bf3224ef1ddaea8871,1742848786,63376.1967,1742848836,13376.1967,Kafka
67e1c3bf3224ef1ddaea8872,1742848786,63408.0735,1742848836,13408.0735,Kafka
67e1c3bf3224ef1ddaea8873,1742848786,63410.3605,1742848836,13410.3605,Kafka
67e1c3bf3224ef1ddaea8874,1742848786,63438.1883,1742848836,13438.1883,Kafka
67e1c3bf3224ef1ddaea87f5,1742848786,60401.2084,1742848835,11401.2084,Kafka
67e1c3bf3224ef1ddaea87f6,1742848786,60431.5662,1742848835,11431.5662,Kafka
67e1c3bf3224ef1ddaea87f7,1742848786,60434.5702,1742848835,11434.5702,Kafka
67e1c3bf3224ef1ddaea87f8,1742848786,60436.9906,1742848835,11436.9906,Kafka
67e1c3bf3224ef1ddaea87f9,1742848786,60439.1079,1742848835,11439.1079,Kafka
67e1c3bf3224ef1ddaea87fa,1742848786,60493.2365,1742848835,11493.2365,Kafka
67e1c3bf3224ef1ddaea87fb,1742848786,60525.3025,1742848835,11525.3025,Kafka
67e1c3bf3224ef1ddaea87fc,1742848786,60555.2317,1742848835,11555.2317,Kafka
67e1c3bf3224ef1ddaea87fd,1742848786,60617.2774,1742848835,11617.2774,Kafka
67e1c3bf3224ef1ddaea87fe,1742848786,60679.3448,1742848835,11679.3448,Kafka
67e1c3bf3224ef1ddaea87ff,1742848786,60741.5963,1742848835,11741.5963,Kafka
67e1c3bf3224ef1ddaea8800,1742848786,60744.0595,1742848835,11744.0595,Kafka
67e1c3bf3224ef1ddaea8801,1742848786,60745.4668,1742848835,11745.4668,Kafka
67e1c3bf3224ef1ddaea8802,1742848786,60746.932,1742848835,11746.932,Kafka
67e1c3bf3224ef1ddaea8803,1742848786,60773.7056,1742848835,11773.7056,Kafka
67e1c3bf3224ef1ddaea8804,1742848786,60804.2312,1742848835,11804.2312,Kafka
67e1c3bf3224ef1ddaea8805,1742848786,60835.4308,1742848835,11835.4308,Kafka
67e1c3bf3224ef1ddaea8806,1742848786,60837.6194,1742848835,11837.6194,Kafka
67e1c3bf3224ef1ddaea8807,1742848786,60839.1379,1742848835,11839.1379,Kafka
67e1c3bf3224ef1ddaea8808,1742848786,60840.5703,1742848835,11840.5703,Kafka
67e1c3bf3224ef1ddaea8809,1742848786,60866.4657,1742848835,11866.4657,Kafka
67e1c3bf3224ef1ddaea880a,1742848786,60896.4476,1742848835,11896.4476,Kafka
67e1c3bf3224ef1ddaea880b,1742848786,60927.1954,1742848835,11927.1954,Kafka
67e1c3bf3224ef1ddaea880c,1742848786,60929.3752,1742848835,11929.3752,Kafka
67e1c3bf3224ef1ddaea880d,1742848786,60931.3525,1742848835,11931.3525,Kafka
67e1c3bf3224ef1ddaea880e,1742848786,60932.8228,1742848835,11932.8228,Kafka
67e1c3bf3224ef1ddaea880f,1742848786,60959.6692,1742848835,11959.6692,Kafka
67e1c3bf3224ef1ddaea8810,1742848786,61020.1803,1742848835,12020.1803,Kafka
67e1c3bf3224ef1ddaea8811,1742848786,61022.6262,1742848835,12022.6262,Kafka
67e1c3bf3224ef1ddaea8812,1742848786,61024.1894,1742848835,12024.1894,Kafka
67e1c3bf3224ef1ddaea8813,1742848786,61052.2221,1742848835,12052.2221,Kafka
67e1c3bf3224ef1ddaea8814,1742848786,61054.3954,1742848835,12054.3954,Kafka
67e1c3bf3224ef1ddaea8815,1742848786,61089.4483,1742848835,12089.4483,Kafka
67e1c3bf3224ef1ddaea8816,1742848786,61091.1366,1742848835,12091.1366,Kafka
67e1c3bf3224ef1ddaea8817,1742848786,61144.4158,1742848835,12144.4158,Kafka
67e1c3bf3224ef1ddaea8818,1742848786,61147.0093,1742848835,12147.0093,Kafka
67e1c3bf3224ef1ddaea8819,1742848786,61206.2406,1742848835,12206.2406,Kafka
67e1c3bf3224ef1ddaea881a,1742848786,61208.6411,1742848835,12208.6411,Kafka
67e1c3bf3224ef1ddaea881b,1742848786,61210.2054,1742848835,12210.2054,Kafka
67e1c3bf3224ef1ddaea881c,1742848786,61237.2299,1742848835,12237.2299,Kafka
67e1c3bf3224ef1ddaea881d,1742848786,61240.0039,1742848835,12240.0039,Kafka
67e1c3bf3224ef1ddaea881e,1742848786,61299.2405,1742848835,12299.2405,Kafka
67e1c3bf3224ef1ddaea881f,1742848786,61330.2153,1742848835,12330.2153,Kafka
67e1c3bf3224ef1ddaea8820,1742848786,61332.2788,1742848835,12332.2788,Kafka
67e1c3bf3224ef1ddaea8821,1742848786,61333.6264,1742848835,12333.6264,Kafka
67e1c3bf3224ef1ddaea8822,1742848786,61334.968,1742848835,12334.968,Kafka
67e1c3bf3224ef1ddaea8823,1742848786,61361.323,1742848835,12361.323,Kafka
67e1c3bf3224ef1ddaea8824,1742848786,61393.5826,1742848835,12393.5826,Kafka
67e1c3bf3224ef1ddaea8825,1742848786,61424.6136,1742848835,12424.6136,Kafka
67e1c3bf3224ef1ddaea8826,1742848786,61454.2315,1742848835,12454.2315,Kafka
67e1c3bf3224ef1ddaea8827,1742848786,61486.2136,1742848835,12486.2136,Kafka
67e1c3bf3224ef1ddaea8828,1742848786,61489.0199,1742848835,12489.0199,Kafka
67e1c3bf3224ef1ddaea8829,1742848786,61547.3021,1742848835,12547.3021,Kafka
67e1c3bf3224ef1ddaea882a,1742848786,61609.3519,1742848835,12609.3519,Kafka
67e1c3bf3224ef1ddaea882b,1742848786,61640.2749,1742848835,12640.2749,Kafka
67e1c3bf3224ef1ddaea882c,1742848786,61702.3151,1742848835,12702.3151,Kafka
67e1c3bf3224ef1ddaea882d,1742848786,61734.4933,1742848835,12734.4933,Kafka
67e1c3bf3224ef1ddaea882e,1742848786,61765.3495,1742848835,12765.3495,Kafka
67e1c3bf3224ef1ddaea882f,1742848786,61767.9581,1742848835,12767.9581,Kafka
67e1c3bf3224ef1ddaea8830,1742848786,61795.1943,1742848835,12795.1943,Kafka
67e1c3bf3224ef1ddaea8831,1742848786,61797.2409,1742848835,12797.2409,Kafka
67e1c3bf3224ef1ddaea8832,1742848786,61798.6144,1742848835,12798.6144,Kafka
67e1c3bf3224ef1ddaea8833,1742848786,61857.4637,1742848835,12857.4637,Kafka
67e1c3bf3224ef1ddaea87b4,1742848786,58757.1878,1742848834,10757.1878,Kafka
67e1c3bf3224ef1ddaea87b5,1742848786,58789.4829,1742848834,10789.4829,Kafka
67e1c3bf3224ef1ddaea87b6,1742848786,58820.1993,1742848834,10820.1993,Kafka
67e1c3bf3224ef1ddaea87b7,1742848786,58850.3761,1742848834,10850.3761,Kafka
67e1c3bf3224ef1ddaea87b8,1742848786,58852.975,1742848834,10852.975,Kafka
67e1c3bf3224ef1ddaea87b9,1742848786,58854.5401,1742848834,10854.5401,Kafka
67e1c3bf3224ef1ddaea87ba,1742848786,58881.2177,1742848834,10881.2177,Kafka
67e1c3bf3224ef1ddaea87bb,1742848786,58883.4253,1742848834,10883.4253,Kafka
67e1c3bf3224ef1ddaea87bc,1742848786,58884.8935,1742848834,10884.8935,Kafka
67e1c3bf3224ef1ddaea87bd,1742848786,58886.2967,1742848834,10886.2967,Kafka
67e1c3bf3224ef1ddaea87be,1742848786,58913.3383,1742848834,10913.3383,Kafka
67e1c3bf3224ef1ddaea87bf,1742848786,58915.354,1742848834,10915.354,Kafka
67e1c3bf3224ef1ddaea87c0,1742848786,58916.7236,1742848834,10916.7236,Kafka
67e1c3bf3224ef1ddaea87c1,1742848786,58918.0757,1742848834,10918.0757,Kafka
67e1c3bf3224ef1ddaea87c2,1742848786,58919.3248,1742848834,10919.3248,Kafka
67e1c3bf3224ef1ddaea87c3,1742848786,58943.4716,1742848834,10943.4716,Kafka
67e1c3bf3224ef1ddaea87c4,1742848786,58974.4836,1742848834,10974.4836,Kafka
67e1c3bf3224ef1ddaea87c5,1742848786,59036.2088,1742848834,11036.2088,Kafka
67e1c3bf3224ef1ddaea87c6,1742848786,59038.3141,1742848834,11038.3141,Kafka
67e1c3bf3224ef1ddaea87c7,1742848786,59098.2671,1742848834,11098.2671,Kafka
67e1c3bf3224ef1ddaea87c8,1742848786,59100.5022,1742848834,11100.5022,Kafka
67e1c3bf3224ef1ddaea87c9,1742848786,59130.2237,1742848834,11130.2237,Kafka
67e1c3bf3224ef1ddaea87ca,1742848786,59191.2785,1742848834,11191.2785,Kafka
67e1c3bf3224ef1ddaea87cb,1742848786,59253.2112,1742848834,11253.2112,Kafka
67e1c3bf3224ef1ddaea87cc,1742848786,59284.2337,1742848834,11284.2337,Kafka
67e1c3bf3224ef1ddaea87cd,1742848786,59346.2741,1742848834,11346.2741,Kafka
67e1c3bf3224ef1ddaea87ce,1742848786,59408.2572,1742848834,11408.2572,Kafka
67e1c3bf3224ef1ddaea87cf,1742848786,59439.2874,1742848834,11439.2874,Kafka
67e1c3bf3224ef1ddaea87d0,1742848786,59470.4263,1742848834,11470.4263,Kafka
67e1c3bf3224ef1ddaea87d1,1742848786,59502.1679,1742848834,11502.1679,Kafka
67e1c3bf3224ef1ddaea87d2,1742848786,59504.1624,1742848834,11504.1624,Kafka
67e1c3bf3224ef1ddaea87d3,1742848786,59505.5297,1742848834,11505.5297,Kafka
67e1c3bf3224ef1ddaea87d4,1742848786,59506.8369,1742848834,11506.8369,Kafka
67e1c3bf3224ef1ddaea87d5,1742848786,59563.2824,1742848834,11563.2824,Kafka
67e1c3bf3224ef1ddaea87d6,1742848786,59625.3128,1742848834,11625.3128,Kafka
67e1c3bf3224ef1ddaea87d7,1742848786,59627.5621,1742848834,11627.5621,Kafka
67e1c3bf3224ef1ddaea87d8,1742848786,59628.9433,1742848834,11628.9433,Kafka
67e1c3bf3224ef1ddaea87d9,1742848786,59656.3232,1742848834,11656.3232,Kafka
67e1c3bf3224ef1ddaea87da,1742848786,59688.67,1742848834,11688.67,Kafka
67e1c3bf3224ef1ddaea87db,1742848786,59691.0032,1742848834,11691.0032,Kafka
67e1c3bf3224ef1ddaea87dc,1742848786,59749.5694,1742848834,11749.5694,Kafka
67e1c3bf3224ef1ddaea87dd,1742848786,59780.3519,1742848834,11780.3519,Kafka
67e1c3bf3224ef1ddaea87de,1742848786,59817.1115,1742848834,11817.1115,Kafka
67e1c3bf3224ef1ddaea87df,1742848786,59843.6909,1742848834,11843.6909,Kafka
67e1c3bf3224ef1ddaea87e0,1742848786,59904.4384,1742848834,11904.4384,Kafka
67e1c3bf3224ef1ddaea87e1,1742848786,59936.7695,1742848834,11936.7695,Kafka
67e1c3bf3224ef1ddaea87e2,1742848786,59967.5578,1742848834,11967.5578,Kafka
67e1c3bf3224ef1ddaea87e3,1742848786,59997.4187,1742848834,11997.4187,Kafka
67e1c3bf3224ef1ddaea87e4,1742848786,60059.7879,1742848834,12059.7879,Kafka
67e1c3bf3224ef1ddaea87e5,1742848786,60091.42,1742848834,12091.42,Kafka
67e1c3bf3224ef1ddaea87e6,1742848786,60093.5451,1742848834,12093.5451,Kafka
67e1c3bf3224ef1ddaea87e7,1742848786,60122.2178,1742848834,12122.2178,Kafka
67e1c3bf3224ef1ddaea87e8,1742848786,60183.2678,1742848834,12183.2678,Kafka
67e1c3bf3224ef1ddaea87e9,1742848786,60185.0535,1742848834,12185.0535,Kafka
67e1c3bf3224ef1ddaea87ea,1742848786,60214.2193,1742848834,12214.2193,Kafka
67e1c3bf3224ef1ddaea87eb,1742848786,60216.4635,1742848834,12216.4635,Kafka
67e1c3bf3224ef1ddaea87ec,1742848786,60218.0833,1742848834,12218.0833,Kafka
67e1c3bf3224ef1ddaea87ed,1742848786,60246.0731,1742848834,12246.0731,Kafka
67e1c3bf3224ef1ddaea87ee,1742848786,60307.2448,1742848834,12307.2448,Kafka
67e1c3bf3224ef1ddaea87ef,1742848786,60338.1581,1742848834,12338.1581,Kafka
67e1c3bf3224ef1ddaea87f0,1742848786,60340.5102,1742848834,12340.5102,Kafka
67e1c3bf3224ef1ddaea87f1,1742848786,60342.1871,1742848834,12342.1871,Kafka
67e1c3bf3224ef1ddaea87f2,1742848786,60343.6261,1742848834,12343.6261,Kafka
67e1c3bf3224ef1ddaea87f3,1742848786,60370.1539,1742848834,12370.1539,Kafka
67e1c3bf3224ef1ddaea87f4,1742848786,60372.2866,1742848834,12372.2866,Kafka
67e1c3bf3224ef1ddaea8774,1742848786,57520.3665,1742848833,10520.3665,Kafka
67e1c3bf3224ef1ddaea8775,1742848786,57521.891,1742848833,10521.891,Kafka
67e1c3bf3224ef1ddaea8776,1742848786,57579.8787,1742848833,10579.8787,Kafka
67e1c3bf3224ef1ddaea8777,1742848786,57611.7992,1742848833,10611.7992,Kafka
67e1c3bf3224ef1ddaea8778,1742848786,57644.3916,1742848833,10644.3916,Kafka
67e1c3bf3224ef1ddaea8779,1742848786,57648.0644,1742848833,10648.0644,Kafka
67e1c3bf3224ef1ddaea877a,1742848786,57672.9315,1742848833,10672.9315,Kafka
67e1c3bf3224ef1ddaea877b,1742848786,57703.8941,1742848833,10703.8941,Kafka
67e1c3bf3224ef1ddaea877c,1742848786,57735.7083,1742848833,10735.7083,Kafka
67e1c3bf3224ef1ddaea877d,1742848786,57737.7542,1742848833,10737.7542,Kafka
67e1c3bf3224ef1ddaea877e,1742848786,57739.1328,1742848833,10739.1328,Kafka
67e1c3bf3224ef1ddaea877f,1742848786,57740.6467,1742848833,10740.6467,Kafka
67e1c3bf3224ef1ddaea8780,1742848786,57766.8241,1742848833,10766.8241,Kafka
67e1c3bf3224ef1ddaea8781,1742848786,57768.8426,1742848833,10768.8426,Kafka
67e1c3bf3224ef1ddaea8782,1742848786,57796.8929,1742848833,10796.8929,Kafka
67e1c3bf3224ef1ddaea8783,1742848786,57830.7105,1742848833,10830.7105,Kafka
67e1c3bf3224ef1ddaea8784,1742848786,57832.2715,1742848833,10832.2715,Kafka
67e1c3bf3224ef1ddaea8785,1742848786,57860.5607,1742848833,10860.5607,Kafka
67e1c3bf3224ef1ddaea8786,1742848786,57890.7665,1742848833,10890.7665,Kafka
67e1c3bf3224ef1ddaea8787,1742848786,57921.1426,1742848833,10921.1426,Kafka
67e1c3bf3224ef1ddaea8788,1742848786,57953.2457,1742848833,10953.2457,Kafka
67e1c3bf3224ef1ddaea8789,1742848786,57982.98,1742848833,10982.98,Kafka
67e1c3bf3224ef1ddaea878a,1742848786,58015.0089,1742848833,11015.0089,Kafka
67e1c3bf3224ef1ddaea878b,1742848786,58044.9992,1742848833,11044.9992,Kafka
67e1c3bf3224ef1ddaea878c,1742848786,58076.9071,1742848833,11076.9071,Kafka
67e1c3bf3224ef1ddaea878d,1742848786,58107.9587,1742848833,11107.9587,Kafka
67e1c3bf3224ef1ddaea878e,1742848786,58109.8937,1742848833,11109.8937,Kafka
67e1c3bf3224ef1ddaea878f,1742848786,58111.2398,1742848833,11111.2398,Kafka
67e1c3bf3224ef1ddaea8790,1742848786,58112.5988,1742848833,11112.5988,Kafka
67e1c3bf3224ef1ddaea8791,1742848786,58113.9433,1742848833,11113.9433,Kafka
67e1c3bf3224ef1ddaea8792,1742848786,58115.3804,1742848833,11115.3804,Kafka
67e1c3bf3224ef1ddaea8793,1742848786,58137.6263,1742848833,11137.6263,Kafka
67e1c3bf3224ef1ddaea8794,1742848786,58139.638,1742848833,11139.638,Kafka
67e1c3bf3224ef1ddaea8795,1742848786,58169.6765,1742848833,11169.6765,Kafka
67e1c3bf3224ef1ddaea8796,1742848786,58200.4396,1742848833,11200.4396,Kafka
67e1c3bf3224ef1ddaea8797,1742848786,58202.3308,1742848833,11202.3308,Kafka
67e1c3bf3224ef1ddaea8798,1742848786,58203.6735,1742848833,11203.6735,Kafka
67e1c3bf3224ef1ddaea8799,1742848786,58261.8568,1742848833,11261.8568,Kafka
67e1c3bf3224ef1ddaea879a,1742848786,58294.9371,1742848833,11294.9371,Kafka
67e1c3bf3224ef1ddaea879b,1742848786,58324.6393,1742848833,11324.6393,Kafka
67e1c3bf3224ef1ddaea879c,1742848786,58385.7164,1742848833,11385.7164,Kafka
67e1c3bf3224ef1ddaea879d,1742848786,58417.8359,1742848833,11417.8359,Kafka
67e1c3bf3224ef1ddaea879e,1742848786,58420.2559,1742848833,11420.2559,Kafka
67e1c3bf3224ef1ddaea879f,1742848786,58448.8567,1742848833,11448.8567,Kafka
67e1c3bf3224ef1ddaea87a0,1742848786,58450.8013,1742848833,11450.8013,Kafka
67e1c3bf3224ef1ddaea87a1,1742848786,58452.1065,1742848833,11452.1065,Kafka
67e1c3bf3224ef1ddaea87a2,1742848786,58453.5581,1742848833,11453.5581,Kafka
67e1c3bf3224ef1ddaea87a3,1742848786,58454.985,1742848833,11454.985,Kafka
67e1c3bf3224ef1ddaea87a4,1742848786,58509.7005,1742848833,11509.7005,Kafka
67e1c3bf3224ef1ddaea87a5,1742848786,58540.7399,1742848833,11540.7399,Kafka
67e1c3bf3224ef1ddaea87a6,1742848786,58573.5419,1742848833,11573.5419,Kafka
67e1c3bf3224ef1ddaea87a7,1742848786,58633.2634,1742848833,11633.2634,Kafka
67e1c3bf3224ef1ddaea87a8,1742848786,58635.6472,1742848833,11635.6472,Kafka
67e1c3bf3224ef1ddaea87a9,1742848786,58637.1478,1742848833,11637.1478,Kafka
67e1c3bf3224ef1ddaea87aa,1742848786,58695.213,1742848833,11695.213,Kafka
67e1c3bf3224ef1ddaea87ab,1742848786,58697.0438,1742848833,11697.0438,Kafka
67e1c3bf3224ef1ddaea87ac,1742848786,58698.9716,1742848833,11698.9716,Kafka
67e1c3bf3224ef1ddaea87ad,1742848786,58700.3885,1742848833,11700.3885,Kafka
67e1c3bf3224ef1ddaea87ae,1742848786,58701.7674,1742848833,11701.7674,Kafka
67e1c3bf3224ef1ddaea87af,1742848786,58726.2686,1742848833,11726.2686,Kafka
67e1c3bf3224ef1ddaea87b0,1742848786,58728.2581,1742848833,11728.2581,Kafka
67e1c3bf3224ef1ddaea87b1,1742848786,58729.7702,1742848833,11729.7702,Kafka
67e1c3bf3224ef1ddaea87b2,1742848786,58731.1175,1742848833,11731.1175,Kafka
67e1c3bf3224ef1ddaea87b3,1742848786,58732.5895,1742848833,11732.5895,Kafka
67e1c3bf3224ef1ddaea8733,1742848786,55890.4568,1742848832,9890.4568,Kafka
67e1c3bf3224ef1ddaea8734,1742848786,55892.4181,1742848832,9892.4181,Kafka
67e1c3bf3224ef1ddaea8735,1742848786,55922.542,1742848832,9922.542,Kafka
67e1c3bf3224ef1ddaea8736,1742848786,55952.4598,1742848832,9952.4598,Kafka
67e1c3bf3224ef1ddaea8737,1742848786,55984.6222,1742848832,9984.6222,Kafka
67e1c3bf3224ef1ddaea8738,1742848786,55986.5231,1742848832,9986.5231,Kafka
67e1c3bf3224ef1ddaea8739,1742848786,55988.0496,1742848832,9988.0496,Kafka
67e1c3bf3224ef1ddaea873a,1742848786,56014.4907,1742848832,10014.4907,Kafka
67e1c3bf3224ef1ddaea873b,1742848786,56076.6038,1742848832,10076.6038,Kafka
67e1c3bf3224ef1ddaea873c,1742848786,56078.9537,1742848832,10078.9537,Kafka
67e1c3bf3224ef1ddaea873d,1742848786,56107.5684,1742848832,10107.5684,Kafka
67e1c3bf3224ef1ddaea873e,1742848786,56169.605,1742848832,10169.605,Kafka
67e1c3bf3224ef1ddaea873f,1742848786,56202.0249,1742848832,10202.0249,Kafka
67e1c3bf3224ef1ddaea8740,1742848786,56231.4978,1742848832,10231.4978,Kafka
67e1c3bf3224ef1ddaea8741,1742848786,56293.5711,1742848832,10293.5711,Kafka
67e1c3bf3224ef1ddaea8742,1742848786,56326.5826,1742848832,10326.5826,Kafka
67e1c3bf3224ef1ddaea8743,1742848786,56386.6362,1742848832,10386.6362,Kafka
67e1c3bf3224ef1ddaea8744,1742848786,56418.5575,1742848832,10418.5575,Kafka
67e1c3bf3224ef1ddaea8745,1742848786,56450.8043,1742848832,10450.8043,Kafka
67e1c3bf3224ef1ddaea8746,1742848786,56452.9568,1742848832,10452.9568,Kafka
67e1c3bf3224ef1ddaea8747,1742848786,56454.5021,1742848832,10454.5021,Kafka
67e1c3bf3224ef1ddaea8748,1742848786,56510.7683,1742848832,10510.7683,Kafka
67e1c3bf3224ef1ddaea8749,1742848786,56541.7896,1742848832,10541.7896,Kafka
67e1c3bf3224ef1ddaea874a,1742848786,56603.5346,1742848832,10603.5346,Kafka
67e1c3bf3224ef1ddaea874b,1742848786,56635.5626,1742848832,10635.5626,Kafka
67e1c3bf3224ef1ddaea874c,1742848786,56666.5313,1742848832,10666.5313,Kafka
67e1c3bf3224ef1ddaea874d,1742848786,56696.5617,1742848832,10696.5617,Kafka
67e1c3bf3224ef1ddaea874e,1742848786,56698.7892,1742848832,10698.7892,Kafka
67e1c3bf3224ef1ddaea874f,1742848786,56700.7743,1742848832,10700.7743,Kafka
67e1c3bf3224ef1ddaea8750,1742848786,56758.5874,1742848832,10758.5874,Kafka
67e1c3bf3224ef1ddaea8751,1742848786,56789.6019,1742848832,10789.6019,Kafka
67e1c3bf3224ef1ddaea8752,1742848786,56821.7073,1742848832,10821.7073,Kafka
67e1c3bf3224ef1ddaea8753,1742848786,56851.8944,1742848832,10851.8944,Kafka
67e1c3bf3224ef1ddaea8754,1742848786,56854.6155,1742848832,10854.6155,Kafka
67e1c3bf3224ef1ddaea8755,1742848786,56856.0932,1742848832,10856.0932,Kafka
67e1c3bf3224ef1ddaea8756,1742848786,56857.4285,1742848832,10857.4285,Kafka
67e1c3bf3224ef1ddaea8757,1742848786,56858.864,1742848832,10858.864,Kafka
67e1c3bf3224ef1ddaea8758,1742848786,56860.2033,1742848832,10860.2033,Kafka
67e1c3bf3224ef1ddaea8759,1742848786,56861.4942,1742848832,10861.4942,Kafka
67e1c3bf3224ef1ddaea875a,1742848786,56898.1282,1742848832,10898.1282,Kafka
67e1c3bf3224ef1ddaea875b,1742848786,56900.3119,1742848832,10900.3119,Kafka
67e1c3bf3224ef1ddaea875c,1742848786,56901.6981,1742848832,10901.6981,Kafka
67e1c3bf3224ef1ddaea875d,1742848786,56930.1352,1742848832,10930.1352,Kafka
67e1c3bf3224ef1ddaea875e,1742848786,56961.1588,1742848832,10961.1588,Kafka
67e1c3bf3224ef1ddaea875f,1742848786,57022.1758,1742848832,11022.1758,Kafka
67e1c3bf3224ef1ddaea8760,1742848786,57024.257,1742848832,11024.257,Kafka
67e1c3bf3224ef1ddaea8761,1742848786,57025.9427,1742848832,11025.9427,Kafka
67e1c3bf3224ef1ddaea8762,1742848786,57027.3189,1742848832,11027.3189,Kafka
67e1c3bf3224ef1ddaea8763,1742848786,57053.1696,1742848832,11053.1696,Kafka
67e1c3bf3224ef1ddaea8764,1742848786,57055.3342,1742848832,11055.3342,Kafka
67e1c3bf3224ef1ddaea8765,1742848786,57084.3426,1742848832,11084.3426,Kafka
67e1c3bf3224ef1ddaea8766,1742848786,57115.1728,1742848832,11115.1728,Kafka
67e1c3bf3224ef1ddaea8767,1742848786,57177.2087,1742848832,11177.2087,Kafka
67e1c3bf3224ef1ddaea8768,1742848786,57209.5432,1742848832,11209.5432,Kafka
67e1c3bf3224ef1ddaea8769,1742848786,57239.2093,1742848832,11239.2093,Kafka
67e1c3bf3224ef1ddaea876a,1742848786,57241.4728,1742848832,11241.4728,Kafka
67e1c3bf3224ef1ddaea876b,1742848786,57301.2003,1742848832,11301.2003,Kafka
67e1c3bf3224ef1ddaea876c,1742848786,57332.8067,1742848832,11332.8067,Kafka
67e1c3bf3224ef1ddaea876d,1742848786,57338.6534,1742848832,11338.6534,Kafka
67e1c3bf3224ef1ddaea876e,1742848786,57340.4665,1742848832,11340.4665,Kafka
67e1c3bf3224ef1ddaea876f,1742848786,57394.1891,1742848832,11394.1891,Kafka
67e1c3bf3224ef1ddaea8770,1742848786,57455.915,1742848832,11455.915,Kafka
67e1c3bf3224ef1ddaea8771,1742848786,57487.0367,1742848832,11487.0367,Kafka
67e1c3bf3224ef1ddaea8772,1742848786,57489.6104,1742848832,11489.6104,Kafka
67e1c3bf3224ef1ddaea8773,1742848786,57517.8597,1742848832,11517.8597,Kafka
67e1c3be3224ef1ddaea86f5,1742848786,54650.6442,1742848831,9650.6442,Kafka
67e1c3be3224ef1ddaea86f6,1742848786,54681.4096,1742848831,9681.4096,Kafka
67e1c3be3224ef1ddaea86f7,1742848786,54683.7901,1742848831,9683.7901,Kafka
67e1c3be3224ef1ddaea86f8,1742848786,54713.1601,1742848831,9713.1601,Kafka
67e1c3be3224ef1ddaea86f9,1742848786,54743.4752,1742848831,9743.4752,Kafka
67e1c3be3224ef1ddaea86fa,1742848786,54775.2534,1742848831,9775.2534,Kafka
67e1c3be3224ef1ddaea86fb,1742848786,54777.2433,1742848831,9777.2433,Kafka
67e1c3be3224ef1ddaea86fc,1742848786,54806.5969,1742848831,9806.5969,Kafka
67e1c3bf3224ef1ddaea86fd,1742848786,54838.7908,1742848831,9838.7908,Kafka
67e1c3bf3224ef1ddaea86fe,1742848786,54870.9693,1742848831,9870.9693,Kafka
67e1c3bf3224ef1ddaea86ff,1742848786,54880.2591,1742848831,9880.2591,Kafka
67e1c3bf3224ef1ddaea8700,1742848786,54887.458,1742848831,9887.458,Kafka
67e1c3bf3224ef1ddaea8701,1742848786,54915.0209,1742848831,9915.0209,Kafka
67e1c3bf3224ef1ddaea8702,1742848786,54917.0972,1742848831,9917.0972,Kafka
67e1c3bf3224ef1ddaea8703,1742848786,54944.9172,1742848831,9944.9172,Kafka
67e1c3bf3224ef1ddaea8704,1742848786,54977.6224,1742848831,9977.6224,Kafka
67e1c3bf3224ef1ddaea8705,1742848786,54980.396,1742848831,9980.396,Kafka
67e1c3bf3224ef1ddaea8706,1742848786,55008.2605,1742848831,10008.2605,Kafka
67e1c3bf3224ef1ddaea8707,1742848786,55037.8938,1742848831,10037.8938,Kafka
67e1c3bf3224ef1ddaea8708,1742848786,55039.9793,1742848831,10039.9793,Kafka
67e1c3bf3224ef1ddaea8709,1742848786,55041.5168,1742848831,10041.5168,Kafka
67e1c3bf3224ef1ddaea870a,1742848786,55070.1177,1742848831,10070.1177,Kafka
67e1c3bf3224ef1ddaea870b,1742848786,55100.0731,1742848831,10100.0731,Kafka
67e1c3bf3224ef1ddaea870c,1742848786,55102.2753,1742848831,10102.2753,Kafka
67e1c3bf3224ef1ddaea870d,1742848786,55104.5306,1742848831,10104.5306,Kafka
67e1c3bf3224ef1ddaea870e,1742848786,55105.9219,1742848831,10105.9219,Kafka
67e1c3bf3224ef1ddaea870f,1742848786,55130.8988,1742848831,10130.8988,Kafka
67e1c3bf3224ef1ddaea8710,1742848786,55133.475,1742848831,10133.475,Kafka
67e1c3bf3224ef1ddaea8711,1742848786,55162.3162,1742848831,10162.3162,Kafka
67e1c3bf3224ef1ddaea8712,1742848786,55165.0825,1742848831,10165.0825,Kafka
67e1c3bf3224ef1ddaea8713,1742848786,55223.9459,1742848831,10223.9459,Kafka
67e1c3bf3224ef1ddaea8714,1742848786,55226.5093,1742848831,10226.5093,Kafka
67e1c3bf3224ef1ddaea8715,1742848786,55286.2419,1742848831,10286.2419,Kafka
67e1c3bf3224ef1ddaea8716,1742848786,55317.1904,1742848831,10317.1904,Kafka
67e1c3bf3224ef1ddaea8717,1742848786,55348.9187,1742848831,10348.9187,Kafka
67e1c3bf3224ef1ddaea8718,1742848786,55351.0068,1742848831,10351.0068,Kafka
67e1c3bf3224ef1ddaea8719,1742848786,55410.0605,1742848831,10410.0605,Kafka
67e1c3bf3224ef1ddaea871a,1742848786,55412.5904,1742848831,10412.5904,Kafka
67e1c3bf3224ef1ddaea871b,1742848786,55441.9887,1742848831,10441.9887,Kafka
67e1c3bf3224ef1ddaea871c,1742848786,55444.2781,1742848831,10444.2781,Kafka
67e1c3bf3224ef1ddaea871d,1742848786,55445.6484,1742848831,10445.6484,Kafka
67e1c3bf3224ef1ddaea871e,1742848786,55447.3832,1742848831,10447.3832,Kafka
67e1c3bf3224ef1ddaea871f,1742848786,55448.8575,1742848831,10448.8575,Kafka
67e1c3bf3224ef1ddaea8720,1742848786,55450.3353,1742848831,10450.3353,Kafka
67e1c3bf3224ef1ddaea8721,1742848786,55451.9181,1742848831,10451.9181,Kafka
67e1c3bf3224ef1ddaea8722,1742848786,55453.3426,1742848831,10453.3426,Kafka
67e1c3bf3224ef1ddaea8723,1742848786,55454.927,1742848831,10454.927,Kafka
67e1c3bf3224ef1ddaea8724,1742848786,55487.4832,1742848831,10487.4832,Kafka
67e1c3bf3224ef1ddaea8725,1742848786,55518.4694,1742848831,10518.4694,Kafka
67e1c3bf3224ef1ddaea8726,1742848786,55520.6086,1742848831,10520.6086,Kafka
67e1c3bf3224ef1ddaea8727,1742848786,55550.8678,1742848831,10550.8678,Kafka
67e1c3bf3224ef1ddaea8728,1742848786,55611.5719,1742848831,10611.5719,Kafka
67e1c3bf3224ef1ddaea8729,1742848786,55673.5067,1742848831,10673.5067,Kafka
67e1c3bf3224ef1ddaea872a,1742848786,55675.8968,1742848831,10675.8968,Kafka
67e1c3bf3224ef1ddaea872b,1742848786,55705.4191,1742848831,10705.4191,Kafka
67e1c3bf3224ef1ddaea872c,1742848786,55766.4363,1742848831,10766.4363,Kafka
67e1c3bf3224ef1ddaea872d,1742848786,55798.3509,1742848831,10798.3509,Kafka
67e1c3bf3224ef1ddaea872e,1742848786,55800.5145,1742848831,10800.5145,Kafka
67e1c3bf3224ef1ddaea872f,1742848786,55801.9168,1742848831,10801.9168,Kafka
67e1c3bf3224ef1ddaea8730,1742848786,55829.4362,1742848831,10829.4362,Kafka
67e1c3bf3224ef1ddaea8731,1742848786,55860.402,1742848831,10860.402,Kafka
67e1c3bf3224ef1ddaea8732,1742848786,55862.4831,1742848831,10862.4831,Kafka
67e1c3bb3224ef1ddaea86b4,1742848786,53460.0949,1742848830,9460.0949,Kafka
67e1c3bb3224ef1ddaea86b5,1742848786,53488.7716,1742848830,9488.7716,Kafka
67e1c3bb3224ef1ddaea86b6,1742848786,53518.9474,1742848830,9518.9474,Kafka
67e1c3bb3224ef1ddaea86b7,1742848786,53580.522,1742848830,9580.522,Kafka
67e1c3bb3224ef1ddaea86b8,1742848786,53611.6404,1742848830,9611.6404,Kafka
67e1c3bb3224ef1ddaea86b9,1742848786,53643.8913,1742848830,9643.8913,Kafka
67e1c3bb3224ef1ddaea86ba,1742848786,53675.1162,1742848830,9675.1162,Kafka
67e1c3bb3224ef1ddaea86bb,1742848786,53677.6824,1742848830,9677.6824,Kafka
67e1c3bb3224ef1ddaea86bc,1742848786,53679.3836,1742848830,9679.3836,Kafka
67e1c3bb3224ef1ddaea86bd,1742848786,53680.9066,1742848830,9680.9066,Kafka
67e1c3bb3224ef1ddaea86be,1742848786,53704.7031,1742848830,9704.7031,Kafka
67e1c3bc3224ef1ddaea86bf,1742848786,53737.1926,1742848830,9737.1926,Kafka
67e1c3bc3224ef1ddaea86c0,1742848786,53739.4166,1742848830,9739.4166,Kafka
67e1c3bc3224ef1ddaea86c1,1742848786,53740.9368,1742848830,9740.9368,Kafka
67e1c3bc3224ef1ddaea86c2,1742848786,53742.4262,1742848830,9742.4262,Kafka
67e1c3bc3224ef1ddaea86c3,1742848786,53766.6798,1742848830,9766.6798,Kafka
67e1c3bc3224ef1ddaea86c4,1742848786,53768.7315,1742848830,9768.7315,Kafka
67e1c3bc3224ef1ddaea86c5,1742848786,53770.2834,1742848830,9770.2834,Kafka
67e1c3bc3224ef1ddaea86c6,1742848786,53771.7874,1742848830,9771.7874,Kafka
67e1c3bc3224ef1ddaea86c7,1742848786,53799.3359,1742848830,9799.3359,Kafka
67e1c3bc3224ef1ddaea86c8,1742848786,53801.8786,1742848830,9801.8786,Kafka
67e1c3bc3224ef1ddaea86c9,1742848786,53803.4973,1742848830,9803.4973,Kafka
67e1c3bc3224ef1ddaea86ca,1742848786,53804.9235,1742848830,9804.9235,Kafka
67e1c3bc3224ef1ddaea86cb,1742848786,53806.5432,1742848830,9806.5432,Kafka
67e1c3bc3224ef1ddaea86cc,1742848786,53807.9465,1742848830,9807.9465,Kafka
67e1c3bc3224ef1ddaea86cd,1742848786,53809.3338,1742848830,9809.3338,Kafka
67e1c3bc3224ef1ddaea86ce,1742848786,53810.6837,1742848830,9810.6837,Kafka
67e1c3bc3224ef1ddaea86cf,1742848786,53812.0823,1742848830,9812.0823,Kafka
67e1c3bc3224ef1ddaea86d0,1742848786,53813.6085,1742848830,9813.6085,Kafka
67e1c3bc3224ef1ddaea86d1,1742848786,53815.5068,1742848830,9815.5068,Kafka
67e1c3bc3224ef1ddaea86d2,1742848786,53816.8818,1742848830,9816.8818,Kafka
67e1c3bc3224ef1ddaea86d3,1742848786,53846.2491,1742848830,9846.2491,Kafka
67e1c3bc3224ef1ddaea86d4,1742848786,53848.378,1742848830,9848.378,Kafka
67e1c3bc3224ef1ddaea86d5,1742848786,53906.2669,1742848830,9906.2669,Kafka
67e1c3bc3224ef1ddaea86d6,1742848786,53937.3255,1742848830,9937.3255,Kafka
67e1c3bc3224ef1ddaea86d7,1742848786,53968.3176,1742848830,9968.3176,Kafka
67e1c3bd3224ef1ddaea86d8,1742848786,54030.3048,1742848830,10030.3048,Kafka
67e1c3bd3224ef1ddaea86d9,1742848786,54062.4858,1742848830,10062.4858,Kafka
67e1c3bd3224ef1ddaea86da,1742848786,54064.5392,1742848830,10064.5392,Kafka
67e1c3bd3224ef1ddaea86db,1742848786,54093.9965,1742848830,10093.9965,Kafka
67e1c3bd3224ef1ddaea86dc,1742848786,54095.758,1742848830,10095.758,Kafka
67e1c3bd3224ef1ddaea86dd,1742848786,54097.5601,1742848830,10097.5601,Kafka
67e1c3bd3224ef1ddaea86de,1742848786,54123.6463,1742848830,10123.6463,Kafka
67e1c3bd3224ef1ddaea86df,1742848786,54155.2351,1742848830,10155.2351,Kafka
67e1c3bd3224ef1ddaea86e0,1742848786,54186.2945,1742848830,10186.2945,Kafka
67e1c3bd3224ef1ddaea86e1,1742848786,54188.4619,1742848830,10188.4619,Kafka
67e1c3bd3224ef1ddaea86e2,1742848786,54189.7988,1742848830,10189.7988,Kafka
67e1c3bd3224ef1ddaea86e3,1742848786,54191.2258,1742848830,10191.2258,Kafka
67e1c3bd3224ef1ddaea86e4,1742848786,54247.3359,1742848830,10247.3359,Kafka
67e1c3bd3224ef1ddaea86e5,1742848786,54249.3557,1742848830,10249.3557,Kafka
67e1c3bd3224ef1ddaea86e6,1742848786,54279.1553,1742848830,10279.1553,Kafka
67e1c3bd3224ef1ddaea86e7,1742848786,54281.4191,1742848830,10281.4191,Kafka
67e1c3bd3224ef1ddaea86e8,1742848786,54282.8188,1742848830,10282.8188,Kafka
67e1c3be3224ef1ddaea86e9,1742848786,54284.2388,1742848830,10284.2388,Kafka
67e1c3be3224ef1ddaea86ea,1742848786,54340.3116,1742848830,10340.3116,Kafka
67e1c3be3224ef1ddaea86eb,1742848786,54372.2643,1742848830,10372.2643,Kafka
67e1c3be3224ef1ddaea86ec,1742848786,54374.1327,1742848830,10374.1327,Kafka
67e1c3be3224ef1ddaea86ed,1742848786,54433.3873,1742848830,10433.3873,Kafka
67e1c3be3224ef1ddaea86ee,1742848786,54435.9461,1742848830,10435.9461,Kafka
67e1c3be3224ef1ddaea86ef,1742848786,54465.1966,1742848830,10465.1966,Kafka
67e1c3be3224ef1ddaea86f0,1742848786,54467.1914,1742848830,10467.1914,Kafka
67e1c3be3224ef1ddaea86f1,1742848786,54496.4351,1742848830,10496.4351,Kafka
67e1c3be3224ef1ddaea86f2,1742848786,54527.3908,1742848830,10527.3908,Kafka
67e1c3be3224ef1ddaea86f3,1742848786,54558.5102,1742848830,10558.5102,Kafka
67e1c3be3224ef1ddaea86f4,1742848786,54619.355,1742848830,10619.355,Kafka
67e1c3b83224ef1ddaea8678,1742848786,52184.9175,1742848829,9184.9175,Kafka
67e1c3b83224ef1ddaea8679,1742848786,52218.4133,1742848829,9218.4133,Kafka
67e1c3b83224ef1ddaea867a,1742848786,52247.9538,1742848829,9247.9538,Kafka
67e1c3b83224ef1ddaea867b,1742848786,52249.976,1742848829,9249.976,Kafka
67e1c3b83224ef1ddaea867c,1742848786,52251.5258,1742848829,9251.5258,Kafka
67e1c3b83224ef1ddaea867d,1742848786,52252.9799,1742848829,9252.9799,Kafka
67e1c3b83224ef1ddaea867e,1742848786,52277.9944,1742848829,9277.9944,Kafka
67e1c3b93224ef1ddaea867f,1742848786,52310.1205,1742848829,9310.1205,Kafka
67e1c3b93224ef1ddaea8680,1742848786,52371.0318,1742848829,9371.0318,Kafka
67e1c3b93224ef1ddaea8681,1742848786,52373.4875,1742848829,9373.4875,Kafka
67e1c3b93224ef1ddaea8682,1742848786,52402.9524,1742848829,9402.9524,Kafka
67e1c3b93224ef1ddaea8683,1742848786,52405.1626,1742848829,9405.1626,Kafka
67e1c3b93224ef1ddaea8684,1742848786,52434.067,1742848829,9434.067,Kafka
67e1c3b93224ef1ddaea8685,1742848786,52436.0648,1742848829,9436.0648,Kafka
67e1c3b93224ef1ddaea8686,1742848786,52437.4382,1742848829,9437.4382,Kafka
67e1c3b93224ef1ddaea8687,1742848786,52494.9132,1742848829,9494.9132,Kafka
67e1c3b93224ef1ddaea8688,1742848786,52527.5849,1742848829,9527.5849,Kafka
67e1c3b93224ef1ddaea8689,1742848786,52529.8246,1742848829,9529.8246,Kafka
67e1c3b93224ef1ddaea868a,1742848786,52531.2135,1742848829,9531.2135,Kafka
67e1c3b93224ef1ddaea868b,1742848786,52556.9709,1742848829,9556.9709,Kafka
67e1c3b93224ef1ddaea868c,1742848786,52559.0949,1742848829,9559.0949,Kafka
67e1c3b93224ef1ddaea868d,1742848786,52560.6363,1742848829,9560.6363,Kafka
67e1c3b93224ef1ddaea868e,1742848786,52561.9986,1742848829,9561.9986,Kafka
67e1c3b93224ef1ddaea868f,1742848786,52563.3681,1742848829,9563.3681,Kafka
67e1c3b93224ef1ddaea8690,1742848786,52589.9754,1742848829,9589.9754,Kafka
67e1c3b93224ef1ddaea8691,1742848786,52650.1699,1742848829,9650.1699,Kafka
67e1c3b93224ef1ddaea8692,1742848786,52681.0049,1742848829,9681.0049,Kafka
67e1c3b93224ef1ddaea8693,1742848786,52743.003,1742848829,9743.003,Kafka
67e1c3b93224ef1ddaea8694,1742848786,52775.0416,1742848829,9775.0416,Kafka
67e1c3b93224ef1ddaea8695,1742848786,52836.2548,1742848829,9836.2548,Kafka
67e1c3b93224ef1ddaea8696,1742848786,52838.6987,1742848829,9838.6987,Kafka
67e1c3b93224ef1ddaea8697,1742848786,52867.8083,1742848829,9867.8083,Kafka
67e1c3b93224ef1ddaea8698,1742848786,52899.6265,1742848829,9899.6265,Kafka
67e1c3b93224ef1ddaea8699,1742848786,52902.0409,1742848829,9902.0409,Kafka
67e1c3b93224ef1ddaea869a,1742848786,52959.9503,1742848829,9959.9503,Kafka
67e1c3b93224ef1ddaea869b,1742848786,52961.9798,1742848829,9961.9798,Kafka
67e1c3b93224ef1ddaea869c,1742848786,52963.4568,1742848829,9963.4568,Kafka
67e1c3ba3224ef1ddaea869d,1742848786,53022.0392,1742848829,10022.0392,Kafka
67e1c3ba3224ef1ddaea869e,1742848786,53055.1167,1742848829,10055.1167,Kafka
67e1c3ba3224ef1ddaea869f,1742848786,53084.5208,1742848829,10084.5208,Kafka
67e1c3ba3224ef1ddaea86a0,1742848786,53086.8515,1742848829,10086.8515,Kafka
67e1c3ba3224ef1ddaea86a1,1742848786,53088.3368,1742848829,10088.3368,Kafka
67e1c3ba3224ef1ddaea86a2,1742848786,53115.6979,1742848829,10115.6979,Kafka
67e1c3ba3224ef1ddaea86a3,1742848786,53118.3844,1742848829,10118.3844,Kafka
67e1c3ba3224ef1ddaea86a4,1742848786,53147.379,1742848829,10147.379,Kafka
67e1c3ba3224ef1ddaea86a5,1742848786,53149.3219,1742848829,10149.3219,Kafka
67e1c3ba3224ef1ddaea86a6,1742848786,53150.7541,1742848829,10150.7541,Kafka
67e1c3ba3224ef1ddaea86a7,1742848786,53152.1516,1742848829,10152.1516,Kafka
67e1c3ba3224ef1ddaea86a8,1742848786,53153.558,1742848829,10153.558,Kafka
67e1c3ba3224ef1ddaea86a9,1742848786,53154.9463,1742848829,10154.9463,Kafka
67e1c3ba3224ef1ddaea86aa,1742848786,53177.516,1742848829,10177.516,Kafka
67e1c3bb3224ef1ddaea86ab,1742848786,53209.4271,1742848829,10209.4271,Kafka
67e1c3bb3224ef1ddaea86ac,1742848786,53270.5916,1742848829,10270.5916,Kafka
67e1c3bb3224ef1ddaea86ad,1742848786,53332.4845,1742848829,10332.4845,Kafka
67e1c3bb3224ef1ddaea86ae,1742848786,53364.3703,1742848829,10364.3703,Kafka
67e1c3bb3224ef1ddaea86af,1742848786,53425.7123,1742848829,10425.7123,Kafka
67e1c3bb3224ef1ddaea86b0,1742848786,53429.2904,1742848829,10429.2904,Kafka
67e1c3bb3224ef1ddaea86b1,1742848786,53430.8197,1742848829,10430.8197,Kafka
67e1c3bb3224ef1ddaea86b2,1742848786,53432.2245,1742848829,10432.2245,Kafka
67e1c3bb3224ef1ddaea86b3,1742848786,53457.9684,1742848829,10457.9684,Kafka
67e1c3b53224ef1ddaea863d,1742848786,50914.5933,1742848828,8914.5933,Kafka
67e1c3b53224ef1ddaea863e,1742848786,50944.6923,1742848828,8944.6923,Kafka
67e1c3b53224ef1ddaea863f,1742848786,50947.1275,1742848828,8947.1275,Kafka
67e1c3b53224ef1ddaea8640,1742848786,50975.7179,1742848828,8975.7179,Kafka
67e1c3b53224ef1ddaea8641,1742848786,50978.2737,1742848828,8978.2737,Kafka
67e1c3b53224ef1ddaea8642,1742848786,50979.9815,1742848828,8979.9815,Kafka
67e1c3b53224ef1ddaea8643,1742848786,50981.4593,1742848828,8981.4593,Kafka
67e1c3b53224ef1ddaea8644,1742848786,51007.6048,1742848828,9007.6048,Kafka
67e1c3b53224ef1ddaea8645,1742848786,51009.9426,1742848828,9009.9426,Kafka
67e1c3b53224ef1ddaea8646,1742848786,51011.3357,1742848828,9011.3357,Kafka
67e1c3b53224ef1ddaea8647,1742848786,51012.8096,1742848828,9012.8096,Kafka
67e1c3b53224ef1ddaea8648,1742848786,51014.2605,1742848828,9014.2605,Kafka
67e1c3b63224ef1ddaea8649,1742848786,51068.6878,1742848828,9068.6878,Kafka
67e1c3b63224ef1ddaea864a,1742848786,51100.8568,1742848828,9100.8568,Kafka
67e1c3b63224ef1ddaea864b,1742848786,51104.1549,1742848828,9104.1549,Kafka
67e1c3b63224ef1ddaea864c,1742848786,51105.6245,1742848828,9105.6245,Kafka
67e1c3b63224ef1ddaea864d,1742848786,51107.1221,1742848828,9107.1221,Kafka
67e1c3b63224ef1ddaea864e,1742848786,51108.5411,1742848828,9108.5411,Kafka
67e1c3b63224ef1ddaea864f,1742848786,51131.7389,1742848828,9131.7389,Kafka
67e1c3b63224ef1ddaea8650,1742848786,51133.9666,1742848828,9133.9666,Kafka
67e1c3b63224ef1ddaea8651,1742848786,51162.4804,1742848828,9162.4804,Kafka
67e1c3b63224ef1ddaea8652,1742848786,51165.2439,1742848828,9165.2439,Kafka
67e1c3b63224ef1ddaea8653,1742848786,51193.1371,1742848828,9193.1371,Kafka
67e1c3b63224ef1ddaea8654,1742848786,51224.6252,1742848828,9224.6252,Kafka
67e1c3b63224ef1ddaea8655,1742848786,51255.9786,1742848828,9255.9786,Kafka
67e1c3b63224ef1ddaea8656,1742848786,51286.5618,1742848828,9286.5618,Kafka
67e1c3b63224ef1ddaea8657,1742848786,51316.7462,1742848828,9316.7462,Kafka
67e1c3b63224ef1ddaea8658,1742848786,51347.7348,1742848828,9347.7348,Kafka
67e1c3b63224ef1ddaea8659,1742848786,51378.7839,1742848828,9378.7839,Kafka
67e1c3b63224ef1ddaea865a,1742848786,51440.8053,1742848828,9440.8053,Kafka
67e1c3b63224ef1ddaea865b,1742848786,51502.9276,1742848828,9502.9276,Kafka
67e1c3b63224ef1ddaea865c,1742848786,51534.1548,1742848828,9534.1548,Kafka
67e1c3b63224ef1ddaea865d,1742848786,51595.9406,1742848828,9595.9406,Kafka
67e1c3b63224ef1ddaea865e,1742848786,51627.8188,1742848828,9627.8188,Kafka
67e1c3b73224ef1ddaea865f,1742848786,51629.9356,1742848828,9629.9356,Kafka
67e1c3b73224ef1ddaea8660,1742848786,51657.8582,1742848828,9657.8582,Kafka
67e1c3b73224ef1ddaea8661,1742848786,51689.7016,1742848828,9689.7016,Kafka
67e1c3b73224ef1ddaea8662,1742848786,51691.7236,1742848828,9691.7236,Kafka
67e1c3b73224ef1ddaea8663,1742848786,51719.8086,1742848828,9719.8086,Kafka
67e1c3b73224ef1ddaea8664,1742848786,51752.0258,1742848828,9752.0258,Kafka
67e1c3b73224ef1ddaea8665,1742848786,51754.1448,1742848828,9754.1448,Kafka
67e1c3b73224ef1ddaea8666,1742848786,51812.9315,1742848828,9812.9315,Kafka
67e1c3b73224ef1ddaea8667,1742848786,51845.1184,1742848828,9845.1184,Kafka
67e1c3b73224ef1ddaea8668,1742848786,51874.926,1742848828,9874.926,Kafka
67e1c3b73224ef1ddaea8669,1742848786,51906.8876,1742848828,9906.8876,Kafka
67e1c3b73224ef1ddaea866a,1742848786,51909.0322,1742848828,9909.0322,Kafka
67e1c3b73224ef1ddaea866b,1742848786,51910.4226,1742848828,9910.4226,Kafka
67e1c3b73224ef1ddaea866c,1742848786,51968.0902,1742848828,9968.0902,Kafka
67e1c3b83224ef1ddaea866d,1742848786,52029.9483,1742848828,10029.9483,Kafka
67e1c3b83224ef1ddaea866e,1742848786,52031.9494,1742848828,10031.9494,Kafka
67e1c3b83224ef1ddaea866f,1742848786,52033.3869,1742848828,10033.3869,Kafka
67e1c3b83224ef1ddaea8670,1742848786,52034.7671,1742848828,10034.7671,Kafka
67e1c3b83224ef1ddaea8671,1742848786,52062.2034,1742848828,10062.2034,Kafka
67e1c3b83224ef1ddaea8672,1742848786,52064.1852,1742848828,10064.1852,Kafka
67e1c3b83224ef1ddaea8673,1742848786,52122.9345,1742848828,10122.9345,Kafka
67e1c3b83224ef1ddaea8674,1742848786,52124.8874,1742848828,10124.8874,Kafka
67e1c3b83224ef1ddaea8675,1742848786,52126.769,1742848828,10126.769,Kafka
67e1c3b83224ef1ddaea8676,1742848786,52128.5002,1742848828,10128.5002,Kafka
67e1c3b83224ef1ddaea8677,1742848786,52129.906,1742848828,10129.906,Kafka
67e1c3b23224ef1ddaea85fd,1742848786,49831.2833,1742848827,8831.2833,Kafka
67e1c3b23224ef1ddaea85fe,1742848786,49834.0544,1742848827,8834.0544,Kafka
67e1c3b23224ef1ddaea85ff,1742848786,49864.2587,1742848827,8864.2587,Kafka
67e1c3b23224ef1ddaea8600,1742848786,49877.5577,1742848827,8877.5577,Kafka
67e1c3b23224ef1ddaea8601,1742848786,49879.6279,1742848827,8879.6279,Kafka
67e1c3b23224ef1ddaea8602,1742848786,49881.5715,1742848827,8881.5715,Kafka
67e1c3b23224ef1ddaea8603,1742848786,49906.6363,1742848827,8906.6363,Kafka
67e1c3b33224ef1ddaea8604,1742848786,49968.7248,1742848827,8968.7248,Kafka
67e1c3b33224ef1ddaea8605,1742848786,50030.6476,1742848827,9030.6476,Kafka
67e1c3b33224ef1ddaea8606,1742848786,50032.7763,1742848827,9032.7763,Kafka
67e1c3b33224ef1ddaea8607,1742848786,50034.5271,1742848827,9034.5271,Kafka
67e1c3b33224ef1ddaea8608,1742848786,50062.5082,1742848827,9062.5082,Kafka
67e1c3b33224ef1ddaea8609,1742848786,50064.4196,1742848827,9064.4196,Kafka
67e1c3b33224ef1ddaea860a,1742848786,50065.8021,1742848827,9065.8021,Kafka
67e1c3b33224ef1ddaea860b,1742848786,50067.2177,1742848827,9067.2177,Kafka
67e1c3b33224ef1ddaea860c,1742848786,50068.6059,1742848827,9068.6059,Kafka
67e1c3b33224ef1ddaea860d,1742848786,50069.9641,1742848827,9069.9641,Kafka
67e1c3b33224ef1ddaea860e,1742848786,50123.6293,1742848827,9123.6293,Kafka
67e1c3b33224ef1ddaea860f,1742848786,50154.8391,1742848827,9154.8391,Kafka
67e1c3b33224ef1ddaea8610,1742848786,50157.4147,1742848827,9157.4147,Kafka
67e1c3b33224ef1ddaea8611,1742848786,50185.7047,1742848827,9185.7047,Kafka
67e1c3b33224ef1ddaea8612,1742848786,50217.633,1742848827,9217.633,Kafka
67e1c3b33224ef1ddaea8613,1742848786,50219.8037,1742848827,9219.8037,Kafka
67e1c3b33224ef1ddaea8614,1742848786,50278.5963,1742848827,9278.5963,Kafka
67e1c3b33224ef1ddaea8615,1742848786,50280.7886,1742848827,9280.7886,Kafka
67e1c3b33224ef1ddaea8616,1742848786,50309.5971,1742848827,9309.5971,Kafka
67e1c3b33224ef1ddaea8617,1742848786,50311.678,1742848827,9311.678,Kafka
67e1c3b33224ef1ddaea8618,1742848786,50313.2743,1742848827,9313.2743,Kafka
67e1c3b33224ef1ddaea8619,1742848786,50314.7084,1742848827,9314.7084,Kafka
67e1c3b43224ef1ddaea861a,1742848786,50316.1286,1742848827,9316.1286,Kafka
67e1c3b43224ef1ddaea861b,1742848786,50317.6129,1742848827,9317.6129,Kafka
67e1c3b43224ef1ddaea861c,1742848786,50319.0459,1742848827,9319.0459,Kafka
67e1c3b43224ef1ddaea861d,1742848786,50320.5858,1742848827,9320.5858,Kafka
67e1c3b43224ef1ddaea861e,1742848786,50322.1381,1742848827,9322.1381,Kafka
67e1c3b43224ef1ddaea861f,1742848786,50323.5639,1742848827,9323.5639,Kafka
67e1c3b43224ef1ddaea8620,1742848786,50387.1678,1742848827,9387.1678,Kafka
67e1c3b43224ef1ddaea8621,1742848786,50419.202,1742848827,9419.202,Kafka
67e1c3b43224ef1ddaea8622,1742848786,50421.4273,1742848827,9421.4273,Kafka
67e1c3b43224ef1ddaea8623,1742848786,50422.925,1742848827,9422.925,Kafka
67e1c3b43224ef1ddaea8624,1742848786,50450.1406,1742848827,9450.1406,Kafka
67e1c3b43224ef1ddaea8625,1742848786,50480.1525,1742848827,9480.1525,Kafka
67e1c3b43224ef1ddaea8626,1742848786,50482.3299,1742848827,9482.3299,Kafka
67e1c3b43224ef1ddaea8627,1742848786,50512.0837,1742848827,9512.0837,Kafka
67e1c3b43224ef1ddaea8628,1742848786,50514.1863,1742848827,9514.1863,Kafka
67e1c3b43224ef1ddaea8629,1742848786,50515.6093,1742848827,9515.6093,Kafka
67e1c3b43224ef1ddaea862a,1742848786,50516.9935,1742848827,9516.9935,Kafka
67e1c3b43224ef1ddaea862b,1742848786,50518.3581,1742848827,9518.3581,Kafka
67e1c3b43224ef1ddaea862c,1742848786,50519.7637,1742848827,9519.7637,Kafka
67e1c3b43224ef1ddaea862d,1742848786,50544.7959,1742848827,9544.7959,Kafka
67e1c3b43224ef1ddaea862e,1742848786,50574.1716,1742848827,9574.1716,Kafka
67e1c3b43224ef1ddaea862f,1742848786,50635.1673,1742848827,9635.1673,Kafka
67e1c3b43224ef1ddaea8630,1742848786,50637.8874,1742848827,9637.8874,Kafka
67e1c3b53224ef1ddaea8631,1742848786,50666.1447,1742848827,9666.1447,Kafka
67e1c3b53224ef1ddaea8632,1742848786,50697.9519,1742848827,9697.9519,Kafka
67e1c3b53224ef1ddaea8633,1742848786,50729.046,1742848827,9729.046,Kafka
67e1c3b53224ef1ddaea8634,1742848786,50731.0952,1742848827,9731.0952,Kafka
67e1c3b53224ef1ddaea8635,1742848786,50759.2175,1742848827,9759.2175,Kafka
67e1c3b53224ef1ddaea8636,1742848786,50790.0993,1742848827,9790.0993,Kafka
67e1c3b53224ef1ddaea8637,1742848786,50822.0591,1742848827,9822.0591,Kafka
67e1c3b53224ef1ddaea8638,1742848786,50851.6631,1742848827,9851.6631,Kafka
67e1c3b53224ef1ddaea8639,1742848786,50853.7614,1742848827,9853.7614,Kafka
67e1c3b53224ef1ddaea863a,1742848786,50884.3385,1742848827,9884.3385,Kafka
67e1c3b53224ef1ddaea863b,1742848786,50886.2853,1742848827,9886.2853,Kafka
67e1c3b53224ef1ddaea863c,1742848786,50887.7213,1742848827,9887.7213,Kafka
67e1c3af3224ef1ddaea85bd,1742848786,48380.6347,1742848826,8380.6347,Kafka
67e1c3af3224ef1ddaea85be,1742848786,48381.9964,1742848826,8381.9964,Kafka
67e1c3af3224ef1ddaea85bf,1742848786,48433.9197,1742848826,8433.9197,Kafka
67e1c3af3224ef1ddaea85c0,1742848786,48495.9115,1742848826,8495.9115,Kafka
67e1c3af3224ef1ddaea85c1,1742848786,48497.9371,1742848826,8497.9371,Kafka
67e1c3af3224ef1ddaea85c2,1742848786,48526.8688,1742848826,8526.8688,Kafka
67e1c3af3224ef1ddaea85c3,1742848786,48558.9997,1742848826,8558.9997,Kafka
67e1c3af3224ef1ddaea85c4,1742848786,48588.8572,1742848826,8588.8572,Kafka
67e1c3b03224ef1ddaea85c5,1742848786,48651.2237,1742848826,8651.2237,Kafka
67e1c3b03224ef1ddaea85c6,1742848786,48682.0358,1742848826,8682.0358,Kafka
67e1c3b03224ef1ddaea85c7,1742848786,48713.9808,1742848826,8713.9808,Kafka
67e1c3b03224ef1ddaea85c8,1742848786,48715.9582,1742848826,8715.9582,Kafka
67e1c3b03224ef1ddaea85c9,1742848786,48744.989,1742848826,8744.989,Kafka
67e1c3b03224ef1ddaea85ca,1742848786,48747.1779,1742848826,8747.1779,Kafka
67e1c3b03224ef1ddaea85cb,1742848786,48748.5922,1742848826,8748.5922,Kafka
67e1c3b03224ef1ddaea85cc,1742848786,48749.9964,1742848826,8749.9964,Kafka
67e1c3b03224ef1ddaea85cd,1742848786,48805.9926,1742848826,8805.9926,Kafka
67e1c3b03224ef1ddaea85ce,1742848786,48839.033,1742848826,8839.033,Kafka
67e1c3b03224ef1ddaea85cf,1742848786,48840.9989,1742848826,8840.9989,Kafka
67e1c3b03224ef1ddaea85d0,1742848786,48842.4934,1742848826,8842.4934,Kafka
67e1c3b03224ef1ddaea85d1,1742848786,48868.1945,1742848826,8868.1945,Kafka
67e1c3b03224ef1ddaea85d2,1742848786,48870.5489,1742848826,8870.5489,Kafka
67e1c3b03224ef1ddaea85d3,1742848786,48899.9888,1742848826,8899.9888,Kafka
67e1c3b03224ef1ddaea85d4,1742848786,48930.8696,1742848826,8930.8696,Kafka
67e1c3b03224ef1ddaea85d5,1742848786,48932.9297,1742848826,8932.9297,Kafka
67e1c3b03224ef1ddaea85d6,1742848786,48934.3313,1742848826,8934.3313,Kafka
67e1c3b03224ef1ddaea85d7,1742848786,48962.3372,1742848826,8962.3372,Kafka
67e1c3b03224ef1ddaea85d8,1742848786,48993.7651,1742848826,8993.7651,Kafka
67e1c3b03224ef1ddaea85d9,1742848786,49022.9484,1742848826,9022.9484,Kafka
67e1c3b03224ef1ddaea85da,1742848786,49084.985,1742848826,9084.985,Kafka
67e1c3b03224ef1ddaea85db,1742848786,49116.9591,1742848826,9116.9591,Kafka
67e1c3b03224ef1ddaea85dc,1742848786,49118.8214,1742848826,9118.8214,Kafka
67e1c3b03224ef1ddaea85dd,1742848786,49120.1871,1742848826,9120.1871,Kafka
67e1c3b13224ef1ddaea85de,1742848786,49121.5474,1742848826,9121.5474,Kafka
67e1c3b13224ef1ddaea85df,1742848786,49122.9569,1742848826,9122.9569,Kafka
67e1c3b13224ef1ddaea85e0,1742848786,49124.3907,1742848826,9124.3907,Kafka
67e1c3b13224ef1ddaea85e1,1742848786,49146.9193,1742848826,9146.9193,Kafka
67e1c3b13224ef1ddaea85e2,1742848786,49148.6924,1742848826,9148.6924,Kafka
67e1c3b13224ef1ddaea85e3,1742848786,49178.0109,1742848826,9178.0109,Kafka
67e1c3b13224ef1ddaea85e4,1742848786,49209.1587,1742848826,9209.1587,Kafka
67e1c3b13224ef1ddaea85e5,1742848786,49211.1341,1742848826,9211.1341,Kafka
67e1c3b13224ef1ddaea85e6,1742848786,49271.0378,1742848826,9271.0378,Kafka
67e1c3b13224ef1ddaea85e7,1742848786,49273.2104,1742848826,9273.2104,Kafka
67e1c3b13224ef1ddaea85e8,1742848786,49301.9926,1742848826,9301.9926,Kafka
67e1c3b13224ef1ddaea85e9,1742848786,49333.2234,1742848826,9333.2234,Kafka
67e1c3b13224ef1ddaea85ea,1742848786,49394.9857,1742848826,9394.9857,Kafka
67e1c3b13224ef1ddaea85eb,1742848786,49427.009,1742848826,9427.009,Kafka
67e1c3b23224ef1ddaea85ec,1742848786,49429.1278,1742848826,9429.1278,Kafka
67e1c3b23224ef1ddaea85ed,1742848786,49430.623,1742848826,9430.623,Kafka
67e1c3b23224ef1ddaea85ee,1742848786,49432.0998,1742848826,9432.0998,Kafka
67e1c3b23224ef1ddaea85ef,1742848786,49433.5129,1742848826,9433.5129,Kafka
67e1c3b23224ef1ddaea85f0,1742848786,49456.9547,1742848826,9456.9547,Kafka
67e1c3b23224ef1ddaea85f1,1742848786,49459.1548,1742848826,9459.1548,Kafka
67e1c3b23224ef1ddaea85f2,1742848786,49460.6532,1742848826,9460.6532,Kafka
67e1c3b23224ef1ddaea85f3,1742848786,49462.0588,1742848826,9462.0588,Kafka
67e1c3b23224ef1ddaea85f4,1742848786,49487.9763,1742848826,9487.9763,Kafka
67e1c3b23224ef1ddaea85f5,1742848786,49519.9639,1742848826,9519.9639,Kafka
67e1c3b23224ef1ddaea85f6,1742848786,49521.9731,1742848826,9521.9731,Kafka
67e1c3b23224ef1ddaea85f7,1742848786,49581.0023,1742848826,9581.0023,Kafka
67e1c3b23224ef1ddaea85f8,1742848786,49612.9952,1742848826,9612.9952,Kafka
67e1c3b23224ef1ddaea85f9,1742848786,49643.1751,1742848826,9643.1751,Kafka
67e1c3b23224ef1ddaea85fa,1742848786,49705.0527,1742848826,9705.0527,Kafka
67e1c3b23224ef1ddaea85fb,1742848786,49736.9367,1742848826,9736.9367,Kafka
67e1c3b23224ef1ddaea85fc,1742848786,49798.003,1742848826,9798.003,Kafka
67e1c3ac3224ef1ddaea857c,1742848786,46734.3475,1742848825,7734.3475,Kafka
67e1c3ac3224ef1ddaea857d,1742848786,46735.7431,1742848825,7735.7431,Kafka
67e1c3ac3224ef1ddaea857e,1742848786,46737.172,1742848825,7737.172,Kafka
67e1c3ac3224ef1ddaea857f,1742848786,46738.5975,1742848825,7738.5975,Kafka
67e1c3ac3224ef1ddaea8580,1742848786,46791.0287,1742848825,7791.0287,Kafka
67e1c3ac3224ef1ddaea8581,1742848786,46822.9357,1742848825,7822.9357,Kafka
67e1c3ac3224ef1ddaea8582,1742848786,46824.8921,1742848825,7824.8921,Kafka
67e1c3ac3224ef1ddaea8583,1742848786,46883.9591,1742848825,7883.9591,Kafka
67e1c3ac3224ef1ddaea8584,1742848786,46945.9773,1742848825,7945.9773,Kafka
67e1c3ac3224ef1ddaea8585,1742848786,46977.9289,1742848825,7977.9289,Kafka
67e1c3ac3224ef1ddaea8586,1742848786,47007.9589,1742848825,8007.9589,Kafka
67e1c3ac3224ef1ddaea8587,1742848786,47039.0179,1742848825,8039.0179,Kafka
67e1c3ac3224ef1ddaea8588,1742848786,47041.1963,1742848825,8041.1963,Kafka
67e1c3ac3224ef1ddaea8589,1742848786,47042.6585,1742848825,8042.6585,Kafka
67e1c3ac3224ef1ddaea858a,1742848786,47101.0545,1742848825,8101.0545,Kafka
67e1c3ac3224ef1ddaea858b,1742848786,47163.0177,1742848825,8163.0177,Kafka
67e1c3ac3224ef1ddaea858c,1742848786,47194.0426,1742848825,8194.0426,Kafka
67e1c3ad3224ef1ddaea858d,1742848786,47225.2084,1742848825,8225.2084,Kafka
67e1c3ad3224ef1ddaea858e,1742848786,47258.1962,1742848825,8258.1962,Kafka
67e1c3ad3224ef1ddaea858f,1742848786,47288.0223,1742848825,8288.0223,Kafka
67e1c3ad3224ef1ddaea8590,1742848786,47318.0286,1742848825,8318.0286,Kafka
67e1c3ad3224ef1ddaea8591,1742848786,47350.0393,1742848825,8350.0393,Kafka
67e1c3ad3224ef1ddaea8592,1742848786,47352.3894,1742848825,8352.3894,Kafka
67e1c3ad3224ef1ddaea8593,1742848786,47353.8053,1742848825,8353.8053,Kafka
67e1c3ad3224ef1ddaea8594,1742848786,47411.0271,1742848825,8411.0271,Kafka
67e1c3ad3224ef1ddaea8595,1742848786,47443.217,1742848825,8443.217,Kafka
67e1c3ad3224ef1ddaea8596,1742848786,47473.0524,1742848825,8473.0524,Kafka
67e1c3ad3224ef1ddaea8597,1742848786,47475.7186,1742848825,8475.7186,Kafka
67e1c3ad3224ef1ddaea8598,1742848786,47504.0492,1742848825,8504.0492,Kafka
67e1c3ad3224ef1ddaea8599,1742848786,47566.0566,1742848825,8566.0566,Kafka
67e1c3ad3224ef1ddaea859a,1742848786,47628.1884,1742848825,8628.1884,Kafka
67e1c3ad3224ef1ddaea859b,1742848786,47630.4441,1742848825,8630.4441,Kafka
67e1c3ad3224ef1ddaea859c,1742848786,47659.0628,1742848825,8659.0628,Kafka
67e1c3ad3224ef1ddaea859d,1742848786,47690.1706,1742848825,8690.1706,Kafka
67e1c3ad3224ef1ddaea859e,1742848786,47722.0402,1742848825,8722.0402,Kafka
67e1c3ad3224ef1ddaea859f,1742848786,47724.1806,1742848825,8724.1806,Kafka
67e1c3ad3224ef1ddaea85a0,1742848786,47752.1035,1742848825,8752.1035,Kafka
67e1c3ad3224ef1ddaea85a1,1742848786,47814.1468,1742848825,8814.1468,Kafka
67e1c3ae3224ef1ddaea85a2,1742848786,47845.2232,1742848825,8845.2232,Kafka
67e1c3ae3224ef1ddaea85a3,1742848786,47877.0655,1742848825,8877.0655,Kafka
67e1c3ae3224ef1ddaea85a4,1742848786,47908.101,1742848825,8908.101,Kafka
67e1c3ae3224ef1ddaea85a5,1742848786,47910.1353,1742848825,8910.1353,Kafka
67e1c3ae3224ef1ddaea85a6,1742848786,47938.2612,1742848825,8938.2612,Kafka
67e1c3ae3224ef1ddaea85a7,1742848786,47940.4474,1742848825,8940.4474,Kafka
67e1c3ae3224ef1ddaea85a8,1742848786,47970.603,1742848825,8970.603,Kafka
67e1c3ae3224ef1ddaea85a9,1742848786,48001.2464,1742848825,9001.2464,Kafka
67e1c3ae3224ef1ddaea85aa,1742848786,48062.298,1742848825,9062.298,Kafka
67e1c3ae3224ef1ddaea85ab,1742848786,48094.1166,1742848825,9094.1166,Kafka
67e1c3ae3224ef1ddaea85ac,1742848786,48096.4415,1742848825,9096.4415,Kafka
67e1c3ae3224ef1ddaea85ad,1742848786,48097.8644,1742848825,9097.8644,Kafka
67e1c3ae3224ef1ddaea85ae,1742848786,48124.2921,1742848825,9124.2921,Kafka
67e1c3ae3224ef1ddaea85af,1742848786,48156.1421,1742848825,9156.1421,Kafka
67e1c3ae3224ef1ddaea85b0,1742848786,48158.4196,1742848825,9158.4196,Kafka
67e1c3af3224ef1ddaea85b1,1742848786,48217.4332,1742848825,9217.4332,Kafka
67e1c3af3224ef1ddaea85b2,1742848786,48219.2799,1742848825,9219.2799,Kafka
67e1c3af3224ef1ddaea85b3,1742848786,48221.3744,1742848825,9221.3744,Kafka
67e1c3af3224ef1ddaea85b4,1742848786,48222.8165,1742848825,9222.8165,Kafka
67e1c3af3224ef1ddaea85b5,1742848786,48248.3533,1742848825,9248.3533,Kafka
67e1c3af3224ef1ddaea85b6,1742848786,48250.2691,1742848825,9250.2691,Kafka
67e1c3af3224ef1ddaea85b7,1742848786,48279.4153,1742848825,9279.4153,Kafka
67e1c3af3224ef1ddaea85b8,1742848786,48341.3722,1742848825,9341.3722,Kafka
67e1c3af3224ef1ddaea85b9,1742848786,48373.4215,1742848825,9373.4215,Kafka
67e1c3af3224ef1ddaea85ba,1742848786,48376.3631,1742848825,9376.3631,Kafka
67e1c3af3224ef1ddaea85bb,1742848786,48377.7914,1742848825,9377.7914,Kafka
67e1c3af3224ef1ddaea85bc,1742848786,48379.1516,1742848825,9379.1516,Kafka
67e1c3a93224ef1ddaea853c,1742848786,45257.918,1742848824,7257.918,Kafka
67e1c3a93224ef1ddaea853d,1742848786,45260.1398,1742848824,7260.1398,Kafka
67e1c3a93224ef1ddaea853e,1742848786,45288.8532,1742848824,7288.8532,Kafka
67e1c3a93224ef1ddaea853f,1742848786,45290.877,1742848824,7290.877,Kafka
67e1c3a93224ef1ddaea8540,1742848786,45319.0038,1742848824,7319.0038,Kafka
67e1c3a93224ef1ddaea8541,1742848786,45323.2829,1742848824,7323.2829,Kafka
67e1c3a93224ef1ddaea8542,1742848786,45350.009,1742848824,7350.009,Kafka
67e1c3a93224ef1ddaea8543,1742848786,45380.9398,1742848824,7380.9398,Kafka
67e1c3a93224ef1ddaea8544,1742848786,45442.9688,1742848824,7442.9688,Kafka
67e1c3a93224ef1ddaea8545,1742848786,45474.9282,1742848824,7474.9282,Kafka
67e1c3a93224ef1ddaea8546,1742848786,45506.0001,1742848824,7506.0001,Kafka
67e1c3a93224ef1ddaea8547,1742848786,45536.451,1742848824,7536.451,Kafka
67e1c3a93224ef1ddaea8548,1742848786,45567.0898,1742848824,7567.0898,Kafka
67e1c3aa3224ef1ddaea8549,1742848786,45629.0252,1742848824,7629.0252,Kafka
67e1c3aa3224ef1ddaea854a,1742848786,45631.1205,1742848824,7631.1205,Kafka
67e1c3aa3224ef1ddaea854b,1742848786,45691.1215,1742848824,7691.1215,Kafka
67e1c3aa3224ef1ddaea854c,1742848786,45753.0379,1742848824,7753.0379,Kafka
67e1c3aa3224ef1ddaea854d,1742848786,45815.0399,1742848824,7815.0399,Kafka
67e1c3aa3224ef1ddaea854e,1742848786,45877.1065,1742848824,7877.1065,Kafka
67e1c3aa3224ef1ddaea854f,1742848786,45939.2248,1742848824,7939.2248,Kafka
67e1c3aa3224ef1ddaea8550,1742848786,45970.0568,1742848824,7970.0568,Kafka
67e1c3aa3224ef1ddaea8551,1742848786,45972.4705,1742848824,7972.4705,Kafka
67e1c3aa3224ef1ddaea8552,1742848786,45974.2014,1742848824,7974.2014,Kafka
67e1c3aa3224ef1ddaea8553,1742848786,45975.8241,1742848824,7975.8241,Kafka
67e1c3aa3224ef1ddaea8554,1742848786,45977.3463,1742848824,7977.3463,Kafka
67e1c3aa3224ef1ddaea8555,1742848786,45978.9872,1742848824,7978.9872,Kafka
67e1c3aa3224ef1ddaea8556,1742848786,46002.4866,1742848824,8002.4866,Kafka
67e1c3aa3224ef1ddaea8557,1742848786,46004.9235,1742848824,8004.9235,Kafka
67e1c3aa3224ef1ddaea8558,1742848786,46033.077,1742848824,8033.077,Kafka
67e1c3aa3224ef1ddaea8559,1742848786,46035.2059,1742848824,8035.2059,Kafka
67e1c3aa3224ef1ddaea855a,1742848786,46064.4462,1742848824,8064.4462,Kafka
67e1c3aa3224ef1ddaea855b,1742848786,46095.2417,1742848824,8095.2417,Kafka
67e1c3aa3224ef1ddaea855c,1742848786,46125.0955,1742848824,8125.0955,Kafka
67e1c3aa3224ef1ddaea855d,1742848786,46156.1143,1742848824,8156.1143,Kafka
67e1c3aa3224ef1ddaea855e,1742848786,46157.931,1742848824,8157.931,Kafka
67e1c3aa3224ef1ddaea855f,1742848786,46187.1796,1742848824,8187.1796,Kafka
67e1c3aa3224ef1ddaea8560,1742848786,46249.1185,1742848824,8249.1185,Kafka
67e1c3aa3224ef1ddaea8561,1742848786,46281.2553,1742848824,8281.2553,Kafka
67e1c3aa3224ef1ddaea8562,1742848786,46283.3883,1742848824,8283.3883,Kafka
67e1c3ab3224ef1ddaea8563,1742848786,46311.116,1742848824,8311.116,Kafka
67e1c3ab3224ef1ddaea8564,1742848786,46313.4506,1742848824,8313.4506,Kafka
67e1c3ab3224ef1ddaea8565,1742848786,46315.2198,1742848824,8315.2198,Kafka
67e1c3ab3224ef1ddaea8566,1742848786,46342.1235,1742848824,8342.1235,Kafka
67e1c3ab3224ef1ddaea8567,1742848786,46344.2846,1742848824,8344.2846,Kafka
67e1c3ab3224ef1ddaea8568,1742848786,46345.9127,1742848824,8345.9127,Kafka
67e1c3ab3224ef1ddaea8569,1742848786,46373.0934,1742848824,8373.0934,Kafka
67e1c3ab3224ef1ddaea856a,1742848786,46435.1418,1742848824,8435.1418,Kafka
67e1c3ab3224ef1ddaea856b,1742848786,46437.0307,1742848824,8437.0307,Kafka
67e1c3ab3224ef1ddaea856c,1742848786,46467.0116,1742848824,8467.0116,Kafka
67e1c3ab3224ef1ddaea856d,1742848786,46469.0724,1742848824,8469.0724,Kafka
67e1c3ab3224ef1ddaea856e,1742848786,46470.6403,1742848824,8470.6403,Kafka
67e1c3ab3224ef1ddaea856f,1742848786,46472.0691,1742848824,8472.0691,Kafka
67e1c3ab3224ef1ddaea8570,1742848786,46473.4338,1742848824,8473.4338,Kafka
67e1c3ab3224ef1ddaea8571,1742848786,46474.9652,1742848824,8474.9652,Kafka
67e1c3ab3224ef1ddaea8572,1742848786,46476.4437,1742848824,8476.4437,Kafka
67e1c3ab3224ef1ddaea8573,1742848786,46513.8153,1742848824,8513.8153,Kafka
67e1c3ab3224ef1ddaea8574,1742848786,46516.237,1742848824,8516.237,Kafka
67e1c3ab3224ef1ddaea8575,1742848786,46517.8713,1742848824,8517.8713,Kafka
67e1c3ab3224ef1ddaea8576,1742848786,46573.8777,1742848824,8573.8777,Kafka
67e1c3ac3224ef1ddaea8577,1742848786,46635.9428,1742848824,8635.9428,Kafka
67e1c3ac3224ef1ddaea8578,1742848786,46697.8874,1742848824,8697.8874,Kafka
67e1c3ac3224ef1ddaea8579,1742848786,46728.9788,1742848824,8728.9788,Kafka
67e1c3ac3224ef1ddaea857a,1742848786,46731.1529,1742848824,8731.1529,Kafka
67e1c3ac3224ef1ddaea857b,1742848786,46732.8142,1742848824,8732.8142,Kafka
67e1c3a63224ef1ddaea84fe,1742848786,43958.5169,1742848823,6958.5169,Kafka
67e1c3a63224ef1ddaea84ff,1742848786,43959.9681,1742848823,6959.9681,Kafka
67e1c3a63224ef1ddaea8500,1742848786,43961.4885,1742848823,6961.4885,Kafka
67e1c3a63224ef1ddaea8501,1742848786,43985.7486,1742848823,6985.7486,Kafka
67e1c3a63224ef1ddaea8502,1742848786,43987.9172,1742848823,6987.9172,Kafka
67e1c3a63224ef1ddaea8503,1742848786,44016.7732,1742848823,7016.7732,Kafka
67e1c3a63224ef1ddaea8504,1742848786,44048.56,1742848823,7048.56,Kafka
67e1c3a63224ef1ddaea8505,1742848786,44109.7922,1742848823,7109.7922,Kafka
67e1c3a63224ef1ddaea8506,1742848786,44171.7697,1742848823,7171.7697,Kafka
67e1c3a63224ef1ddaea8507,1742848786,44203.8221,1742848823,7203.8221,Kafka
67e1c3a63224ef1ddaea8508,1742848786,44234.6158,1742848823,7234.6158,Kafka
67e1c3a63224ef1ddaea8509,1742848786,44236.5558,1742848823,7236.5558,Kafka
67e1c3a73224ef1ddaea850a,1742848786,44237.9579,1742848823,7237.9579,Kafka
67e1c3a73224ef1ddaea850b,1742848786,44239.4481,1742848823,7239.4481,Kafka
67e1c3a73224ef1ddaea850c,1742848786,44265.6953,1742848823,7265.6953,Kafka
67e1c3a73224ef1ddaea850d,1742848786,44295.7659,1742848823,7295.7659,Kafka
67e1c3a73224ef1ddaea850e,1742848786,44297.7856,1742848823,7297.7856,Kafka
67e1c3a73224ef1ddaea850f,1742848786,44326.7976,1742848823,7326.7976,Kafka
67e1c3a73224ef1ddaea8510,1742848786,44328.9119,1742848823,7328.9119,Kafka
67e1c3a73224ef1ddaea8511,1742848786,44330.5571,1742848823,7330.5571,Kafka
67e1c3a73224ef1ddaea8512,1742848786,44332.0264,1742848823,7332.0264,Kafka
67e1c3a73224ef1ddaea8513,1742848786,44357.7968,1742848823,7357.7968,Kafka
67e1c3a73224ef1ddaea8514,1742848786,44359.9155,1742848823,7359.9155,Kafka
67e1c3a73224ef1ddaea8515,1742848786,44389.5424,1742848823,7389.5424,Kafka
67e1c3a73224ef1ddaea8516,1742848786,44391.6803,1742848823,7391.6803,Kafka
67e1c3a73224ef1ddaea8517,1742848786,44420.7726,1742848823,7420.7726,Kafka
67e1c3a73224ef1ddaea8518,1742848786,44451.6742,1742848823,7451.6742,Kafka
67e1c3a73224ef1ddaea8519,1742848786,44482.6205,1742848823,7482.6205,Kafka
67e1c3a73224ef1ddaea851a,1742848786,44484.7704,1742848823,7484.7704,Kafka
67e1c3a73224ef1ddaea851b,1742848786,44513.5199,1742848823,7513.5199,Kafka
67e1c3a73224ef1ddaea851c,1742848786,44543.8991,1742848823,7543.8991,Kafka
67e1c3a73224ef1ddaea851d,1742848786,44574.7981,1742848823,7574.7981,Kafka
67e1c3a73224ef1ddaea851e,1742848786,44636.7543,1742848823,7636.7543,Kafka
67e1c3a83224ef1ddaea851f,1742848786,44667.7515,1742848823,7667.7515,Kafka
67e1c3a83224ef1ddaea8520,1742848786,44700.1112,1742848823,7700.1112,Kafka
67e1c3a83224ef1ddaea8521,1742848786,44729.8636,1742848823,7729.8636,Kafka
67e1c3a83224ef1ddaea8522,1742848786,44791.8233,1742848823,7791.8233,Kafka
67e1c3a83224ef1ddaea8523,1742848786,44793.9474,1742848823,7793.9474,Kafka
67e1c3a83224ef1ddaea8524,1742848786,44795.8379,1742848823,7795.8379,Kafka
67e1c3a83224ef1ddaea8525,1742848786,44822.8304,1742848823,7822.8304,Kafka
67e1c3a83224ef1ddaea8526,1742848786,44854.8176,1742848823,7854.8176,Kafka
67e1c3a83224ef1ddaea8527,1742848786,44856.912,1742848823,7856.912,Kafka
67e1c3a83224ef1ddaea8528,1742848786,44858.4337,1742848823,7858.4337,Kafka
67e1c3a83224ef1ddaea8529,1742848786,44885.6967,1742848823,7885.6967,Kafka
67e1c3a83224ef1ddaea852a,1742848786,44916.0459,1742848823,7916.0459,Kafka
67e1c3a83224ef1ddaea852b,1742848786,44947.4269,1742848823,7947.4269,Kafka
67e1c3a83224ef1ddaea852c,1742848786,44949.9526,1742848823,7949.9526,Kafka
67e1c3a83224ef1ddaea852d,1742848786,44952.0278,1742848823,7952.0278,Kafka
67e1c3a83224ef1ddaea852e,1742848786,44953.7154,1742848823,7953.7154,Kafka
67e1c3a83224ef1ddaea852f,1742848786,44955.5766,1742848823,7955.5766,Kafka
67e1c3a83224ef1ddaea8530,1742848786,44979.1733,1742848823,7979.1733,Kafka
67e1c3a83224ef1ddaea8531,1742848786,45040.1597,1742848823,8040.1597,Kafka
67e1c3a83224ef1ddaea8532,1742848786,45070.9588,1742848823,8070.9588,Kafka
67e1c3a83224ef1ddaea8533,1742848786,45073.5194,1742848823,8073.5194,Kafka
67e1c3a93224ef1ddaea8534,1742848786,45075.6571,1742848823,8075.6571,Kafka
67e1c3a93224ef1ddaea8535,1742848786,45077.2467,1742848823,8077.2467,Kafka
67e1c3a93224ef1ddaea8536,1742848786,45078.7509,1742848823,8078.7509,Kafka
67e1c3a93224ef1ddaea8537,1742848786,45080.3699,1742848823,8080.3699,Kafka
67e1c3a93224ef1ddaea8538,1742848786,45102.8535,1742848823,8102.8535,Kafka
67e1c3a93224ef1ddaea8539,1742848786,45133.8742,1742848823,8133.8742,Kafka
67e1c3a93224ef1ddaea853a,1742848786,45195.0939,1742848823,8195.0939,Kafka
67e1c3a93224ef1ddaea853b,1742848786,45226.8233,1742848823,8226.8233,Kafka
67e1c3a33224ef1ddaea84bd,1742848786,42002.6077,1742848822,6002.6077,Kafka
67e1c3a33224ef1ddaea84be,1742848786,42032.5272,1742848822,6032.5272,Kafka
67e1c3a33224ef1ddaea84bf,1742848786,42064.2945,1742848822,6064.2945,Kafka
67e1c3a33224ef1ddaea84c0,1742848786,42066.4461,1742848822,6066.4461,Kafka
67e1c3a33224ef1ddaea84c1,1742848786,42067.9458,1742848822,6067.9458,Kafka
67e1c3a33224ef1ddaea84c2,1742848786,42069.4054,1742848822,6069.4054,Kafka
67e1c3a33224ef1ddaea84c3,1742848786,42125.7447,1742848822,6125.7447,Kafka
67e1c3a33224ef1ddaea84c4,1742848786,42187.503,1742848822,6187.503,Kafka
67e1c3a33224ef1ddaea84c5,1742848786,42218.4629,1742848822,6218.4629,Kafka
67e1c3a33224ef1ddaea84c6,1742848786,42250.9015,1742848822,6250.9015,Kafka
67e1c3a33224ef1ddaea84c7,1742848786,42281.3184,1742848822,6281.3184,Kafka
67e1c3a33224ef1ddaea84c8,1742848786,42311.4736,1742848822,6311.4736,Kafka
67e1c3a33224ef1ddaea84c9,1742848786,42373.5135,1742848822,6373.5135,Kafka
67e1c3a33224ef1ddaea84ca,1742848786,42404.4825,1742848822,6404.4825,Kafka
67e1c3a33224ef1ddaea84cb,1742848786,42436.8683,1742848822,6436.8683,Kafka
67e1c3a33224ef1ddaea84cc,1742848786,42467.3159,1742848822,6467.3159,Kafka
67e1c3a33224ef1ddaea84cd,1742848786,42498.2782,1742848822,6498.2782,Kafka
67e1c3a33224ef1ddaea84ce,1742848786,42559.6061,1742848822,6559.6061,Kafka
67e1c3a43224ef1ddaea84cf,1742848786,42562.2807,1742848822,6562.2807,Kafka
67e1c3a43224ef1ddaea84d0,1742848786,42590.5017,1742848822,6590.5017,Kafka
67e1c3a43224ef1ddaea84d1,1742848786,42652.5608,1742848822,6652.5608,Kafka
67e1c3a43224ef1ddaea84d2,1742848786,42684.753,1742848822,6684.753,Kafka
67e1c3a43224ef1ddaea84d3,1742848786,42686.7888,1742848822,6686.7888,Kafka
67e1c3a43224ef1ddaea84d4,1742848786,42688.5005,1742848822,6688.5005,Kafka
67e1c3a43224ef1ddaea84d5,1742848786,42715.5364,1742848822,6715.5364,Kafka
67e1c3a43224ef1ddaea84d6,1742848786,42717.7515,1742848822,6717.7515,Kafka
67e1c3a43224ef1ddaea84d7,1742848786,42776.6714,1742848822,6776.6714,Kafka
67e1c3a43224ef1ddaea84d8,1742848786,42808.5478,1742848822,6808.5478,Kafka
67e1c3a43224ef1ddaea84d9,1742848786,42810.6004,1742848822,6810.6004,Kafka
67e1c3a43224ef1ddaea84da,1742848786,42838.6914,1742848822,6838.6914,Kafka
67e1c3a43224ef1ddaea84db,1742848786,42900.6566,1742848822,6900.6566,Kafka
67e1c3a43224ef1ddaea84dc,1742848786,42932.4295,1742848822,6932.4295,Kafka
67e1c3a43224ef1ddaea84dd,1742848786,42963.4827,1742848822,6963.4827,Kafka
67e1c3a43224ef1ddaea84de,1742848786,42965.509,1742848822,6965.509,Kafka
67e1c3a43224ef1ddaea84df,1742848786,43024.6671,1742848822,7024.6671,Kafka
67e1c3a43224ef1ddaea84e0,1742848786,43027.0429,1742848822,7027.0429,Kafka
67e1c3a53224ef1ddaea84e1,1742848786,43056.4099,1742848822,7056.4099,Kafka
67e1c3a53224ef1ddaea84e2,1742848786,43057.9508,1742848822,7057.9508,Kafka
67e1c3a53224ef1ddaea84e3,1742848786,43117.5509,1742848822,7117.5509,Kafka
67e1c3a53224ef1ddaea84e4,1742848786,43148.6236,1742848822,7148.6236,Kafka
67e1c3a53224ef1ddaea84e5,1742848786,43150.3044,1742848822,7150.3044,Kafka
67e1c3a53224ef1ddaea84e6,1742848786,43210.5393,1742848822,7210.5393,Kafka
67e1c3a53224ef1ddaea84e7,1742848786,43212.638,1742848822,7212.638,Kafka
67e1c3a53224ef1ddaea84e8,1742848786,43214.2427,1742848822,7214.2427,Kafka
67e1c3a53224ef1ddaea84e9,1742848786,43241.5704,1742848822,7241.5704,Kafka
67e1c3a53224ef1ddaea84ea,1742848786,43303.5837,1742848822,7303.5837,Kafka
67e1c3a53224ef1ddaea84eb,1742848786,43334.6775,1742848822,7334.6775,Kafka
67e1c3a53224ef1ddaea84ec,1742848786,43396.8994,1742848822,7396.8994,Kafka
67e1c3a53224ef1ddaea84ed,1742848786,43399.2912,1742848822,7399.2912,Kafka
67e1c3a53224ef1ddaea84ee,1742848786,43458.6826,1742848822,7458.6826,Kafka
67e1c3a53224ef1ddaea84ef,1742848786,43490.7246,1742848822,7490.7246,Kafka
67e1c3a53224ef1ddaea84f0,1742848786,43551.7282,1742848822,7551.7282,Kafka
67e1c3a53224ef1ddaea84f1,1742848786,43582.7261,1742848822,7582.7261,Kafka
67e1c3a53224ef1ddaea84f2,1742848786,43644.7133,1742848822,7644.7133,Kafka
67e1c3a53224ef1ddaea84f3,1742848786,43706.7691,1742848822,7706.7691,Kafka
67e1c3a53224ef1ddaea84f4,1742848786,43708.8645,1742848822,7708.8645,Kafka
67e1c3a53224ef1ddaea84f5,1742848786,43710.3793,1742848822,7710.3793,Kafka
67e1c3a63224ef1ddaea84f6,1742848786,43738.8894,1742848822,7738.8894,Kafka
67e1c3a63224ef1ddaea84f7,1742848786,43741.1246,1742848822,7741.1246,Kafka
67e1c3a63224ef1ddaea84f8,1742848786,43799.7353,1742848822,7799.7353,Kafka
67e1c3a63224ef1ddaea84f9,1742848786,43830.8012,1742848822,7830.8012,Kafka
67e1c3a63224ef1ddaea84fa,1742848786,43892.7184,1742848822,7892.7184,Kafka
67e1c3a63224ef1ddaea84fb,1742848786,43924.7029,1742848822,7924.7029,Kafka
67e1c3a63224ef1ddaea84fc,1742848786,43954.7987,1742848822,7954.7987,Kafka
67e1c3a63224ef1ddaea84fd,1742848786,43957.0159,1742848822,7957.0159,Kafka
67e1c3a03224ef1ddaea847d,1742848786,40451.256,1742848821,5451.256,Kafka
67e1c3a03224ef1ddaea847e,1742848786,40513.0944,1742848821,5513.0944,Kafka
67e1c3a03224ef1ddaea847f,1742848786,40515.5876,1742848821,5515.5876,Kafka
67e1c3a03224ef1ddaea8480,1742848786,40575.0022,1742848821,5575.0022,Kafka
67e1c3a03224ef1ddaea8481,1742848786,40637.0363,1742848821,5637.0363,Kafka
67e1c3a03224ef1ddaea8482,1742848786,40668.0367,1742848821,5668.0367,Kafka
67e1c3a03224ef1ddaea8483,1742848786,40733.6418,1742848821,5733.6418,Kafka
67e1c3a03224ef1ddaea8484,1742848786,40739.3603,1742848821,5739.3603,Kafka
67e1c3a03224ef1ddaea8485,1742848786,40761.176,1742848821,5761.176,Kafka
67e1c3a03224ef1ddaea8486,1742848786,40763.4123,1742848821,5763.4123,Kafka
67e1c3a03224ef1ddaea8487,1742848786,40823.2701,1742848821,5823.2701,Kafka
67e1c3a03224ef1ddaea8488,1742848786,40855.6507,1742848821,5855.6507,Kafka
67e1c3a03224ef1ddaea8489,1742848786,40886.1773,1742848821,5886.1773,Kafka
67e1c3a03224ef1ddaea848a,1742848786,40888.4537,1742848821,5888.4537,Kafka
67e1c3a03224ef1ddaea848b,1742848786,40889.9483,1742848821,5889.9483,Kafka
67e1c3a13224ef1ddaea848c,1742848786,40916.3815,1742848821,5916.3815,Kafka
67e1c3a13224ef1ddaea848d,1742848786,40919.5537,1742848821,5919.5537,Kafka
67e1c3a13224ef1ddaea848e,1742848786,40978.2675,1742848821,5978.2675,Kafka
67e1c3a13224ef1ddaea848f,1742848786,41010.1864,1742848821,6010.1864,Kafka
67e1c3a13224ef1ddaea8490,1742848786,41071.3809,1742848821,6071.3809,Kafka
67e1c3a13224ef1ddaea8491,1742848786,41103.2538,1742848821,6103.2538,Kafka
67e1c3a13224ef1ddaea8492,1742848786,41105.3979,1742848821,6105.3979,Kafka
67e1c3a13224ef1ddaea8493,1742848786,41106.7989,1742848821,6106.7989,Kafka
67e1c3a13224ef1ddaea8494,1742848786,41108.2604,1742848821,6108.2604,Kafka
67e1c3a13224ef1ddaea8495,1742848786,41134.4409,1742848821,6134.4409,Kafka
67e1c3a13224ef1ddaea8496,1742848786,41165.2306,1742848821,6165.2306,Kafka
67e1c3a13224ef1ddaea8497,1742848786,41167.3792,1742848821,6167.3792,Kafka
67e1c3a13224ef1ddaea8498,1742848786,41168.8088,1742848821,6168.8088,Kafka
67e1c3a13224ef1ddaea8499,1742848786,41170.1508,1742848821,6170.1508,Kafka
67e1c3a13224ef1ddaea849a,1742848786,41195.3633,1742848821,6195.3633,Kafka
67e1c3a13224ef1ddaea849b,1742848786,41197.438,1742848821,6197.438,Kafka
67e1c3a13224ef1ddaea849c,1742848786,41198.8581,1742848821,6198.8581,Kafka
67e1c3a13224ef1ddaea849d,1742848786,41200.3569,1742848821,6200.3569,Kafka
67e1c3a13224ef1ddaea849e,1742848786,41201.9197,1742848821,6201.9197,Kafka
67e1c3a13224ef1ddaea849f,1742848786,41257.4043,1742848821,6257.4043,Kafka
67e1c3a23224ef1ddaea84a0,1742848786,41289.8673,1742848821,6289.8673,Kafka
67e1c3a23224ef1ddaea84a1,1742848786,41320.1969,1742848821,6320.1969,Kafka
67e1c3a23224ef1ddaea84a2,1742848786,41381.4465,1742848821,6381.4465,Kafka
67e1c3a23224ef1ddaea84a3,1742848786,41412.4744,1742848821,6412.4744,Kafka
67e1c3a23224ef1ddaea84a4,1742848786,41443.3496,1742848821,6443.3496,Kafka
67e1c3a23224ef1ddaea84a5,1742848786,41475.5461,1742848821,6475.5461,Kafka
67e1c3a23224ef1ddaea84a6,1742848786,41477.5556,1742848821,6477.5556,Kafka
67e1c3a23224ef1ddaea84a7,1742848786,41478.9326,1742848821,6478.9326,Kafka
67e1c3a23224ef1ddaea84a8,1742848786,41480.3728,1742848821,6480.3728,Kafka
67e1c3a23224ef1ddaea84a9,1742848786,41481.7663,1742848821,6481.7663,Kafka
67e1c3a23224ef1ddaea84aa,1742848786,41536.6039,1742848821,6536.6039,Kafka
67e1c3a23224ef1ddaea84ab,1742848786,41541.0931,1742848821,6541.0931,Kafka
67e1c3a23224ef1ddaea84ac,1742848786,41567.6812,1742848821,6567.6812,Kafka
67e1c3a23224ef1ddaea84ad,1742848786,41570.3897,1742848821,6570.3897,Kafka
67e1c3a23224ef1ddaea84ae,1742848786,41598.5888,1742848821,6598.5888,Kafka
67e1c3a23224ef1ddaea84af,1742848786,41630.5034,1742848821,6630.5034,Kafka
67e1c3a23224ef1ddaea84b0,1742848786,41661.2587,1742848821,6661.2587,Kafka
67e1c3a23224ef1ddaea84b1,1742848786,41722.5496,1742848821,6722.5496,Kafka
67e1c3a23224ef1ddaea84b2,1742848786,41725.0157,1742848821,6725.0157,Kafka
67e1c3a23224ef1ddaea84b3,1742848786,41726.9494,1742848821,6726.9494,Kafka
67e1c3a23224ef1ddaea84b4,1742848786,41754.7874,1742848821,6754.7874,Kafka
67e1c3a23224ef1ddaea84b5,1742848786,41784.3631,1742848821,6784.3631,Kafka
67e1c3a23224ef1ddaea84b6,1742848786,41786.4075,1742848821,6786.4075,Kafka
67e1c3a23224ef1ddaea84b7,1742848786,41846.553,1742848821,6846.553,Kafka
67e1c3a33224ef1ddaea84b8,1742848786,41848.5419,1742848821,6848.5419,Kafka
67e1c3a33224ef1ddaea84b9,1742848786,41878.5059,1742848821,6878.5059,Kafka
67e1c3a33224ef1ddaea84ba,1742848786,41909.6082,1742848821,6909.6082,Kafka
67e1c3a33224ef1ddaea84bb,1742848786,41912.4103,1742848821,6912.4103,Kafka
67e1c3a33224ef1ddaea84bc,1742848786,41970.4997,1742848821,6970.4997,Kafka
67e1c39b3224ef1ddaea843c,1742848786,39370.0401,1742848820,5370.0401,Kafka
67e1c39b3224ef1ddaea843d,1742848786,39371.4178,1742848820,5371.4178,Kafka
67e1c39b3224ef1ddaea843e,1742848786,39372.8985,1742848820,5372.8985,Kafka
67e1c39b3224ef1ddaea843f,1742848786,39374.3049,1742848820,5374.3049,Kafka
67e1c39b3224ef1ddaea8440,1742848786,39375.6919,1742848820,5375.6919,Kafka
67e1c39b3224ef1ddaea8441,1742848786,39377.114,1742848820,5377.114,Kafka
67e1c39b3224ef1ddaea8442,1742848786,39378.4639,1742848820,5378.4639,Kafka
67e1c39b3224ef1ddaea8443,1742848786,39379.851,1742848820,5379.851,Kafka
67e1c39b3224ef1ddaea8444,1742848786,39381.2837,1742848820,5381.2837,Kafka
67e1c39b3224ef1ddaea8445,1742848786,39382.9253,1742848820,5382.9253,Kafka
67e1c39b3224ef1ddaea8446,1742848786,39384.946,1742848820,5384.946,Kafka
67e1c39b3224ef1ddaea8447,1742848786,39386.4697,1742848820,5386.4697,Kafka
67e1c39b3224ef1ddaea8448,1742848786,39387.8495,1742848820,5387.8495,Kafka
67e1c39b3224ef1ddaea8449,1742848786,39389.2331,1742848820,5389.2331,Kafka
67e1c39c3224ef1ddaea844a,1742848786,39443.4994,1742848820,5443.4994,Kafka
67e1c39c3224ef1ddaea844b,1742848786,39445.6997,1742848820,5445.6997,Kafka
67e1c39c3224ef1ddaea844c,1742848786,39447.2499,1742848820,5447.2499,Kafka
67e1c39c3224ef1ddaea844d,1742848786,39448.6812,1742848820,5448.6812,Kafka
67e1c39c3224ef1ddaea844e,1742848786,39475.6358,1742848820,5475.6358,Kafka
67e1c39c3224ef1ddaea844f,1742848786,39477.7726,1742848820,5477.7726,Kafka
67e1c39c3224ef1ddaea8450,1742848786,39479.1913,1742848820,5479.1913,Kafka
67e1c39c3224ef1ddaea8451,1742848786,39505.5606,1742848820,5505.5606,Kafka
67e1c39c3224ef1ddaea8452,1742848786,39536.5362,1742848820,5536.5362,Kafka
67e1c39e3224ef1ddaea8453,1742848786,39598.4986,1742848820,5598.4986,Kafka
67e1c39e3224ef1ddaea8454,1742848786,39600.4837,1742848820,5600.4837,Kafka
67e1c39e3224ef1ddaea8455,1742848786,39602.05,1742848820,5602.05,Kafka
67e1c39e3224ef1ddaea8456,1742848786,39630.4219,1742848820,5630.4219,Kafka
67e1c39e3224ef1ddaea8457,1742848786,39632.4679,1742848820,5632.4679,Kafka
67e1c39e3224ef1ddaea8458,1742848786,39633.9706,1742848820,5633.9706,Kafka
67e1c39e3224ef1ddaea8459,1742848786,39635.3611,1742848820,5635.3611,Kafka
67e1c39e3224ef1ddaea845a,1742848786,39637.0355,1742848820,5637.0355,Kafka
67e1c39e3224ef1ddaea845b,1742848786,39691.5757,1742848820,5691.5757,Kafka
67e1c39e3224ef1ddaea845c,1742848786,39693.7862,1742848820,5693.7862,Kafka
67e1c39f3224ef1ddaea845d,1742848786,39723.5632,1742848820,5723.5632,Kafka
67e1c39f3224ef1ddaea845e,1742848786,39725.5893,1742848820,5725.5893,Kafka
67e1c39f3224ef1ddaea845f,1742848786,39755.7442,1742848820,5755.7442,Kafka
67e1c39f3224ef1ddaea8460,1742848786,39784.7571,1742848820,5784.7571,Kafka
67e1c39f3224ef1ddaea8461,1742848786,39787.0742,1742848820,5787.0742,Kafka
67e1c39f3224ef1ddaea8462,1742848786,39816.7685,1742848820,5816.7685,Kafka
67e1c39f3224ef1ddaea8463,1742848786,39877.816,1742848820,5877.816,Kafka
67e1c39f3224ef1ddaea8464,1742848786,39939.5372,1742848820,5939.5372,Kafka
67e1c39f3224ef1ddaea8465,1742848786,40001.6582,1742848820,6001.6582,Kafka
67e1c39f3224ef1ddaea8466,1742848786,40005.0259,1742848820,6005.0259,Kafka
67e1c39f3224ef1ddaea8467,1742848786,40063.4992,1742848820,6063.4992,Kafka
67e1c39f3224ef1ddaea8468,1742848786,40094.5147,1742848820,6094.5147,Kafka
67e1c39f3224ef1ddaea8469,1742848786,40156.6302,1742848820,6156.6302,Kafka
67e1c39f3224ef1ddaea846a,1742848786,40158.6869,1742848820,6158.6869,Kafka
67e1c39f3224ef1ddaea846b,1742848786,40160.25,1742848820,6160.25,Kafka
67e1c39f3224ef1ddaea846c,1742848786,40188.3902,1742848820,6188.3902,Kafka
67e1c39f3224ef1ddaea846d,1742848786,40219.4802,1742848820,6219.4802,Kafka
67e1c39f3224ef1ddaea846e,1742848786,40221.5349,1742848820,6221.5349,Kafka
67e1c39f3224ef1ddaea846f,1742848786,40223.0042,1742848820,6223.0042,Kafka
67e1c39f3224ef1ddaea8470,1742848786,40224.4875,1742848820,6224.4875,Kafka
67e1c39f3224ef1ddaea8471,1742848786,40225.9671,1742848820,6225.9671,Kafka
67e1c39f3224ef1ddaea8472,1742848786,40227.3897,1742848820,6227.3897,Kafka
67e1c39f3224ef1ddaea8473,1742848786,40228.7903,1742848820,6228.7903,Kafka
67e1c39f3224ef1ddaea8474,1742848786,40265.1168,1742848820,6265.1168,Kafka
67e1c39f3224ef1ddaea8475,1742848786,40267.5001,1742848820,6267.5001,Kafka
67e1c39f3224ef1ddaea8476,1742848786,40269.0232,1742848820,6269.0232,Kafka
67e1c39f3224ef1ddaea8477,1742848786,40296.0151,1742848820,6296.0151,Kafka
67e1c3a03224ef1ddaea8478,1742848786,40328.9048,1742848820,6328.9048,Kafka
67e1c3a03224ef1ddaea8479,1742848786,40358.0057,1742848820,6358.0057,Kafka
67e1c3a03224ef1ddaea847a,1742848786,40389.8988,1742848820,6389.8988,Kafka
67e1c3a03224ef1ddaea847b,1742848786,40392.0362,1742848820,6392.0362,Kafka
67e1c3a03224ef1ddaea847c,1742848786,40393.4746,1742848820,6393.4746,Kafka
67e1c3983224ef1ddaea83fe,1742848786,39267.0224,1742848819,6267.0224,Kafka
67e1c3983224ef1ddaea83ff,1742848786,39268.8103,1742848819,6268.8103,Kafka
67e1c3983224ef1ddaea8400,1742848786,39270.2845,1742848819,6270.2845,Kafka
67e1c3983224ef1ddaea8401,1742848786,39271.7368,1742848819,6271.7368,Kafka
67e1c3983224ef1ddaea8402,1742848786,39273.3602,1742848819,6273.3602,Kafka
67e1c3983224ef1ddaea8403,1742848786,39275.6456,1742848819,6275.6456,Kafka
67e1c3983224ef1ddaea8404,1742848786,39277.3523,1742848819,6277.3523,Kafka
67e1c3983224ef1ddaea8405,1742848786,39278.8545,1742848819,6278.8545,Kafka
67e1c3983224ef1ddaea8406,1742848786,39280.3495,1742848819,6280.3495,Kafka
67e1c3983224ef1ddaea8407,1742848786,39281.8307,1742848819,6281.8307,Kafka
67e1c3983224ef1ddaea8408,1742848786,39283.3726,1742848819,6283.3726,Kafka
67e1c3983224ef1ddaea8409,1742848786,39285.0887,1742848819,6285.0887,Kafka
67e1c3983224ef1ddaea840a,1742848786,39286.8139,1742848819,6286.8139,Kafka
67e1c3993224ef1ddaea840b,1742848786,39288.6267,1742848819,6288.6267,Kafka
67e1c3993224ef1ddaea840c,1742848786,39290.7673,1742848819,6290.7673,Kafka
67e1c3993224ef1ddaea840d,1742848786,39292.606,1742848819,6292.606,Kafka
67e1c3993224ef1ddaea840e,1742848786,39294.4199,1742848819,6294.4199,Kafka
67e1c3993224ef1ddaea840f,1742848786,39296.2827,1742848819,6296.2827,Kafka
67e1c3993224ef1ddaea8410,1742848786,39297.9114,1742848819,6297.9114,Kafka
67e1c3993224ef1ddaea8411,1742848786,39299.5046,1742848819,6299.5046,Kafka
67e1c3993224ef1ddaea8412,1742848786,39301.1376,1742848819,6301.1376,Kafka
67e1c3993224ef1ddaea8413,1742848786,39302.6868,1742848819,6302.6868,Kafka
67e1c3993224ef1ddaea8414,1742848786,39305.1582,1742848819,6305.1582,Kafka
67e1c3993224ef1ddaea8415,1742848786,39309.1387,1742848819,6309.1387,Kafka
67e1c3993224ef1ddaea8416,1742848786,39312.5867,1742848819,6312.5867,Kafka
67e1c3993224ef1ddaea8417,1742848786,39314.119,1742848819,6314.119,Kafka
67e1c3993224ef1ddaea8418,1742848786,39315.6501,1742848819,6315.6501,Kafka
67e1c3993224ef1ddaea8419,1742848786,39317.2071,1742848819,6317.2071,Kafka
67e1c3993224ef1ddaea841a,1742848786,39318.6212,1742848819,6318.6212,Kafka
67e1c3993224ef1ddaea841b,1742848786,39320.2036,1742848819,6320.2036,Kafka
67e1c3993224ef1ddaea841c,1742848786,39322.2258,1742848819,6322.2258,Kafka
67e1c3993224ef1ddaea841d,1742848786,39323.73,1742848819,6323.73,Kafka
67e1c3993224ef1ddaea841e,1742848786,39325.185,1742848819,6325.185,Kafka
67e1c3993224ef1ddaea841f,1742848786,39326.6366,1742848819,6326.6366,Kafka
67e1c39a3224ef1ddaea8420,1742848786,39328.0582,1742848819,6328.0582,Kafka
67e1c39a3224ef1ddaea8421,1742848786,39329.453,1742848819,6329.453,Kafka
67e1c39a3224ef1ddaea8422,1742848786,39330.9586,1742848819,6330.9586,Kafka
67e1c39a3224ef1ddaea8423,1742848786,39332.4224,1742848819,6332.4224,Kafka
67e1c39a3224ef1ddaea8424,1742848786,39333.9001,1742848819,6333.9001,Kafka
67e1c39a3224ef1ddaea8425,1742848786,39335.3587,1742848819,6335.3587,Kafka
67e1c39a3224ef1ddaea8426,1742848786,39337.4018,1742848819,6337.4018,Kafka
67e1c39a3224ef1ddaea8427,1742848786,39338.8854,1742848819,6338.8854,Kafka
67e1c39a3224ef1ddaea8428,1742848786,39340.3437,1742848819,6340.3437,Kafka
67e1c39a3224ef1ddaea8429,1742848786,39341.761,1742848819,6341.761,Kafka
67e1c39a3224ef1ddaea842a,1742848786,39343.192,1742848819,6343.192,Kafka
67e1c39a3224ef1ddaea842b,1742848786,39344.6115,1742848819,6344.6115,Kafka
67e1c39a3224ef1ddaea842c,1742848786,39346.0866,1742848819,6346.0866,Kafka
67e1c39a3224ef1ddaea842d,1742848786,39347.4851,1742848819,6347.4851,Kafka
67e1c39a3224ef1ddaea842e,1742848786,39348.8807,1742848819,6348.8807,Kafka
67e1c39a3224ef1ddaea842f,1742848786,39350.2923,1742848819,6350.2923,Kafka
67e1c39a3224ef1ddaea8430,1742848786,39352.2242,1742848819,6352.2242,Kafka
67e1c39a3224ef1ddaea8431,1742848786,39353.7876,1742848819,6353.7876,Kafka
67e1c39b3224ef1ddaea8432,1742848786,39355.2019,1742848819,6355.2019,Kafka
67e1c39b3224ef1ddaea8433,1742848786,39356.6318,1742848819,6356.6318,Kafka
67e1c39b3224ef1ddaea8434,1742848786,39358.131,1742848819,6358.131,Kafka
67e1c39b3224ef1ddaea8435,1742848786,39359.5115,1742848819,6359.5115,Kafka
67e1c39b3224ef1ddaea8436,1742848786,39360.9012,1742848819,6360.9012,Kafka
67e1c39b3224ef1ddaea8437,1742848786,39362.3302,1742848819,6362.3302,Kafka
67e1c39b3224ef1ddaea8438,1742848786,39363.7287,1742848819,6363.7287,Kafka
67e1c39b3224ef1ddaea8439,1742848786,39365.1223,1742848819,6365.1223,Kafka
67e1c39b3224ef1ddaea843a,1742848786,39366.6184,1742848819,6366.6184,Kafka
67e1c39b3224ef1ddaea843b,1742848786,39368.6838,1742848819,6368.6838,Kafka
67e1c3973224ef1ddaea83f3,1742848786,39236.128,1742848818,7236.128,Kafka
67e1c3973224ef1ddaea83f4,1742848786,39237.6988,1742848818,7237.6988,Kafka
67e1c3983224ef1ddaea83f5,1742848786,39239.1372,1742848818,7239.1372,Kafka
67e1c3983224ef1ddaea83f6,1742848786,39241.8669,1742848818,7241.8669,Kafka
67e1c3983224ef1ddaea83f7,1742848786,39250.6345,1742848818,7250.6345,Kafka
67e1c3983224ef1ddaea83f8,1742848786,39252.9269,1742848818,7252.9269,Kafka
67e1c3983224ef1ddaea83f9,1742848786,39254.5129,1742848818,7254.5129,Kafka
67e1c3983224ef1ddaea83fa,1742848786,39256.1162,1742848818,7256.1162,Kafka
67e1c3983224ef1ddaea83fb,1742848786,39258.6343,1742848818,7258.6343,Kafka
67e1c3983224ef1ddaea83fc,1742848786,39261.1695,1742848818,7261.1695,Kafka
67e1c3983224ef1ddaea83fd,1742848786,39263.0225,1742848818,7263.0225,Kafka
67e1c3953224ef1ddaea83bd,1742848786,39126.4653,1742848818,7126.4653,Kafka
67e1c3953224ef1ddaea83be,1742848786,39128.0637,1742848818,7128.0637,Kafka
67e1c3953224ef1ddaea83bf,1742848786,39129.594,1742848818,7129.594,Kafka
67e1c3953224ef1ddaea83c0,1742848786,39131.0203,1742848818,7131.0203,Kafka
67e1c3953224ef1ddaea83c1,1742848786,39132.5531,1742848818,7132.5531,Kafka
67e1c3953224ef1ddaea83c2,1742848786,39134.3131,1742848818,7134.3131,Kafka
67e1c3953224ef1ddaea83c3,1742848786,39136.4923,1742848818,7136.4923,Kafka
67e1c3953224ef1ddaea83c4,1742848786,39138.063,1742848818,7138.063,Kafka
67e1c3953224ef1ddaea83c5,1742848786,39139.9638,1742848818,7139.9638,Kafka
67e1c3953224ef1ddaea83c6,1742848786,39141.8492,1742848818,7141.8492,Kafka
67e1c3963224ef1ddaea83c7,1742848786,39149.5618,1742848818,7149.5618,Kafka
67e1c3963224ef1ddaea83c8,1742848786,39152.3846,1742848818,7152.3846,Kafka
67e1c3963224ef1ddaea83c9,1742848786,39154.0495,1742848818,7154.0495,Kafka
67e1c3963224ef1ddaea83ca,1742848786,39155.5767,1742848818,7155.5767,Kafka
67e1c3963224ef1ddaea83cb,1742848786,39157.0355,1742848818,7157.0355,Kafka
67e1c3963224ef1ddaea83cc,1742848786,39158.5541,1742848818,7158.5541,Kafka
67e1c3963224ef1ddaea83cd,1742848786,39159.9848,1742848818,7159.9848,Kafka
67e1c3963224ef1ddaea83ce,1742848786,39161.3423,1742848818,7161.3423,Kafka
67e1c3963224ef1ddaea83cf,1742848786,39162.7345,1742848818,7162.7345,Kafka
67e1c3963224ef1ddaea83d0,1742848786,39164.3222,1742848818,7164.3222,Kafka
67e1c3963224ef1ddaea83d1,1742848786,39166.4194,1742848818,7166.4194,Kafka
67e1c3963224ef1ddaea83d2,1742848786,39168.1317,1742848818,7168.1317,Kafka
67e1c3963224ef1ddaea83d3,1742848786,39169.5784,1742848818,7169.5784,Kafka
67e1c3963224ef1ddaea83d4,1742848786,39171.1187,1742848818,7171.1187,Kafka
67e1c3963224ef1ddaea83d5,1742848786,39172.5751,1742848818,7172.5751,Kafka
67e1c3963224ef1ddaea83d6,1742848786,39173.9856,1742848818,7173.9856,Kafka
67e1c3963224ef1ddaea83d7,1742848786,39175.5041,1742848818,7175.5041,Kafka
67e1c3973224ef1ddaea83d8,1742848786,39176.9909,1742848818,7176.9909,Kafka
67e1c3973224ef1ddaea83d9,1742848786,39178.693,1742848818,7178.693,Kafka
67e1c3973224ef1ddaea83da,1742848786,39180.2391,1742848818,7180.2391,Kafka
67e1c3973224ef1ddaea83db,1742848786,39182.4722,1742848818,7182.4722,Kafka
67e1c3973224ef1ddaea83dc,1742848786,39183.9712,1742848818,7183.9712,Kafka
67e1c3973224ef1ddaea83dd,1742848786,39185.5479,1742848818,7185.5479,Kafka
67e1c3973224ef1ddaea83de,1742848786,39188.5322,1742848818,7188.5322,Kafka
67e1c3973224ef1ddaea83df,1742848786,39191.711,1742848818,7191.711,Kafka
67e1c3973224ef1ddaea83e0,1742848786,39200.0602,1742848818,7200.0602,Kafka
67e1c3973224ef1ddaea83e1,1742848786,39203.6494,1742848818,7203.6494,Kafka
67e1c3973224ef1ddaea83e2,1742848786,39205.6862,1742848818,7205.6862,Kafka
67e1c3973224ef1ddaea83e3,1742848786,39207.6215,1742848818,7207.6215,Kafka
67e1c3973224ef1ddaea83e4,1742848786,39209.6566,1742848818,7209.6566,Kafka
67e1c3973224ef1ddaea83e5,1742848786,39211.6604,1742848818,7211.6604,Kafka
67e1c3973224ef1ddaea83e6,1742848786,39214.5165,1742848818,7214.5165,Kafka
67e1c3973224ef1ddaea83e7,1742848786,39216.4445,1742848818,7216.4445,Kafka
67e1c3973224ef1ddaea83e8,1742848786,39218.1329,1742848818,7218.1329,Kafka
67e1c3973224ef1ddaea83e9,1742848786,39219.5649,1742848818,7219.5649,Kafka
67e1c3973224ef1ddaea83ea,1742848786,39221.1519,1742848818,7221.1519,Kafka
67e1c3973224ef1ddaea83eb,1742848786,39222.7571,1742848818,7222.7571,Kafka
67e1c3973224ef1ddaea83ec,1742848786,39224.3056,1742848818,7224.3056,Kafka
67e1c3973224ef1ddaea83ed,1742848786,39225.9758,1742848818,7225.9758,Kafka
67e1c3973224ef1ddaea83ee,1742848786,39227.7891,1742848818,7227.7891,Kafka
67e1c3973224ef1ddaea83ef,1742848786,39230.014,1742848818,7230.014,Kafka
67e1c3973224ef1ddaea83f0,1742848786,39231.544,1742848818,7231.544,Kafka
67e1c3973224ef1ddaea83f1,1742848786,39233.1649,1742848818,7233.1649,Kafka
67e1c3973224ef1ddaea83f2,1742848786,39234.6685,1742848818,7234.6685,Kafka
67e1c3923224ef1ddaea837f,1742848786,39020.8294,1742848817,8020.8294,Kafka
67e1c3923224ef1ddaea8380,1742848786,39022.3069,1742848817,8022.3069,Kafka
67e1c3923224ef1ddaea8381,1742848786,39023.7375,1742848817,8023.7375,Kafka
67e1c3923224ef1ddaea8382,1742848786,39025.2589,1742848817,8025.2589,Kafka
67e1c3923224ef1ddaea8383,1742848786,39027.1584,1742848817,8027.1584,Kafka
67e1c3923224ef1ddaea8384,1742848786,39028.5778,1742848817,8028.5778,Kafka
67e1c3923224ef1ddaea8385,1742848786,39030.001,1742848817,8030.001,Kafka
67e1c3923224ef1ddaea8386,1742848786,39031.393,1742848817,8031.393,Kafka
67e1c3933224ef1ddaea8387,1742848786,39034.2418,1742848817,8034.2418,Kafka
67e1c3933224ef1ddaea8388,1742848786,39037.0471,1742848817,8037.0471,Kafka
67e1c3933224ef1ddaea8389,1742848786,39038.6506,1742848817,8038.6506,Kafka
67e1c3933224ef1ddaea838a,1742848786,39040.1983,1742848817,8040.1983,Kafka
67e1c3933224ef1ddaea838b,1742848786,39042.1794,1742848817,8042.1794,Kafka
67e1c3933224ef1ddaea838c,1742848786,39044.1942,1742848817,8044.1942,Kafka
67e1c3933224ef1ddaea838d,1742848786,39045.8097,1742848817,8045.8097,Kafka
67e1c3933224ef1ddaea838e,1742848786,39047.3215,1742848817,8047.3215,Kafka
67e1c3933224ef1ddaea838f,1742848786,39048.8338,1742848817,8048.8338,Kafka
67e1c3933224ef1ddaea8390,1742848786,39050.3133,1742848817,8050.3133,Kafka
67e1c3933224ef1ddaea8391,1742848786,39051.8204,1742848817,8051.8204,Kafka
67e1c3933224ef1ddaea8392,1742848786,39053.3417,1742848817,8053.3417,Kafka
67e1c3933224ef1ddaea8393,1742848786,39054.9778,1742848817,8054.9778,Kafka
67e1c3933224ef1ddaea8394,1742848786,39056.5199,1742848817,8056.5199,Kafka
67e1c3933224ef1ddaea8395,1742848786,39058.5929,1742848817,8058.5929,Kafka
67e1c3933224ef1ddaea8396,1742848786,39060.0783,1742848817,8060.0783,Kafka
67e1c3933224ef1ddaea8397,1742848786,39061.4975,1742848817,8061.4975,Kafka
67e1c3933224ef1ddaea8398,1742848786,39062.9587,1742848817,8062.9587,Kafka
67e1c3933224ef1ddaea8399,1742848786,39064.4778,1742848817,8064.4778,Kafka
67e1c3933224ef1ddaea839a,1742848786,39065.877,1742848817,8065.877,Kafka
67e1c3943224ef1ddaea839b,1742848786,39067.2911,1742848817,8067.2911,Kafka
67e1c3943224ef1ddaea839c,1742848786,39068.7229,1742848817,8068.7229,Kafka
67e1c3943224ef1ddaea839d,1742848786,39070.3647,1742848817,8070.3647,Kafka
67e1c3943224ef1ddaea839e,1742848786,39072.9302,1742848817,8072.9302,Kafka
67e1c3943224ef1ddaea839f,1742848786,39074.5294,1742848817,8074.5294,Kafka
67e1c3943224ef1ddaea83a0,1742848786,39077.2466,1742848817,8077.2466,Kafka
67e1c3943224ef1ddaea83a1,1742848786,39079.0779,1742848817,8079.0779,Kafka
67e1c3943224ef1ddaea83a2,1742848786,39080.7658,1742848817,8080.7658,Kafka
67e1c3943224ef1ddaea83a3,1742848786,39082.3286,1742848817,8082.3286,Kafka
67e1c3943224ef1ddaea83a4,1742848786,39083.8432,1742848817,8083.8432,Kafka
67e1c3943224ef1ddaea83a5,1742848786,39085.3824,1742848817,8085.3824,Kafka
67e1c3943224ef1ddaea83a6,1742848786,39087.0051,1742848817,8087.0051,Kafka
67e1c3943224ef1ddaea83a7,1742848786,39088.9375,1742848817,8088.9375,Kafka
67e1c3943224ef1ddaea83a8,1742848786,39090.5611,1742848817,8090.5611,Kafka
67e1c3943224ef1ddaea83a9,1742848786,39092.1375,1742848817,8092.1375,Kafka
67e1c3943224ef1ddaea83aa,1742848786,39093.5903,1742848817,8093.5903,Kafka
67e1c3943224ef1ddaea83ab,1742848786,39095.0687,1742848817,8095.0687,Kafka
67e1c3943224ef1ddaea83ac,1742848786,39096.5795,1742848817,8096.5795,Kafka
67e1c3943224ef1ddaea83ad,1742848786,39098.0622,1742848817,8098.0622,Kafka
67e1c3943224ef1ddaea83ae,1742848786,39099.4956,1742848817,8099.4956,Kafka
67e1c3943224ef1ddaea83af,1742848786,39100.9145,1742848817,8100.9145,Kafka
67e1c3943224ef1ddaea83b0,1742848786,39102.3554,1742848817,8102.3554,Kafka
67e1c3943224ef1ddaea83b1,1742848786,39104.466,1742848817,8104.466,Kafka
67e1c3943224ef1ddaea83b2,1742848786,39106.0391,1742848817,8106.0391,Kafka
67e1c3943224ef1ddaea83b3,1742848786,39108.2451,1742848817,8108.2451,Kafka
67e1c3953224ef1ddaea83b4,1742848786,39111.5255,1742848817,8111.5255,Kafka
67e1c3953224ef1ddaea83b5,1742848786,39113.3207,1742848817,8113.3207,Kafka
67e1c3953224ef1ddaea83b6,1742848786,39114.8394,1742848817,8114.8394,Kafka
67e1c3953224ef1ddaea83b7,1742848786,39116.3574,1742848817,8116.3574,Kafka
67e1c3953224ef1ddaea83b8,1742848786,39118.0116,1742848817,8118.0116,Kafka
67e1c3953224ef1ddaea83b9,1742848786,39119.7614,1742848817,8119.7614,Kafka
67e1c3953224ef1ddaea83ba,1742848786,39121.7828,1742848817,8121.7828,Kafka
67e1c3953224ef1ddaea83bb,1742848786,39123.3727,1742848817,8123.3727,Kafka
67e1c3953224ef1ddaea83bc,1742848786,39124.9072,1742848817,8124.9072,Kafka
67e1c3903224ef1ddaea8340,1742848786,38523.2263,1742848816,8523.2263,Kafka
67e1c3903224ef1ddaea8341,1742848786,38524.5649,1742848816,8524.5649,Kafka
67e1c3903224ef1ddaea8342,1742848786,38525.9059,1742848816,8525.9059,Kafka
67e1c3903224ef1ddaea8343,1742848786,38527.2629,1742848816,8527.2629,Kafka
67e1c3903224ef1ddaea8344,1742848786,38528.5913,1742848816,8528.5913,Kafka
67e1c3903224ef1ddaea8345,1742848786,38530.3901,1742848816,8530.3901,Kafka
67e1c3903224ef1ddaea8346,1742848786,38531.8722,1742848816,8531.8722,Kafka
67e1c3903224ef1ddaea8347,1742848786,38534.6366,1742848816,8534.6366,Kafka
67e1c3903224ef1ddaea8348,1742848786,38537.1759,1742848816,8537.1759,Kafka
67e1c3903224ef1ddaea8349,1742848786,38559.9275,1742848816,8559.9275,Kafka
67e1c3903224ef1ddaea834a,1742848786,38561.9183,1742848816,8561.9183,Kafka
67e1c3903224ef1ddaea834b,1742848786,38591.9311,1742848816,8591.9311,Kafka
67e1c3903224ef1ddaea834c,1742848786,38593.8858,1742848816,8593.8858,Kafka
67e1c3903224ef1ddaea834d,1742848786,38595.2437,1742848816,8595.2437,Kafka
67e1c3903224ef1ddaea834e,1742848786,38596.6393,1742848816,8596.6393,Kafka
67e1c3903224ef1ddaea834f,1742848786,38622.0571,1742848816,8622.0571,Kafka
67e1c3903224ef1ddaea8350,1742848786,38624.3336,1742848816,8624.3336,Kafka
67e1c3903224ef1ddaea8351,1742848786,38625.8397,1742848816,8625.8397,Kafka
67e1c3903224ef1ddaea8352,1742848786,38627.2275,1742848816,8627.2275,Kafka
67e1c3903224ef1ddaea8353,1742848786,38683.9448,1742848816,8683.9448,Kafka
67e1c3903224ef1ddaea8354,1742848786,38746.3876,1742848816,8746.3876,Kafka
67e1c3913224ef1ddaea8355,1742848786,38807.9501,1742848816,8807.9501,Kafka
67e1c3913224ef1ddaea8356,1742848786,38810.2415,1742848816,8810.2415,Kafka
67e1c3913224ef1ddaea8357,1742848786,38870.0108,1742848816,8870.0108,Kafka
67e1c3913224ef1ddaea8358,1742848786,38872.0515,1742848816,8872.0515,Kafka
67e1c3913224ef1ddaea8359,1742848786,38874.3211,1742848816,8874.3211,Kafka
67e1c3913224ef1ddaea835a,1742848786,38875.9845,1742848816,8875.9845,Kafka
67e1c3913224ef1ddaea835b,1742848786,38877.3246,1742848816,8877.3246,Kafka
67e1c3913224ef1ddaea835c,1742848786,38900.9964,1742848816,8900.9964,Kafka
67e1c3913224ef1ddaea835d,1742848786,38932.0477,1742848816,8932.0477,Kafka
67e1c3913224ef1ddaea835e,1742848786,38934.9478,1742848816,8934.9478,Kafka
67e1c3913224ef1ddaea835f,1742848786,38936.5924,1742848816,8936.5924,Kafka
67e1c3913224ef1ddaea8360,1742848786,38938.1183,1742848816,8938.1183,Kafka
67e1c3913224ef1ddaea8361,1742848786,38962.9174,1742848816,8962.9174,Kafka
67e1c3913224ef1ddaea8362,1742848786,38964.771,1742848816,8964.771,Kafka
67e1c3913224ef1ddaea8363,1742848786,38966.9085,1742848816,8966.9085,Kafka
67e1c3913224ef1ddaea8364,1742848786,38968.4493,1742848816,8968.4493,Kafka
67e1c3913224ef1ddaea8365,1742848786,38969.9411,1742848816,8969.9411,Kafka
67e1c3913224ef1ddaea8366,1742848786,38971.477,1742848816,8971.477,Kafka
67e1c3913224ef1ddaea8367,1742848786,38972.9707,1742848816,8972.9707,Kafka
67e1c3913224ef1ddaea8368,1742848786,38974.5055,1742848816,8974.5055,Kafka
67e1c3913224ef1ddaea8369,1742848786,38976.0769,1742848816,8976.0769,Kafka
67e1c3913224ef1ddaea836a,1742848786,38977.643,1742848816,8977.643,Kafka
67e1c3913224ef1ddaea836b,1742848786,38979.7424,1742848816,8979.7424,Kafka
67e1c3913224ef1ddaea836c,1742848786,38982.0561,1742848816,8982.0561,Kafka
67e1c3913224ef1ddaea836d,1742848786,38983.9609,1742848816,8983.9609,Kafka
67e1c3913224ef1ddaea836e,1742848786,38985.5578,1742848816,8985.5578,Kafka
67e1c3913224ef1ddaea836f,1742848786,38987.1477,1742848816,8987.1477,Kafka
67e1c3913224ef1ddaea8370,1742848786,38988.7887,1742848816,8988.7887,Kafka
67e1c3913224ef1ddaea8371,1742848786,38990.6762,1742848816,8990.6762,Kafka
67e1c3913224ef1ddaea8372,1742848786,38993.0833,1742848816,8993.0833,Kafka
67e1c3923224ef1ddaea8373,1742848786,38997.597,1742848816,8997.597,Kafka
67e1c3923224ef1ddaea8374,1742848786,39002.2668,1742848816,9002.2668,Kafka
67e1c3923224ef1ddaea8375,1742848786,39004.317,1742848816,9004.317,Kafka
67e1c3923224ef1ddaea8376,1742848786,39006.1588,1742848816,9006.1588,Kafka
67e1c3923224ef1ddaea8377,1742848786,39007.8307,1742848816,9007.8307,Kafka
67e1c3923224ef1ddaea8378,1742848786,39009.4649,1742848816,9009.4649,Kafka
67e1c3923224ef1ddaea8379,1742848786,39011.7204,1742848816,9011.7204,Kafka
67e1c3923224ef1ddaea837a,1742848786,39013.5416,1742848816,9013.5416,Kafka
67e1c3923224ef1ddaea837b,1742848786,39015.0484,1742848816,9015.0484,Kafka
67e1c3923224ef1ddaea837c,1742848786,39016.4981,1742848816,9016.4981,Kafka
67e1c3923224ef1ddaea837d,1742848786,39017.9339,1742848816,9017.9339,Kafka
67e1c3923224ef1ddaea837e,1742848786,39019.3818,1742848816,9019.3818,Kafka
67e1c38d3224ef1ddaea8305,1742848786,38436.3553,1742848815,9436.3553,Kafka
67e1c38e3224ef1ddaea8306,1742848786,38438.391,1742848815,9438.391,Kafka
67e1c38e3224ef1ddaea8307,1742848786,38439.7637,1742848815,9439.7637,Kafka
67e1c38e3224ef1ddaea8308,1742848786,38441.1595,1742848815,9441.1595,Kafka
67e1c38e3224ef1ddaea8309,1742848786,38442.5564,1742848815,9442.5564,Kafka
67e1c38e3224ef1ddaea830a,1742848786,38444.0286,1742848815,9444.0286,Kafka
67e1c38e3224ef1ddaea830b,1742848786,38445.394,1742848815,9445.394,Kafka
67e1c38e3224ef1ddaea830c,1742848786,38446.7977,1742848815,9446.7977,Kafka
67e1c38e3224ef1ddaea830d,1742848786,38448.1981,1742848815,9448.1981,Kafka
67e1c38e3224ef1ddaea830e,1742848786,38449.5458,1742848815,9449.5458,Kafka
67e1c38e3224ef1ddaea830f,1742848786,38450.9457,1742848815,9450.9457,Kafka
67e1c38e3224ef1ddaea8310,1742848786,38452.6365,1742848815,9452.6365,Kafka
67e1c38e3224ef1ddaea8311,1742848786,38455.0314,1742848815,9455.0314,Kafka
67e1c38e3224ef1ddaea8312,1742848786,38456.4982,1742848815,9456.4982,Kafka
67e1c38e3224ef1ddaea8313,1742848786,38457.8991,1742848815,9457.8991,Kafka
67e1c38e3224ef1ddaea8314,1742848786,38459.3118,1742848815,9459.3118,Kafka
67e1c38e3224ef1ddaea8315,1742848786,38460.6415,1742848815,9460.6415,Kafka
67e1c38e3224ef1ddaea8316,1742848786,38461.9933,1742848815,9461.9933,Kafka
67e1c38e3224ef1ddaea8317,1742848786,38463.3844,1742848815,9463.3844,Kafka
67e1c38e3224ef1ddaea8318,1742848786,38464.7531,1742848815,9464.7531,Kafka
67e1c38e3224ef1ddaea8319,1742848786,38466.0842,1742848815,9466.0842,Kafka
67e1c38e3224ef1ddaea831a,1742848786,38467.5186,1742848815,9467.5186,Kafka
67e1c38e3224ef1ddaea831b,1742848786,38469.4523,1742848815,9469.4523,Kafka
67e1c38e3224ef1ddaea831c,1742848786,38470.921,1742848815,9470.921,Kafka
67e1c38e3224ef1ddaea831d,1742848786,38472.3243,1742848815,9472.3243,Kafka
67e1c38e3224ef1ddaea831e,1742848786,38473.6977,1742848815,9473.6977,Kafka
67e1c38f3224ef1ddaea831f,1742848786,38475.115,1742848815,9475.115,Kafka
67e1c38f3224ef1ddaea8320,1742848786,38476.4554,1742848815,9476.4554,Kafka
67e1c38f3224ef1ddaea8321,1742848786,38477.843,1742848815,9477.843,Kafka
67e1c38f3224ef1ddaea8322,1742848786,38479.3007,1742848815,9479.3007,Kafka
67e1c38f3224ef1ddaea8323,1742848786,38480.6688,1742848815,9480.6688,Kafka
67e1c38f3224ef1ddaea8324,1742848786,38482.0497,1742848815,9482.0497,Kafka
67e1c38f3224ef1ddaea8325,1742848786,38483.6375,1742848815,9483.6375,Kafka
67e1c38f3224ef1ddaea8326,1742848786,38485.438,1742848815,9485.438,Kafka
67e1c38f3224ef1ddaea8327,1742848786,38486.7915,1742848815,9486.7915,Kafka
67e1c38f3224ef1ddaea8328,1742848786,38488.1408,1742848815,9488.1408,Kafka
67e1c38f3224ef1ddaea8329,1742848786,38489.4954,1742848815,9489.4954,Kafka
67e1c38f3224ef1ddaea832a,1742848786,38490.8354,1742848815,9490.8354,Kafka
67e1c38f3224ef1ddaea832b,1742848786,38492.1921,1742848815,9492.1921,Kafka
67e1c38f3224ef1ddaea832c,1742848786,38493.5621,1742848815,9493.5621,Kafka
67e1c38f3224ef1ddaea832d,1742848786,38495.0428,1742848815,9495.0428,Kafka
67e1c38f3224ef1ddaea832e,1742848786,38496.4583,1742848815,9496.4583,Kafka
67e1c38f3224ef1ddaea832f,1742848786,38497.9172,1742848815,9497.9172,Kafka
67e1c38f3224ef1ddaea8330,1742848786,38499.8418,1742848815,9499.8418,Kafka
67e1c38f3224ef1ddaea8331,1742848786,38501.3885,1742848815,9501.3885,Kafka
67e1c38f3224ef1ddaea8332,1742848786,38502.7631,1742848815,9502.7631,Kafka
67e1c38f3224ef1ddaea8333,1742848786,38504.1287,1742848815,9504.1287,Kafka
67e1c38f3224ef1ddaea8334,1742848786,38505.5222,1742848815,9505.5222,Kafka
67e1c38f3224ef1ddaea8335,1742848786,38506.8592,1742848815,9506.8592,Kafka
67e1c38f3224ef1ddaea8336,1742848786,38508.2068,1742848815,9508.2068,Kafka
67e1c38f3224ef1ddaea8337,1742848786,38509.5513,1742848815,9509.5513,Kafka
67e1c38f3224ef1ddaea8338,1742848786,38511.1305,1742848815,9511.1305,Kafka
67e1c38f3224ef1ddaea8339,1742848786,38512.5416,1742848815,9512.5416,Kafka
67e1c38f3224ef1ddaea833a,1742848786,38514.0073,1742848815,9514.0073,Kafka
67e1c38f3224ef1ddaea833b,1742848786,38516.211,1742848815,9516.211,Kafka
67e1c38f3224ef1ddaea833c,1742848786,38517.6964,1742848815,9517.6964,Kafka
67e1c3903224ef1ddaea833d,1742848786,38519.0726,1742848815,9519.0726,Kafka
67e1c3903224ef1ddaea833e,1742848786,38520.5206,1742848815,9520.5206,Kafka
67e1c3903224ef1ddaea833f,1742848786,38521.8834,1742848815,9521.8834,Kafka
67e1c38b3224ef1ddaea82c4,1742848786,38336.3344,1742848814,10336.3344,Kafka
67e1c38b3224ef1ddaea82c5,1742848786,38338.1366,1742848814,10338.1366,Kafka
67e1c38b3224ef1ddaea82c6,1742848786,38339.7059,1742848814,10339.7059,Kafka
67e1c38b3224ef1ddaea82c7,1742848786,38341.2044,1742848814,10341.2044,Kafka
67e1c38b3224ef1ddaea82c8,1742848786,38342.8593,1742848814,10342.8593,Kafka
67e1c38b3224ef1ddaea82c9,1742848786,38344.5067,1742848814,10344.5067,Kafka
67e1c38b3224ef1ddaea82ca,1742848786,38346.9405,1742848814,10346.9405,Kafka
67e1c38b3224ef1ddaea82cb,1742848786,38348.4656,1742848814,10348.4656,Kafka
67e1c38b3224ef1ddaea82cc,1742848786,38350.1952,1742848814,10350.1952,Kafka
67e1c38b3224ef1ddaea82cd,1742848786,38351.8312,1742848814,10351.8312,Kafka
67e1c38b3224ef1ddaea82ce,1742848786,38353.4567,1742848814,10353.4567,Kafka
67e1c38b3224ef1ddaea82cf,1742848786,38355.1055,1742848814,10355.1055,Kafka
67e1c38b3224ef1ddaea82d0,1742848786,38356.6113,1742848814,10356.6113,Kafka
67e1c38b3224ef1ddaea82d1,1742848786,38358.1008,1742848814,10358.1008,Kafka
67e1c38b3224ef1ddaea82d2,1742848786,38359.8811,1742848814,10359.8811,Kafka
67e1c38b3224ef1ddaea82d3,1742848786,38362.1645,1742848814,10362.1645,Kafka
67e1c38b3224ef1ddaea82d4,1742848786,38363.7054,1742848814,10363.7054,Kafka
67e1c38b3224ef1ddaea82d5,1742848786,38365.1922,1742848814,10365.1922,Kafka
67e1c38b3224ef1ddaea82d6,1742848786,38366.5601,1742848814,10366.5601,Kafka
67e1c38b3224ef1ddaea82d7,1742848786,38368.0187,1742848814,10368.0187,Kafka
67e1c38b3224ef1ddaea82d8,1742848786,38369.444,1742848814,10369.444,Kafka
67e1c38c3224ef1ddaea82d9,1742848786,38370.9105,1742848814,10370.9105,Kafka
67e1c38c3224ef1ddaea82da,1742848786,38372.4865,1742848814,10372.4865,Kafka
67e1c38c3224ef1ddaea82db,1742848786,38374.1119,1742848814,10374.1119,Kafka
67e1c38c3224ef1ddaea82dc,1742848786,38375.9004,1742848814,10375.9004,Kafka
67e1c38c3224ef1ddaea82dd,1742848786,38377.9994,1742848814,10377.9994,Kafka
67e1c38c3224ef1ddaea82de,1742848786,38379.5483,1742848814,10379.5483,Kafka
67e1c38c3224ef1ddaea82df,1742848786,38380.9655,1742848814,10380.9655,Kafka
67e1c38c3224ef1ddaea82e0,1742848786,38382.3214,1742848814,10382.3214,Kafka
67e1c38c3224ef1ddaea82e1,1742848786,38383.7499,1742848814,10383.7499,Kafka
67e1c38c3224ef1ddaea82e2,1742848786,38385.1292,1742848814,10385.1292,Kafka
67e1c38c3224ef1ddaea82e3,1742848786,38386.476,1742848814,10386.476,Kafka
67e1c38c3224ef1ddaea82e4,1742848786,38387.8867,1742848814,10387.8867,Kafka
67e1c38c3224ef1ddaea82e5,1742848786,38389.3091,1742848814,10389.3091,Kafka
67e1c38c3224ef1ddaea82e6,1742848786,38390.6396,1742848814,10390.6396,Kafka
67e1c38c3224ef1ddaea82e7,1742848786,38392.638,1742848814,10392.638,Kafka
67e1c38c3224ef1ddaea82e8,1742848786,38394.0401,1742848814,10394.0401,Kafka
67e1c38c3224ef1ddaea82e9,1742848786,38395.5074,1742848814,10395.5074,Kafka
67e1c38c3224ef1ddaea82ea,1742848786,38396.8573,1742848814,10396.8573,Kafka
67e1c38c3224ef1ddaea82eb,1742848786,38398.1675,1742848814,10398.1675,Kafka
67e1c38c3224ef1ddaea82ec,1742848786,38399.5386,1742848814,10399.5386,Kafka
67e1c38c3224ef1ddaea82ed,1742848786,38400.9276,1742848814,10400.9276,Kafka
67e1c38c3224ef1ddaea82ee,1742848786,38402.2889,1742848814,10402.2889,Kafka
67e1c38d3224ef1ddaea82ef,1742848786,38403.6483,1742848814,10403.6483,Kafka
67e1c38d3224ef1ddaea82f0,1742848786,38405.0023,1742848814,10405.0023,Kafka
67e1c38d3224ef1ddaea82f1,1742848786,38406.8957,1742848814,10406.8957,Kafka
67e1c38d3224ef1ddaea82f2,1742848786,38408.4183,1742848814,10408.4183,Kafka
67e1c38d3224ef1ddaea82f3,1742848786,38410.0509,1742848814,10410.0509,Kafka
67e1c38d3224ef1ddaea82f4,1742848786,38411.5037,1742848814,10411.5037,Kafka
67e1c38d3224ef1ddaea82f5,1742848786,38413.0132,1742848814,10413.0132,Kafka
67e1c38d3224ef1ddaea82f6,1742848786,38414.5026,1742848814,10414.5026,Kafka
67e1c38d3224ef1ddaea82f7,1742848786,38415.8684,1742848814,10415.8684,Kafka
67e1c38d3224ef1ddaea82f8,1742848786,38417.2657,1742848814,10417.2657,Kafka
67e1c38d3224ef1ddaea82f9,1742848786,38418.6729,1742848814,10418.6729,Kafka
67e1c38d3224ef1ddaea82fa,1742848786,38420.003,1742848814,10420.003,Kafka
67e1c38d3224ef1ddaea82fb,1742848786,38421.5229,1742848814,10421.5229,Kafka
67e1c38d3224ef1ddaea82fc,1742848786,38423.4556,1742848814,10423.4556,Kafka
67e1c38d3224ef1ddaea82fd,1742848786,38424.8246,1742848814,10424.8246,Kafka
67e1c38d3224ef1ddaea82fe,1742848786,38426.2023,1742848814,10426.2023,Kafka
67e1c38d3224ef1ddaea82ff,1742848786,38427.5511,1742848814,10427.5511,Kafka
67e1c38d3224ef1ddaea8300,1742848786,38429.1037,1742848814,10429.1037,Kafka
67e1c38d3224ef1ddaea8301,1742848786,38430.5221,1742848814,10430.5221,Kafka
67e1c38d3224ef1ddaea8302,1742848786,38431.9238,1742848814,10431.9238,Kafka
67e1c38d3224ef1ddaea8303,1742848786,38433.4827,1742848814,10433.4827,Kafka
67e1c38d3224ef1ddaea8304,1742848786,38434.9059,1742848814,10434.9059,Kafka
67e1c3883224ef1ddaea8284,1742848786,38238.552,1742848813,11238.552,Kafka
67e1c3883224ef1ddaea8285,1742848786,38239.9531,1742848813,11239.9531,Kafka
67e1c3883224ef1ddaea8286,1742848786,38241.3061,1742848813,11241.3061,Kafka
67e1c3883224ef1ddaea8287,1742848786,38243.3189,1742848813,11243.3189,Kafka
67e1c3883224ef1ddaea8288,1742848786,38244.9046,1742848813,11244.9046,Kafka
67e1c3883224ef1ddaea8289,1742848786,38246.2617,1742848813,11246.2617,Kafka
67e1c3883224ef1ddaea828a,1742848786,38247.726,1742848813,11247.726,Kafka
67e1c3883224ef1ddaea828b,1742848786,38249.1089,1742848813,11249.1089,Kafka
67e1c3883224ef1ddaea828c,1742848786,38250.7338,1742848813,11250.7338,Kafka
67e1c3883224ef1ddaea828d,1742848786,38252.787,1742848813,11252.787,Kafka
67e1c3883224ef1ddaea828e,1742848786,38254.2374,1742848813,11254.2374,Kafka
67e1c3893224ef1ddaea828f,1742848786,38255.6024,1742848813,11255.6024,Kafka
67e1c3893224ef1ddaea8290,1742848786,38256.9887,1742848813,11256.9887,Kafka
67e1c3893224ef1ddaea8291,1742848786,38258.3633,1742848813,11258.3633,Kafka
67e1c3893224ef1ddaea8292,1742848786,38259.7867,1742848813,11259.7867,Kafka
67e1c3893224ef1ddaea8293,1742848786,38261.1506,1742848813,11261.1506,Kafka
67e1c3893224ef1ddaea8294,1742848786,38262.5035,1742848813,11262.5035,Kafka
67e1c3893224ef1ddaea8295,1742848786,38263.8369,1742848813,11263.8369,Kafka
67e1c3893224ef1ddaea8296,1742848786,38265.1579,1742848813,11265.1579,Kafka
67e1c3893224ef1ddaea8297,1742848786,38266.9699,1742848813,11266.9699,Kafka
67e1c3893224ef1ddaea8298,1742848786,38268.431,1742848813,11268.431,Kafka
67e1c3893224ef1ddaea8299,1742848786,38269.784,1742848813,11269.784,Kafka
67e1c3893224ef1ddaea829a,1742848786,38271.1682,1742848813,11271.1682,Kafka
67e1c3893224ef1ddaea829b,1742848786,38272.5487,1742848813,11272.5487,Kafka
67e1c3893224ef1ddaea829c,1742848786,38273.9234,1742848813,11273.9234,Kafka
67e1c3893224ef1ddaea829d,1742848786,38275.2712,1742848813,11275.2712,Kafka
67e1c3893224ef1ddaea829e,1742848786,38276.621,1742848813,11276.621,Kafka
67e1c3893224ef1ddaea829f,1742848786,38277.952,1742848813,11277.952,Kafka
67e1c3893224ef1ddaea82a0,1742848786,38279.3335,1742848813,11279.3335,Kafka
67e1c3893224ef1ddaea82a1,1742848786,38280.699,1742848813,11280.699,Kafka
67e1c3893224ef1ddaea82a2,1742848786,38282.711,1742848813,11282.711,Kafka
67e1c3893224ef1ddaea82a3,1742848786,38284.3335,1742848813,11284.3335,Kafka
67e1c3893224ef1ddaea82a4,1742848786,38286.9704,1742848813,11286.9704,Kafka
67e1c3893224ef1ddaea82a5,1742848786,38288.6702,1742848813,11288.6702,Kafka
67e1c3893224ef1ddaea82a6,1742848786,38290.1974,1742848813,11290.1974,Kafka
67e1c3893224ef1ddaea82a7,1742848786,38291.6244,1742848813,11291.6244,Kafka
67e1c3893224ef1ddaea82a8,1742848786,38293.073,1742848813,11293.073,Kafka
67e1c38a3224ef1ddaea82a9,1742848786,38294.4449,1742848813,11294.4449,Kafka
67e1c38a3224ef1ddaea82aa,1742848786,38295.8226,1742848813,11295.8226,Kafka
67e1c38a3224ef1ddaea82ab,1742848786,38297.3123,1742848813,11297.3123,Kafka
67e1c38a3224ef1ddaea82ac,1742848786,38299.1745,1742848813,11299.1745,Kafka
67e1c38a3224ef1ddaea82ad,1742848786,38300.5849,1742848813,11300.5849,Kafka
67e1c38a3224ef1ddaea82ae,1742848786,38301.9688,1742848813,11301.9688,Kafka
67e1c38a3224ef1ddaea82af,1742848786,38303.3283,1742848813,11303.3283,Kafka
67e1c38a3224ef1ddaea82b0,1742848786,38304.7258,1742848813,11304.7258,Kafka
67e1c38a3224ef1ddaea82b1,1742848786,38306.0655,1742848813,11306.0655,Kafka
67e1c38a3224ef1ddaea82b2,1742848786,38307.4282,1742848813,11307.4282,Kafka
67e1c38a3224ef1ddaea82b3,1742848786,38308.8009,1742848813,11308.8009,Kafka
67e1c38a3224ef1ddaea82b4,1742848786,38310.1644,1742848813,11310.1644,Kafka
67e1c38a3224ef1ddaea82b5,1742848786,38311.5168,1742848813,11311.5168,Kafka
67e1c38a3224ef1ddaea82b6,1742848786,38312.9962,1742848813,11312.9962,Kafka
67e1c38a3224ef1ddaea82b7,1742848786,38314.8696,1742848813,11314.8696,Kafka
67e1c38a3224ef1ddaea82b8,1742848786,38316.1992,1742848813,11316.1992,Kafka
67e1c38a3224ef1ddaea82b9,1742848786,38317.5806,1742848813,11317.5806,Kafka
67e1c38a3224ef1ddaea82ba,1742848786,38318.9285,1742848813,11318.9285,Kafka
67e1c38a3224ef1ddaea82bb,1742848786,38320.306,1742848813,11320.306,Kafka
67e1c38a3224ef1ddaea82bc,1742848786,38321.6881,1742848813,11321.6881,Kafka
67e1c38a3224ef1ddaea82bd,1742848786,38323.0638,1742848813,11323.0638,Kafka
67e1c38a3224ef1ddaea82be,1742848786,38324.3958,1742848813,11324.3958,Kafka
67e1c38b3224ef1ddaea82bf,1742848786,38326.4176,1742848813,11326.4176,Kafka
67e1c38b3224ef1ddaea82c0,1742848786,38328.4753,1742848813,11328.4753,Kafka
67e1c38b3224ef1ddaea82c1,1742848786,38331.1892,1742848813,11331.1892,Kafka
67e1c38b3224ef1ddaea82c2,1742848786,38332.9742,1742848813,11332.9742,Kafka
67e1c38b3224ef1ddaea82c3,1742848786,38334.5996,1742848813,11334.5996,Kafka
67e1c3853224ef1ddaea8243,1742848786,37990.1582,1742848812,11990.1582,Kafka
67e1c3853224ef1ddaea8244,1742848786,37991.532,1742848812,11991.532,Kafka
67e1c3853224ef1ddaea8245,1742848786,37992.9061,1742848812,11992.9061,Kafka
67e1c3853224ef1ddaea8246,1742848786,37994.2604,1742848812,11994.2604,Kafka
67e1c3853224ef1ddaea8247,1742848786,37995.5965,1742848812,11995.5965,Kafka
67e1c3853224ef1ddaea8248,1742848786,37997.0397,1742848812,11997.0397,Kafka
67e1c3853224ef1ddaea8249,1742848786,38032.9294,1742848812,12032.9294,Kafka
67e1c3853224ef1ddaea824a,1742848786,38063.8925,1742848812,12063.8925,Kafka
67e1c3853224ef1ddaea824b,1742848786,38125.9667,1742848812,12125.9667,Kafka
67e1c3853224ef1ddaea824c,1742848786,38128.0553,1742848812,12128.0553,Kafka
67e1c3853224ef1ddaea824d,1742848786,38156.875,1742848812,12156.875,Kafka
67e1c3853224ef1ddaea824e,1742848786,38159.0639,1742848812,12159.0639,Kafka
67e1c3863224ef1ddaea824f,1742848786,38160.4675,1742848812,12160.4675,Kafka
67e1c3863224ef1ddaea8250,1742848786,38161.9715,1742848812,12161.9715,Kafka
67e1c3863224ef1ddaea8251,1742848786,38163.6184,1742848812,12163.6184,Kafka
67e1c3863224ef1ddaea8252,1742848786,38165.0671,1742848812,12165.0671,Kafka
67e1c3863224ef1ddaea8253,1742848786,38166.4437,1742848812,12166.4437,Kafka
67e1c3863224ef1ddaea8254,1742848786,38167.912,1742848812,12167.912,Kafka
67e1c3863224ef1ddaea8255,1742848786,38169.2698,1742848812,12169.2698,Kafka
67e1c3863224ef1ddaea8256,1742848786,38170.6095,1742848812,12170.6095,Kafka
67e1c3863224ef1ddaea8257,1742848786,38171.9608,1742848812,12171.9608,Kafka
67e1c3863224ef1ddaea8258,1742848786,38173.4287,1742848812,12173.4287,Kafka
67e1c3863224ef1ddaea8259,1742848786,38175.3468,1742848812,12175.3468,Kafka
67e1c3863224ef1ddaea825a,1742848786,38176.7362,1742848812,12176.7362,Kafka
67e1c3863224ef1ddaea825b,1742848786,38178.085,1742848812,12178.085,Kafka
67e1c3863224ef1ddaea825c,1742848786,38179.4422,1742848812,12179.4422,Kafka
67e1c3863224ef1ddaea825d,1742848786,38180.7716,1742848812,12180.7716,Kafka
67e1c3863224ef1ddaea825e,1742848786,38182.1207,1742848812,12182.1207,Kafka
67e1c3863224ef1ddaea825f,1742848786,38183.4737,1742848812,12183.4737,Kafka
67e1c3863224ef1ddaea8260,1742848786,38184.8187,1742848812,12184.8187,Kafka
67e1c3863224ef1ddaea8261,1742848786,38186.205,1742848812,12186.205,Kafka
67e1c3863224ef1ddaea8262,1742848786,38187.6217,1742848812,12187.6217,Kafka
67e1c3863224ef1ddaea8263,1742848786,38189.5883,1742848812,12189.5883,Kafka
67e1c3863224ef1ddaea8264,1742848786,38191.0856,1742848812,12191.0856,Kafka
67e1c3873224ef1ddaea8265,1742848786,38192.4593,1742848812,12192.4593,Kafka
67e1c3873224ef1ddaea8266,1742848786,38193.8437,1742848812,12193.8437,Kafka
67e1c3873224ef1ddaea8267,1742848786,38195.174,1742848812,12195.174,Kafka
67e1c3873224ef1ddaea8268,1742848786,38196.5124,1742848812,12196.5124,Kafka
67e1c3873224ef1ddaea8269,1742848786,38197.8774,1742848812,12197.8774,Kafka
67e1c3873224ef1ddaea826a,1742848786,38199.247,1742848812,12199.247,Kafka
67e1c3873224ef1ddaea826b,1742848786,38200.7079,1742848812,12200.7079,Kafka
67e1c3873224ef1ddaea826c,1742848786,38202.213,1742848812,12202.213,Kafka
67e1c3873224ef1ddaea826d,1742848786,38203.7239,1742848812,12203.7239,Kafka
67e1c3873224ef1ddaea826e,1742848786,38205.6486,1742848812,12205.6486,Kafka
67e1c3873224ef1ddaea826f,1742848786,38207.104,1742848812,12207.104,Kafka
67e1c3873224ef1ddaea8270,1742848786,38208.5383,1742848812,12208.5383,Kafka
67e1c3873224ef1ddaea8271,1742848786,38209.9011,1742848812,12209.9011,Kafka
67e1c3873224ef1ddaea8272,1742848786,38211.3041,1742848812,12211.3041,Kafka
67e1c3873224ef1ddaea8273,1742848786,38212.7322,1742848812,12212.7322,Kafka
67e1c3873224ef1ddaea8274,1742848786,38214.0774,1742848812,12214.0774,Kafka
67e1c3873224ef1ddaea8275,1742848786,38215.4094,1742848812,12215.4094,Kafka
67e1c3873224ef1ddaea8276,1742848786,38216.7557,1742848812,12216.7557,Kafka
67e1c3873224ef1ddaea8277,1742848786,38218.1062,1742848812,12218.1062,Kafka
67e1c3873224ef1ddaea8278,1742848786,38220.9317,1742848812,12220.9317,Kafka
67e1c3873224ef1ddaea8279,1742848786,38222.5604,1742848812,12222.5604,Kafka
67e1c3873224ef1ddaea827a,1742848786,38224.0276,1742848812,12224.0276,Kafka
67e1c3873224ef1ddaea827b,1742848786,38225.5335,1742848812,12225.5335,Kafka
67e1c3873224ef1ddaea827c,1742848786,38226.9038,1742848812,12226.9038,Kafka
67e1c3883224ef1ddaea827d,1742848786,38228.2464,1742848812,12228.2464,Kafka
67e1c3883224ef1ddaea827e,1742848786,38229.6097,1742848812,12229.6097,Kafka
67e1c3883224ef1ddaea827f,1742848786,38230.9546,1742848812,12230.9546,Kafka
67e1c3883224ef1ddaea8280,1742848786,38232.3289,1742848812,12232.3289,Kafka
67e1c3883224ef1ddaea8281,1742848786,38233.7747,1742848812,12233.7747,Kafka
67e1c3883224ef1ddaea8282,1742848786,38235.2721,1742848812,12235.2721,Kafka
67e1c3883224ef1ddaea8283,1742848786,38237.1836,1742848812,12237.1836,Kafka
67e1c3823224ef1ddaea8203,1742848786,37892.4457,1742848811,12892.4457,Kafka
67e1c3823224ef1ddaea8204,1742848786,37894.0471,1742848811,12894.0471,Kafka
67e1c3823224ef1ddaea8205,1742848786,37896.1359,1742848811,12896.1359,Kafka
67e1c3823224ef1ddaea8206,1742848786,37897.5166,1742848811,12897.5166,Kafka
67e1c3823224ef1ddaea8207,1742848786,37898.9825,1742848811,12898.9825,Kafka
67e1c3823224ef1ddaea8208,1742848786,37900.3795,1742848811,12900.3795,Kafka
67e1c3823224ef1ddaea8209,1742848786,37901.7248,1742848811,12901.7248,Kafka
67e1c3823224ef1ddaea820a,1742848786,37903.1725,1742848811,12903.1725,Kafka
67e1c3823224ef1ddaea820b,1742848786,37904.679,1742848811,12904.679,Kafka
67e1c3833224ef1ddaea820c,1742848786,37906.1038,1742848811,12906.1038,Kafka
67e1c3833224ef1ddaea820d,1742848786,37907.6115,1742848811,12907.6115,Kafka
67e1c3833224ef1ddaea820e,1742848786,37909.3256,1742848811,12909.3256,Kafka
67e1c3833224ef1ddaea820f,1742848786,37911.815,1742848811,12911.815,Kafka
67e1c3833224ef1ddaea8210,1742848786,37913.6359,1742848811,12913.6359,Kafka
67e1c3833224ef1ddaea8211,1742848786,37915.1908,1742848811,12915.1908,Kafka
67e1c3833224ef1ddaea8212,1742848786,37916.913,1742848811,12916.913,Kafka
67e1c3833224ef1ddaea8213,1742848786,37918.3253,1742848811,12918.3253,Kafka
67e1c3833224ef1ddaea8214,1742848786,37919.8761,1742848811,12919.8761,Kafka
67e1c3833224ef1ddaea8215,1742848786,37921.4698,1742848811,12921.4698,Kafka
67e1c3833224ef1ddaea8216,1742848786,37923.1535,1742848811,12923.1535,Kafka
67e1c3833224ef1ddaea8217,1742848786,37924.7629,1742848811,12924.7629,Kafka
67e1c3833224ef1ddaea8218,1742848786,37926.8534,1742848811,12926.8534,Kafka
67e1c3833224ef1ddaea8219,1742848786,37928.3504,1742848811,12928.3504,Kafka
67e1c3833224ef1ddaea821a,1742848786,37929.7986,1742848811,12929.7986,Kafka
67e1c3833224ef1ddaea821b,1742848786,37931.1964,1742848811,12931.1964,Kafka
67e1c3833224ef1ddaea821c,1742848786,37932.6496,1742848811,12932.6496,Kafka
67e1c3833224ef1ddaea821d,1742848786,37934.1473,1742848811,12934.1473,Kafka
67e1c3833224ef1ddaea821e,1742848786,37935.574,1742848811,12935.574,Kafka
67e1c3833224ef1ddaea821f,1742848786,37937.0442,1742848811,12937.0442,Kafka
67e1c3833224ef1ddaea8220,1742848786,37938.5378,1742848811,12938.5378,Kafka
67e1c3833224ef1ddaea8221,1742848786,37939.9773,1742848811,12939.9773,Kafka
67e1c3833224ef1ddaea8222,1742848786,37942.3225,1742848811,12942.3225,Kafka
67e1c3833224ef1ddaea8223,1742848786,37943.8041,1742848811,12943.8041,Kafka
67e1c3833224ef1ddaea8224,1742848786,37945.2159,1742848811,12945.2159,Kafka
67e1c3833224ef1ddaea8225,1742848786,37946.6027,1742848811,12946.6027,Kafka
67e1c3843224ef1ddaea8226,1742848786,37947.9843,1742848811,12947.9843,Kafka
67e1c3843224ef1ddaea8227,1742848786,37949.3687,1742848811,12949.3687,Kafka
67e1c3843224ef1ddaea8228,1742848786,37950.7143,1742848811,12950.7143,Kafka
67e1c3843224ef1ddaea8229,1742848786,37952.3119,1742848811,12952.3119,Kafka
67e1c3843224ef1ddaea822a,1742848786,37953.751,1742848811,12953.751,Kafka
67e1c3843224ef1ddaea822b,1742848786,37955.2855,1742848811,12955.2855,Kafka
67e1c3843224ef1ddaea822c,1742848786,37957.3833,1742848811,12957.3833,Kafka
67e1c3843224ef1ddaea822d,1742848786,37958.8217,1742848811,12958.8217,Kafka
67e1c3843224ef1ddaea822e,1742848786,37960.204,1742848811,12960.204,Kafka
67e1c3843224ef1ddaea822f,1742848786,37961.5353,1742848811,12961.5353,Kafka
67e1c3843224ef1ddaea8230,1742848786,37962.9546,1742848811,12962.9546,Kafka
67e1c3843224ef1ddaea8231,1742848786,37964.3105,1742848811,12964.3105,Kafka
67e1c3843224ef1ddaea8232,1742848786,37965.6478,1742848811,12965.6478,Kafka
67e1c3843224ef1ddaea8233,1742848786,37967.0332,1742848811,12967.0332,Kafka
67e1c3843224ef1ddaea8234,1742848786,37968.3698,1742848811,12968.3698,Kafka
67e1c3843224ef1ddaea8235,1742848786,37969.7319,1742848811,12969.7319,Kafka
67e1c3843224ef1ddaea8236,1742848786,37971.2405,1742848811,12971.2405,Kafka
67e1c3843224ef1ddaea8237,1742848786,37973.1889,1742848811,12973.1889,Kafka
67e1c3843224ef1ddaea8238,1742848786,37974.6081,1742848811,12974.6081,Kafka
67e1c3843224ef1ddaea8239,1742848786,37975.988,1742848811,12975.988,Kafka
67e1c3843224ef1ddaea823a,1742848786,37977.3652,1742848811,12977.3652,Kafka
67e1c3843224ef1ddaea823b,1742848786,37978.742,1742848811,12978.742,Kafka
67e1c3843224ef1ddaea823c,1742848786,37980.132,1742848811,12980.132,Kafka
67e1c3853224ef1ddaea823d,1742848786,37981.4694,1742848811,12981.4694,Kafka
67e1c3853224ef1ddaea823e,1742848786,37982.8412,1742848811,12982.8412,Kafka
67e1c3853224ef1ddaea823f,1742848786,37984.1797,1742848811,12984.1797,Kafka
67e1c3853224ef1ddaea8240,1742848786,37985.5313,1742848811,12985.5313,Kafka
67e1c3853224ef1ddaea8241,1742848786,37986.9553,1742848811,12986.9553,Kafka
67e1c3853224ef1ddaea8242,1742848786,37988.8088,1742848811,12988.8088,Kafka
67e1c37f3224ef1ddaea81c2,1742848786,37791.917,1742848810,13791.917,Kafka
67e1c37f3224ef1ddaea81c3,1742848786,37793.4111,1742848810,13793.4111,Kafka
67e1c37f3224ef1ddaea81c4,1742848786,37794.8516,1742848810,13794.8516,Kafka
67e1c37f3224ef1ddaea81c5,1742848786,37796.2901,1742848810,13796.2901,Kafka
67e1c37f3224ef1ddaea81c6,1742848786,37797.689,1742848810,13797.689,Kafka
67e1c37f3224ef1ddaea81c7,1742848786,37799.0722,1742848810,13799.0722,Kafka
67e1c3803224ef1ddaea81c8,1742848786,37800.4899,1742848810,13800.4899,Kafka
67e1c3803224ef1ddaea81c9,1742848786,37802.4998,1742848810,13802.4998,Kafka
67e1c3803224ef1ddaea81ca,1742848786,37804.0612,1742848810,13804.0612,Kafka
67e1c3803224ef1ddaea81cb,1742848786,37805.3981,1742848810,13805.3981,Kafka
67e1c3803224ef1ddaea81cc,1742848786,37806.7945,1742848810,13806.7945,Kafka
67e1c3803224ef1ddaea81cd,1742848786,37808.1426,1742848810,13808.1426,Kafka
67e1c3803224ef1ddaea81ce,1742848786,37809.5723,1742848810,13809.5723,Kafka
67e1c3803224ef1ddaea81cf,1742848786,37811.0141,1742848810,13811.0141,Kafka
67e1c3803224ef1ddaea81d0,1742848786,37812.4535,1742848810,13812.4535,Kafka
67e1c3803224ef1ddaea81d1,1742848786,37813.8932,1742848810,13813.8932,Kafka
67e1c3803224ef1ddaea81d2,1742848786,37815.4027,1742848810,13815.4027,Kafka
67e1c3803224ef1ddaea81d3,1742848786,37816.9591,1742848810,13816.9591,Kafka
67e1c3803224ef1ddaea81d4,1742848786,37818.8049,1742848810,13818.8049,Kafka
67e1c3803224ef1ddaea81d5,1742848786,37820.2854,1742848810,13820.2854,Kafka
67e1c3803224ef1ddaea81d6,1742848786,37821.7174,1742848810,13821.7174,Kafka
67e1c3803224ef1ddaea81d7,1742848786,37823.0945,1742848810,13823.0945,Kafka
67e1c3803224ef1ddaea81d8,1742848786,37824.6889,1742848810,13824.6889,Kafka
67e1c3803224ef1ddaea81d9,1742848786,37826.0568,1742848810,13826.0568,Kafka
67e1c3803224ef1ddaea81da,1742848786,37827.4371,1742848810,13827.4371,Kafka
67e1c3803224ef1ddaea81db,1742848786,37828.7829,1742848810,13828.7829,Kafka
67e1c3803224ef1ddaea81dc,1742848786,37830.2279,1742848810,13830.2279,Kafka
67e1c3803224ef1ddaea81dd,1742848786,37831.7393,1742848810,13831.7393,Kafka
67e1c3803224ef1ddaea81de,1742848786,37833.8128,1742848810,13833.8128,Kafka
67e1c3803224ef1ddaea81df,1742848786,37835.3534,1742848810,13835.3534,Kafka
67e1c3803224ef1ddaea81e0,1742848786,37836.7805,1742848810,13836.7805,Kafka
67e1c3813224ef1ddaea81e1,1742848786,37838.1419,1742848810,13838.1419,Kafka
67e1c3813224ef1ddaea81e2,1742848786,37839.55,1742848810,13839.55,Kafka
67e1c3813224ef1ddaea81e3,1742848786,37840.9089,1742848810,13840.9089,Kafka
67e1c3813224ef1ddaea81e4,1742848786,37842.4131,1742848810,13842.4131,Kafka
67e1c3813224ef1ddaea81e5,1742848786,37843.7979,1742848810,13843.7979,Kafka
67e1c3813224ef1ddaea81e6,1742848786,37845.167,1742848810,13845.167,Kafka
67e1c3813224ef1ddaea81e7,1742848786,37846.7353,1742848810,13846.7353,Kafka
67e1c3813224ef1ddaea81e8,1742848786,37848.7715,1742848810,13848.7715,Kafka
67e1c3813224ef1ddaea81e9,1742848786,37850.4451,1742848810,13850.4451,Kafka
67e1c3813224ef1ddaea81ea,1742848786,37851.8452,1742848810,13851.8452,Kafka
67e1c3813224ef1ddaea81eb,1742848786,37853.2081,1742848810,13853.2081,Kafka
67e1c3813224ef1ddaea81ec,1742848786,37854.5796,1742848810,13854.5796,Kafka
67e1c3813224ef1ddaea81ed,1742848786,37855.941,1742848810,13855.941,Kafka
67e1c3813224ef1ddaea81ee,1742848786,37857.2759,1742848810,13857.2759,Kafka
67e1c3813224ef1ddaea81ef,1742848786,37858.6315,1742848810,13858.6315,Kafka
67e1c3813224ef1ddaea81f0,1742848786,37859.9688,1742848810,13859.9688,Kafka
67e1c3813224ef1ddaea81f1,1742848786,37861.3036,1742848810,13861.3036,Kafka
67e1c3813224ef1ddaea81f2,1742848786,37862.7252,1742848810,13862.7252,Kafka
67e1c3813224ef1ddaea81f3,1742848786,37864.5743,1742848810,13864.5743,Kafka
67e1c3813224ef1ddaea81f4,1742848786,37865.938,1742848810,13865.938,Kafka
67e1c3813224ef1ddaea81f5,1742848786,37867.4307,1742848810,13867.4307,Kafka
67e1c3813224ef1ddaea81f6,1742848786,37868.8835,1742848810,13868.8835,Kafka
67e1c3823224ef1ddaea81f7,1742848786,37870.2924,1742848810,13870.2924,Kafka
67e1c3823224ef1ddaea81f8,1742848786,37871.7546,1742848810,13871.7546,Kafka
67e1c3823224ef1ddaea81f9,1742848786,37873.2076,1742848810,13873.2076,Kafka
67e1c3823224ef1ddaea81fa,1742848786,37874.699,1742848810,13874.699,Kafka
67e1c3823224ef1ddaea81fb,1742848786,37876.1354,1742848810,13876.1354,Kafka
67e1c3823224ef1ddaea81fc,1742848786,37877.6674,1742848810,13877.6674,Kafka
67e1c3823224ef1ddaea81fd,1742848786,37880.529,1742848810,13880.529,Kafka
67e1c3823224ef1ddaea81fe,1742848786,37883.6847,1742848810,13883.6847,Kafka
67e1c3823224ef1ddaea81ff,1742848786,37885.5174,1742848810,13885.5174,Kafka
67e1c3823224ef1ddaea8200,1742848786,37887.3764,1742848810,13887.3764,Kafka
67e1c3823224ef1ddaea8201,1742848786,37889.181,1742848810,13889.181,Kafka
67e1c3823224ef1ddaea8202,1742848786,37890.9128,1742848810,13890.9128,Kafka
67e1c37c3224ef1ddaea8182,1742848786,37697.0376,1742848809,14697.0376,Kafka
67e1c37c3224ef1ddaea8183,1742848786,37698.4424,1742848809,14698.4424,Kafka
67e1c37c3224ef1ddaea8184,1742848786,37699.8167,1742848809,14699.8167,Kafka
67e1c37c3224ef1ddaea8185,1742848786,37701.2956,1742848809,14701.2956,Kafka
67e1c37c3224ef1ddaea8186,1742848786,37702.8208,1742848809,14702.8208,Kafka
67e1c37c3224ef1ddaea8187,1742848786,37704.2066,1742848809,14704.2066,Kafka
67e1c37c3224ef1ddaea8188,1742848786,37705.6399,1742848809,14705.6399,Kafka
67e1c37c3224ef1ddaea8189,1742848786,37706.9642,1742848809,14706.9642,Kafka
67e1c37c3224ef1ddaea818a,1742848786,37708.3997,1742848809,14708.3997,Kafka
67e1c37c3224ef1ddaea818b,1742848786,37710.3452,1742848809,14710.3452,Kafka
67e1c37c3224ef1ddaea818c,1742848786,37711.7787,1742848809,14711.7787,Kafka
67e1c37c3224ef1ddaea818d,1742848786,37713.0813,1742848809,14713.0813,Kafka
67e1c37c3224ef1ddaea818e,1742848786,37714.4035,1742848809,14714.4035,Kafka
67e1c37c3224ef1ddaea818f,1742848786,37715.7515,1742848809,14715.7515,Kafka
67e1c37c3224ef1ddaea8190,1742848786,37717.1941,1742848809,14717.1941,Kafka
67e1c37d3224ef1ddaea8191,1742848786,37718.5709,1742848809,14718.5709,Kafka
67e1c37d3224ef1ddaea8192,1742848786,37719.9184,1742848809,14719.9184,Kafka
67e1c37d3224ef1ddaea8193,1742848786,37721.3673,1742848809,14721.3673,Kafka
67e1c37d3224ef1ddaea8194,1742848786,37722.8693,1742848809,14722.8693,Kafka
67e1c37d3224ef1ddaea8195,1742848786,37724.8248,1742848809,14724.8248,Kafka
67e1c37d3224ef1ddaea8196,1742848786,37726.3379,1742848809,14726.3379,Kafka
67e1c37d3224ef1ddaea8197,1742848786,37727.737,1742848809,14727.737,Kafka
67e1c37d3224ef1ddaea8198,1742848786,37729.0807,1742848809,14729.0807,Kafka
67e1c37d3224ef1ddaea8199,1742848786,37730.4439,1742848809,14730.4439,Kafka
67e1c37d3224ef1ddaea819a,1742848786,37731.7951,1742848809,14731.7951,Kafka
67e1c37d3224ef1ddaea819b,1742848786,37733.1645,1742848809,14733.1645,Kafka
67e1c37d3224ef1ddaea819c,1742848786,37734.5086,1742848809,14734.5086,Kafka
67e1c37d3224ef1ddaea819d,1742848786,37735.8507,1742848809,14735.8507,Kafka
67e1c37d3224ef1ddaea819e,1742848786,37737.2164,1742848809,14737.2164,Kafka
67e1c37d3224ef1ddaea819f,1742848786,37738.6775,1742848809,14738.6775,Kafka
67e1c37d3224ef1ddaea81a0,1742848786,37740.6678,1742848809,14740.6678,Kafka
67e1c37d3224ef1ddaea81a1,1742848786,37742.0314,1742848809,14742.0314,Kafka
67e1c37e3224ef1ddaea81a2,1742848786,37743.7026,1742848809,14743.7026,Kafka
67e1c37e3224ef1ddaea81a3,1742848786,37745.0987,1742848809,14745.0987,Kafka
67e1c37e3224ef1ddaea81a4,1742848786,37746.6595,1742848809,14746.6595,Kafka
67e1c37e3224ef1ddaea81a5,1742848786,37748.2842,1742848809,14748.2842,Kafka
67e1c37e3224ef1ddaea81a6,1742848786,37749.565,1742848809,14749.565,Kafka
67e1c37e3224ef1ddaea81a7,1742848786,37750.9792,1742848809,14750.9792,Kafka
67e1c37e3224ef1ddaea81a8,1742848786,37752.383,1742848809,14752.383,Kafka
67e1c37e3224ef1ddaea81a9,1742848786,37753.826,1742848809,14753.826,Kafka
67e1c37e3224ef1ddaea81aa,1742848786,37755.8064,1742848809,14755.8064,Kafka
67e1c37e3224ef1ddaea81ab,1742848786,37757.3035,1742848809,14757.3035,Kafka
67e1c37e3224ef1ddaea81ac,1742848786,37758.7733,1742848809,14758.7733,Kafka
67e1c37e3224ef1ddaea81ad,1742848786,37760.1361,1742848809,14760.1361,Kafka
67e1c37e3224ef1ddaea81ae,1742848786,37761.7094,1742848809,14761.7094,Kafka
67e1c37e3224ef1ddaea81af,1742848786,37763.1221,1742848809,14763.1221,Kafka
67e1c37e3224ef1ddaea81b0,1742848786,37764.6092,1742848809,14764.6092,Kafka
67e1c37e3224ef1ddaea81b1,1742848786,37765.9604,1742848809,14765.9604,Kafka
67e1c37e3224ef1ddaea81b2,1742848786,37767.3558,1742848809,14767.3558,Kafka
67e1c37f3224ef1ddaea81b3,1742848786,37768.6898,1742848809,14768.6898,Kafka
67e1c37f3224ef1ddaea81b4,1742848786,37770.2625,1742848809,14770.2625,Kafka
67e1c37f3224ef1ddaea81b5,1742848786,37772.2076,1742848809,14772.2076,Kafka
67e1c37f3224ef1ddaea81b6,1742848786,37773.5468,1742848809,14773.5468,Kafka
67e1c37f3224ef1ddaea81b7,1742848786,37774.9226,1742848809,14774.9226,Kafka
67e1c37f3224ef1ddaea81b8,1742848786,37776.2733,1742848809,14776.2733,Kafka
67e1c37f3224ef1ddaea81b9,1742848786,37777.6523,1742848809,14777.6523,Kafka
67e1c37f3224ef1ddaea81ba,1742848786,37779.0001,1742848809,14779.0001,Kafka
67e1c37f3224ef1ddaea81bb,1742848786,37780.3564,1742848809,14780.3564,Kafka
67e1c37f3224ef1ddaea81bc,1742848786,37781.7085,1742848809,14781.7085,Kafka
67e1c37f3224ef1ddaea81bd,1742848786,37783.0621,1742848809,14783.0621,Kafka
67e1c37f3224ef1ddaea81be,1742848786,37784.4005,1742848809,14784.4005,Kafka
67e1c37f3224ef1ddaea81bf,1742848786,37786.841,1742848809,14786.841,Kafka
67e1c37f3224ef1ddaea81c0,1742848786,37789.0158,1742848809,14789.0158,Kafka
67e1c37f3224ef1ddaea81c1,1742848786,37790.4816,1742848809,14790.4816,Kafka
67e1c3793224ef1ddaea8141,1742848786,36560.2897,1742848808,14560.2897,Kafka
67e1c3793224ef1ddaea8142,1742848786,36622.4098,1742848808,14622.4098,Kafka
67e1c3793224ef1ddaea8143,1742848786,36684.2758,1742848808,14684.2758,Kafka
67e1c3793224ef1ddaea8144,1742848786,36715.3146,1742848808,14715.3146,Kafka
67e1c3793224ef1ddaea8145,1742848786,36747.5239,1742848808,14747.5239,Kafka
67e1c3793224ef1ddaea8146,1742848786,36808.3319,1742848808,14808.3319,Kafka
67e1c3793224ef1ddaea8147,1742848786,36870.7983,1742848808,14870.7983,Kafka
67e1c3793224ef1ddaea8148,1742848786,36932.3338,1742848808,14932.3338,Kafka
67e1c3793224ef1ddaea8149,1742848786,36994.3338,1742848808,14994.3338,Kafka
67e1c37a3224ef1ddaea814a,1742848786,37056.6147,1742848808,15056.6147,Kafka
67e1c37a3224ef1ddaea814b,1742848786,37059.2656,1742848808,15059.2656,Kafka
67e1c37a3224ef1ddaea814c,1742848786,37087.3535,1742848808,15087.3535,Kafka
67e1c37a3224ef1ddaea814d,1742848786,37089.6604,1742848808,15089.6604,Kafka
67e1c37a3224ef1ddaea814e,1742848786,37149.4386,1742848808,15149.4386,Kafka
67e1c37a3224ef1ddaea814f,1742848786,37211.7161,1742848808,15211.7161,Kafka
67e1c37a3224ef1ddaea8150,1742848786,37243.5988,1742848808,15243.5988,Kafka
67e1c37a3224ef1ddaea8151,1742848786,37248.5035,1742848808,15248.5035,Kafka
67e1c37a3224ef1ddaea8152,1742848786,37273.3797,1742848808,15273.3797,Kafka
67e1c37a3224ef1ddaea8153,1742848786,37305.4188,1742848808,15305.4188,Kafka
67e1c37a3224ef1ddaea8154,1742848786,37337.3246,1742848808,15337.3246,Kafka
67e1c37a3224ef1ddaea8155,1742848786,37367.3883,1742848808,15367.3883,Kafka
67e1c37a3224ef1ddaea8156,1742848786,37398.1398,1742848808,15398.1398,Kafka
67e1c37a3224ef1ddaea8157,1742848786,37400.1079,1742848808,15400.1079,Kafka
67e1c37a3224ef1ddaea8158,1742848786,37401.4797,1742848808,15401.4797,Kafka
67e1c37a3224ef1ddaea8159,1742848786,37459.4714,1742848808,15459.4714,Kafka
67e1c37a3224ef1ddaea815a,1742848786,37461.8253,1742848808,15461.8253,Kafka
67e1c37a3224ef1ddaea815b,1742848786,37491.2007,1742848808,15491.2007,Kafka
67e1c37a3224ef1ddaea815c,1742848786,37522.2235,1742848808,15522.2235,Kafka
67e1c37a3224ef1ddaea815d,1742848786,37553.1571,1742848808,15553.1571,Kafka
67e1c37a3224ef1ddaea815e,1742848786,37555.3043,1742848808,15555.3043,Kafka
67e1c37a3224ef1ddaea815f,1742848786,37584.6542,1742848808,15584.6542,Kafka
67e1c37a3224ef1ddaea8160,1742848786,37614.3425,1742848808,15614.3425,Kafka
67e1c37a3224ef1ddaea8161,1742848786,37647.1655,1742848808,15647.1655,Kafka
67e1c37a3224ef1ddaea8162,1742848786,37649.4853,1742848808,15649.4853,Kafka
67e1c37b3224ef1ddaea8163,1742848786,37651.0662,1742848808,15651.0662,Kafka
67e1c37b3224ef1ddaea8164,1742848786,37652.556,1742848808,15652.556,Kafka
67e1c37b3224ef1ddaea8165,1742848786,37654.0414,1742848808,15654.0414,Kafka
67e1c37b3224ef1ddaea8166,1742848786,37655.4243,1742848808,15655.4243,Kafka
67e1c37b3224ef1ddaea8167,1742848786,37656.884,1742848808,15656.884,Kafka
67e1c37b3224ef1ddaea8168,1742848786,37658.2824,1742848808,15658.2824,Kafka
67e1c37b3224ef1ddaea8169,1742848786,37659.6488,1742848808,15659.6488,Kafka
67e1c37b3224ef1ddaea816a,1742848786,37661.1263,1742848808,15661.1263,Kafka
67e1c37b3224ef1ddaea816b,1742848786,37663.1479,1742848808,15663.1479,Kafka
67e1c37b3224ef1ddaea816c,1742848786,37664.7408,1742848808,15664.7408,Kafka
67e1c37b3224ef1ddaea816d,1742848786,37666.223,1742848808,15666.223,Kafka
67e1c37b3224ef1ddaea816e,1742848786,37667.6396,1742848808,15667.6396,Kafka
67e1c37b3224ef1ddaea816f,1742848786,37669.0764,1742848808,15669.0764,Kafka
67e1c37b3224ef1ddaea8170,1742848786,37670.4308,1742848808,15670.4308,Kafka
67e1c37b3224ef1ddaea8171,1742848786,37671.7882,1742848808,15671.7882,Kafka
67e1c37b3224ef1ddaea8172,1742848786,37673.1628,1742848808,15673.1628,Kafka
67e1c37b3224ef1ddaea8173,1742848786,37674.5881,1742848808,15674.5881,Kafka
67e1c37b3224ef1ddaea8174,1742848786,37675.9859,1742848808,15675.9859,Kafka
67e1c37b3224ef1ddaea8175,1742848786,37677.5811,1742848808,15677.5811,Kafka
67e1c37b3224ef1ddaea8176,1742848786,37679.4905,1742848808,15679.4905,Kafka
67e1c37b3224ef1ddaea8177,1742848786,37680.8225,1742848808,15680.8225,Kafka
67e1c37b3224ef1ddaea8178,1742848786,37682.1515,1742848808,15682.1515,Kafka
67e1c37b3224ef1ddaea8179,1742848786,37683.6482,1742848808,15683.6482,Kafka
67e1c37b3224ef1ddaea817a,1742848786,37684.9741,1742848808,15684.9741,Kafka
67e1c37b3224ef1ddaea817b,1742848786,37686.3059,1742848808,15686.3059,Kafka
67e1c37b3224ef1ddaea817c,1742848786,37687.6824,1742848808,15687.6824,Kafka
67e1c37b3224ef1ddaea817d,1742848786,37689.0353,1742848808,15689.0353,Kafka
67e1c37b3224ef1ddaea817e,1742848786,37690.3718,1742848808,15690.3718,Kafka
67e1c37c3224ef1ddaea817f,1742848786,37691.9419,1742848808,15691.9419,Kafka
67e1c37c3224ef1ddaea8180,1742848786,37693.9519,1742848808,15693.9519,Kafka
67e1c37c3224ef1ddaea8181,1742848786,37695.5879,1742848808,15695.5879,Kafka
67e1c3763224ef1ddaea8100,1742848786,34876.5459,1742848807,13876.5459,Kafka
67e1c3763224ef1ddaea8101,1742848786,34877.9592,1742848807,13877.9592,Kafka
67e1c3763224ef1ddaea8102,1742848786,34901.8373,1742848807,13901.8373,Kafka
67e1c3763224ef1ddaea8103,1742848786,34933.5341,1742848807,13933.5341,Kafka
67e1c3763224ef1ddaea8104,1742848786,34935.4407,1742848807,13935.4407,Kafka
67e1c3763224ef1ddaea8105,1742848786,34936.8724,1742848807,13936.8724,Kafka
67e1c3763224ef1ddaea8106,1742848786,34938.3142,1742848807,13938.3142,Kafka
67e1c3763224ef1ddaea8107,1742848786,34964.8056,1742848807,13964.8056,Kafka
67e1c3763224ef1ddaea8108,1742848786,34994.8084,1742848807,13994.8084,Kafka
67e1c3773224ef1ddaea8109,1742848786,34996.544,1742848807,13996.544,Kafka
67e1c3773224ef1ddaea810a,1742848786,34998.6225,1742848807,13998.6225,Kafka
67e1c3773224ef1ddaea810b,1742848786,35056.7133,1742848807,14056.7133,Kafka
67e1c3773224ef1ddaea810c,1742848786,35088.7877,1742848807,14088.7877,Kafka
67e1c3773224ef1ddaea810d,1742848786,35149.7085,1742848807,14149.7085,Kafka
67e1c3773224ef1ddaea810e,1742848786,35151.93,1742848807,14151.93,Kafka
67e1c3773224ef1ddaea810f,1742848786,35153.6692,1742848807,14153.6692,Kafka
67e1c3773224ef1ddaea8110,1742848786,35155.0308,1742848807,14155.0308,Kafka
67e1c3773224ef1ddaea8111,1742848786,35156.3577,1742848807,14156.3577,Kafka
67e1c3773224ef1ddaea8112,1742848786,35157.7084,1742848807,14157.7084,Kafka
67e1c3773224ef1ddaea8113,1742848786,35159.2953,1742848807,14159.2953,Kafka
67e1c3773224ef1ddaea8114,1742848786,35160.8034,1742848807,14160.8034,Kafka
67e1c3773224ef1ddaea8115,1742848786,35162.1508,1742848807,14162.1508,Kafka
67e1c3773224ef1ddaea8116,1742848786,35196.359,1742848807,14196.359,Kafka
67e1c3773224ef1ddaea8117,1742848786,35258.2508,1742848807,14258.2508,Kafka
67e1c3773224ef1ddaea8118,1742848786,35290.0521,1742848807,14290.0521,Kafka
67e1c3773224ef1ddaea8119,1742848786,35351.3299,1742848807,14351.3299,Kafka
67e1c3773224ef1ddaea811a,1742848786,35413.6842,1742848807,14413.6842,Kafka
67e1c3773224ef1ddaea811b,1742848786,35475.5567,1742848807,14475.5567,Kafka
67e1c3773224ef1ddaea811c,1742848786,35506.6647,1742848807,14506.6647,Kafka
67e1c3773224ef1ddaea811d,1742848786,35568.6366,1742848807,14568.6366,Kafka
67e1c3773224ef1ddaea811e,1742848786,35630.1772,1742848807,14630.1772,Kafka
67e1c3773224ef1ddaea811f,1742848786,35661.2141,1742848807,14661.2141,Kafka
67e1c3773224ef1ddaea8120,1742848786,35723.6153,1742848807,14723.6153,Kafka
67e1c3783224ef1ddaea8121,1742848786,35726.1757,1742848807,14726.1757,Kafka
67e1c3783224ef1ddaea8122,1742848786,35754.3714,1742848807,14754.3714,Kafka
67e1c3783224ef1ddaea8123,1742848786,35786.6316,1742848807,14786.6316,Kafka
67e1c3783224ef1ddaea8124,1742848786,35816.2977,1742848807,14816.2977,Kafka
67e1c3783224ef1ddaea8125,1742848786,35818.2955,1742848807,14818.2955,Kafka
67e1c3783224ef1ddaea8126,1742848786,35819.6905,1742848807,14819.6905,Kafka
67e1c3783224ef1ddaea8127,1742848786,35821.0612,1742848807,14821.0612,Kafka
67e1c3783224ef1ddaea8128,1742848786,35847.3178,1742848807,14847.3178,Kafka
67e1c3783224ef1ddaea8129,1742848786,35878.2767,1742848807,14878.2767,Kafka
67e1c3783224ef1ddaea812a,1742848786,35940.2553,1742848807,14940.2553,Kafka
67e1c3783224ef1ddaea812b,1742848786,35942.5609,1742848807,14942.5609,Kafka
67e1c3783224ef1ddaea812c,1742848786,35972.6413,1742848807,14972.6413,Kafka
67e1c3783224ef1ddaea812d,1742848786,35975.0635,1742848807,14975.0635,Kafka
67e1c3783224ef1ddaea812e,1742848786,35976.6629,1742848807,14976.6629,Kafka
67e1c3783224ef1ddaea812f,1742848786,35978.1641,1742848807,14978.1641,Kafka
67e1c3783224ef1ddaea8130,1742848786,35979.6598,1742848807,14979.6598,Kafka
67e1c3783224ef1ddaea8131,1742848786,35981.1015,1742848807,14981.1015,Kafka
67e1c3783224ef1ddaea8132,1742848786,36002.3783,1742848807,15002.3783,Kafka
67e1c3793224ef1ddaea8133,1742848786,36064.2238,1742848807,15064.2238,Kafka
67e1c3793224ef1ddaea8134,1742848786,36126.4056,1742848807,15126.4056,Kafka
67e1c3793224ef1ddaea8135,1742848786,36157.2997,1742848807,15157.2997,Kafka
67e1c3793224ef1ddaea8136,1742848786,36189.1614,1742848807,15189.1614,Kafka
67e1c3793224ef1ddaea8137,1742848786,36250.4851,1742848807,15250.4851,Kafka
67e1c3793224ef1ddaea8138,1742848786,36286.1667,1742848807,15286.1667,Kafka
67e1c3793224ef1ddaea8139,1742848786,36288.5045,1742848807,15288.5045,Kafka
67e1c3793224ef1ddaea813a,1742848786,36290.8406,1742848807,15290.8406,Kafka
67e1c3793224ef1ddaea813b,1742848786,36343.2934,1742848807,15343.2934,Kafka
67e1c3793224ef1ddaea813c,1742848786,36406.3575,1742848807,15406.3575,Kafka
67e1c3793224ef1ddaea813d,1742848786,36437.1005,1742848807,15437.1005,Kafka
67e1c3793224ef1ddaea813e,1742848786,36439.1783,1742848807,15439.1783,Kafka
67e1c3793224ef1ddaea813f,1742848786,36440.5882,1742848807,15440.5882,Kafka
67e1c3793224ef1ddaea8140,1742848786,36498.3361,1742848807,15498.3361,Kafka
67e1c3733224ef1ddaea80c2,1742848786,33072.3438,1742848806,13072.3438,Kafka
67e1c3733224ef1ddaea80c3,1742848786,33103.3473,1742848806,13103.3473,Kafka
67e1c3733224ef1ddaea80c4,1742848786,33134.336,1742848806,13134.336,Kafka
67e1c3733224ef1ddaea80c5,1742848786,33165.3898,1742848806,13165.3898,Kafka
67e1c3733224ef1ddaea80c6,1742848786,33227.4836,1742848806,13227.4836,Kafka
67e1c3733224ef1ddaea80c7,1742848786,33289.5675,1742848806,13289.5675,Kafka
67e1c3743224ef1ddaea80c8,1742848786,33291.7871,1742848806,13291.7871,Kafka
67e1c3743224ef1ddaea80c9,1742848786,33351.4046,1742848806,13351.4046,Kafka
67e1c3743224ef1ddaea80ca,1742848786,33413.4954,1742848806,13413.4954,Kafka
67e1c3743224ef1ddaea80cb,1742848786,33415.8915,1742848806,13415.8915,Kafka
67e1c3743224ef1ddaea80cc,1742848786,33445.4748,1742848806,13445.4748,Kafka
67e1c3743224ef1ddaea80cd,1742848786,33506.3912,1742848806,13506.3912,Kafka
67e1c3743224ef1ddaea80ce,1742848786,33539.291,1742848806,13539.291,Kafka
67e1c3743224ef1ddaea80cf,1742848786,33569.4389,1742848806,13569.4389,Kafka
67e1c3743224ef1ddaea80d0,1742848786,33599.4272,1742848806,13599.4272,Kafka
67e1c3743224ef1ddaea80d1,1742848786,33630.3878,1742848806,13630.3878,Kafka
67e1c3743224ef1ddaea80d2,1742848786,33632.4204,1742848806,13632.4204,Kafka
67e1c3743224ef1ddaea80d3,1742848786,33633.964,1742848806,13633.964,Kafka
67e1c3743224ef1ddaea80d4,1742848786,33635.4088,1742848806,13635.4088,Kafka
67e1c3743224ef1ddaea80d5,1742848786,33661.4005,1742848806,13661.4005,Kafka
67e1c3743224ef1ddaea80d6,1742848786,33692.6511,1742848806,13692.6511,Kafka
67e1c3743224ef1ddaea80d7,1742848786,33695.42,1742848806,13695.42,Kafka
67e1c3743224ef1ddaea80d8,1742848786,33754.4968,1742848806,13754.4968,Kafka
67e1c3743224ef1ddaea80d9,1742848786,33786.4685,1742848806,13786.4685,Kafka
67e1c3743224ef1ddaea80da,1742848786,33817.5844,1742848806,13817.5844,Kafka
67e1c3743224ef1ddaea80db,1742848786,33820.1284,1742848806,13820.1284,Kafka
67e1c3743224ef1ddaea80dc,1742848786,33848.4582,1742848806,13848.4582,Kafka
67e1c3743224ef1ddaea80dd,1742848786,33909.5251,1742848806,13909.5251,Kafka
67e1c3743224ef1ddaea80de,1742848786,33912.6348,1742848806,13912.6348,Kafka
67e1c3743224ef1ddaea80df,1742848786,33914.1972,1742848806,13914.1972,Kafka
67e1c3753224ef1ddaea80e0,1742848786,33940.473,1742848806,13940.473,Kafka
67e1c3753224ef1ddaea80e1,1742848786,33971.5843,1742848806,13971.5843,Kafka
67e1c3753224ef1ddaea80e2,1742848786,33973.2113,1742848806,13973.2113,Kafka
67e1c3753224ef1ddaea80e3,1742848786,34033.4893,1742848806,14033.4893,Kafka
67e1c3753224ef1ddaea80e4,1742848786,34064.4819,1742848806,14064.4819,Kafka
67e1c3753224ef1ddaea80e5,1742848786,34066.9028,1742848806,14066.9028,Kafka
67e1c3753224ef1ddaea80e6,1742848786,34068.6148,1742848806,14068.6148,Kafka
67e1c3753224ef1ddaea80e7,1742848786,34069.9712,1742848806,14069.9712,Kafka
67e1c3753224ef1ddaea80e8,1742848786,34071.445,1742848806,14071.445,Kafka
67e1c3753224ef1ddaea80e9,1742848786,34072.8697,1742848806,14072.8697,Kafka
67e1c3753224ef1ddaea80ea,1742848786,34074.2641,1742848806,14074.2641,Kafka
67e1c3753224ef1ddaea80eb,1742848786,34126.4411,1742848806,14126.4411,Kafka
67e1c3753224ef1ddaea80ec,1742848786,34188.4046,1742848806,14188.4046,Kafka
67e1c3753224ef1ddaea80ed,1742848786,34190.4242,1742848806,14190.4242,Kafka
67e1c3753224ef1ddaea80ee,1742848786,34250.4462,1742848806,14250.4462,Kafka
67e1c3753224ef1ddaea80ef,1742848786,34312.564,1742848806,14312.564,Kafka
67e1c3753224ef1ddaea80f0,1742848786,34343.5971,1742848806,14343.5971,Kafka
67e1c3753224ef1ddaea80f1,1742848786,34374.832,1742848806,14374.832,Kafka
67e1c3753224ef1ddaea80f2,1742848786,34405.6022,1742848806,14405.6022,Kafka
67e1c3753224ef1ddaea80f3,1742848786,34408.2902,1742848806,14408.2902,Kafka
67e1c3763224ef1ddaea80f4,1742848786,34467.6029,1742848806,14467.6029,Kafka
67e1c3763224ef1ddaea80f5,1742848786,34529.712,1742848806,14529.712,Kafka
67e1c3763224ef1ddaea80f6,1742848786,34532.7709,1742848806,14532.7709,Kafka
67e1c3763224ef1ddaea80f7,1742848786,34560.5884,1742848806,14560.5884,Kafka
67e1c3763224ef1ddaea80f8,1742848786,34622.4682,1742848806,14622.4682,Kafka
67e1c3763224ef1ddaea80f9,1742848786,34654.7692,1742848806,14654.7692,Kafka
67e1c3763224ef1ddaea80fa,1742848786,34715.5135,1742848806,14715.5135,Kafka
67e1c3763224ef1ddaea80fb,1742848786,34777.4546,1742848806,14777.4546,Kafka
67e1c3763224ef1ddaea80fc,1742848786,34839.4651,1742848806,14839.4651,Kafka
67e1c3763224ef1ddaea80fd,1742848786,34871.6101,1742848806,14871.6101,Kafka
67e1c3763224ef1ddaea80fe,1742848786,34873.6813,1742848806,14873.6813,Kafka
67e1c3763224ef1ddaea80ff,1742848786,34875.1066,1742848806,14875.1066,Kafka
67e1c3703224ef1ddaea8081,1742848786,31445.8388,1742848805,12445.8388,Kafka
67e1c3703224ef1ddaea8082,1742848786,31476.8761,1742848805,12476.8761,Kafka
67e1c3703224ef1ddaea8083,1742848786,31508.6147,1742848805,12508.6147,Kafka
67e1c3703224ef1ddaea8084,1742848786,31510.5181,1742848805,12510.5181,Kafka
67e1c3703224ef1ddaea8085,1742848786,31569.6939,1742848805,12569.6939,Kafka
67e1c3703224ef1ddaea8086,1742848786,31631.8116,1742848805,12631.8116,Kafka
67e1c3703224ef1ddaea8087,1742848786,31634.7456,1742848805,12634.7456,Kafka
67e1c3703224ef1ddaea8088,1742848786,31636.0817,1742848805,12636.0817,Kafka
67e1c3703224ef1ddaea8089,1742848786,31664.3513,1742848805,12664.3513,Kafka
67e1c3703224ef1ddaea808a,1742848786,31693.784,1742848805,12693.784,Kafka
67e1c3703224ef1ddaea808b,1742848786,31755.8128,1742848805,12755.8128,Kafka
67e1c3703224ef1ddaea808c,1742848786,31787.7264,1742848805,12787.7264,Kafka
67e1c3703224ef1ddaea808d,1742848786,31789.6826,1742848805,12789.6826,Kafka
67e1c3703224ef1ddaea808e,1742848786,31791.0319,1742848805,12791.0319,Kafka
67e1c3703224ef1ddaea808f,1742848786,31817.8169,1742848805,12817.8169,Kafka
67e1c3703224ef1ddaea8090,1742848786,31848.9765,1742848805,12848.9765,Kafka
67e1c3703224ef1ddaea8091,1742848786,31879.7642,1742848805,12879.7642,Kafka
67e1c3703224ef1ddaea8092,1742848786,31910.8149,1742848805,12910.8149,Kafka
67e1c3703224ef1ddaea8093,1742848786,31912.6961,1742848805,12912.6961,Kafka
67e1c3703224ef1ddaea8094,1742848786,31941.9311,1742848805,12941.9311,Kafka
67e1c3703224ef1ddaea8095,1742848786,32003.6302,1742848805,13003.6302,Kafka
67e1c3703224ef1ddaea8096,1742848786,32035.0538,1742848805,13035.0538,Kafka
67e1c3703224ef1ddaea8097,1742848786,32065.9332,1742848805,13065.9332,Kafka
67e1c3703224ef1ddaea8098,1742848786,32096.0038,1742848805,13096.0038,Kafka
67e1c3713224ef1ddaea8099,1742848786,32128.6079,1742848805,13128.6079,Kafka
67e1c3713224ef1ddaea809a,1742848786,32130.5043,1742848805,13130.5043,Kafka
67e1c3713224ef1ddaea809b,1742848786,32131.895,1742848805,13131.895,Kafka
67e1c3713224ef1ddaea809c,1742848786,32133.4118,1742848805,13133.4118,Kafka
67e1c3713224ef1ddaea809d,1742848786,32134.837,1742848805,13134.837,Kafka
67e1c3713224ef1ddaea809e,1742848786,32136.1442,1742848805,13136.1442,Kafka
67e1c3713224ef1ddaea809f,1742848786,32159.2113,1742848805,13159.2113,Kafka
67e1c3713224ef1ddaea80a0,1742848786,32161.3816,1742848805,13161.3816,Kafka
67e1c3713224ef1ddaea80a1,1742848786,32162.787,1742848805,13162.787,Kafka
67e1c3713224ef1ddaea80a2,1742848786,32220.0832,1742848805,13220.0832,Kafka
67e1c3713224ef1ddaea80a3,1742848786,32222.7862,1742848805,13222.7862,Kafka
67e1c3713224ef1ddaea80a4,1742848786,32251.0203,1742848805,13251.0203,Kafka
67e1c3713224ef1ddaea80a5,1742848786,32253.3081,1742848805,13253.3081,Kafka
67e1c3713224ef1ddaea80a6,1742848786,32254.7905,1742848805,13254.7905,Kafka
67e1c3723224ef1ddaea80a7,1742848786,32283.0063,1742848805,13283.0063,Kafka
67e1c3723224ef1ddaea80a8,1742848786,32344.0379,1742848805,13344.0379,Kafka
67e1c3723224ef1ddaea80a9,1742848786,32375.8716,1742848805,13375.8716,Kafka
67e1c3723224ef1ddaea80aa,1742848786,32408.218,1742848805,13408.218,Kafka
67e1c3723224ef1ddaea80ab,1742848786,32409.8554,1742848805,13409.8554,Kafka
67e1c3723224ef1ddaea80ac,1742848786,32437.1314,1742848805,13437.1314,Kafka
67e1c3723224ef1ddaea80ad,1742848786,32499.0419,1742848805,13499.0419,Kafka
67e1c3723224ef1ddaea80ae,1742848786,32501.3911,1742848805,13501.3911,Kafka
67e1c3723224ef1ddaea80af,1742848786,32531.2759,1742848805,13531.2759,Kafka
67e1c3723224ef1ddaea80b0,1742848786,32592.054,1742848805,13592.054,Kafka
67e1c3723224ef1ddaea80b1,1742848786,32654.2058,1742848805,13654.2058,Kafka
67e1c3723224ef1ddaea80b2,1742848786,32656.9503,1742848805,13656.9503,Kafka
67e1c3723224ef1ddaea80b3,1742848786,32685.1881,1742848805,13685.1881,Kafka
67e1c3723224ef1ddaea80b4,1742848786,32717.533,1742848805,13717.533,Kafka
67e1c3723224ef1ddaea80b5,1742848786,32748.0867,1742848805,13748.0867,Kafka
67e1c3733224ef1ddaea80b6,1742848786,32778.1311,1742848805,13778.1311,Kafka
67e1c3733224ef1ddaea80b7,1742848786,32780.3712,1742848805,13780.3712,Kafka
67e1c3733224ef1ddaea80b8,1742848786,32840.1691,1742848805,13840.1691,Kafka
67e1c3733224ef1ddaea80b9,1742848786,32902.2926,1742848805,13902.2926,Kafka
67e1c3733224ef1ddaea80ba,1742848786,32904.5972,1742848805,13904.5972,Kafka
67e1c3733224ef1ddaea80bb,1742848786,32935.5363,1742848805,13935.5363,Kafka
67e1c3733224ef1ddaea80bc,1742848786,32938.0852,1742848805,13938.0852,Kafka
67e1c3733224ef1ddaea80bd,1742848786,32939.5088,1742848805,13939.5088,Kafka
67e1c3733224ef1ddaea80be,1742848786,32941.1521,1742848805,13941.1521,Kafka
67e1c3733224ef1ddaea80bf,1742848786,32942.605,1742848805,13942.605,Kafka
67e1c3733224ef1ddaea80c0,1742848786,32943.9551,1742848805,13943.9551,Kafka
67e1c3733224ef1ddaea80c1,1742848786,33010.3462,1742848805,14010.3462,Kafka
67e1c36c3224ef1ddaea8043,1742848786,29756.5352,1742848804,11756.5352,Kafka
67e1c36c3224ef1ddaea8044,1742848786,29758.6056,1742848804,11758.6056,Kafka
67e1c36c3224ef1ddaea8045,1742848786,29787.937,1742848804,11787.937,Kafka
67e1c36c3224ef1ddaea8046,1742848786,29789.6793,1742848804,11789.6793,Kafka
67e1c36c3224ef1ddaea8047,1742848786,29791.8874,1742848804,11791.8874,Kafka
67e1c36c3224ef1ddaea8048,1742848786,29794.6182,1742848804,11794.6182,Kafka
67e1c36c3224ef1ddaea8049,1742848786,29833.2667,1742848804,11833.2667,Kafka
67e1c36c3224ef1ddaea804a,1742848786,29835.8259,1742848804,11835.8259,Kafka
67e1c36c3224ef1ddaea804b,1742848786,29837.7376,1742848804,11837.7376,Kafka
67e1c36c3224ef1ddaea804c,1742848786,29895.4997,1742848804,11895.4997,Kafka
67e1c36c3224ef1ddaea804d,1742848786,29897.2738,1742848804,11897.2738,Kafka
67e1c36d3224ef1ddaea804e,1742848786,29899.4663,1742848804,11899.4663,Kafka
67e1c36d3224ef1ddaea804f,1742848786,29957.3117,1742848804,11957.3117,Kafka
67e1c36d3224ef1ddaea8050,1742848786,30019.3678,1742848804,12019.3678,Kafka
67e1c36d3224ef1ddaea8051,1742848786,30051.4249,1742848804,12051.4249,Kafka
67e1c36d3224ef1ddaea8052,1742848786,30082.2511,1742848804,12082.2511,Kafka
67e1c36d3224ef1ddaea8053,1742848786,30113.1402,1742848804,12113.1402,Kafka
67e1c36d3224ef1ddaea8054,1742848786,30115.0723,1742848804,12115.0723,Kafka
67e1c36d3224ef1ddaea8055,1742848786,30144.265,1742848804,12144.265,Kafka
67e1c36d3224ef1ddaea8056,1742848786,30146.3541,1742848804,12146.3541,Kafka
67e1c36d3224ef1ddaea8057,1742848786,30175.164,1742848804,12175.164,Kafka
67e1c36d3224ef1ddaea8058,1742848786,30206.0813,1742848804,12206.0813,Kafka
67e1c36d3224ef1ddaea8059,1742848786,30208.0895,1742848804,12208.0895,Kafka
67e1c36d3224ef1ddaea805a,1742848786,30237.2427,1742848804,12237.2427,Kafka
67e1c36d3224ef1ddaea805b,1742848786,30267.3902,1742848804,12267.3902,Kafka
67e1c36d3224ef1ddaea805c,1742848786,30329.3072,1742848804,12329.3072,Kafka
67e1c36e3224ef1ddaea805d,1742848786,30331.6605,1742848804,12331.6605,Kafka
67e1c36e3224ef1ddaea805e,1742848786,30360.3091,1742848804,12360.3091,Kafka
67e1c36e3224ef1ddaea805f,1742848786,30391.3756,1742848804,12391.3756,Kafka
67e1c36e3224ef1ddaea8060,1742848786,30393.1157,1742848804,12393.1157,Kafka
67e1c36e3224ef1ddaea8061,1742848786,30423.2612,1742848804,12423.2612,Kafka
67e1c36e3224ef1ddaea8062,1742848786,30425.3792,1742848804,12425.3792,Kafka
67e1c36e3224ef1ddaea8063,1742848786,30454.2149,1742848804,12454.2149,Kafka
67e1c36e3224ef1ddaea8064,1742848786,30515.3877,1742848804,12515.3877,Kafka
67e1c36e3224ef1ddaea8065,1742848786,30546.413,1742848804,12546.413,Kafka
67e1c36e3224ef1ddaea8066,1742848786,30608.769,1742848804,12608.769,Kafka
67e1c36e3224ef1ddaea8067,1742848786,30639.4217,1742848804,12639.4217,Kafka
67e1c36e3224ef1ddaea8068,1742848786,30671.2467,1742848804,12671.2467,Kafka
67e1c36e3224ef1ddaea8069,1742848786,30673.4489,1742848804,12673.4489,Kafka
67e1c36e3224ef1ddaea806a,1742848786,30702.3198,1742848804,12702.3198,Kafka
67e1c36e3224ef1ddaea806b,1742848786,30704.3116,1742848804,12704.3116,Kafka
67e1c36e3224ef1ddaea806c,1742848786,30732.5256,1742848804,12732.5256,Kafka
67e1c36e3224ef1ddaea806d,1742848786,30734.958,1742848804,12734.958,Kafka
67e1c36f3224ef1ddaea806e,1742848786,30737.1427,1742848804,12737.1427,Kafka
67e1c36f3224ef1ddaea806f,1742848786,30738.676,1742848804,12738.676,Kafka
67e1c36f3224ef1ddaea8070,1742848786,30763.4331,1742848804,12763.4331,Kafka
67e1c36f3224ef1ddaea8071,1742848786,30795.756,1742848804,12795.756,Kafka
67e1c36f3224ef1ddaea8072,1742848786,30797.5774,1742848804,12797.5774,Kafka
67e1c36f3224ef1ddaea8073,1742848786,30856.5446,1742848804,12856.5446,Kafka
67e1c36f3224ef1ddaea8074,1742848786,30918.4064,1742848804,12918.4064,Kafka
67e1c36f3224ef1ddaea8075,1742848786,30980.5488,1742848804,12980.5488,Kafka
67e1c36f3224ef1ddaea8076,1742848786,31012.7334,1742848804,13012.7334,Kafka
67e1c36f3224ef1ddaea8077,1742848786,31042.5742,1742848804,13042.5742,Kafka
67e1c36f3224ef1ddaea8078,1742848786,31104.5135,1742848804,13104.5135,Kafka
67e1c36f3224ef1ddaea8079,1742848786,31166.5993,1742848804,13166.5993,Kafka
67e1c36f3224ef1ddaea807a,1742848786,31198.905,1742848804,13198.905,Kafka
67e1c36f3224ef1ddaea807b,1742848786,31201.0216,1742848804,13201.0216,Kafka
67e1c36f3224ef1ddaea807c,1742848786,31229.8286,1742848804,13229.8286,Kafka
67e1c36f3224ef1ddaea807d,1742848786,31290.6233,1742848804,13290.6233,Kafka
67e1c36f3224ef1ddaea807e,1742848786,31321.6258,1742848804,13321.6258,Kafka
67e1c36f3224ef1ddaea807f,1742848786,31353.7914,1742848804,13353.7914,Kafka
67e1c36f3224ef1ddaea8080,1742848786,31415.1327,1742848804,13415.1327,Kafka
67e1c3673224ef1ddaea8002,1742848786,28331.3893,1742848803,11331.3893,Kafka
67e1c3673224ef1ddaea8003,1742848786,28333.8255,1742848803,11333.8255,Kafka
67e1c3673224ef1ddaea8004,1742848786,28335.1914,1742848803,11335.1914,Kafka
67e1c3673224ef1ddaea8005,1742848786,28361.4818,1742848803,11361.4818,Kafka
67e1c3673224ef1ddaea8006,1742848786,28363.7711,1742848803,11363.7711,Kafka
67e1c3683224ef1ddaea8007,1742848786,28393.3847,1742848803,11393.3847,Kafka
67e1c3683224ef1ddaea8008,1742848786,28454.435,1742848803,11454.435,Kafka
67e1c3683224ef1ddaea8009,1742848786,28456.4483,1742848803,11456.4483,Kafka
67e1c3683224ef1ddaea800a,1742848786,28457.9094,1742848803,11457.9094,Kafka
67e1c3683224ef1ddaea800b,1742848786,28516.541,1742848803,11516.541,Kafka
67e1c3683224ef1ddaea800c,1742848786,28518.344,1742848803,11518.344,Kafka
67e1c3683224ef1ddaea800d,1742848786,28578.4538,1742848803,11578.4538,Kafka
67e1c3683224ef1ddaea800e,1742848786,28610.4227,1742848803,11610.4227,Kafka
67e1c3683224ef1ddaea800f,1742848786,28641.4546,1742848803,11641.4546,Kafka
67e1c3683224ef1ddaea8010,1742848786,28673.2981,1742848803,11673.2981,Kafka
67e1c3683224ef1ddaea8011,1742848786,28675.5704,1742848803,11675.5704,Kafka
67e1c3683224ef1ddaea8012,1742848786,28701.8444,1742848803,11701.8444,Kafka
67e1c3683224ef1ddaea8013,1742848786,28733.8614,1742848803,11733.8614,Kafka
67e1c3683224ef1ddaea8014,1742848786,28735.9374,1742848803,11735.9374,Kafka
67e1c3683224ef1ddaea8015,1742848786,28764.6641,1742848803,11764.6641,Kafka
67e1c3693224ef1ddaea8016,1742848786,28798.1635,1742848803,11798.1635,Kafka
67e1c3693224ef1ddaea8017,1742848786,28825.7759,1742848803,11825.7759,Kafka
67e1c3693224ef1ddaea8018,1742848786,28827.881,1742848803,11827.881,Kafka
67e1c3693224ef1ddaea8019,1742848786,28857.6066,1742848803,11857.6066,Kafka
67e1c3693224ef1ddaea801a,1742848786,28888.8729,1742848803,11888.8729,Kafka
67e1c3693224ef1ddaea801b,1742848786,28890.9399,1742848803,11890.9399,Kafka
67e1c3693224ef1ddaea801c,1742848786,28918.8491,1742848803,11918.8491,Kafka
67e1c3693224ef1ddaea801d,1742848786,28951.6537,1742848803,11951.6537,Kafka
67e1c3693224ef1ddaea801e,1742848786,28954.0026,1742848803,11954.0026,Kafka
67e1c3693224ef1ddaea801f,1742848786,28955.6309,1742848803,11955.6309,Kafka
67e1c3693224ef1ddaea8020,1742848786,28980.8755,1742848803,11980.8755,Kafka
67e1c3693224ef1ddaea8021,1742848786,29012.1243,1742848803,12012.1243,Kafka
67e1c3693224ef1ddaea8022,1742848786,29014.6015,1742848803,12014.6015,Kafka
67e1c3693224ef1ddaea8023,1742848786,29016.2165,1742848803,12016.2165,Kafka
67e1c3693224ef1ddaea8024,1742848786,29017.8224,1742848803,12017.8224,Kafka
67e1c36a3224ef1ddaea8025,1742848786,29042.8708,1742848803,12042.8708,Kafka
67e1c36a3224ef1ddaea8026,1742848786,29074.7864,1742848803,12074.7864,Kafka
67e1c36a3224ef1ddaea8027,1742848786,29105.9773,1742848803,12105.9773,Kafka
67e1c36a3224ef1ddaea8028,1742848786,29108.0706,1742848803,12108.0706,Kafka
67e1c36a3224ef1ddaea8029,1742848786,29109.4506,1742848803,12109.4506,Kafka
67e1c36a3224ef1ddaea802a,1742848786,29135.8877,1742848803,12135.8877,Kafka
67e1c36a3224ef1ddaea802b,1742848786,29167.5661,1742848803,12167.5661,Kafka
67e1c36a3224ef1ddaea802c,1742848786,29198.9131,1742848803,12198.9131,Kafka
67e1c36a3224ef1ddaea802d,1742848786,29201.7142,1742848803,12201.7142,Kafka
67e1c36a3224ef1ddaea802e,1742848786,29228.8343,1742848803,12228.8343,Kafka
67e1c36a3224ef1ddaea802f,1742848786,29231.2514,1742848803,12231.2514,Kafka
67e1c36a3224ef1ddaea8030,1742848786,29232.7167,1742848803,12232.7167,Kafka
67e1c36a3224ef1ddaea8031,1742848786,29290.9741,1742848803,12290.9741,Kafka
67e1c36a3224ef1ddaea8032,1742848786,29323.0591,1742848803,12323.0591,Kafka
67e1c36b3224ef1ddaea8033,1742848786,29352.6793,1742848803,12352.6793,Kafka
67e1c36b3224ef1ddaea8034,1742848786,29383.7016,1742848803,12383.7016,Kafka
67e1c36b3224ef1ddaea8035,1742848786,29385.7572,1742848803,12385.7572,Kafka
67e1c36b3224ef1ddaea8036,1742848786,29414.6732,1742848803,12414.6732,Kafka
67e1c36b3224ef1ddaea8037,1742848786,29416.6545,1742848803,12416.6545,Kafka
67e1c36b3224ef1ddaea8038,1742848786,29476.7226,1742848803,12476.7226,Kafka
67e1c36b3224ef1ddaea8039,1742848786,29508.7445,1742848803,12508.7445,Kafka
67e1c36b3224ef1ddaea803a,1742848786,29510.8828,1742848803,12510.8828,Kafka
67e1c36b3224ef1ddaea803b,1742848786,29512.4942,1742848803,12512.4942,Kafka
67e1c36b3224ef1ddaea803c,1742848786,29569.6723,1742848803,12569.6723,Kafka
67e1c36b3224ef1ddaea803d,1742848786,29631.6755,1742848803,12631.6755,Kafka
67e1c36b3224ef1ddaea803e,1742848786,29663.6687,1742848803,12663.6687,Kafka
67e1c36b3224ef1ddaea803f,1742848786,29694.6604,1742848803,12694.6604,Kafka
67e1c36c3224ef1ddaea8040,1742848786,29696.8141,1742848803,12696.8141,Kafka
67e1c36c3224ef1ddaea8041,1742848786,29698.2337,1742848803,12698.2337,Kafka
67e1c36c3224ef1ddaea8042,1742848786,29725.0489,1742848803,12725.0489,Kafka
67e1c3663224ef1ddaea7ff3,1742848786,27958.2001,1742848802,11958.2001,Kafka
67e1c3663224ef1ddaea7ff4,1742848786,27989.3677,1742848802,11989.3677,Kafka
67e1c3663224ef1ddaea7ff5,1742848786,27991.5869,1742848802,11991.5869,Kafka
67e1c3663224ef1ddaea7ff6,1742848786,28021.295,1742848802,12021.295,Kafka
67e1c3663224ef1ddaea7ff7,1742848786,28051.2966,1742848802,12051.2966,Kafka
67e1c3673224ef1ddaea7ff8,1742848786,28053.4865,1742848802,12053.4865,Kafka
67e1c3673224ef1ddaea7ff9,1742848786,28083.4947,1742848802,12083.4947,Kafka
67e1c3673224ef1ddaea7ffa,1742848786,28113.6,1742848802,12113.6,Kafka
67e1c3673224ef1ddaea7ffb,1742848786,28145.3131,1742848802,12145.3131,Kafka
67e1c3673224ef1ddaea7ffc,1742848786,28147.3564,1742848802,12147.3564,Kafka
67e1c3673224ef1ddaea7ffd,1742848786,28176.5705,1742848802,12176.5705,Kafka
67e1c3673224ef1ddaea7ffe,1742848786,28206.5535,1742848802,12206.5535,Kafka
67e1c3673224ef1ddaea7fff,1742848786,28237.4445,1742848802,12237.4445,Kafka
67e1c3673224ef1ddaea8000,1742848786,28299.4562,1742848802,12299.4562,Kafka
67e1c3673224ef1ddaea8001,1742848786,28301.8852,1742848802,12301.8852,Kafka
67e1c3633224ef1ddaea7fc2,1742848786,26827.5865,1742848802,10827.5865,Kafka
67e1c3633224ef1ddaea7fc3,1742848786,26858.8488,1742848802,10858.8488,Kafka
67e1c3633224ef1ddaea7fc4,1742848786,26888.705,1742848802,10888.705,Kafka
67e1c3643224ef1ddaea7fc5,1742848786,26920.9929,1742848802,10920.9929,Kafka
67e1c3643224ef1ddaea7fc6,1742848786,26952.108,1742848802,10952.108,Kafka
67e1c3643224ef1ddaea7fc7,1742848786,26954.0875,1742848802,10954.0875,Kafka
67e1c3643224ef1ddaea7fc8,1742848786,26956.095,1742848802,10956.095,Kafka
67e1c3643224ef1ddaea7fc9,1742848786,26957.3992,1742848802,10957.3992,Kafka
67e1c3643224ef1ddaea7fca,1742848786,26958.7764,1742848802,10958.7764,Kafka
67e1c3643224ef1ddaea7fcb,1742848786,26960.1996,1742848802,10960.1996,Kafka
67e1c3643224ef1ddaea7fcc,1742848786,26961.7487,1742848802,10961.7487,Kafka
67e1c3643224ef1ddaea7fcd,1742848786,26963.1375,1742848802,10963.1375,Kafka
67e1c3643224ef1ddaea7fce,1742848786,26998.4284,1742848802,10998.4284,Kafka
67e1c3643224ef1ddaea7fcf,1742848786,27029.5162,1742848802,11029.5162,Kafka
67e1c3643224ef1ddaea7fd0,1742848786,27060.4746,1742848802,11060.4746,Kafka
67e1c3643224ef1ddaea7fd1,1742848786,27090.3763,1742848802,11090.3763,Kafka
67e1c3643224ef1ddaea7fd2,1742848786,27092.0912,1742848802,11092.0912,Kafka
67e1c3643224ef1ddaea7fd3,1742848786,27122.2952,1742848802,11122.2952,Kafka
67e1c3643224ef1ddaea7fd4,1742848786,27183.3695,1742848802,11183.3695,Kafka
67e1c3643224ef1ddaea7fd5,1742848786,27185.4172,1742848802,11185.4172,Kafka
67e1c3643224ef1ddaea7fd6,1742848786,27214.4046,1742848802,11214.4046,Kafka
67e1c3643224ef1ddaea7fd7,1742848786,27216.8811,1742848802,11216.8811,Kafka
67e1c3653224ef1ddaea7fd8,1742848786,27218.4468,1742848802,11218.4468,Kafka
67e1c3653224ef1ddaea7fd9,1742848786,27276.4003,1742848802,11276.4003,Kafka
67e1c3653224ef1ddaea7fda,1742848786,27307.3975,1742848802,11307.3975,Kafka
67e1c3653224ef1ddaea7fdb,1742848786,27310.1619,1742848802,11310.1619,Kafka
67e1c3653224ef1ddaea7fdc,1742848786,27311.5152,1742848802,11311.5152,Kafka
67e1c3653224ef1ddaea7fdd,1742848786,27338.5123,1742848802,11338.5123,Kafka
67e1c3653224ef1ddaea7fde,1742848786,27370.3559,1742848802,11370.3559,Kafka
67e1c3653224ef1ddaea7fdf,1742848786,27431.2112,1742848802,11431.2112,Kafka
67e1c3653224ef1ddaea7fe0,1742848786,27433.4112,1742848802,11433.4112,Kafka
67e1c3653224ef1ddaea7fe1,1742848786,27434.9659,1742848802,11434.9659,Kafka
67e1c3653224ef1ddaea7fe2,1742848786,27436.5564,1742848802,11436.5564,Kafka
67e1c3653224ef1ddaea7fe3,1742848786,27437.9852,1742848802,11437.9852,Kafka
67e1c3653224ef1ddaea7fe4,1742848786,27463.2154,1742848802,11463.2154,Kafka
67e1c3653224ef1ddaea7fe5,1742848786,27465.2438,1742848802,11465.2438,Kafka
67e1c3653224ef1ddaea7fe6,1742848786,27524.1497,1742848802,11524.1497,Kafka
67e1c3653224ef1ddaea7fe7,1742848786,27586.2018,1742848802,11586.2018,Kafka
67e1c3653224ef1ddaea7fe8,1742848786,27588.4554,1742848802,11588.4554,Kafka
67e1c3663224ef1ddaea7fe9,1742848786,27618.2979,1742848802,11618.2979,Kafka
67e1c3663224ef1ddaea7fea,1742848786,27649.7399,1742848802,11649.7399,Kafka
67e1c3663224ef1ddaea7feb,1742848786,27652.7124,1742848802,11652.7124,Kafka
67e1c3663224ef1ddaea7fec,1742848786,27654.4233,1742848802,11654.4233,Kafka
67e1c3663224ef1ddaea7fed,1742848786,27680.5567,1742848802,11680.5567,Kafka
67e1c3663224ef1ddaea7fee,1742848786,27741.3592,1742848802,11741.3592,Kafka
67e1c3663224ef1ddaea7fef,1742848786,27772.1866,1742848802,11772.1866,Kafka
67e1c3663224ef1ddaea7ff0,1742848786,27834.296,1742848802,11834.296,Kafka
67e1c3663224ef1ddaea7ff1,1742848786,27866.7277,1742848802,11866.7277,Kafka
67e1c3663224ef1ddaea7ff2,1742848786,27896.2388,1742848802,11896.2388,Kafka
67e1c35f3224ef1ddaea7f81,1742848786,25152.5298,1742848801,10152.5298,Kafka
67e1c35f3224ef1ddaea7f82,1742848786,25214.5288,1742848801,10214.5288,Kafka
67e1c35f3224ef1ddaea7f83,1742848786,25245.5383,1742848801,10245.5383,Kafka
67e1c35f3224ef1ddaea7f84,1742848786,25247.8148,1742848801,10247.8148,Kafka
67e1c35f3224ef1ddaea7f85,1742848786,25276.5502,1742848801,10276.5502,Kafka
67e1c3603224ef1ddaea7f86,1742848786,25338.5896,1742848801,10338.5896,Kafka
67e1c3603224ef1ddaea7f87,1742848786,25369.5928,1742848801,10369.5928,Kafka
67e1c3603224ef1ddaea7f88,1742848786,25400.5312,1742848801,10400.5312,Kafka
67e1c3603224ef1ddaea7f89,1742848786,25431.6312,1742848801,10431.6312,Kafka
67e1c3603224ef1ddaea7f8a,1742848786,25462.5491,1742848801,10462.5491,Kafka
67e1c3603224ef1ddaea7f8b,1742848786,25494.8504,1742848801,10494.8504,Kafka
67e1c3603224ef1ddaea7f8c,1742848786,25497.1129,1742848801,10497.1129,Kafka
67e1c3603224ef1ddaea7f8d,1742848786,25498.9172,1742848801,10498.9172,Kafka
67e1c3603224ef1ddaea7f8e,1742848786,25555.5815,1742848801,10555.5815,Kafka
67e1c3603224ef1ddaea7f8f,1742848786,25557.6721,1742848801,10557.6721,Kafka
67e1c3603224ef1ddaea7f90,1742848786,25559.3185,1742848801,10559.3185,Kafka
67e1c3603224ef1ddaea7f91,1742848786,25560.7469,1742848801,10560.7469,Kafka
67e1c3603224ef1ddaea7f92,1742848786,25562.1066,1742848801,10562.1066,Kafka
67e1c3603224ef1ddaea7f93,1742848786,25563.5699,1742848801,10563.5699,Kafka
67e1c3603224ef1ddaea7f94,1742848786,25587.2636,1742848801,10587.2636,Kafka
67e1c3603224ef1ddaea7f95,1742848786,25589.2234,1742848801,10589.2234,Kafka
67e1c3603224ef1ddaea7f96,1742848786,25648.8517,1742848801,10648.8517,Kafka
67e1c3603224ef1ddaea7f97,1742848786,25651.7704,1742848801,10651.7704,Kafka
67e1c3603224ef1ddaea7f98,1742848786,25679.5893,1742848801,10679.5893,Kafka
67e1c3613224ef1ddaea7f99,1742848786,25681.253,1742848801,10681.253,Kafka
67e1c3613224ef1ddaea7f9a,1742848786,25710.7576,1742848801,10710.7576,Kafka
67e1c3613224ef1ddaea7f9b,1742848786,25712.8984,1742848801,10712.8984,Kafka
67e1c3613224ef1ddaea7f9c,1742848786,25741.6196,1742848801,10741.6196,Kafka
67e1c3613224ef1ddaea7f9d,1742848786,25743.6001,1742848801,10743.6001,Kafka
67e1c3613224ef1ddaea7f9e,1742848786,25772.667,1742848801,10772.667,Kafka
67e1c3613224ef1ddaea7f9f,1742848786,25803.6407,1742848801,10803.6407,Kafka
67e1c3613224ef1ddaea7fa0,1742848786,25835.8574,1742848801,10835.8574,Kafka
67e1c3613224ef1ddaea7fa1,1742848786,25866.5183,1742848801,10866.5183,Kafka
67e1c3613224ef1ddaea7fa2,1742848786,25896.5651,1742848801,10896.5651,Kafka
67e1c3613224ef1ddaea7fa3,1742848786,25898.4466,1742848801,10898.4466,Kafka
67e1c3613224ef1ddaea7fa4,1742848786,25959.352,1742848801,10959.352,Kafka
67e1c3613224ef1ddaea7fa5,1742848786,25990.794,1742848801,10990.794,Kafka
67e1c3623224ef1ddaea7fa6,1742848786,25992.8156,1742848801,10992.8156,Kafka
67e1c3623224ef1ddaea7fa7,1742848786,25994.3042,1742848801,10994.3042,Kafka
67e1c3623224ef1ddaea7fa8,1742848786,26020.6146,1742848801,11020.6146,Kafka
67e1c3623224ef1ddaea7fa9,1742848786,26022.6851,1742848801,11022.6851,Kafka
67e1c3623224ef1ddaea7faa,1742848786,26083.0844,1742848801,11083.0844,Kafka
67e1c3623224ef1ddaea7fab,1742848786,26117.7244,1742848801,11117.7244,Kafka
67e1c3623224ef1ddaea7fac,1742848786,26175.6801,1742848801,11175.6801,Kafka
67e1c3623224ef1ddaea7fad,1742848786,26177.6508,1742848801,11177.6508,Kafka
67e1c3623224ef1ddaea7fae,1742848786,26206.6478,1742848801,11206.6478,Kafka
67e1c3623224ef1ddaea7faf,1742848786,26268.7109,1742848801,11268.7109,Kafka
67e1c3623224ef1ddaea7fb0,1742848786,26300.9715,1742848801,11300.9715,Kafka
67e1c3623224ef1ddaea7fb1,1742848786,26303.1792,1742848801,11303.1792,Kafka
67e1c3623224ef1ddaea7fb2,1742848786,26330.6417,1742848801,11330.6417,Kafka
67e1c3623224ef1ddaea7fb3,1742848786,26333.0408,1742848801,11333.0408,Kafka
67e1c3623224ef1ddaea7fb4,1742848786,26361.7229,1742848801,11361.7229,Kafka
67e1c3623224ef1ddaea7fb5,1742848786,26393.6107,1742848801,11393.6107,Kafka
67e1c3623224ef1ddaea7fb6,1742848786,26424.5736,1742848801,11424.5736,Kafka
67e1c3623224ef1ddaea7fb7,1742848786,26426.8332,1742848801,11426.8332,Kafka
67e1c3633224ef1ddaea7fb8,1742848786,26428.3979,1742848801,11428.3979,Kafka
67e1c3633224ef1ddaea7fb9,1742848786,26454.6291,1742848801,11454.6291,Kafka
67e1c3633224ef1ddaea7fba,1742848786,26516.7207,1742848801,11516.7207,Kafka
67e1c3633224ef1ddaea7fbb,1742848786,26519.1945,1742848801,11519.1945,Kafka
67e1c3633224ef1ddaea7fbc,1742848786,26578.6756,1742848801,11578.6756,Kafka
67e1c3633224ef1ddaea7fbd,1742848786,26640.7064,1742848801,11640.7064,Kafka
67e1c3633224ef1ddaea7fbe,1742848786,26672.9067,1742848801,11672.9067,Kafka
67e1c3633224ef1ddaea7fbf,1742848786,26733.6619,1742848801,11733.6619,Kafka
67e1c3633224ef1ddaea7fc0,1742848786,26795.6774,1742848801,11795.6774,Kafka
67e1c3633224ef1ddaea7fc1,1742848786,26797.9027,1742848801,11797.9027,Kafka
67e1c35b3224ef1ddaea7f41,1742848786,23695.6481,1742848800,9695.6481,Kafka
67e1c35b3224ef1ddaea7f42,1742848786,23726.1269,1742848800,9726.1269,Kafka
67e1c35c3224ef1ddaea7f43,1742848786,23759.8923,1742848800,9759.8923,Kafka
67e1c35c3224ef1ddaea7f44,1742848786,23761.2843,1742848800,9761.2843,Kafka
67e1c35c3224ef1ddaea7f45,1742848786,23762.7207,1742848800,9762.7207,Kafka
67e1c35c3224ef1ddaea7f46,1742848786,23764.0852,1742848800,9764.0852,Kafka
67e1c35c3224ef1ddaea7f47,1742848786,23790.4573,1742848800,9790.4573,Kafka
67e1c35c3224ef1ddaea7f48,1742848786,23819.1375,1742848800,9819.1375,Kafka
67e1c35c3224ef1ddaea7f49,1742848786,23821.2217,1742848800,9821.2217,Kafka
67e1c35c3224ef1ddaea7f4a,1742848786,23852.0405,1742848800,9852.0405,Kafka
67e1c35c3224ef1ddaea7f4b,1742848786,23853.6288,1742848800,9853.6288,Kafka
67e1c35c3224ef1ddaea7f4c,1742848786,23854.9899,1742848800,9854.9899,Kafka
67e1c35c3224ef1ddaea7f4d,1742848786,23881.1029,1742848800,9881.1029,Kafka
67e1c35c3224ef1ddaea7f4e,1742848786,23883.4883,1742848800,9883.4883,Kafka
67e1c35c3224ef1ddaea7f4f,1742848786,23884.9002,1742848800,9884.9002,Kafka
67e1c35c3224ef1ddaea7f50,1742848786,23912.35,1742848800,9912.35,Kafka
67e1c35c3224ef1ddaea7f51,1742848786,23915.4746,1742848800,9915.4746,Kafka
67e1c35c3224ef1ddaea7f52,1742848786,23916.953,1742848800,9916.953,Kafka
67e1c35c3224ef1ddaea7f53,1742848786,23918.5414,1742848800,9918.5414,Kafka
67e1c35c3224ef1ddaea7f54,1742848786,23944.4801,1742848800,9944.4801,Kafka
67e1c35c3224ef1ddaea7f55,1742848786,24005.3112,1742848800,10005.3112,Kafka
67e1c35d3224ef1ddaea7f56,1742848786,24007.621,1742848800,10007.621,Kafka
67e1c35d3224ef1ddaea7f57,1742848786,24038.6431,1742848800,10038.6431,Kafka
67e1c35d3224ef1ddaea7f58,1742848786,24067.2994,1742848800,10067.2994,Kafka
67e1c35d3224ef1ddaea7f59,1742848786,24098.2995,1742848800,10098.2995,Kafka
67e1c35d3224ef1ddaea7f5a,1742848786,24129.3287,1742848800,10129.3287,Kafka
67e1c35d3224ef1ddaea7f5b,1742848786,24191.36,1742848800,10191.36,Kafka
67e1c35d3224ef1ddaea7f5c,1742848786,24223.3446,1742848800,10223.3446,Kafka
67e1c35d3224ef1ddaea7f5d,1742848786,24225.4313,1742848800,10225.4313,Kafka
67e1c35d3224ef1ddaea7f5e,1742848786,24226.8782,1742848800,10226.8782,Kafka
67e1c35d3224ef1ddaea7f5f,1742848786,24228.2605,1742848800,10228.2605,Kafka
67e1c35d3224ef1ddaea7f60,1742848786,24253.547,1742848800,10253.547,Kafka
67e1c35d3224ef1ddaea7f61,1742848786,24315.3451,1742848800,10315.3451,Kafka
67e1c35d3224ef1ddaea7f62,1742848786,24346.4484,1742848800,10346.4484,Kafka
67e1c35d3224ef1ddaea7f63,1742848786,24348.7228,1742848800,10348.7228,Kafka
67e1c35d3224ef1ddaea7f64,1742848786,24350.2047,1742848800,10350.2047,Kafka
67e1c35e3224ef1ddaea7f65,1742848786,24351.6411,1742848800,10351.6411,Kafka
67e1c35e3224ef1ddaea7f66,1742848786,24408.416,1742848800,10408.416,Kafka
67e1c35e3224ef1ddaea7f67,1742848786,24439.6131,1742848800,10439.6131,Kafka
67e1c35e3224ef1ddaea7f68,1742848786,24442.3158,1742848800,10442.3158,Kafka
67e1c35e3224ef1ddaea7f69,1742848786,24471.5486,1742848800,10471.5486,Kafka
67e1c35e3224ef1ddaea7f6a,1742848786,24473.9318,1742848800,10473.9318,Kafka
67e1c35e3224ef1ddaea7f6b,1742848786,24502.7209,1742848800,10502.7209,Kafka
67e1c35e3224ef1ddaea7f6c,1742848786,24505.4016,1742848800,10505.4016,Kafka
67e1c35e3224ef1ddaea7f6d,1742848786,24506.9823,1742848800,10506.9823,Kafka
67e1c35e3224ef1ddaea7f6e,1742848786,24508.4447,1742848800,10508.4447,Kafka
67e1c35e3224ef1ddaea7f6f,1742848786,24563.3902,1742848800,10563.3902,Kafka
67e1c35e3224ef1ddaea7f70,1742848786,24594.395,1742848800,10594.395,Kafka
67e1c35e3224ef1ddaea7f71,1742848786,24656.3552,1742848800,10656.3552,Kafka
67e1c35e3224ef1ddaea7f72,1742848786,24687.3786,1742848800,10687.3786,Kafka
67e1c35e3224ef1ddaea7f73,1742848786,24749.3645,1742848800,10749.3645,Kafka
67e1c35f3224ef1ddaea7f74,1742848786,24781.2368,1742848800,10781.2368,Kafka
67e1c35f3224ef1ddaea7f75,1742848786,24812.5466,1742848800,10812.5466,Kafka
67e1c35f3224ef1ddaea7f76,1742848786,24842.5434,1742848800,10842.5434,Kafka
67e1c35f3224ef1ddaea7f77,1742848786,24844.434,1742848800,10844.434,Kafka
67e1c35f3224ef1ddaea7f78,1742848786,24873.4874,1742848800,10873.4874,Kafka
67e1c35f3224ef1ddaea7f79,1742848786,24904.5637,1742848800,10904.5637,Kafka
67e1c35f3224ef1ddaea7f7a,1742848786,24935.5416,1742848800,10935.5416,Kafka
67e1c35f3224ef1ddaea7f7b,1742848786,24967.0264,1742848800,10967.0264,Kafka
67e1c35f3224ef1ddaea7f7c,1742848786,24997.5276,1742848800,10997.5276,Kafka
67e1c35f3224ef1ddaea7f7d,1742848786,25059.52,1742848800,11059.52,Kafka
67e1c35f3224ef1ddaea7f7e,1742848786,25091.8825,1742848800,11091.8825,Kafka
67e1c35f3224ef1ddaea7f7f,1742848786,25121.5538,1742848800,11121.5538,Kafka
67e1c35f3224ef1ddaea7f80,1742848786,25123.6943,1742848800,11123.6943,Kafka
67e1c3583224ef1ddaea7f02,1742848786,21773.2411,1742848799,8773.2411,Kafka
67e1c3583224ef1ddaea7f03,1742848786,21774.9987,1742848799,8774.9987,Kafka
67e1c3583224ef1ddaea7f04,1742848786,21805.1277,1742848799,8805.1277,Kafka
67e1c3583224ef1ddaea7f05,1742848786,21807.0644,1742848799,8807.0644,Kafka
67e1c3583224ef1ddaea7f06,1742848786,21808.5292,1742848799,8808.5292,Kafka
67e1c3583224ef1ddaea7f07,1742848786,21835.4376,1742848799,8835.4376,Kafka
67e1c3583224ef1ddaea7f08,1742848786,21837.2439,1742848799,8837.2439,Kafka
67e1c3583224ef1ddaea7f09,1742848786,21839.2727,1742848799,8839.2727,Kafka
67e1c3583224ef1ddaea7f0a,1742848786,21867.1516,1742848799,8867.1516,Kafka
67e1c3583224ef1ddaea7f0b,1742848786,21869.24,1742848799,8869.24,Kafka
67e1c3583224ef1ddaea7f0c,1742848786,21898.3975,1742848799,8898.3975,Kafka
67e1c3583224ef1ddaea7f0d,1742848786,21928.2659,1742848799,8928.2659,Kafka
67e1c3583224ef1ddaea7f0e,1742848786,21960.0667,1742848799,8960.0667,Kafka
67e1c3583224ef1ddaea7f0f,1742848786,21991.1273,1742848799,8991.1273,Kafka
67e1c3583224ef1ddaea7f10,1742848786,22022.1632,1742848799,9022.1632,Kafka
67e1c3593224ef1ddaea7f11,1742848786,22024.2938,1742848799,9024.2938,Kafka
67e1c3593224ef1ddaea7f12,1742848786,22053.1499,1742848799,9053.1499,Kafka
67e1c3593224ef1ddaea7f13,1742848786,22084.1837,1742848799,9084.1837,Kafka
67e1c3593224ef1ddaea7f14,1742848786,22086.217,1742848799,9086.217,Kafka
67e1c3593224ef1ddaea7f15,1742848786,22115.4121,1742848799,9115.4121,Kafka
67e1c3593224ef1ddaea7f16,1742848786,22146.1171,1742848799,9146.1171,Kafka
67e1c3593224ef1ddaea7f17,1742848786,22207.1905,1742848799,9207.1905,Kafka
67e1c3593224ef1ddaea7f18,1742848786,22269.3001,1742848799,9269.3001,Kafka
67e1c3593224ef1ddaea7f19,1742848786,22300.2404,1742848799,9300.2404,Kafka
67e1c3593224ef1ddaea7f1a,1742848786,22331.2076,1742848799,9331.2076,Kafka
67e1c3593224ef1ddaea7f1b,1742848786,22393.1974,1742848799,9393.1974,Kafka
67e1c3593224ef1ddaea7f1c,1742848786,22455.2305,1742848799,9455.2305,Kafka
67e1c3593224ef1ddaea7f1d,1742848786,22486.3072,1742848799,9486.3072,Kafka
67e1c3593224ef1ddaea7f1e,1742848786,22548.3386,1742848799,9548.3386,Kafka
67e1c3593224ef1ddaea7f1f,1742848786,22580.1113,1742848799,9580.1113,Kafka
67e1c3593224ef1ddaea7f20,1742848786,22582.1365,1742848799,9582.1365,Kafka
67e1c35a3224ef1ddaea7f21,1742848786,22611.3034,1742848799,9611.3034,Kafka
67e1c35a3224ef1ddaea7f22,1742848786,22613.3785,1742848799,9613.3785,Kafka
67e1c35a3224ef1ddaea7f23,1742848786,22614.96,1742848799,9614.96,Kafka
67e1c35a3224ef1ddaea7f24,1742848786,22616.4225,1742848799,9616.4225,Kafka
67e1c35a3224ef1ddaea7f25,1742848786,22641.2368,1742848799,9641.2368,Kafka
67e1c35a3224ef1ddaea7f26,1742848786,22703.3895,1742848799,9703.3895,Kafka
67e1c35a3224ef1ddaea7f27,1742848786,22765.3049,1742848799,9765.3049,Kafka
67e1c35a3224ef1ddaea7f28,1742848786,22797.1889,1742848799,9797.1889,Kafka
67e1c35a3224ef1ddaea7f29,1742848786,22828.3991,1742848799,9828.3991,Kafka
67e1c35a3224ef1ddaea7f2a,1742848786,22889.3205,1742848799,9889.3205,Kafka
67e1c35a3224ef1ddaea7f2b,1742848786,22921.9895,1742848799,9921.9895,Kafka
67e1c35a3224ef1ddaea7f2c,1742848786,22951.0396,1742848799,9951.0396,Kafka
67e1c35a3224ef1ddaea7f2d,1742848786,22983.3724,1742848799,9983.3724,Kafka
67e1c35a3224ef1ddaea7f2e,1742848786,23044.0889,1742848799,10044.0889,Kafka
67e1c35b3224ef1ddaea7f2f,1742848786,23076.0264,1742848799,10076.0264,Kafka
67e1c35b3224ef1ddaea7f30,1742848786,23107.1201,1742848799,10107.1201,Kafka
67e1c35b3224ef1ddaea7f31,1742848786,23167.9958,1742848799,10167.9958,Kafka
67e1c35b3224ef1ddaea7f32,1742848786,23198.9696,1742848799,10198.9696,Kafka
67e1c35b3224ef1ddaea7f33,1742848786,23230.0332,1742848799,10230.0332,Kafka
67e1c35b3224ef1ddaea7f34,1742848786,23292.1138,1742848799,10292.1138,Kafka
67e1c35b3224ef1ddaea7f35,1742848786,23354.0682,1742848799,10354.0682,Kafka
67e1c35b3224ef1ddaea7f36,1742848786,23355.8149,1742848799,10355.8149,Kafka
67e1c35b3224ef1ddaea7f37,1742848786,23416.1159,1742848799,10416.1159,Kafka
67e1c35b3224ef1ddaea7f38,1742848786,23418.5336,1742848799,10418.5336,Kafka
67e1c35b3224ef1ddaea7f39,1742848786,23420.0628,1742848799,10420.0628,Kafka
67e1c35b3224ef1ddaea7f3a,1742848786,23447.9972,1742848799,10447.9972,Kafka
67e1c35b3224ef1ddaea7f3b,1742848786,23450.0368,1742848799,10450.0368,Kafka
67e1c35b3224ef1ddaea7f3c,1742848786,23451.4428,1742848799,10451.4428,Kafka
67e1c35b3224ef1ddaea7f3d,1742848786,23479.4231,1742848799,10479.4231,Kafka
67e1c35b3224ef1ddaea7f3e,1742848786,23510.2454,1742848799,10510.2454,Kafka
67e1c35b3224ef1ddaea7f3f,1742848786,23571.1104,1742848799,10571.1104,Kafka
67e1c35b3224ef1ddaea7f40,1742848786,23633.1417,1742848799,10633.1417,Kafka
67e1c3543224ef1ddaea7ec6,1742848786,19867.0053,1742848798,7867.0053,Kafka
67e1c3543224ef1ddaea7ec7,1742848786,19898.9626,1742848798,7898.9626,Kafka
67e1c3543224ef1ddaea7ec8,1742848786,19901.0686,1742848798,7901.0686,Kafka
67e1c3543224ef1ddaea7ec9,1742848786,19929.6508,1742848798,7929.6508,Kafka
67e1c3543224ef1ddaea7eca,1742848786,19960.4822,1742848798,7960.4822,Kafka
67e1c3543224ef1ddaea7ecb,1742848786,20021.696,1742848798,8021.696,Kafka
67e1c3543224ef1ddaea7ecc,1742848786,20083.6679,1742848798,8083.6679,Kafka
67e1c3543224ef1ddaea7ecd,1742848786,20115.5531,1742848798,8115.5531,Kafka
67e1c3543224ef1ddaea7ece,1742848786,20145.7003,1742848798,8145.7003,Kafka
67e1c3543224ef1ddaea7ecf,1742848786,20177.1379,1742848798,8177.1379,Kafka
67e1c3543224ef1ddaea7ed0,1742848786,20208.8521,1742848798,8208.8521,Kafka
67e1c3543224ef1ddaea7ed1,1742848786,20211.2569,1742848798,8211.2569,Kafka
67e1c3543224ef1ddaea7ed2,1742848786,20269.4048,1742848798,8269.4048,Kafka
67e1c3543224ef1ddaea7ed3,1742848786,20331.3765,1742848798,8331.3765,Kafka
67e1c3543224ef1ddaea7ed4,1742848786,20393.3294,1742848798,8393.3294,Kafka
67e1c3553224ef1ddaea7ed5,1742848786,20395.7692,1742848798,8395.7692,Kafka
67e1c3553224ef1ddaea7ed6,1742848786,20455.2873,1742848798,8455.2873,Kafka
67e1c3553224ef1ddaea7ed7,1742848786,20517.3596,1742848798,8517.3596,Kafka
67e1c3553224ef1ddaea7ed8,1742848786,20548.378,1742848798,8548.378,Kafka
67e1c3553224ef1ddaea7ed9,1742848786,20610.5573,1742848798,8610.5573,Kafka
67e1c3553224ef1ddaea7eda,1742848786,20642.6035,1742848798,8642.6035,Kafka
67e1c3553224ef1ddaea7edb,1742848786,20673.2838,1742848798,8673.2838,Kafka
67e1c3553224ef1ddaea7edc,1742848786,20675.4419,1742848798,8675.4419,Kafka
67e1c3553224ef1ddaea7edd,1742848786,20703.3672,1742848798,8703.3672,Kafka
67e1c3553224ef1ddaea7ede,1742848786,20734.4221,1742848798,8734.4221,Kafka
67e1c3553224ef1ddaea7edf,1742848786,20796.4039,1742848798,8796.4039,Kafka
67e1c3553224ef1ddaea7ee0,1742848786,20828.2077,1742848798,8828.2077,Kafka
67e1c3553224ef1ddaea7ee1,1742848786,20859.3016,1742848798,8859.3016,Kafka
67e1c3553224ef1ddaea7ee2,1742848786,20889.4185,1742848798,8889.4185,Kafka
67e1c3553224ef1ddaea7ee3,1742848786,20890.9319,1742848798,8890.9319,Kafka
67e1c3553224ef1ddaea7ee4,1742848786,20896.6551,1742848798,8896.6551,Kafka
67e1c3553224ef1ddaea7ee5,1742848786,20900.7325,1742848798,8900.7325,Kafka
67e1c3553224ef1ddaea7ee6,1742848786,20936.3128,1742848798,8936.3128,Kafka
67e1c3563224ef1ddaea7ee7,1742848786,20967.7732,1742848798,8967.7732,Kafka
67e1c3563224ef1ddaea7ee8,1742848786,20999.0311,1742848798,8999.0311,Kafka
67e1c3563224ef1ddaea7ee9,1742848786,21028.9132,1742848798,9028.9132,Kafka
67e1c3563224ef1ddaea7eea,1742848786,21030.9717,1742848798,9030.9717,Kafka
67e1c3563224ef1ddaea7eeb,1742848786,21091.0349,1742848798,9091.0349,Kafka
67e1c3563224ef1ddaea7eec,1742848786,21153.0671,1742848798,9153.0671,Kafka
67e1c3563224ef1ddaea7eed,1742848786,21184.3619,1742848798,9184.3619,Kafka
67e1c3563224ef1ddaea7eee,1742848786,21186.5547,1742848798,9186.5547,Kafka
67e1c3563224ef1ddaea7eef,1742848786,21188.14,1742848798,9188.14,Kafka
67e1c3563224ef1ddaea7ef0,1742848786,21216.1269,1742848798,9216.1269,Kafka
67e1c3563224ef1ddaea7ef1,1742848786,21246.0735,1742848798,9246.0735,Kafka
67e1c3563224ef1ddaea7ef2,1742848786,21248.4626,1742848798,9248.4626,Kafka
67e1c3563224ef1ddaea7ef3,1742848786,21308.0715,1742848798,9308.0715,Kafka
67e1c3563224ef1ddaea7ef4,1742848786,21370.1823,1742848798,9370.1823,Kafka
67e1c3573224ef1ddaea7ef5,1742848786,21432.1427,1742848798,9432.1427,Kafka
67e1c3573224ef1ddaea7ef6,1742848786,21463.2707,1742848798,9463.2707,Kafka
67e1c3573224ef1ddaea7ef7,1742848786,21495.0975,1742848798,9495.0975,Kafka
67e1c3573224ef1ddaea7ef8,1742848786,21497.3044,1742848798,9497.3044,Kafka
67e1c3573224ef1ddaea7ef9,1742848786,21525.1841,1742848798,9525.1841,Kafka
67e1c3573224ef1ddaea7efa,1742848786,21587.1773,1742848798,9587.1773,Kafka
67e1c3573224ef1ddaea7efb,1742848786,21649.2533,1742848798,9649.2533,Kafka
67e1c3573224ef1ddaea7efc,1742848786,21711.1907,1742848798,9711.1907,Kafka
67e1c3573224ef1ddaea7efd,1742848786,21713.3712,1742848798,9713.3712,Kafka
67e1c3573224ef1ddaea7efe,1742848786,21714.814,1742848798,9714.814,Kafka
67e1c3573224ef1ddaea7eff,1742848786,21716.1941,1742848798,9716.1941,Kafka
67e1c3583224ef1ddaea7f00,1742848786,21743.3274,1742848798,9743.3274,Kafka
67e1c3583224ef1ddaea7f01,1742848786,21745.3208,1742848798,9745.3208,Kafka
67e1c34f3224ef1ddaea7e87,1742848786,17604.3674,1742848797,6604.3674,Kafka
67e1c34f3224ef1ddaea7e88,1742848786,17634.5581,1742848797,6634.5581,Kafka
67e1c34f3224ef1ddaea7e89,1742848786,17696.393,1742848797,6696.393,Kafka
67e1c34f3224ef1ddaea7e8a,1742848786,17760.2887,1742848797,6760.2887,Kafka
67e1c34f3224ef1ddaea7e8b,1742848786,17790.3079,1742848797,6790.3079,Kafka
67e1c34f3224ef1ddaea7e8c,1742848786,17821.4484,1742848797,6821.4484,Kafka
67e1c34f3224ef1ddaea7e8d,1742848786,17823.4852,1742848797,6823.4852,Kafka
67e1c3503224ef1ddaea7e8e,1742848786,17882.6147,1742848797,6882.6147,Kafka
67e1c3503224ef1ddaea7e8f,1742848786,17944.4725,1742848797,6944.4725,Kafka
67e1c3503224ef1ddaea7e90,1742848786,17976.7011,1742848797,6976.7011,Kafka
67e1c3503224ef1ddaea7e91,1742848786,18037.5148,1742848797,7037.5148,Kafka
67e1c3503224ef1ddaea7e92,1742848786,18069.924,1742848797,7069.924,Kafka
67e1c3503224ef1ddaea7e93,1742848786,18099.7607,1742848797,7099.7607,Kafka
67e1c3503224ef1ddaea7e94,1742848786,18131.5299,1742848797,7131.5299,Kafka
67e1c3503224ef1ddaea7e95,1742848786,18133.8444,1742848797,7133.8444,Kafka
67e1c3503224ef1ddaea7e96,1742848786,18162.4103,1742848797,7162.4103,Kafka
67e1c3503224ef1ddaea7e97,1742848786,18164.536,1742848797,7164.536,Kafka
67e1c3503224ef1ddaea7e98,1742848786,18192.5359,1742848797,7192.5359,Kafka
67e1c3503224ef1ddaea7e99,1742848786,18224.7331,1742848797,7224.7331,Kafka
67e1c3513224ef1ddaea7e9a,1742848786,18285.5966,1742848797,7285.5966,Kafka
67e1c3513224ef1ddaea7e9b,1742848786,18288.1016,1742848797,7288.1016,Kafka
67e1c3513224ef1ddaea7e9c,1742848786,18318.6416,1742848797,7318.6416,Kafka
67e1c3513224ef1ddaea7e9d,1742848786,18349.7526,1742848797,7349.7526,Kafka
67e1c3513224ef1ddaea7e9e,1742848786,18379.5923,1742848797,7379.5923,Kafka
67e1c3513224ef1ddaea7e9f,1742848786,18381.5017,1742848797,7381.5017,Kafka
67e1c3513224ef1ddaea7ea0,1742848786,18409.7488,1742848797,7409.7488,Kafka
67e1c3513224ef1ddaea7ea1,1742848786,18442.0575,1742848797,7442.0575,Kafka
67e1c3513224ef1ddaea7ea2,1742848786,18502.9217,1742848797,7502.9217,Kafka
67e1c3513224ef1ddaea7ea3,1742848786,18534.1682,1742848797,7534.1682,Kafka
67e1c3513224ef1ddaea7ea4,1742848786,18596.1043,1742848797,7596.1043,Kafka
67e1c3513224ef1ddaea7ea5,1742848786,18657.3956,1742848797,7657.3956,Kafka
67e1c3513224ef1ddaea7ea6,1742848786,18719.3959,1742848797,7719.3959,Kafka
67e1c3513224ef1ddaea7ea7,1742848786,18750.3834,1742848797,7750.3834,Kafka
67e1c3513224ef1ddaea7ea8,1742848786,18782.4532,1742848797,7782.4532,Kafka
67e1c3513224ef1ddaea7ea9,1742848786,18812.5725,1742848797,7812.5725,Kafka
67e1c3513224ef1ddaea7eaa,1742848786,18844.9989,1742848797,7844.9989,Kafka
67e1c3523224ef1ddaea7eab,1742848786,18875.4389,1742848797,7875.4389,Kafka
67e1c3523224ef1ddaea7eac,1742848786,18906.4908,1742848797,7906.4908,Kafka
67e1c3523224ef1ddaea7ead,1742848786,18936.547,1742848797,7936.547,Kafka
67e1c3523224ef1ddaea7eae,1742848786,18938.7936,1742848797,7938.7936,Kafka
67e1c3523224ef1ddaea7eaf,1742848786,18967.4748,1742848797,7967.4748,Kafka
67e1c3523224ef1ddaea7eb0,1742848786,19029.4607,1742848797,8029.4607,Kafka
67e1c3523224ef1ddaea7eb1,1742848786,19091.9263,1742848797,8091.9263,Kafka
67e1c3523224ef1ddaea7eb2,1742848786,19123.354,1742848797,8123.354,Kafka
67e1c3523224ef1ddaea7eb3,1742848786,19153.5097,1742848797,8153.5097,Kafka
67e1c3523224ef1ddaea7eb4,1742848786,19215.7045,1742848797,8215.7045,Kafka
67e1c3523224ef1ddaea7eb5,1742848786,19246.7555,1742848797,8246.7555,Kafka
67e1c3523224ef1ddaea7eb6,1742848786,19308.7954,1742848797,8308.7954,Kafka
67e1c3523224ef1ddaea7eb7,1742848786,19370.635,1742848797,8370.635,Kafka
67e1c3523224ef1ddaea7eb8,1742848786,19432.6574,1742848797,8432.6574,Kafka
67e1c3533224ef1ddaea7eb9,1742848786,19463.6294,1742848797,8463.6294,Kafka
67e1c3533224ef1ddaea7eba,1742848786,19525.8095,1742848797,8525.8095,Kafka
67e1c3533224ef1ddaea7ebb,1742848786,19557.9809,1742848797,8557.9809,Kafka
67e1c3533224ef1ddaea7ebc,1742848786,19560.3561,1742848797,8560.3561,Kafka
67e1c3533224ef1ddaea7ebd,1742848786,19587.7951,1742848797,8587.7951,Kafka
67e1c3533224ef1ddaea7ebe,1742848786,19618.741,1742848797,8618.741,Kafka
67e1c3533224ef1ddaea7ebf,1742848786,19680.8033,1742848797,8680.8033,Kafka
67e1c3533224ef1ddaea7ec0,1742848786,19713.8449,1742848797,8713.8449,Kafka
67e1c3533224ef1ddaea7ec1,1742848786,19774.0735,1742848797,8774.0735,Kafka
67e1c3533224ef1ddaea7ec2,1742848786,19806.4539,1742848797,8806.4539,Kafka
67e1c3533224ef1ddaea7ec3,1742848786,19808.5959,1742848797,8808.5959,Kafka
67e1c3533224ef1ddaea7ec4,1742848786,19810.0868,1742848797,8810.0868,Kafka
67e1c3533224ef1ddaea7ec5,1742848786,19836.8972,1742848797,8836.8972,Kafka
67e1c34b3224ef1ddaea7e47,1742848786,15683.2906,1742848796,5683.2906,Kafka
67e1c34b3224ef1ddaea7e48,1742848786,15712.2489,1742848796,5712.2489,Kafka
67e1c34b3224ef1ddaea7e49,1742848786,15714.2741,1742848796,5714.2741,Kafka
67e1c34b3224ef1ddaea7e4a,1742848786,15744.2091,1742848796,5744.2091,Kafka
67e1c34b3224ef1ddaea7e4b,1742848786,15746.774,1742848796,5746.774,Kafka
67e1c34b3224ef1ddaea7e4c,1742848786,15774.2458,1742848796,5774.2458,Kafka
67e1c34b3224ef1ddaea7e4d,1742848786,15805.4327,1742848796,5805.4327,Kafka
67e1c34b3224ef1ddaea7e4e,1742848786,15808.2596,1742848796,5808.2596,Kafka
67e1c34b3224ef1ddaea7e4f,1742848786,15837.4417,1742848796,5837.4417,Kafka
67e1c34b3224ef1ddaea7e50,1742848786,15839.5556,1742848796,5839.5556,Kafka
67e1c34b3224ef1ddaea7e51,1742848786,15841.1918,1742848796,5841.1918,Kafka
67e1c34b3224ef1ddaea7e52,1742848786,15867.2357,1742848796,5867.2357,Kafka
67e1c34b3224ef1ddaea7e53,1742848786,15869.4408,1742848796,5869.4408,Kafka
67e1c34b3224ef1ddaea7e54,1742848786,15929.3901,1742848796,5929.3901,Kafka
67e1c34b3224ef1ddaea7e55,1742848786,15960.2704,1742848796,5960.2704,Kafka
67e1c34b3224ef1ddaea7e56,1742848786,15992.3953,1742848796,5992.3953,Kafka
67e1c34b3224ef1ddaea7e57,1742848786,16053.2771,1742848796,6053.2771,Kafka
67e1c34b3224ef1ddaea7e58,1742848786,16084.3191,1742848796,6084.3191,Kafka
67e1c34b3224ef1ddaea7e59,1742848786,16086.5046,1742848796,6086.5046,Kafka
67e1c34c3224ef1ddaea7e5a,1742848786,16116.0323,1742848796,6116.0323,Kafka
67e1c34c3224ef1ddaea7e5b,1742848786,16118.0497,1742848796,6118.0497,Kafka
67e1c34c3224ef1ddaea7e5c,1742848786,16119.4172,1742848796,6119.4172,Kafka
67e1c34c3224ef1ddaea7e5d,1742848786,16120.8158,1742848796,6120.8158,Kafka
67e1c34c3224ef1ddaea7e5e,1742848786,16147.2326,1742848796,6147.2326,Kafka
67e1c34c3224ef1ddaea7e5f,1742848786,16208.2179,1742848796,6208.2179,Kafka
67e1c34c3224ef1ddaea7e60,1742848786,16239.2533,1742848796,6239.2533,Kafka
67e1c34c3224ef1ddaea7e61,1742848786,16242.3266,1742848796,6242.3266,Kafka
67e1c34c3224ef1ddaea7e62,1742848786,16301.2806,1742848796,6301.2806,Kafka
67e1c34c3224ef1ddaea7e63,1742848786,16334.2816,1742848796,6334.2816,Kafka
67e1c34c3224ef1ddaea7e64,1742848786,16336.3134,1742848796,6336.3134,Kafka
67e1c34c3224ef1ddaea7e65,1742848786,16363.2911,1742848796,6363.2911,Kafka
67e1c34c3224ef1ddaea7e66,1742848786,16425.1693,1742848796,6425.1693,Kafka
67e1c34c3224ef1ddaea7e67,1742848786,16427.3918,1742848796,6427.3918,Kafka
67e1c34c3224ef1ddaea7e68,1742848786,16456.219,1742848796,6456.219,Kafka
67e1c34c3224ef1ddaea7e69,1742848786,16487.3711,1742848796,6487.3711,Kafka
67e1c34d3224ef1ddaea7e6a,1742848786,16489.5492,1742848796,6489.5492,Kafka
67e1c34d3224ef1ddaea7e6b,1742848786,16519.2701,1742848796,6519.2701,Kafka
67e1c34d3224ef1ddaea7e6c,1742848786,16580.1983,1742848796,6580.1983,Kafka
67e1c34d3224ef1ddaea7e6d,1742848786,16642.2851,1742848796,6642.2851,Kafka
67e1c34d3224ef1ddaea7e6e,1742848786,16704.4351,1742848796,6704.4351,Kafka
67e1c34d3224ef1ddaea7e6f,1742848786,16766.4582,1742848796,6766.4582,Kafka
67e1c34d3224ef1ddaea7e70,1742848786,16829.0369,1742848796,6829.0369,Kafka
67e1c34d3224ef1ddaea7e71,1742848786,16832.1562,1742848796,6832.1562,Kafka
67e1c34e3224ef1ddaea7e72,1742848786,16859.2905,1742848796,6859.2905,Kafka
67e1c34e3224ef1ddaea7e73,1742848786,16921.2649,1742848796,6921.2649,Kafka
67e1c34e3224ef1ddaea7e74,1742848786,16952.282,1742848796,6952.282,Kafka
67e1c34e3224ef1ddaea7e75,1742848786,17014.3878,1742848796,7014.3878,Kafka
67e1c34e3224ef1ddaea7e76,1742848786,17076.3957,1742848796,7076.3957,Kafka
67e1c34e3224ef1ddaea7e77,1742848786,17078.3704,1742848796,7078.3704,Kafka
67e1c34e3224ef1ddaea7e78,1742848786,17080.3667,1742848796,7080.3667,Kafka
67e1c34e3224ef1ddaea7e79,1742848786,17107.4025,1742848796,7107.4025,Kafka
67e1c34e3224ef1ddaea7e7a,1742848786,17138.3838,1742848796,7138.3838,Kafka
67e1c34e3224ef1ddaea7e7b,1742848786,17200.3798,1742848796,7200.3798,Kafka
67e1c34e3224ef1ddaea7e7c,1742848786,17262.699,1742848796,7262.699,Kafka
67e1c34e3224ef1ddaea7e7d,1742848786,17294.3522,1742848796,7294.3522,Kafka
67e1c34e3224ef1ddaea7e7e,1742848786,17296.1765,1742848796,7296.1765,Kafka
67e1c34e3224ef1ddaea7e7f,1742848786,17324.3596,1742848796,7324.3596,Kafka
67e1c34f3224ef1ddaea7e80,1742848786,17356.1814,1742848796,7356.1814,Kafka
67e1c34f3224ef1ddaea7e81,1742848786,17387.4748,1742848796,7387.4748,Kafka
67e1c34f3224ef1ddaea7e82,1742848786,17417.2825,1742848796,7417.2825,Kafka
67e1c34f3224ef1ddaea7e83,1742848786,17448.3529,1742848796,7448.3529,Kafka
67e1c34f3224ef1ddaea7e84,1742848786,17480.3955,1742848796,7480.3955,Kafka
67e1c34f3224ef1ddaea7e85,1742848786,17510.6057,1742848796,7510.6057,Kafka
67e1c34f3224ef1ddaea7e86,1742848786,17572.3172,1742848796,7572.3172,Kafka
67e1c3473224ef1ddaea7e06,1742848786,13729.5751,1742848795,4729.5751,Kafka
67e1c3473224ef1ddaea7e07,1742848786,13731.6269,1742848795,4731.6269,Kafka
67e1c3473224ef1ddaea7e08,1742848786,13733.0229,1742848795,4733.0229,Kafka
67e1c3473224ef1ddaea7e09,1742848786,13759.8248,1742848795,4759.8248,Kafka
67e1c3473224ef1ddaea7e0a,1742848786,13821.7289,1742848795,4821.7289,Kafka
67e1c3473224ef1ddaea7e0b,1742848786,13853.783,1742848795,4853.783,Kafka
67e1c3473224ef1ddaea7e0c,1742848786,13883.4229,1742848795,4883.4229,Kafka
67e1c3473224ef1ddaea7e0d,1742848786,13914.4753,1742848795,4914.4753,Kafka
67e1c3473224ef1ddaea7e0e,1742848786,13945.4698,1742848795,4945.4698,Kafka
67e1c3473224ef1ddaea7e0f,1742848786,14007.6273,1742848795,5007.6273,Kafka
67e1c3473224ef1ddaea7e10,1742848786,14038.5305,1742848795,5038.5305,Kafka
67e1c3473224ef1ddaea7e11,1742848786,14070.3361,1742848795,5070.3361,Kafka
67e1c3473224ef1ddaea7e12,1742848786,14072.356,1742848795,5072.356,Kafka
67e1c3473224ef1ddaea7e13,1742848786,14073.7387,1742848795,5073.7387,Kafka
67e1c3473224ef1ddaea7e14,1742848786,14131.5773,1742848795,5131.5773,Kafka
67e1c3473224ef1ddaea7e15,1742848786,14134.0225,1742848795,5134.0225,Kafka
67e1c3473224ef1ddaea7e16,1742848786,14162.6059,1742848795,5162.6059,Kafka
67e1c3473224ef1ddaea7e17,1742848786,14194.8098,1742848795,5194.8098,Kafka
67e1c3473224ef1ddaea7e18,1742848786,14255.5803,1742848795,5255.5803,Kafka
67e1c3483224ef1ddaea7e19,1742848786,14317.4519,1742848795,5317.4519,Kafka
67e1c3483224ef1ddaea7e1a,1742848786,14319.6162,1742848795,5319.6162,Kafka
67e1c3483224ef1ddaea7e1b,1742848786,14349.3744,1742848795,5349.3744,Kafka
67e1c3483224ef1ddaea7e1c,1742848786,14379.4101,1742848795,5379.4101,Kafka
67e1c3483224ef1ddaea7e1d,1742848786,14410.4579,1742848795,5410.4579,Kafka
67e1c3483224ef1ddaea7e1e,1742848786,14472.49,1742848795,5472.49,Kafka
67e1c3483224ef1ddaea7e1f,1742848786,14534.2119,1742848795,5534.2119,Kafka
67e1c3483224ef1ddaea7e20,1742848786,14596.2795,1742848795,5596.2795,Kafka
67e1c3483224ef1ddaea7e21,1742848786,14627.2341,1742848795,5627.2341,Kafka
67e1c3483224ef1ddaea7e22,1742848786,14658.2846,1742848795,5658.2846,Kafka
67e1c3483224ef1ddaea7e23,1742848786,14720.2991,1742848795,5720.2991,Kafka
67e1c3483224ef1ddaea7e24,1742848786,14782.2037,1742848795,5782.2037,Kafka
67e1c3483224ef1ddaea7e25,1742848786,14813.3312,1742848795,5813.3312,Kafka
67e1c3483224ef1ddaea7e26,1742848786,14844.3673,1742848795,5844.3673,Kafka
67e1c3483224ef1ddaea7e27,1742848786,14876.0345,1742848795,5876.0345,Kafka
67e1c3483224ef1ddaea7e28,1742848786,14877.9565,1742848795,5877.9565,Kafka
67e1c3493224ef1ddaea7e29,1742848786,14879.3913,1742848795,5879.3913,Kafka
67e1c3493224ef1ddaea7e2a,1742848786,14907.0608,1742848795,5907.0608,Kafka
67e1c3493224ef1ddaea7e2b,1742848786,14938.417,1742848795,5938.417,Kafka
67e1c3493224ef1ddaea7e2c,1742848786,14940.4396,1742848795,5940.4396,Kafka
67e1c3493224ef1ddaea7e2d,1742848786,14941.9718,1742848795,5941.9718,Kafka
67e1c3493224ef1ddaea7e2e,1742848786,14999.2088,1742848795,5999.2088,Kafka
67e1c3493224ef1ddaea7e2f,1742848786,15001.3727,1742848795,6001.3727,Kafka
67e1c3493224ef1ddaea7e30,1742848786,15003.8146,1742848795,6003.8146,Kafka
67e1c3493224ef1ddaea7e31,1742848786,15005.5419,1742848795,6005.5419,Kafka
67e1c3493224ef1ddaea7e32,1742848786,15061.2001,1742848795,6061.2001,Kafka
67e1c3493224ef1ddaea7e33,1742848786,15123.2242,1742848795,6123.2242,Kafka
67e1c3493224ef1ddaea7e34,1742848786,15185.2268,1742848795,6185.2268,Kafka
67e1c3493224ef1ddaea7e35,1742848786,15216.1643,1742848795,6216.1643,Kafka
67e1c3493224ef1ddaea7e36,1742848786,15248.0634,1742848795,6248.0634,Kafka
67e1c3493224ef1ddaea7e37,1742848786,15250.1558,1742848795,6250.1558,Kafka
67e1c3493224ef1ddaea7e38,1742848786,15251.5731,1742848795,6251.5731,Kafka
67e1c3493224ef1ddaea7e39,1742848786,15252.9672,1742848795,6252.9672,Kafka
67e1c3493224ef1ddaea7e3a,1742848786,15254.4651,1742848795,6254.4651,Kafka
67e1c3493224ef1ddaea7e3b,1742848786,15309.2128,1742848795,6309.2128,Kafka
67e1c3493224ef1ddaea7e3c,1742848786,15371.1063,1742848795,6371.1063,Kafka
67e1c34a3224ef1ddaea7e3d,1742848786,15403.1393,1742848795,6403.1393,Kafka
67e1c34a3224ef1ddaea7e3e,1742848786,15464.1424,1742848795,6464.1424,Kafka
67e1c34a3224ef1ddaea7e3f,1742848786,15496.1598,1742848795,6496.1598,Kafka
67e1c34a3224ef1ddaea7e40,1742848786,15498.2357,1742848795,6498.2357,Kafka
67e1c34a3224ef1ddaea7e41,1742848786,15499.68,1742848795,6499.68,Kafka
67e1c34a3224ef1ddaea7e42,1742848786,15501.0769,1742848795,6501.0769,Kafka
67e1c34a3224ef1ddaea7e43,1742848786,15527.0563,1742848795,6527.0563,Kafka
67e1c34a3224ef1ddaea7e44,1742848786,15557.1837,1742848795,6557.1837,Kafka
67e1c34a3224ef1ddaea7e45,1742848786,15588.137,1742848795,6588.137,Kafka
67e1c34a3224ef1ddaea7e46,1742848786,15650.2246,1742848795,6650.2246,Kafka
67e1c3463224ef1ddaea7df3,1742848786,12984.3653,1742848794,4984.3653,Kafka
67e1c3463224ef1ddaea7df4,1742848786,13015.3733,1742848794,5015.3733,Kafka
67e1c3463224ef1ddaea7df5,1742848786,13077.3751,1742848794,5077.3751,Kafka
67e1c3463224ef1ddaea7df6,1742848786,13109.493,1742848794,5109.493,Kafka
67e1c3463224ef1ddaea7df7,1742848786,13112.0252,1742848794,5112.0252,Kafka
67e1c3463224ef1ddaea7df8,1742848786,13170.5282,1742848794,5170.5282,Kafka
67e1c3463224ef1ddaea7df9,1742848786,13232.6822,1742848794,5232.6822,Kafka
67e1c3463224ef1ddaea7dfa,1742848786,13263.6308,1742848794,5263.6308,Kafka
67e1c3463224ef1ddaea7dfb,1742848786,13294.7493,1742848794,5294.7493,Kafka
67e1c3463224ef1ddaea7dfc,1742848786,13326.6356,1742848794,5326.6356,Kafka
67e1c3463224ef1ddaea7dfd,1742848786,13328.6409,1742848794,5328.6409,Kafka
67e1c3463224ef1ddaea7dfe,1742848786,13387.6882,1742848794,5387.6882,Kafka
67e1c3463224ef1ddaea7dff,1742848786,13449.6425,1742848794,5449.6425,Kafka
67e1c3463224ef1ddaea7e00,1742848786,13511.7681,1742848794,5511.7681,Kafka
67e1c3463224ef1ddaea7e01,1742848786,13543.7485,1742848794,5543.7485,Kafka
67e1c3463224ef1ddaea7e02,1742848786,13604.8462,1742848794,5604.8462,Kafka
67e1c3463224ef1ddaea7e03,1742848786,13607.3312,1742848794,5607.3312,Kafka
67e1c3473224ef1ddaea7e04,1742848786,13635.7269,1742848794,5635.7269,Kafka
67e1c3473224ef1ddaea7e05,1742848786,13698.0304,1742848794,5698.0304,Kafka
67e1c3433224ef1ddaea7dc6,1742848786,11248.1899,1742848794,3248.1899,Kafka
67e1c3433224ef1ddaea7dc7,1742848786,11250.9128,1742848794,3250.9128,Kafka
67e1c3433224ef1ddaea7dc8,1742848786,11280.0932,1742848794,3280.0932,Kafka
67e1c3433224ef1ddaea7dc9,1742848786,11310.1662,1742848794,3310.1662,Kafka
67e1c3433224ef1ddaea7dca,1742848786,11341.37,1742848794,3341.37,Kafka
67e1c3433224ef1ddaea7dcb,1742848786,11403.2477,1742848794,3403.2477,Kafka
67e1c3433224ef1ddaea7dcc,1742848786,11434.1689,1742848794,3434.1689,Kafka
67e1c3433224ef1ddaea7dcd,1742848786,11465.2493,1742848794,3465.2493,Kafka
67e1c3433224ef1ddaea7dce,1742848786,11496.4497,1742848794,3496.4497,Kafka
67e1c3433224ef1ddaea7dcf,1742848786,11498.4228,1742848794,3498.4228,Kafka
67e1c3433224ef1ddaea7dd0,1742848786,11558.2336,1742848794,3558.2336,Kafka
67e1c3433224ef1ddaea7dd1,1742848786,11620.4063,1742848794,3620.4063,Kafka
67e1c3443224ef1ddaea7dd2,1742848786,11682.7241,1742848794,3682.7241,Kafka
67e1c3443224ef1ddaea7dd3,1742848786,11713.3913,1742848794,3713.3913,Kafka
67e1c3443224ef1ddaea7dd4,1742848786,11775.3505,1742848794,3775.3505,Kafka
67e1c3443224ef1ddaea7dd5,1742848786,11806.0144,1742848794,3806.0144,Kafka
67e1c3443224ef1ddaea7dd6,1742848786,11808.2229,1742848794,3808.2229,Kafka
67e1c3443224ef1ddaea7dd7,1742848786,11868.0371,1742848794,3868.0371,Kafka
67e1c3443224ef1ddaea7dd8,1742848786,11899.0816,1742848794,3899.0816,Kafka
67e1c3443224ef1ddaea7dd9,1742848786,11961.043,1742848794,3961.043,Kafka
67e1c3443224ef1ddaea7dda,1742848786,12023.035,1742848794,4023.035,Kafka
67e1c3443224ef1ddaea7ddb,1742848786,12055.9089,1742848794,4055.9089,Kafka
67e1c3443224ef1ddaea7ddc,1742848786,12085.0556,1742848794,4085.0556,Kafka
67e1c3443224ef1ddaea7ddd,1742848786,12116.0979,1742848794,4116.0979,Kafka
67e1c3443224ef1ddaea7dde,1742848786,12178.1408,1742848794,4178.1408,Kafka
67e1c3443224ef1ddaea7ddf,1742848786,12240.0481,1742848794,4240.0481,Kafka
67e1c3443224ef1ddaea7de0,1742848786,12302.0826,1742848794,4302.0826,Kafka
67e1c3443224ef1ddaea7de1,1742848786,12335.4919,1742848794,4335.4919,Kafka
67e1c3443224ef1ddaea7de2,1742848786,12364.1934,1742848794,4364.1934,Kafka
67e1c3443224ef1ddaea7de3,1742848786,12396.1654,1742848794,4396.1654,Kafka
67e1c3443224ef1ddaea7de4,1742848786,12398.5071,1742848794,4398.5071,Kafka
67e1c3443224ef1ddaea7de5,1742848786,12400.0869,1742848794,4400.0869,Kafka
67e1c3453224ef1ddaea7de6,1742848786,12426.2582,1742848794,4426.2582,Kafka
67e1c3453224ef1ddaea7de7,1742848786,12488.1853,1742848794,4488.1853,Kafka
67e1c3453224ef1ddaea7de8,1742848786,12550.1868,1742848794,4550.1868,Kafka
67e1c3453224ef1ddaea7de9,1742848786,12612.2301,1742848794,4612.2301,Kafka
67e1c3453224ef1ddaea7dea,1742848786,12614.7137,1742848794,4614.7137,Kafka
67e1c3453224ef1ddaea7deb,1742848786,12644.4044,1742848794,4644.4044,Kafka
67e1c3453224ef1ddaea7dec,1742848786,12675.9095,1742848794,4675.9095,Kafka
67e1c3453224ef1ddaea7ded,1742848786,12705.3256,1742848794,4705.3256,Kafka
67e1c3453224ef1ddaea7dee,1742848786,12767.2657,1742848794,4767.2657,Kafka
67e1c3453224ef1ddaea7def,1742848786,12829.3432,1742848794,4829.3432,Kafka
67e1c3453224ef1ddaea7df0,1742848786,12831.7213,1742848794,4831.7213,Kafka
67e1c3453224ef1ddaea7df1,1742848786,12891.3871,1742848794,4891.3871,Kafka
67e1c3453224ef1ddaea7df2,1742848786,12923.5666,1742848794,4923.5666,Kafka
67e1c33e3224ef1ddaea7d85,1742848786,8520.516,1742848793,1520.516,Kafka
67e1c33e3224ef1ddaea7d86,1742848786,8552.4393,1742848793,1552.4393,Kafka
67e1c33e3224ef1ddaea7d87,1742848786,8613.5834,1742848793,1613.5834,Kafka
67e1c33e3224ef1ddaea7d88,1742848786,8645.7401,1742848793,1645.7401,Kafka
67e1c33e3224ef1ddaea7d89,1742848786,8706.8418,1742848793,1706.8418,Kafka
67e1c33e3224ef1ddaea7d8a,1742848786,8768.5718,1742848793,1768.5718,Kafka
67e1c33e3224ef1ddaea7d8b,1742848786,8830.4725,1742848793,1830.4725,Kafka
67e1c33e3224ef1ddaea7d8c,1742848786,8892.5052,1742848793,1892.5052,Kafka
67e1c33f3224ef1ddaea7d8d,1742848786,8924.7077,1742848793,1924.7077,Kafka
67e1c33f3224ef1ddaea7d8e,1742848786,8955.4847,1742848793,1955.4847,Kafka
67e1c33f3224ef1ddaea7d8f,1742848786,9016.854,1742848793,2016.854,Kafka
67e1c33f3224ef1ddaea7d90,1742848786,9047.6224,1742848793,2047.6224,Kafka
67e1c33f3224ef1ddaea7d91,1742848786,9079.6287,1742848793,2079.6287,Kafka
67e1c33f3224ef1ddaea7d92,1742848786,9081.7235,1742848793,2081.7235,Kafka
67e1c33f3224ef1ddaea7d93,1742848786,9109.7668,1742848793,2109.7668,Kafka
67e1c33f3224ef1ddaea7d94,1742848786,9171.5576,1742848793,2171.5576,Kafka
67e1c33f3224ef1ddaea7d95,1742848786,9203.9503,1742848793,2203.9503,Kafka
67e1c33f3224ef1ddaea7d96,1742848786,9237.9515,1742848793,2237.9515,Kafka
67e1c33f3224ef1ddaea7d97,1742848786,9241.4461,1742848793,2241.4461,Kafka
67e1c33f3224ef1ddaea7d98,1742848786,9264.7415,1742848793,2264.7415,Kafka
67e1c33f3224ef1ddaea7d99,1742848786,9295.4776,1742848793,2295.4776,Kafka
67e1c3403224ef1ddaea7d9a,1742848786,9327.3776,1742848793,2327.3776,Kafka
67e1c3403224ef1ddaea7d9b,1742848786,9388.5061,1742848793,2388.5061,Kafka
67e1c3403224ef1ddaea7d9c,1742848786,9421.0209,1742848793,2421.0209,Kafka
67e1c3403224ef1ddaea7d9d,1742848786,9481.5508,1742848793,2481.5508,Kafka
67e1c3403224ef1ddaea7d9e,1742848786,9543.7456,1742848793,2543.7456,Kafka
67e1c3403224ef1ddaea7d9f,1742848786,9605.5816,1742848793,2605.5816,Kafka
67e1c3403224ef1ddaea7da0,1742848786,9667.573,1742848793,2667.573,Kafka
67e1c3403224ef1ddaea7da1,1742848786,9729.5019,1742848793,2729.5019,Kafka
67e1c3403224ef1ddaea7da2,1742848786,9791.6753,1742848793,2791.6753,Kafka
67e1c3403224ef1ddaea7da3,1742848786,9853.6264,1742848793,2853.6264,Kafka
67e1c3403224ef1ddaea7da4,1742848786,9884.5987,1742848793,2884.5987,Kafka
67e1c3403224ef1ddaea7da5,1742848786,9886.7158,1742848793,2886.7158,Kafka
67e1c3403224ef1ddaea7da6,1742848786,9888.3386,1742848793,2888.3386,Kafka
67e1c3403224ef1ddaea7da7,1742848786,9946.6658,1742848793,2946.6658,Kafka
67e1c3403224ef1ddaea7da8,1742848786,9978.51,1742848793,2978.51,Kafka
67e1c3413224ef1ddaea7da9,1742848786,10008.6762,1742848793,3008.6762,Kafka
67e1c3413224ef1ddaea7daa,1742848786,10039.5784,1742848793,3039.5784,Kafka
67e1c3413224ef1ddaea7dab,1742848786,10101.7069,1742848793,3101.7069,Kafka
67e1c3413224ef1ddaea7dac,1742848786,10163.6427,1742848793,3163.6427,Kafka
67e1c3413224ef1ddaea7dad,1742848786,10195.654,1742848793,3195.654,Kafka
67e1c3413224ef1ddaea7dae,1742848786,10225.5438,1742848793,3225.5438,Kafka
67e1c3413224ef1ddaea7daf,1742848786,10256.6232,1742848793,3256.6232,Kafka
67e1c3413224ef1ddaea7db0,1742848786,10318.5351,1742848793,3318.5351,Kafka
67e1c3413224ef1ddaea7db1,1742848786,10349.5507,1742848793,3349.5507,Kafka
67e1c3413224ef1ddaea7db2,1742848786,10380.5796,1742848793,3380.5796,Kafka
67e1c3413224ef1ddaea7db3,1742848786,10411.7945,1742848793,3411.7945,Kafka
67e1c3413224ef1ddaea7db4,1742848786,10442.5851,1742848793,3442.5851,Kafka
67e1c3423224ef1ddaea7db5,1742848786,10504.6465,1742848793,3504.6465,Kafka
67e1c3423224ef1ddaea7db6,1742848786,10535.6986,1742848793,3535.6986,Kafka
67e1c3423224ef1ddaea7db7,1742848786,10597.6262,1742848793,3597.6262,Kafka
67e1c3423224ef1ddaea7db8,1742848786,10629.8966,1742848793,3629.8966,Kafka
67e1c3423224ef1ddaea7db9,1742848786,10632.0478,1742848793,3632.0478,Kafka
67e1c3423224ef1ddaea7dba,1742848786,10660.515,1742848793,3660.515,Kafka
67e1c3423224ef1ddaea7dbb,1742848786,10690.6885,1742848793,3690.6885,Kafka
67e1c3423224ef1ddaea7dbc,1742848786,10721.6826,1742848793,3721.6826,Kafka
67e1c3423224ef1ddaea7dbd,1742848786,10753.7527,1742848793,3753.7527,Kafka
67e1c3423224ef1ddaea7dbe,1742848786,10814.6709,1742848793,3814.6709,Kafka
67e1c3423224ef1ddaea7dbf,1742848786,10876.7448,1742848793,3876.7448,Kafka
67e1c3423224ef1ddaea7dc0,1742848786,10908.6306,1742848793,3908.6306,Kafka
67e1c3423224ef1ddaea7dc1,1742848786,10969.6494,1742848793,3969.6494,Kafka
67e1c3423224ef1ddaea7dc2,1742848786,11031.3645,1742848793,4031.3645,Kafka
67e1c3423224ef1ddaea7dc3,1742848786,11093.4813,1742848793,4093.4813,Kafka
67e1c3433224ef1ddaea7dc4,1742848786,11124.5592,1742848793,4124.5592,Kafka
67e1c3433224ef1ddaea7dc5,1742848786,11186.5365,1742848793,4186.5365,Kafka
67e1c3373224ef1ddaea7d45,1742848786,6384.6041,1742848792,384.6041,Kafka
67e1c3373224ef1ddaea7d46,1742848786,6400.5287,1742848792,400.5287,Kafka
67e1c3393224ef1ddaea7d47,1742848786,6415.9383,1742848792,415.9383,Kafka
67e1c3393224ef1ddaea7d48,1742848786,6431.2648,1742848792,431.2648,Kafka
67e1c3393224ef1ddaea7d49,1742848786,6446.3531,1742848792,446.3531,Kafka
67e1c3393224ef1ddaea7d4a,1742848786,6476.1459,1742848792,476.1459,Kafka
67e1c3393224ef1ddaea7d4b,1742848786,6537.5298,1742848792,537.5298,Kafka
67e1c3393224ef1ddaea7d4c,1742848786,6599.1686,1742848792,599.1686,Kafka
67e1c33a3224ef1ddaea7d4d,1742848786,6661.3391,1742848792,661.3391,Kafka
67e1c33a3224ef1ddaea7d4e,1742848786,6723.1635,1742848792,723.1635,Kafka
67e1c33a3224ef1ddaea7d4f,1742848786,6785.5386,1742848792,785.5386,Kafka
67e1c33a3224ef1ddaea7d50,1742848786,6816.2109,1742848792,816.2109,Kafka
67e1c33a3224ef1ddaea7d51,1742848786,6878.2038,1742848792,878.2038,Kafka
67e1c33a3224ef1ddaea7d52,1742848786,6880.2487,1742848792,880.2487,Kafka
67e1c33a3224ef1ddaea7d53,1742848786,6909.2539,1742848792,909.2539,Kafka
67e1c33a3224ef1ddaea7d54,1742848786,6971.3103,1742848792,971.3103,Kafka
67e1c33a3224ef1ddaea7d55,1742848786,7004.2432,1742848792,1004.2432,Kafka
67e1c33a3224ef1ddaea7d56,1742848786,7034.767,1742848792,1034.767,Kafka
67e1c33a3224ef1ddaea7d57,1742848786,7064.2461,1742848792,1064.2461,Kafka
67e1c33a3224ef1ddaea7d58,1742848786,7126.2639,1742848792,1126.2639,Kafka
67e1c33a3224ef1ddaea7d59,1742848786,7127.9933,1742848792,1127.9933,Kafka
67e1c33b3224ef1ddaea7d5a,1742848786,7188.2459,1742848792,1188.2459,Kafka
67e1c33b3224ef1ddaea7d5b,1742848786,7250.2477,1742848792,1250.2477,Kafka
67e1c33b3224ef1ddaea7d5c,1742848786,7281.2566,1742848792,1281.2566,Kafka
67e1c33b3224ef1ddaea7d5d,1742848786,7313.383,1742848792,1313.383,Kafka
67e1c33b3224ef1ddaea7d5e,1742848786,7315.4104,1742848792,1315.4104,Kafka
67e1c33b3224ef1ddaea7d5f,1742848786,7317.0122,1742848792,1317.0122,Kafka
67e1c33b3224ef1ddaea7d60,1742848786,7374.2513,1742848792,1374.2513,Kafka
67e1c33b3224ef1ddaea7d61,1742848786,7436.3436,1742848792,1436.3436,Kafka
67e1c33b3224ef1ddaea7d62,1742848786,7467.3185,1742848792,1467.3185,Kafka
67e1c33b3224ef1ddaea7d63,1742848786,7529.3112,1742848792,1529.3112,Kafka
67e1c33b3224ef1ddaea7d64,1742848786,7591.0446,1742848792,1591.0446,Kafka
67e1c33b3224ef1ddaea7d65,1742848786,7623.1133,1742848792,1623.1133,Kafka
67e1c33b3224ef1ddaea7d66,1742848786,7653.6171,1742848792,1653.6171,Kafka
67e1c33b3224ef1ddaea7d67,1742848786,7685.0342,1742848792,1685.0342,Kafka
67e1c33b3224ef1ddaea7d68,1742848786,7687.3962,1742848792,1687.3962,Kafka
67e1c33c3224ef1ddaea7d69,1742848786,7714.7084,1742848792,1714.7084,Kafka
67e1c33c3224ef1ddaea7d6a,1742848786,7716.9955,1742848792,1716.9955,Kafka
67e1c33c3224ef1ddaea7d6b,1742848786,7719.3044,1742848792,1719.3044,Kafka
67e1c33c3224ef1ddaea7d6c,1742848786,7720.7653,1742848792,1720.7653,Kafka
67e1c33c3224ef1ddaea7d6d,1742848786,7776.7305,1742848792,1776.7305,Kafka
67e1c33c3224ef1ddaea7d6e,1742848786,7807.7174,1742848792,1807.7174,Kafka
67e1c33c3224ef1ddaea7d6f,1742848786,7838.7654,1742848792,1838.7654,Kafka
67e1c33c3224ef1ddaea7d70,1742848786,7871.7969,1742848792,1871.7969,Kafka
67e1c33c3224ef1ddaea7d71,1742848786,7900.8032,1742848792,1900.8032,Kafka
67e1c33c3224ef1ddaea7d72,1742848786,7962.7396,1742848792,1962.7396,Kafka
67e1c33c3224ef1ddaea7d73,1742848786,7994.8234,1742848792,1994.8234,Kafka
67e1c33d3224ef1ddaea7d74,1742848786,8055.8232,1742848792,2055.8232,Kafka
67e1c33d3224ef1ddaea7d75,1742848786,8058.5304,1742848792,2058.5304,Kafka
67e1c33d3224ef1ddaea7d76,1742848786,8088.168,1742848792,2088.168,Kafka
67e1c33d3224ef1ddaea7d77,1742848786,8118.7947,1742848792,2118.7947,Kafka
67e1c33d3224ef1ddaea7d78,1742848786,8149.7393,1742848792,2149.7393,Kafka
67e1c33d3224ef1ddaea7d79,1742848786,8180.4615,1742848792,2180.4615,Kafka
67e1c33d3224ef1ddaea7d7a,1742848786,8212.63,1742848792,2212.63,Kafka
67e1c33d3224ef1ddaea7d7b,1742848786,8272.8349,1742848792,2272.8349,Kafka
67e1c33d3224ef1ddaea7d7c,1742848786,8305.0482,1742848792,2305.0482,Kafka
67e1c33d3224ef1ddaea7d7d,1742848786,8335.7577,1742848792,2335.7577,Kafka
67e1c33e3224ef1ddaea7d7e,1742848786,8367.089,1742848792,2367.089,Kafka
67e1c33e3224ef1ddaea7d7f,1742848786,8369.4956,1742848792,2369.4956,Kafka
67e1c33e3224ef1ddaea7d80,1742848786,8427.4554,1742848792,2427.4554,Kafka
67e1c33e3224ef1ddaea7d81,1742848786,8429.8557,1742848792,2429.8557,Kafka
67e1c33e3224ef1ddaea7d82,1742848786,8458.5147,1742848792,2458.5147,Kafka
67e1c33e3224ef1ddaea7d83,1742848786,8492.0897,1742848792,2492.0897,Kafka
67e1c33e3224ef1ddaea7d84,1742848786,8494.2408,1742848792,2494.2408,Kafka
67e1c3313224ef1ddaea7d06,1742848786,5602.9267,1742848791,602.9267,Kafka
67e1c3313224ef1ddaea7d07,1742848786,5604.4288,1742848791,604.4288,Kafka
67e1c3313224ef1ddaea7d08,1742848786,5605.844,1742848791,605.844,Kafka
67e1c3313224ef1ddaea7d09,1742848786,5607.2528,1742848791,607.2528,Kafka
67e1c3313224ef1ddaea7d0a,1742848786,5609.2469,1742848791,609.2469,Kafka
67e1c3313224ef1ddaea7d0b,1742848786,5610.824,1742848791,610.824,Kafka
67e1c3323224ef1ddaea7d0c,1742848786,5612.3131,1742848791,612.3131,Kafka
67e1c3323224ef1ddaea7d0d,1742848786,5613.8383,1742848791,613.8383,Kafka
67e1c3323224ef1ddaea7d0e,1742848786,5615.2401,1742848791,615.2401,Kafka
67e1c3323224ef1ddaea7d0f,1742848786,5616.8238,1742848791,616.8238,Kafka
67e1c3323224ef1ddaea7d10,1742848786,5618.2061,1742848791,618.2061,Kafka
67e1c3323224ef1ddaea7d11,1742848786,5619.5912,1742848791,619.5912,Kafka
67e1c3323224ef1ddaea7d12,1742848786,5621.0159,1742848791,621.0159,Kafka
67e1c3323224ef1ddaea7d13,1742848786,5622.4432,1742848791,622.4432,Kafka
67e1c3323224ef1ddaea7d14,1742848786,5625.1397,1742848791,625.1397,Kafka
67e1c3323224ef1ddaea7d15,1742848786,5640.5722,1742848791,640.5722,Kafka
67e1c3323224ef1ddaea7d16,1742848786,5656.3448,1742848791,656.3448,Kafka
67e1c3323224ef1ddaea7d17,1742848786,5671.7422,1742848791,671.7422,Kafka
67e1c3323224ef1ddaea7d18,1742848786,5687.197,1742848791,687.197,Kafka
67e1c3323224ef1ddaea7d19,1742848786,5702.8295,1742848791,702.8295,Kafka
67e1c3333224ef1ddaea7d1a,1742848786,5718.204,1742848791,718.204,Kafka
67e1c3333224ef1ddaea7d1b,1742848786,5733.4663,1742848791,733.4663,Kafka
67e1c3333224ef1ddaea7d1c,1742848786,5748.656,1742848791,748.656,Kafka
67e1c3333224ef1ddaea7d1d,1742848786,5764.2488,1742848791,764.2488,Kafka
67e1c3333224ef1ddaea7d1e,1742848786,5779.9936,1742848791,779.9936,Kafka
67e1c3333224ef1ddaea7d1f,1742848786,5795.9011,1742848791,795.9011,Kafka
67e1c3333224ef1ddaea7d20,1742848786,5811.1334,1742848791,811.1334,Kafka
67e1c3333224ef1ddaea7d21,1742848786,5826.814,1742848791,826.814,Kafka
67e1c3333224ef1ddaea7d22,1742848786,5843.0718,1742848791,843.0718,Kafka
67e1c3333224ef1ddaea7d23,1742848786,5858.1519,1742848791,858.1519,Kafka
67e1c3333224ef1ddaea7d24,1742848786,5873.4009,1742848791,873.4009,Kafka
67e1c3343224ef1ddaea7d25,1742848786,5888.665,1742848791,888.665,Kafka
67e1c3343224ef1ddaea7d26,1742848786,5904.2882,1742848791,904.2882,Kafka
67e1c3343224ef1ddaea7d27,1742848786,5919.4152,1742848791,919.4152,Kafka
67e1c3343224ef1ddaea7d28,1742848786,5935.29,1742848791,935.29,Kafka
67e1c3343224ef1ddaea7d29,1742848786,5950.945,1742848791,950.945,Kafka
67e1c3343224ef1ddaea7d2a,1742848786,5966.2032,1742848791,966.2032,Kafka
67e1c3343224ef1ddaea7d2b,1742848786,5981.8716,1742848791,981.8716,Kafka
67e1c3343224ef1ddaea7d2c,1742848786,5997.3166,1742848791,997.3166,Kafka
67e1c3343224ef1ddaea7d2d,1742848786,6013.4439,1742848791,1013.4439,Kafka
67e1c3343224ef1ddaea7d2e,1742848786,6028.6003,1742848791,1028.6003,Kafka
67e1c3353224ef1ddaea7d2f,1742848786,6043.7994,1742848791,1043.7994,Kafka
67e1c3353224ef1ddaea7d30,1742848786,6059.0706,1742848791,1059.0706,Kafka
67e1c3353224ef1ddaea7d31,1742848786,6074.955,1742848791,1074.955,Kafka
67e1c3353224ef1ddaea7d32,1742848786,6090.5177,1742848791,1090.5177,Kafka
67e1c3353224ef1ddaea7d33,1742848786,6105.7899,1742848791,1105.7899,Kafka
67e1c3353224ef1ddaea7d34,1742848786,6121.4391,1742848791,1121.4391,Kafka
67e1c3353224ef1ddaea7d35,1742848786,6136.6719,1742848791,1136.6719,Kafka
67e1c3353224ef1ddaea7d36,1742848786,6152.1986,1742848791,1152.1986,Kafka
67e1c3353224ef1ddaea7d37,1742848786,6167.8074,1742848791,1167.8074,Kafka
67e1c3353224ef1ddaea7d38,1742848786,6183.0315,1742848791,1183.0315,Kafka
67e1c3363224ef1ddaea7d39,1742848786,6198.4387,1742848791,1198.4387,Kafka
67e1c3363224ef1ddaea7d3a,1742848786,6214.2208,1742848791,1214.2208,Kafka
67e1c3363224ef1ddaea7d3b,1742848786,6229.5232,1742848791,1229.5232,Kafka
67e1c3363224ef1ddaea7d3c,1742848786,6245.0391,1742848791,1245.0391,Kafka
67e1c3363224ef1ddaea7d3d,1742848786,6260.9609,1742848791,1260.9609,Kafka
67e1c3363224ef1ddaea7d3e,1742848786,6276.1393,1742848791,1276.1393,Kafka
67e1c3363224ef1ddaea7d3f,1742848786,6291.864,1742848791,1291.864,Kafka
67e1c3363224ef1ddaea7d40,1742848786,6307.0125,1742848791,1307.0125,Kafka
67e1c3373224ef1ddaea7d41,1742848786,6322.6852,1742848791,1322.6852,Kafka
67e1c3373224ef1ddaea7d42,1742848786,6338.4464,1742848791,1338.4464,Kafka
67e1c3373224ef1ddaea7d43,1742848786,6353.6944,1742848791,1353.6944,Kafka
67e1c3373224ef1ddaea7d44,1742848786,6369.1231,1742848791,1369.1231,Kafka
67e1c32f3224ef1ddaea7cf3,1742848786,5573.8715,1742848790,1573.8715,Kafka
67e1c32f3224ef1ddaea7cf4,1742848786,5575.4563,1742848790,1575.4563,Kafka
67e1c32f3224ef1ddaea7cf5,1742848786,5577.1024,1742848790,1577.1024,Kafka
67e1c32f3224ef1ddaea7cf6,1742848786,5579.2508,1742848790,1579.2508,Kafka
67e1c32f3224ef1ddaea7cf7,1742848786,5580.693,1742848790,1580.693,Kafka
67e1c32f3224ef1ddaea7cf8,1742848786,5582.1733,1742848790,1582.1733,Kafka
67e1c3303224ef1ddaea7cf9,1742848786,5583.6241,1742848790,1583.6241,Kafka
67e1c3303224ef1ddaea7cfa,1742848786,5585.0236,1742848790,1585.0236,Kafka
67e1c3303224ef1ddaea7cfb,1742848786,5586.4384,1742848790,1586.4384,Kafka
67e1c3303224ef1ddaea7cfc,1742848786,5587.8349,1742848790,1587.8349,Kafka
67e1c3303224ef1ddaea7cfd,1742848786,5589.1747,1742848790,1589.1747,Kafka
67e1c3303224ef1ddaea7cfe,1742848786,5590.5712,1742848790,1590.5712,Kafka
67e1c3303224ef1ddaea7cff,1742848786,5592.0899,1742848790,1592.0899,Kafka
67e1c3303224ef1ddaea7d00,1742848786,5594.1814,1742848790,1594.1814,Kafka
67e1c3303224ef1ddaea7d01,1742848786,5595.6891,1742848790,1595.6891,Kafka
67e1c3303224ef1ddaea7d02,1742848786,5597.1434,1742848790,1597.1434,Kafka
67e1c3303224ef1ddaea7d03,1742848786,5598.5275,1742848790,1598.5275,Kafka
67e1c3313224ef1ddaea7d04,1742848786,5599.9821,1742848790,1599.9821,Kafka
67e1c3313224ef1ddaea7d05,1742848786,5601.5001,1742848790,1601.5001,Kafka
67e1c32b3224ef1ddaea7cc6,1742848786,5498.3286,1742848790,1498.3286,Kafka
67e1c32b3224ef1ddaea7cc7,1742848786,5500.093,1742848790,1500.093,Kafka
67e1c32b3224ef1ddaea7cc8,1742848786,5502.261,1742848790,1502.261,Kafka
67e1c32b3224ef1ddaea7cc9,1742848786,5503.988,1742848790,1503.988,Kafka
67e1c32b3224ef1ddaea7cca,1742848786,5505.5693,1742848790,1505.5693,Kafka
67e1c32c3224ef1ddaea7ccb,1742848786,5507.0865,1742848790,1507.0865,Kafka
67e1c32c3224ef1ddaea7ccc,1742848786,5508.5759,1742848790,1508.5759,Kafka
67e1c32c3224ef1ddaea7ccd,1742848786,5510.0428,1742848790,1510.0428,Kafka
67e1c32c3224ef1ddaea7cce,1742848786,5511.5682,1742848790,1511.5682,Kafka
67e1c32c3224ef1ddaea7ccf,1742848786,5512.9892,1742848790,1512.9892,Kafka
67e1c32c3224ef1ddaea7cd0,1742848786,5514.4345,1742848790,1514.4345,Kafka
67e1c32c3224ef1ddaea7cd1,1742848786,5516.3804,1742848790,1516.3804,Kafka
67e1c32c3224ef1ddaea7cd2,1742848786,5517.8906,1742848790,1517.8906,Kafka
67e1c32c3224ef1ddaea7cd3,1742848786,5519.3774,1742848790,1519.3774,Kafka
67e1c32c3224ef1ddaea7cd4,1742848786,5520.8445,1742848790,1520.8445,Kafka
67e1c32d3224ef1ddaea7cd5,1742848786,5522.2454,1742848790,1522.2454,Kafka
67e1c32d3224ef1ddaea7cd6,1742848786,5523.6551,1742848790,1523.6551,Kafka
67e1c32d3224ef1ddaea7cd7,1742848786,5525.0531,1742848790,1525.0531,Kafka
67e1c32d3224ef1ddaea7cd8,1742848786,5526.5142,1742848790,1526.5142,Kafka
67e1c32d3224ef1ddaea7cd9,1742848786,5527.9323,1742848790,1527.9323,Kafka
67e1c32d3224ef1ddaea7cda,1742848786,5529.4302,1742848790,1529.4302,Kafka
67e1c32d3224ef1ddaea7cdb,1742848786,5531.0189,1742848790,1531.0189,Kafka
67e1c32d3224ef1ddaea7cdc,1742848786,5534.0239,1742848790,1534.0239,Kafka
67e1c32d3224ef1ddaea7cdd,1742848786,5536.4928,1742848790,1536.4928,Kafka
67e1c32d3224ef1ddaea7cde,1742848786,5538.7773,1742848790,1538.7773,Kafka
67e1c32d3224ef1ddaea7cdf,1742848786,5540.4641,1742848790,1540.4641,Kafka
67e1c32e3224ef1ddaea7ce0,1742848786,5542.2683,1742848790,1542.2683,Kafka
67e1c32e3224ef1ddaea7ce1,1742848786,5543.7473,1742848790,1543.7473,Kafka
67e1c32e3224ef1ddaea7ce2,1742848786,5545.5974,1742848790,1545.5974,Kafka
67e1c32e3224ef1ddaea7ce3,1742848786,5548.0209,1742848790,1548.0209,Kafka
67e1c32e3224ef1ddaea7ce4,1742848786,5549.7403,1742848790,1549.7403,Kafka
67e1c32e3224ef1ddaea7ce5,1742848786,5551.3262,1742848790,1551.3262,Kafka
67e1c32e3224ef1ddaea7ce6,1742848786,5552.8837,1742848790,1552.8837,Kafka
67e1c32e3224ef1ddaea7ce7,1742848786,5554.5702,1742848790,1554.5702,Kafka
67e1c32e3224ef1ddaea7ce8,1742848786,5556.1213,1742848790,1556.1213,Kafka
67e1c32e3224ef1ddaea7ce9,1742848786,5557.6743,1742848790,1557.6743,Kafka
67e1c32e3224ef1ddaea7cea,1742848786,5559.2122,1742848790,1559.2122,Kafka
67e1c32e3224ef1ddaea7ceb,1742848786,5560.6267,1742848790,1560.6267,Kafka
67e1c32e3224ef1ddaea7cec,1742848786,5562.1883,1742848790,1562.1883,Kafka
67e1c32f3224ef1ddaea7ced,1742848786,5564.3202,1742848790,1564.3202,Kafka
67e1c32f3224ef1ddaea7cee,1742848786,5565.9151,1742848790,1565.9151,Kafka
67e1c32f3224ef1ddaea7cef,1742848786,5567.4996,1742848790,1567.4996,Kafka
67e1c32f3224ef1ddaea7cf0,1742848786,5569.219,1742848790,1569.219,Kafka
67e1c32f3224ef1ddaea7cf1,1742848786,5570.8155,1742848790,1570.8155,Kafka
67e1c32f3224ef1ddaea7cf2,1742848786,5572.344,1742848790,1572.344,Kafka
67e1c3243224ef1ddaea7c85,1742848786,4741.9714,1742848789,1741.9714,Kafka
67e1c3243224ef1ddaea7c86,1742848786,4770.8528,1742848789,1770.8528,Kafka
67e1c3243224ef1ddaea7c87,1742848786,4831.9332,1742848789,1831.9332,Kafka
67e1c3243224ef1ddaea7c88,1742848786,4894.0214,1742848789,1894.0214,Kafka
67e1c3243224ef1ddaea7c89,1742848786,4925.8583,1742848789,1925.8583,Kafka
67e1c3243224ef1ddaea7c8a,1742848786,4955.9285,1742848789,1955.9285,Kafka
67e1c3243224ef1ddaea7c8b,1742848786,4987.8067,1742848789,1987.8067,Kafka
67e1c3253224ef1ddaea7c8c,1742848786,5048.9399,1742848789,2048.9399,Kafka
67e1c3253224ef1ddaea7c8d,1742848786,5110.9524,1742848789,2110.9524,Kafka
67e1c3253224ef1ddaea7c8e,1742848786,5113.6538,1742848789,2113.6538,Kafka
67e1c3253224ef1ddaea7c8f,1742848786,5141.9209,1742848789,2141.9209,Kafka
67e1c3253224ef1ddaea7c90,1742848786,5203.9747,1742848789,2203.9747,Kafka
67e1c3253224ef1ddaea7c91,1742848786,5266.1636,1742848789,2266.1636,Kafka
67e1c3253224ef1ddaea7c92,1742848786,5297.8446,1742848789,2297.8446,Kafka
67e1c3253224ef1ddaea7c93,1742848786,5359.8017,1742848789,2359.8017,Kafka
67e1c3263224ef1ddaea7c94,1742848786,5391.2094,1742848789,2391.2094,Kafka
67e1c3263224ef1ddaea7c95,1742848786,5422.0688,1742848789,2422.0688,Kafka
67e1c3263224ef1ddaea7c96,1742848786,5423.5301,1742848789,2423.5301,Kafka
67e1c3263224ef1ddaea7c97,1742848786,5425.0076,1742848789,2425.0076,Kafka
67e1c3263224ef1ddaea7c98,1742848786,5426.3721,1742848789,2426.3721,Kafka
67e1c3263224ef1ddaea7c99,1742848786,5427.7343,1742848789,2427.7343,Kafka
67e1c3263224ef1ddaea7c9a,1742848786,5429.2294,1742848789,2429.2294,Kafka
67e1c3263224ef1ddaea7c9b,1742848786,5430.6005,1742848789,2430.6005,Kafka
67e1c3263224ef1ddaea7c9c,1742848786,5431.9596,1742848789,2431.9596,Kafka
67e1c3273224ef1ddaea7c9d,1742848786,5433.3791,1742848789,2433.3791,Kafka
67e1c3273224ef1ddaea7c9e,1742848786,5434.8897,1742848789,2434.8897,Kafka
67e1c3273224ef1ddaea7c9f,1742848786,5436.4318,1742848789,2436.4318,Kafka
67e1c3273224ef1ddaea7ca0,1742848786,5438.2992,1742848789,2438.2992,Kafka
67e1c3273224ef1ddaea7ca1,1742848786,5440.1727,1742848789,2440.1727,Kafka
67e1c3273224ef1ddaea7ca2,1742848786,5441.6447,1742848789,2441.6447,Kafka
67e1c3273224ef1ddaea7ca3,1742848786,5443.0795,1742848789,2443.0795,Kafka
67e1c3283224ef1ddaea7ca4,1742848786,5444.5921,1742848789,2444.5921,Kafka
67e1c3283224ef1ddaea7ca5,1742848786,5446.0892,1742848789,2446.0892,Kafka
67e1c3283224ef1ddaea7ca6,1742848786,5447.5,1742848789,2447.5,Kafka
67e1c3283224ef1ddaea7ca7,1742848786,5448.8723,1742848789,2448.8723,Kafka
67e1c3283224ef1ddaea7ca8,1742848786,5450.3567,1742848789,2450.3567,Kafka
67e1c3283224ef1ddaea7ca9,1742848786,5451.8148,1742848789,2451.8148,Kafka
67e1c3283224ef1ddaea7caa,1742848786,5453.5388,1742848789,2453.5388,Kafka
67e1c3283224ef1ddaea7cab,1742848786,5455.5481,1742848789,2455.5481,Kafka
67e1c3293224ef1ddaea7cac,1742848786,5456.9613,1742848789,2456.9613,Kafka
67e1c3293224ef1ddaea7cad,1742848786,5458.4444,1742848789,2458.4444,Kafka
67e1c3293224ef1ddaea7cae,1742848786,5459.9451,1742848789,2459.9451,Kafka
67e1c3293224ef1ddaea7caf,1742848786,5461.5019,1742848789,2461.5019,Kafka
67e1c3293224ef1ddaea7cb0,1742848786,5462.9616,1742848789,2462.9616,Kafka
67e1c3293224ef1ddaea7cb1,1742848786,5464.4406,1742848789,2464.4406,Kafka
67e1c3293224ef1ddaea7cb2,1742848786,5466.0479,1742848789,2466.0479,Kafka
67e1c3293224ef1ddaea7cb3,1742848786,5467.6262,1742848789,2467.6262,Kafka
67e1c3293224ef1ddaea7cb4,1742848786,5469.491,1742848789,2469.491,Kafka
67e1c32a3224ef1ddaea7cb5,1742848786,5471.6082,1742848789,2471.6082,Kafka
67e1c32a3224ef1ddaea7cb6,1742848786,5473.0738,1742848789,2473.0738,Kafka
67e1c32a3224ef1ddaea7cb7,1742848786,5474.7795,1742848789,2474.7795,Kafka
67e1c32a3224ef1ddaea7cb8,1742848786,5476.3935,1742848789,2476.3935,Kafka
67e1c32a3224ef1ddaea7cb9,1742848786,5478.0698,1742848789,2478.0698,Kafka
67e1c32a3224ef1ddaea7cba,1742848786,5479.5368,1742848789,2479.5368,Kafka
67e1c32a3224ef1ddaea7cbb,1742848786,5481.0562,1742848789,2481.0562,Kafka
67e1c32a3224ef1ddaea7cbc,1742848786,5482.5446,1742848789,2482.5446,Kafka
67e1c32a3224ef1ddaea7cbd,1742848786,5484.2291,1742848789,2484.2291,Kafka
67e1c32a3224ef1ddaea7cbe,1742848786,5486.4997,1742848789,2486.4997,Kafka
67e1c32a3224ef1ddaea7cbf,1742848786,5487.8461,1742848789,2487.8461,Kafka
67e1c32b3224ef1ddaea7cc0,1742848786,5489.3025,1742848789,2489.3025,Kafka
67e1c32b3224ef1ddaea7cc1,1742848786,5490.7861,1742848789,2490.7861,Kafka
67e1c32b3224ef1ddaea7cc2,1742848786,5492.2787,1742848789,2492.2787,Kafka
67e1c32b3224ef1ddaea7cc3,1742848786,5493.7513,1742848789,2493.7513,Kafka
67e1c32b3224ef1ddaea7cc4,1742848786,5495.3759,1742848789,2495.3759,Kafka
67e1c32b3224ef1ddaea7cc5,1742848786,5496.8205,1742848789,2496.8205,Kafka
67e1c3213224ef1ddaea7c73,1742848786,4339.1541,1742848788,2339.1541,Kafka
67e1c3223224ef1ddaea7c74,1742848786,4366.8623,1742848788,2366.8623,Kafka
67e1c3223224ef1ddaea7c75,1742848786,4368.9648,1742848788,2368.9648,Kafka
67e1c3223224ef1ddaea7c76,1742848786,4370.6379,1742848788,2370.6379,Kafka
67e1c3223224ef1ddaea7c77,1742848786,4398.8655,1742848788,2398.8655,Kafka
67e1c3223224ef1ddaea7c78,1742848786,4429.9462,1742848788,2429.9462,Kafka
67e1c3223224ef1ddaea7c79,1742848786,4432.1544,1742848788,2432.1544,Kafka
67e1c3223224ef1ddaea7c7a,1742848786,4433.6474,1742848788,2433.6474,Kafka
67e1c3223224ef1ddaea7c7b,1742848786,4435.0845,1742848788,2435.0845,Kafka
67e1c3223224ef1ddaea7c7c,1742848786,4459.8227,1742848788,2459.8227,Kafka
67e1c3223224ef1ddaea7c7d,1742848786,4522.0289,1742848788,2522.0289,Kafka
67e1c3233224ef1ddaea7c7e,1742848786,4554.2977,1742848788,2554.2977,Kafka
67e1c3233224ef1ddaea7c7f,1742848786,4614.9527,1742848788,2614.9527,Kafka
67e1c3233224ef1ddaea7c80,1742848786,4677.0295,1742848788,2677.0295,Kafka
67e1c3233224ef1ddaea7c81,1742848786,4678.8942,1742848788,2678.8942,Kafka
67e1c3233224ef1ddaea7c82,1742848786,4708.7636,1742848788,2708.7636,Kafka
67e1c3233224ef1ddaea7c83,1742848786,4710.75,1742848788,2710.75,Kafka
67e1c3243224ef1ddaea7c84,1742848786,4739.8561,1742848788,2739.8561,Kafka
67e1c31a3224ef1ddaea7c48,1742848786,3033.6579,1742848788,1033.6579,Kafka
67e1c31a3224ef1ddaea7c49,1742848786,3095.6451,1742848788,1095.6451,Kafka
67e1c31a3224ef1ddaea7c4a,1742848786,3097.9988,1742848788,1097.9988,Kafka
67e1c31a3224ef1ddaea7c4b,1742848786,3099.7336,1742848788,1099.7336,Kafka
67e1c31a3224ef1ddaea7c4c,1742848786,3157.9429,1742848788,1157.9429,Kafka
67e1c31a3224ef1ddaea7c4d,1742848786,3219.7949,1742848788,1219.7949,Kafka
67e1c31b3224ef1ddaea7c4e,1742848786,3281.7793,1742848788,1281.7793,Kafka
67e1c31b3224ef1ddaea7c4f,1742848786,3284.5234,1742848788,1284.5234,Kafka
67e1c31b3224ef1ddaea7c50,1742848786,3312.8081,1742848788,1312.8081,Kafka
67e1c31b3224ef1ddaea7c51,1742848786,3314.5887,1742848788,1314.5887,Kafka
67e1c31b3224ef1ddaea7c52,1742848786,3316.6355,1742848788,1316.6355,Kafka
67e1c31b3224ef1ddaea7c53,1742848786,3318.0552,1742848788,1318.0552,Kafka
67e1c31c3224ef1ddaea7c54,1742848786,3343.8661,1742848788,1343.8661,Kafka
67e1c31c3224ef1ddaea7c55,1742848786,3374.8041,1742848788,1374.8041,Kafka
67e1c31c3224ef1ddaea7c56,1742848786,3436.7317,1742848788,1436.7317,Kafka
67e1c31c3224ef1ddaea7c57,1742848786,3498.5138,1742848788,1498.5138,Kafka
67e1c31c3224ef1ddaea7c58,1742848786,3560.7795,1742848788,1560.7795,Kafka
67e1c31c3224ef1ddaea7c59,1742848786,3622.5798,1742848788,1622.5798,Kafka
67e1c31d3224ef1ddaea7c5a,1742848786,3654.5019,1742848788,1654.5019,Kafka
67e1c31d3224ef1ddaea7c5b,1742848786,3684.5477,1742848788,1684.5477,Kafka
67e1c31d3224ef1ddaea7c5c,1742848786,3715.5641,1742848788,1715.5641,Kafka
67e1c31e3224ef1ddaea7c5d,1742848786,3717.9873,1742848788,1717.9873,Kafka
67e1c31e3224ef1ddaea7c5e,1742848786,3747.5514,1742848788,1747.5514,Kafka
67e1c31e3224ef1ddaea7c5f,1742848786,3777.5265,1742848788,1777.5265,Kafka
67e1c31f3224ef1ddaea7c60,1742848786,3839.6364,1742848788,1839.6364,Kafka
67e1c31f3224ef1ddaea7c61,1742848786,3841.595,1742848788,1841.595,Kafka
67e1c31f3224ef1ddaea7c62,1742848786,3843.931,1742848788,1843.931,Kafka
67e1c31f3224ef1ddaea7c63,1742848786,3870.7433,1742848788,1870.7433,Kafka
67e1c31f3224ef1ddaea7c64,1742848786,3873.1671,1742848788,1873.1671,Kafka
67e1c3203224ef1ddaea7c65,1742848786,3932.7093,1742848788,1932.7093,Kafka
67e1c3203224ef1ddaea7c66,1742848786,3964.6105,1742848788,1964.6105,Kafka
67e1c3203224ef1ddaea7c67,1742848786,3995.8208,1742848788,1995.8208,Kafka
67e1c3203224ef1ddaea7c68,1742848786,3997.8868,1742848788,1997.8868,Kafka
67e1c3203224ef1ddaea7c69,1742848786,4026.7471,1742848788,2026.7471,Kafka
67e1c3203224ef1ddaea7c6a,1742848786,4087.6582,1742848788,2087.6582,Kafka
67e1c3203224ef1ddaea7c6b,1742848786,4118.6337,1742848788,2118.6337,Kafka
67e1c3213224ef1ddaea7c6c,1742848786,4180.6214,1742848788,2180.6214,Kafka
67e1c3213224ef1ddaea7c6d,1742848786,4211.7361,1742848788,2211.7361,Kafka
67e1c3213224ef1ddaea7c6e,1742848786,4243.8882,1742848788,2243.8882,Kafka
67e1c3213224ef1ddaea7c6f,1742848786,4274.7792,1742848788,2274.7792,Kafka
67e1c3213224ef1ddaea7c70,1742848786,4276.8163,1742848788,2276.8163,Kafka
67e1c3213224ef1ddaea7c71,1742848786,4304.8284,1742848788,2304.8284,Kafka
67e1c3213224ef1ddaea7c72,1742848786,4336.961,1742848788,2336.961,Kafka
67e1c3183224ef1ddaea7c33,1742848786,2289.3703,1742848787,1289.3703,Kafka
67e1c3173224ef1ddaea7c13,1742848786,1715.868,1742848787,715.868,Kafka
67e1c3183224ef1ddaea7c34,1742848786,2321.4263,1742848787,1321.4263,Kafka
67e1c3183224ef1ddaea7c35,1742848786,2382.4008,1742848787,1382.4008,Kafka
67e1c3183224ef1ddaea7c14,1742848786,1719.2548,1742848787,719.2548,Kafka
67e1c3183224ef1ddaea7c36,1742848786,2414.2671,1742848787,1414.2671,Kafka
67e1c3183224ef1ddaea7c37,1742848786,2445.7397,1742848787,1445.7397,Kafka
67e1c3183224ef1ddaea7c15,1742848786,1720.8768,1742848787,720.8768,Kafka
67e1c3183224ef1ddaea7c38,1742848786,2506.5433,1742848787,1506.5433,Kafka
67e1c3183224ef1ddaea7c39,1742848786,2538.9965,1742848787,1538.9965,Kafka
67e1c3183224ef1ddaea7c16,1742848786,1722.4405,1742848787,722.4405,Kafka
67e1c3183224ef1ddaea7c3a,1742848786,2540.9483,1742848787,1540.9483,Kafka
67e1c3183224ef1ddaea7c3b,1742848786,2543.6048,1742848787,1543.6048,Kafka
67e1c3183224ef1ddaea7c17,1742848786,1724.0033,1742848787,724.0033,Kafka
67e1c3183224ef1ddaea7c3c,1742848786,2545.5461,1742848787,1545.5461,Kafka
67e1c3183224ef1ddaea7c3d,1742848786,2569.3038,1742848787,1569.3038,Kafka
67e1c3183224ef1ddaea7c18,1742848786,1725.6924,1742848787,725.6924,Kafka
67e1c3183224ef1ddaea7c3e,1742848786,2599.4158,1742848787,1599.4158,Kafka
67e1c3183224ef1ddaea7c3f,1742848786,2630.5141,1742848787,1630.5141,Kafka
67e1c3183224ef1ddaea7c19,1742848786,1727.1334,1742848787,727.1334,Kafka
67e1c3193224ef1ddaea7c40,1742848786,2661.7075,1742848787,1661.7075,Kafka
67e1c3193224ef1ddaea7c41,1742848786,2723.7288,1742848787,1723.7288,Kafka
67e1c3183224ef1ddaea7c1a,1742848786,1728.5207,1742848787,728.5207,Kafka
67e1c3193224ef1ddaea7c42,1742848786,2726.1767,1742848787,1726.1767,Kafka
67e1c3193224ef1ddaea7c43,1742848786,2754.4449,1742848787,1754.4449,Kafka
67e1c3183224ef1ddaea7c1b,1742848786,1729.9126,1742848787,729.9126,Kafka
67e1c3193224ef1ddaea7c44,1742848786,2785.4899,1742848787,1785.4899,Kafka
67e1c3193224ef1ddaea7c45,1742848786,2847.7552,1742848787,1847.7552,Kafka
67e1c3183224ef1ddaea7c1c,1742848786,1731.4361,1742848787,731.4361,Kafka
67e1c3193224ef1ddaea7c46,1742848786,2909.5255,1742848787,1909.5255,Kafka
67e1c3183224ef1ddaea7c1d,1742848786,1732.9593,1742848787,732.9593,Kafka
67e1c3193224ef1ddaea7c47,1742848786,2971.5214,1742848787,1971.5214,Kafka
67e1c3183224ef1ddaea7c1e,1742848786,1734.8988,1742848787,734.8988,Kafka
67e1c3183224ef1ddaea7c1f,1742848786,1749.7131,1742848787,749.7131,Kafka
67e1c3183224ef1ddaea7c20,1742848786,1765.0485,1742848787,765.0485,Kafka
67e1c3183224ef1ddaea7c21,1742848786,1780.8743,1742848787,780.8743,Kafka
67e1c3183224ef1ddaea7c22,1742848786,1796.1865,1742848787,796.1865,Kafka
67e1c3183224ef1ddaea7c23,1742848786,1811.7957,1742848787,811.7957,Kafka
67e1c3183224ef1ddaea7c24,1742848786,1827.6258,1742848787,827.6258,Kafka
67e1c3183224ef1ddaea7c25,1742848786,1843.558,1742848787,843.558,Kafka
67e1c3163224ef1ddaea7c0c,1742848786,1455.2923,1742848787,455.2923,Kafka
67e1c3183224ef1ddaea7c26,1742848786,1886.4575,1742848787,886.4575,Kafka
67e1c3183224ef1ddaea7c27,1742848786,1918.2393,1742848787,918.2393,Kafka
67e1c3163224ef1ddaea7c0d,1742848786,1471.0312,1742848787,471.0312,Kafka
67e1c3183224ef1ddaea7c28,1742848786,1920.4753,1742848787,920.4753,Kafka
67e1c3183224ef1ddaea7c29,1742848786,1949.2452,1742848787,949.2452,Kafka
67e1c3163224ef1ddaea7c0e,1742848786,1486.4493,1742848787,486.4493,Kafka
67e1c3183224ef1ddaea7c2a,1742848786,1951.2797,1742848787,951.2797,Kafka
67e1c3183224ef1ddaea7c2b,1742848786,2010.4271,1742848787,1010.4271,Kafka
67e1c3163224ef1ddaea7c0f,1742848786,1529.8714,1742848787,529.8714,Kafka
67e1c3183224ef1ddaea7c2c,1742848786,2013.2854,1742848787,1013.2854,Kafka
67e1c3183224ef1ddaea7c2d,1742848786,2041.3645,1742848787,1041.3645,Kafka
67e1c3163224ef1ddaea7c10,1742848786,1560.8258,1742848787,560.8258,Kafka
67e1c3183224ef1ddaea7c2e,1742848786,2103.4533,1742848787,1103.4533,Kafka
67e1c3183224ef1ddaea7c2f,1742848786,2134.3908,1742848787,1134.3908,Kafka
67e1c3163224ef1ddaea7c11,1742848786,1592.4895,1742848787,592.4895,Kafka
67e1c3183224ef1ddaea7c30,1742848786,2165.4653,1742848787,1165.4653,Kafka
67e1c3183224ef1ddaea7c31,1742848786,2167.0864,1742848787,1167.0864,Kafka
67e1c3163224ef1ddaea7c12,1742848786,1654.7592,1742848787,654.7592,Kafka
67e1c3183224ef1ddaea7c32,1742848786,2227.3623,1742848787,1227.3623,Kafka
67e1c3153224ef1ddaea7c03,1742848786,1316.1985,1742848786,1316.1985,Kafka
67e1c3133224ef1ddaea7bfb,1742848786,1191.9339,1742848786,1191.9339,Kafka
67e1c3153224ef1ddaea7c04,1742848786,1331.7367,1742848786,1331.7367,Kafka
67e1c3153224ef1ddaea7c05,1742848786,1346.8595,1742848786,1346.8595,Kafka
67e1c3133224ef1ddaea7bf7,1742848786,1149.1733,1742848786,1149.1733,Kafka
67e1c3143224ef1ddaea7bfc,1742848786,1208.0098,1742848786,1208.0098,Kafka
67e1c3153224ef1ddaea7c06,1742848786,1362.3236,1742848786,1362.3236,Kafka
67e1c3153224ef1ddaea7c07,1742848786,1377.8431,1742848786,1377.8431,Kafka
67e1c3143224ef1ddaea7bfd,1742848786,1223.0082,1742848786,1223.0082,Kafka
67e1c3153224ef1ddaea7c08,1742848786,1393.6544,1742848786,1393.6544,Kafka
67e1c3153224ef1ddaea7c09,1742848786,1408.9048,1742848786,1408.9048,Kafka
67e1c3133224ef1ddaea7bf5,1742848786,1146.1618,1742848786,1146.1618,Kafka
67e1c3133224ef1ddaea7bf8,1742848786,1150.5475,1742848786,1150.5475,Kafka
67e1c3143224ef1ddaea7bfe,1742848786,1238.4372,1742848786,1238.4372,Kafka
67e1c3153224ef1ddaea7c0a,1742848786,1424.2104,1742848786,1424.2104,Kafka
67e1c3143224ef1ddaea7bff,1742848786,1254.0905,1742848786,1254.0905,Kafka
67e1c3163224ef1ddaea7c0b,1742848786,1439.8971,1742848786,1439.8971,Kafka
67e1c3133224ef1ddaea7bf9,1742848786,1160.8038,1742848786,1160.8038,Kafka
67e1c3143224ef1ddaea7c00,1742848786,1269.5282,1742848786,1269.5282,Kafka
67e1c3143224ef1ddaea7c01,1742848786,1284.9197,1742848786,1284.9197,Kafka
67e1c3133224ef1ddaea7bf4,1742848786,1142.5752,1742848786,1142.5752,Kafka
67e1c3133224ef1ddaea7bf6,1742848786,1147.7866,1742848786,1147.7866,Kafka
67e1c3133224ef1ddaea7bfa,1742848786,1176.2278,1742848786,1176.2278,Kafka
67e1c3143224ef1ddaea7c02,1742848786,1300.673,1742848786,1300.673,Kafka
