Id,QueueCreationTime,QueueCreationDelay,ProcessingTime,ProcessingDelay,QueueName
67e1c4e2ca61a52a92a67b48,1742849048,197058.3803,1742849080,165058.3803,Rabbit
67e1c4e2ca61a52a92a67c2a,1742849048,197983.2905,1742849080,165983.2905,Rabbit
67e1c4e2ca61a52a92a67b50,1742849048,197209.9281,1742849080,165209.9281,Rabbit
67e1c4e2ca61a52a92a67b4e,1742849048,197175.337,1742849080,165175.337,Rabbit
67e1c4e2ca61a52a92a67c17,1742849048,197956.7846,1742849080,165956.7846,Rabbit
67e1c4e2ca61a52a92a67ba0,1742849048,197527.4858,1742849080,165527.4858,Rabbit
67e1c4e2ca61a52a92a67c28,1742849048,197980.4817,1742849080,165980.4817,Rabbit
67e1c4e2ca61a52a92a67b40,1742849048,196897.345,1742849080,164897.345,Rabbit
67e1c4e2ca61a52a92a67c23,1742849048,197973.5574,1742849080,165973.5574,Rabbit
67e1c4e2ca61a52a92a67b83,1742849048,197487.4821,1742849080,165487.4821,Rabbit
67e1c4e2ca61a52a92a67bfb,1742849048,197883.5127,1742849080,165883.5127,Rabbit
67e1c4e2ca61a52a92a67c2b,1742849048,197985.1166,1742849080,165985.1166,Rabbit
67e1c4e2ca61a52a92a67bb4,1742849048,197579.3514,1742849080,165579.3514,Rabbit
67e1c4e2ca61a52a92a67bea,1742849048,197858.897,1742849080,165858.897,Rabbit
67e1c4e2ca61a52a92a67bd7,1742849048,197769.2487,1742849080,165769.2487,Rabbit
67e1c4e2ca61a52a92a67bc3,1742849048,197689.3873,1742849080,165689.3873,Rabbit
67e1c4e2ca61a52a92a67bee,1742849048,197865.0447,1742849080,165865.0447,Rabbit
67e1c4e2ca61a52a92a67b59,1742849048,197256.1438,1742849080,165256.1438,Rabbit
67e1c4e2ca61a52a92a67b65,1742849048,197331.5366,1742849080,165331.5366,Rabbit
67e1c4e2ca61a52a92a67bba,1742849048,197587.4621,1742849080,165587.4621,Rabbit
67e1c4e2ca61a52a92a67be7,1742849048,197829.1136,1742849080,165829.1136,Rabbit
67e1c4e2ca61a52a92a67b55,1742849048,197222.3465,1742849080,165222.3465,Rabbit
67e1c4e2ca61a52a92a67b5c,1742849048,197284.5494,1742849080,165284.5494,Rabbit
67e1c4e2ca61a52a92a67bfc,1742849048,197918.6124,1742849080,165918.6124,Rabbit
67e1c4e2ca61a52a92a67c25,1742849048,197976.2823,1742849080,165976.2823,Rabbit
67e1c4e2ca61a52a92a67ba8,1742849048,197540.6213,1742849080,165540.6213,Rabbit
67e1c4e2ca61a52a92a67b80,1742849048,197483.132,1742849080,165483.132,Rabbit
67e1c4e2ca61a52a92a67b3b,1742849048,196744.1516,1742849080,164744.1516,Rabbit
67e1c4e2ca61a52a92a67bb6,1742849048,197582.0793,1742849080,165582.0793,Rabbit
67e1c4e2ca61a52a92a67b8b,1742849048,197498.8314,1742849080,165498.8314,Rabbit
67e1c4e2ca61a52a92a67bf0,1742849048,197868.083,1742849080,165868.083,Rabbit
67e1c4e2ca61a52a92a67b7e,1742849048,197480.2419,1742849080,165480.2419,Rabbit
67e1c4e2ca61a52a92a67bc2,1742849048,197687.8028,1742849080,165687.8028,Rabbit
67e1c4e2ca61a52a92a67bb1,1742849048,197554.2948,1742849080,165554.2948,Rabbit
67e1c4e2ca61a52a92a67bff,1742849048,197922.9214,1742849080,165922.9214,Rabbit
67e1c4e2ca61a52a92a67b7f,1742849048,197481.6647,1742849080,165481.6647,Rabbit
67e1c4e2ca61a52a92a67baa,1742849048,197543.6586,1742849080,165543.6586,Rabbit
67e1c4e2ca61a52a92a67bad,1742849048,197548.4313,1742849080,165548.4313,Rabbit
67e1c4e2ca61a52a92a67b60,1742849048,197321.1562,1742849080,165321.1562,Rabbit
67e1c4e2ca61a52a92a67bef,1742849048,197866.6531,1742849080,165866.6531,Rabbit
67e1c4e2ca61a52a92a67c09,1742849048,197936.8563,1742849080,165936.8563,Rabbit
67e1c4e2ca61a52a92a67c21,1742849048,197970.8186,1742849080,165970.8186,Rabbit
67e1c4e2ca61a52a92a67b5d,1742849048,197314.8504,1742849080,165314.8504,Rabbit
67e1c4e2ca61a52a92a67bdf,1742849048,197780.8938,1742849080,165780.8938,Rabbit
67e1c4e2ca61a52a92a67b7a,1742849048,197474.3712,1742849080,165474.3712,Rabbit
67e1c4e2ca61a52a92a67c19,1742849048,197959.637,1742849080,165959.637,Rabbit
67e1c4e2ca61a52a92a67c1b,1742849048,197962.4142,1742849080,165962.4142,Rabbit
67e1c4e2ca61a52a92a67b71,1742849048,197461.5636,1742849080,165461.5636,Rabbit
67e1c4e2ca61a52a92a67b3d,1742849048,196804.0957,1742849080,164804.0957,Rabbit
67e1c4e2ca61a52a92a67b68,1742849048,197335.6137,1742849080,165335.6137,Rabbit
67e1c4e2ca61a52a92a67ba5,1742849048,197535.9275,1742849080,165535.9275,Rabbit
67e1c4e2ca61a52a92a67b35,1742849048,196682.9964,1742849080,164682.9964,Rabbit
67e1c4e2ca61a52a92a67be0,1742849048,197782.2918,1742849080,165782.2918,Rabbit
67e1c4e2ca61a52a92a67bd4,1742849048,197765.0225,1742849080,165765.0225,Rabbit
67e1c4e2ca61a52a92a67bd2,1742849048,197731.9479,1742849080,165731.9479,Rabbit
67e1c4e2ca61a52a92a67bcb,1742849048,197722.5826,1742849080,165722.5826,Rabbit
67e1c4e2ca61a52a92a67b88,1742849048,197494.771,1742849080,165494.771,Rabbit
67e1c4e2ca61a52a92a67beb,1742849048,197860.4676,1742849080,165860.4676,Rabbit
67e1c4e2ca61a52a92a67b5a,1742849048,197258.0449,1742849080,165258.0449,Rabbit
67e1c4e2ca61a52a92a67c16,1742849048,197955.3689,1742849080,165955.3689,Rabbit
67e1c4e2ca61a52a92a67b85,1742849048,197490.5131,1742849080,165490.5131,Rabbit
67e1c4e2ca61a52a92a67b81,1742849048,197484.5722,1742849080,165484.5722,Rabbit
67e1c4e2ca61a52a92a67ba6,1742849048,197537.5781,1742849080,165537.5781,Rabbit
67e1c4e2ca61a52a92a67bf2,1742849048,197871.0791,1742849080,165871.0791,Rabbit
67e1c4e2ca61a52a92a67be4,1742849048,197787.877,1742849080,165787.877,Rabbit
67e1c4e2ca61a52a92a67c0f,1742849048,197945.0327,1742849080,165945.0327,Rabbit
67e1c4e2ca61a52a92a67bbe,1742849048,197630.5534,1742849080,165630.5534,Rabbit
67e1c4e2ca61a52a92a67b32,1742849048,196650.5696,1742849080,164650.5696,Rabbit
67e1c4e2ca61a52a92a67bb0,1742849048,197552.8104,1742849080,165552.8104,Rabbit
67e1c4e2ca61a52a92a67bdc,1742849048,197776.3442,1742849080,165776.3442,Rabbit
67e1c4e2ca61a52a92a67b54,1742849048,197219.9456,1742849080,165219.9456,Rabbit
67e1c4e2ca61a52a92a67b8c,1742849048,197500.215,1742849080,165500.215,Rabbit
67e1c4e2ca61a52a92a67b4d,1742849048,197113.5009,1742849080,165113.5009,Rabbit
67e1c4e2ca61a52a92a67b8e,1742849048,197503.0274,1742849080,165503.0274,Rabbit
67e1c4e2ca61a52a92a67b87,1742849048,197493.3071,1742849080,165493.3071,Rabbit
67e1c4e2ca61a52a92a67b63,1742849048,197327.6082,1742849080,165327.6082,Rabbit
67e1c4e2ca61a52a92a67b36,1742849048,196684.4371,1742849080,164684.4371,Rabbit
67e1c4e2ca61a52a92a67bd6,1742849048,197767.8359,1742849080,165767.8359,Rabbit
67e1c4e2ca61a52a92a67b30,1742849048,196618.9439,1742849080,164618.9439,Rabbit
67e1c4e2ca61a52a92a67b97,1742849048,197515.3104,1742849080,165515.3104,Rabbit
67e1c4e2ca61a52a92a67bc1,1742849048,197686.0575,1742849080,165686.0575,Rabbit
67e1c4e2ca61a52a92a67b96,1742849048,197513.8999,1742849080,165513.8999,Rabbit
67e1c4e2ca61a52a92a67bd1,1742849048,197730.6056,1742849080,165730.6056,Rabbit
67e1c4e2ca61a52a92a67b24,1742849048,196245.676,1742849080,164245.676,Rabbit
67e1c4e2ca61a52a92a67c03,1742849048,197928.3163,1742849080,165928.3163,Rabbit
67e1c4e2ca61a52a92a67b25,1742849048,196308.0161,1742849080,164308.0161,Rabbit
67e1c4e2ca61a52a92a67b28,1742849048,196373.462,1742849080,164373.462,Rabbit
67e1c4e2ca61a52a92a67c11,1742849048,197947.8503,1742849080,165947.8503,Rabbit
67e1c4e2ca61a52a92a67b91,1742849048,197507.1421,1742849080,165507.1421,Rabbit
67e1c4e2ca61a52a92a67c1d,1742849048,197965.2006,1742849080,165965.2006,Rabbit
67e1c4e2ca61a52a92a67b69,1742849048,197361.7901,1742849080,165361.7901,Rabbit
67e1c4e2ca61a52a92a67ba3,1742849048,197531.6205,1742849080,165531.6205,Rabbit
67e1c4e2ca61a52a92a67bfa,1742849048,197882.1486,1742849080,165882.1486,Rabbit
67e1c4e2ca61a52a92a67bb9,1742849048,197586.1213,1742849080,165586.1213,Rabbit
67e1c4e2ca61a52a92a67c13,1742849048,197951.0556,1742849080,165951.0556,Rabbit
67e1c4e2ca61a52a92a67b27,1742849048,196371.331,1742849080,164371.331,Rabbit
67e1c4e2ca61a52a92a67c02,1742849048,197926.9428,1742849080,165926.9428,Rabbit
67e1c4e2ca61a52a92a67c08,1742849048,197935.3309,1742849080,165935.3309,Rabbit
67e1c4e2ca61a52a92a67b46,1742849048,197054.7534,1742849080,165054.7534,Rabbit
67e1c4e2ca61a52a92a67be9,1742849048,197856.9731,1742849080,165856.9731,Rabbit
67e1c4e2ca61a52a92a67b2e,1742849048,196526.3165,1742849080,164526.3165,Rabbit
67e1c4e2ca61a52a92a67bb5,1742849048,197580.7289,1742849080,165580.7289,Rabbit
67e1c4e2ca61a52a92a67b62,1742849048,197325.6471,1742849080,165325.6471,Rabbit
67e1c4e2ca61a52a92a67bce,1742849048,197726.5465,1742849080,165726.5465,Rabbit
67e1c4e2ca61a52a92a67c1f,1742849048,197968.0399,1742849080,165968.0399,Rabbit
67e1c4e2ca61a52a92a67bc9,1742849048,197719.9161,1742849080,165719.9161,Rabbit
67e1c4e2ca61a52a92a67c0c,1742849048,197941.0766,1742849080,165941.0766,Rabbit
67e1c4e2ca61a52a92a67bc8,1742849048,197718.5052,1742849080,165718.5052,Rabbit
67e1c4e2ca61a52a92a67be2,1742849048,197785.1245,1742849080,165785.1245,Rabbit
67e1c4e2ca61a52a92a67c0e,1742849048,197943.7102,1742849080,165943.7102,Rabbit
67e1c4e2ca61a52a92a67b34,1742849048,196681.402,1742849080,164681.402,Rabbit
67e1c4e2ca61a52a92a67be8,1742849048,197830.77,1742849080,165830.77,Rabbit
67e1c4e2ca61a52a92a67b72,1742849048,197462.9266,1742849080,165462.9266,Rabbit
67e1c4e2ca61a52a92a67b77,1742849048,197469.8219,1742849080,165469.8219,Rabbit
67e1c4e2ca61a52a92a67c1e,1742849048,197966.6731,1742849080,165966.6731,Rabbit
67e1c4e2ca61a52a92a67c20,1742849048,197969.4182,1742849080,165969.4182,Rabbit
67e1c4e2ca61a52a92a67b49,1742849048,197060.1546,1742849080,165060.1546,Rabbit
67e1c4e2ca61a52a92a67b9d,1742849048,197523.4037,1742849080,165523.4037,Rabbit
67e1c4e2ca61a52a92a67ba4,1742849048,197533.9444,1742849080,165533.9444,Rabbit
67e1c4e2ca61a52a92a67b7c,1742849048,197477.1812,1742849080,165477.1812,Rabbit
67e1c4e2ca61a52a92a67b2d,1742849048,196497.5313,1742849080,164497.5313,Rabbit
67e1c4e2ca61a52a92a67bf6,1742849048,197876.557,1742849080,165876.557,Rabbit
67e1c4e2ca61a52a92a67bfe,1742849048,197921.5729,1742849080,165921.5729,Rabbit
67e1c4e2ca61a52a92a67b2b,1742849048,196493.7551,1742849080,164493.7551,Rabbit
67e1c4e2ca61a52a92a67b6b,1742849048,197422.8569,1742849080,165422.8569,Rabbit
67e1c4e2ca61a52a92a67c06,1742849048,197932.4014,1742849080,165932.4014,Rabbit
67e1c4e2ca61a52a92a67b33,1742849048,196679.8084,1742849080,164679.8084,Rabbit
67e1c4e2ca61a52a92a67bac,1742849048,197546.8863,1742849080,165546.8863,Rabbit
67e1c4e2ca61a52a92a67bbd,1742849048,197628.9593,1742849080,165628.9593,Rabbit
67e1c4e2ca61a52a92a67b4b,1742849048,197085.5379,1742849080,165085.5379,Rabbit
67e1c4e2ca61a52a92a67b9f,1742849048,197526.1055,1742849080,165526.1055,Rabbit
67e1c4e2ca61a52a92a67b29,1742849048,196400.6764,1742849080,164400.6764,Rabbit
67e1c4e2ca61a52a92a67b6a,1742849048,197392.0782,1742849080,165392.0782,Rabbit
67e1c4e2ca61a52a92a67c1c,1742849048,197963.7669,1742849080,165963.7669,Rabbit
67e1c4e2ca61a52a92a67b39,1742849048,196714.4231,1742849080,164714.4231,Rabbit
67e1c4e2ca61a52a92a67c10,1742849048,197946.3469,1742849080,165946.3469,Rabbit
67e1c4e2ca61a52a92a67b7b,1742849048,197475.7782,1742849080,165475.7782,Rabbit
67e1c4e2ca61a52a92a67b82,1742849048,197486.0312,1742849080,165486.0312,Rabbit
67e1c4e2ca61a52a92a67b37,1742849048,196711.5837,1742849080,164711.5837,Rabbit
67e1c4e2ca61a52a92a67c26,1742849048,197977.6215,1742849080,165977.6215,Rabbit
67e1c4e2ca61a52a92a67c04,1742849048,197929.6743,1742849080,165929.6743,Rabbit
67e1c4e2ca61a52a92a67c0b,1742849048,197939.6854,1742849080,165939.6854,Rabbit
67e1c4e2ca61a52a92a67ba1,1742849048,197528.8381,1742849080,165528.8381,Rabbit
67e1c4e2ca61a52a92a67c05,1742849048,197931.0426,1742849080,165931.0426,Rabbit
67e1c4e2ca61a52a92a67ba2,1742849048,197530.1947,1742849080,165530.1947,Rabbit
67e1c4e2ca61a52a92a67b73,1742849048,197464.2644,1742849080,165464.2644,Rabbit
67e1c4e2ca61a52a92a67b76,1742849048,197468.4109,1742849080,165468.4109,Rabbit
67e1c4e2ca61a52a92a67bd3,1742849048,197763.5735,1742849080,165763.5735,Rabbit
67e1c4e2ca61a52a92a67b23,1742849048,196214.867,1742849080,164214.867,Rabbit
67e1c4e2ca61a52a92a67bab,1742849048,197545.2743,1742849080,165545.2743,Rabbit
67e1c4e2ca61a52a92a67bf9,1742849048,197880.7133,1742849080,165880.7133,Rabbit
67e1c4e2ca61a52a92a67b3c,1742849048,196772.809,1742849080,164772.809,Rabbit
67e1c4e2ca61a52a92a67c00,1742849048,197924.2694,1742849080,165924.2694,Rabbit
67e1c4e2ca61a52a92a67c2c,1742849048,197987.9028,1742849080,165987.9028,Rabbit
67e1c4e2ca61a52a92a67c27,1742849048,197979.0803,1742849080,165979.0803,Rabbit
67e1c4e2ca61a52a92a67b92,1742849048,197508.4392,1742849080,165508.4392,Rabbit
67e1c4e2ca61a52a92a67b38,1742849048,196713.0409,1742849080,164713.0409,Rabbit
67e1c4e2ca61a52a92a67c22,1742849048,197972.2024,1742849080,165972.2024,Rabbit
67e1c4e2ca61a52a92a67bcf,1742849048,197727.8241,1742849080,165727.8241,Rabbit
67e1c4e2ca61a52a92a67b4c,1742849048,197087.9768,1742849080,165087.9768,Rabbit
67e1c4e2ca61a52a92a67c07,1742849048,197933.7768,1742849080,165933.7768,Rabbit
67e1c4e2ca61a52a92a67b53,1742849048,197217.8564,1742849080,165217.8564,Rabbit
67e1c4e2ca61a52a92a67bc6,1742849048,197693.6772,1742849080,165693.6772,Rabbit
67e1c4e2ca61a52a92a67b3f,1742849048,196865.8873,1742849080,164865.8873,Rabbit
67e1c4e2ca61a52a92a67b98,1742849048,197516.6839,1742849080,165516.6839,Rabbit
67e1c4e2ca61a52a92a67bb8,1742849048,197584.7337,1742849080,165584.7337,Rabbit
67e1c4e2ca61a52a92a67b21,1742849048,196183.9008,1742849080,164183.9008,Rabbit
67e1c4e2ca61a52a92a67c01,1742849048,197925.5993,1742849080,165925.5993,Rabbit
67e1c4e2ca61a52a92a67b4a,1742849048,197082.9875,1742849080,165082.9875,Rabbit
67e1c4e2ca61a52a92a67b5f,1742849048,197319.2028,1742849080,165319.2028,Rabbit
67e1c4e2ca61a52a92a67bd9,1742849048,197772.0628,1742849080,165772.0628,Rabbit
67e1c4e2ca61a52a92a67b8a,1742849048,197497.4834,1742849080,165497.4834,Rabbit
67e1c4e2ca61a52a92a67bae,1742849048,197549.8958,1742849080,165549.8958,Rabbit
67e1c4e2ca61a52a92a67c1a,1742849048,197961.031,1742849080,165961.031,Rabbit
67e1c4e2ca61a52a92a67b4f,1742849048,197207.8769,1742849080,165207.8769,Rabbit
67e1c4e2ca61a52a92a67b84,1742849048,197488.9543,1742849080,165488.9543,Rabbit
67e1c4e2ca61a52a92a67bf1,1742849048,197869.5259,1742849080,165869.5259,Rabbit
67e1c4e2ca61a52a92a67bcd,1742849048,197725.251,1742849080,165725.251,Rabbit
67e1c4e2ca61a52a92a67b2c,1742849048,196495.8978,1742849080,164495.8978,Rabbit
67e1c4e2ca61a52a92a67c15,1742849048,197954.0342,1742849080,165954.0342,Rabbit
67e1c4e2ca61a52a92a67be5,1742849048,197789.3312,1742849080,165789.3312,Rabbit
67e1c4e2ca61a52a92a67b99,1742849048,197518.0255,1742849080,165518.0255,Rabbit
67e1c4e2ca61a52a92a67be6,1742849048,197826.6619,1742849080,165826.6619,Rabbit
67e1c4e2ca61a52a92a67bdd,1742849048,197777.8185,1742849080,165777.8185,Rabbit
67e1c4e2ca61a52a92a67bb3,1742849048,197577.8927,1742849080,165577.8927,Rabbit
67e1c4e2ca61a52a92a67b5e,1742849048,197317.3473,1742849080,165317.3473,Rabbit
67e1c4e2ca61a52a92a67b6e,1742849048,197457.4758,1742849080,165457.4758,Rabbit
67e1c4e2ca61a52a92a67bcc,1742849048,197723.9227,1742849080,165723.9227,Rabbit
67e1c4e2ca61a52a92a67b3e,1742849048,196835.5756,1742849080,164835.5756,Rabbit
67e1c4e2ca61a52a92a67b51,1742849048,197214.5198,1742849080,165214.5198,Rabbit
67e1c4e2ca61a52a92a67b45,1742849048,197052.5376,1742849080,165052.5376,Rabbit
67e1c4e2ca61a52a92a67b64,1742849048,197329.5846,1742849080,165329.5846,Rabbit
67e1c4e2ca61a52a92a67b74,1742849048,197465.6596,1742849080,165465.6596,Rabbit
67e1c4e2ca61a52a92a67b7d,1742849048,197478.7699,1742849080,165478.7699,Rabbit
67e1c4e2ca61a52a92a67b93,1742849048,197509.7985,1742849080,165509.7985,Rabbit
67e1c4e2ca61a52a92a67bf7,1742849048,197877.9103,1742849080,165877.9103,Rabbit
67e1c4e2ca61a52a92a67b47,1742849048,197056.3038,1742849080,165056.3038,Rabbit
67e1c4e2ca61a52a92a67bf8,1742849048,197879.3161,1742849080,165879.3161,Rabbit
67e1c4e2ca61a52a92a67b78,1742849048,197471.2382,1742849080,165471.2382,Rabbit
67e1c4e2ca61a52a92a67ba7,1742849048,197539.1043,1742849080,165539.1043,Rabbit
67e1c4e2ca61a52a92a67b8d,1742849048,197501.6466,1742849080,165501.6466,Rabbit
67e1c4e2ca61a52a92a67c14,1742849048,197952.646,1742849080,165952.646,Rabbit
67e1c4e2ca61a52a92a67b70,1742849048,197460.2105,1742849080,165460.2105,Rabbit
67e1c4e2ca61a52a92a67b2a,1742849048,196432.6054,1742849080,164432.6054,Rabbit
67e1c4e2ca61a52a92a67b9c,1742849048,197522.0732,1742849080,165522.0732,Rabbit
67e1c4e2ca61a52a92a67bc4,1742849048,197690.8589,1742849080,165690.8589,Rabbit
67e1c4e2ca61a52a92a67bdb,1742849048,197774.9506,1742849080,165774.9506,Rabbit
67e1c4e2ca61a52a92a67bd8,1742849048,197770.6468,1742849080,165770.6468,Rabbit
67e1c4e2ca61a52a92a67b6d,1742849048,197456.0943,1742849080,165456.0943,Rabbit
67e1c4e2ca61a52a92a67c29,1742849048,197981.8794,1742849080,165981.8794,Rabbit
67e1c4e2ca61a52a92a67baf,1742849048,197551.3663,1742849080,165551.3663,Rabbit
67e1c4e2ca61a52a92a67b43,1742849048,196989.6462,1742849080,164989.6462,Rabbit
67e1c4e2ca61a52a92a67b56,1742849048,197224.8813,1742849080,165224.8813,Rabbit
67e1c4e2ca61a52a92a67b31,1742849048,196620.8232,1742849080,164620.8232,Rabbit
67e1c4e2ca61a52a92a67b67,1742849048,197334.2945,1742849080,165334.2945,Rabbit
67e1c4e2ca61a52a92a67bc5,1742849048,197692.2981,1742849080,165692.2981,Rabbit
67e1c4e2ca61a52a92a67b22,1742849048,196186.109,1742849080,164186.109,Rabbit
67e1c4e2ca61a52a92a67bc7,1742849048,197717.0481,1742849080,165717.0481,Rabbit
67e1c4e2ca61a52a92a67bf3,1742849048,197872.4861,1742849080,165872.4861,Rabbit
67e1c4e2ca61a52a92a67bb2,1742849048,197555.8009,1742849080,165555.8009,Rabbit
67e1c4e2ca61a52a92a67b79,1742849048,197472.7078,1742849080,165472.7078,Rabbit
67e1c4e2ca61a52a92a67b5b,1742849048,197260.8875,1742849080,165260.8875,Rabbit
67e1c4e2ca61a52a92a67b8f,1742849048,197504.4146,1742849080,165504.4146,Rabbit
67e1c4e2ca61a52a92a67b44,1742849048,197020.3238,1742849080,165020.3238,Rabbit
67e1c4e2ca61a52a92a67bd0,1742849048,197729.1687,1742849080,165729.1687,Rabbit
67e1c4e2ca61a52a92a67b6f,1742849048,197458.84,1742849080,165458.84,Rabbit
67e1c4e2ca61a52a92a67b75,1742849048,197467.0477,1742849080,165467.0477,Rabbit
67e1c4e2ca61a52a92a67c2d,1742849048,198011.6687,1742849080,166011.6687,Rabbit
67e1c4e2ca61a52a92a67b61,1742849048,197323.0461,1742849080,165323.0461,Rabbit
67e1c4e2ca61a52a92a67c12,1742849048,197949.3899,1742849080,165949.3899,Rabbit
67e1c4e2ca61a52a92a67b86,1742849048,197491.9378,1742849080,165491.9378,Rabbit
67e1c4e2ca61a52a92a67b66,1742849048,197332.9828,1742849080,165332.9828,Rabbit
67e1c4e2ca61a52a92a67b3a,1742849048,196742.5451,1742849080,164742.5451,Rabbit
67e1c4e2ca61a52a92a67c0d,1742849048,197942.4291,1742849080,165942.4291,Rabbit
67e1c4e2ca61a52a92a67b58,1742849048,197254.3306,1742849080,165254.3306,Rabbit
67e1c4e2ca61a52a92a67c24,1742849048,197974.9156,1742849080,165974.9156,Rabbit
67e1c4e2ca61a52a92a67b2f,1742849048,196586.8261,1742849080,164586.8261,Rabbit
67e1c4e2ca61a52a92a67b6c,1742849048,197454.6296,1742849080,165454.6296,Rabbit
67e1c4e2ca61a52a92a67b90,1742849048,197505.7221,1742849080,165505.7221,Rabbit
67e1c4e2ca61a52a92a67b41,1742849048,196927.9777,1742849080,164927.9777,Rabbit
67e1c4e2ca61a52a92a67bfd,1742849048,197920.1447,1742849080,165920.1447,Rabbit
67e1c4e2ca61a52a92a67b9b,1742849048,197520.7023,1742849080,165520.7023,Rabbit
67e1c4e2ca61a52a92a67b94,1742849048,197511.1862,1742849080,165511.1862,Rabbit
67e1c4e2ca61a52a92a67b26,1742849048,196338.6163,1742849080,164338.6163,Rabbit
67e1c4e2ca61a52a92a67bbf,1742849048,197632.1974,1742849080,165632.1974,Rabbit
67e1c4e2ca61a52a92a67b89,1742849048,197496.1521,1742849080,165496.1521,Rabbit
67e1c4e2ca61a52a92a67bca,1742849048,197721.2621,1742849080,165721.2621,Rabbit
67e1c4e2ca61a52a92a67bbc,1742849048,197627.1402,1742849080,165627.1402,Rabbit
67e1c4e2ca61a52a92a67bbb,1742849048,197624.8402,1742849080,165624.8402,Rabbit
67e1c4e2ca61a52a92a67bf4,1742849048,197873.8619,1742849080,165873.8619,Rabbit
67e1c4e2ca61a52a92a67be3,1742849048,197786.5017,1742849080,165786.5017,Rabbit
67e1c4e2ca61a52a92a67b57,1742849048,197226.5314,1742849080,165226.5314,Rabbit
67e1c4e2ca61a52a92a67bb7,1742849048,197583.4052,1742849080,165583.4052,Rabbit
67e1c4e2ca61a52a92a67bde,1742849048,197779.4281,1742849080,165779.4281,Rabbit
67e1c4e2ca61a52a92a67c2e,1742849048,198013.2218,1742849080,166013.2218,Rabbit
67e1c4e2ca61a52a92a67c0a,1742849048,197938.2638,1742849080,165938.2638,Rabbit
67e1c4e2ca61a52a92a67bf5,1742849048,197875.2245,1742849080,165875.2245,Rabbit
67e1c4e2ca61a52a92a67c18,1742849048,197958.232,1742849080,165958.232,Rabbit
67e1c4e2ca61a52a92a67be1,1742849048,197783.6978,1742849080,165783.6978,Rabbit
67e1c4e2ca61a52a92a67b52,1742849048,197216.2295,1742849080,165216.2295,Rabbit
67e1c4e2ca61a52a92a67ba9,1742849048,197542.1227,1742849080,165542.1227,Rabbit
67e1c4e2ca61a52a92a67bda,1742849048,197773.4445,1742849080,165773.4445,Rabbit
67e1c4e2ca61a52a92a67bec,1742849048,197861.9576,1742849080,165861.9576,Rabbit
67e1c4e2ca61a52a92a67bc0,1742849048,197655.4544,1742849080,165655.4544,Rabbit
67e1c4e2ca61a52a92a67b9a,1742849048,197519.3306,1742849080,165519.3306,Rabbit
67e1c4e2ca61a52a92a67bed,1742849048,197863.5361,1742849080,165863.5361,Rabbit
67e1c4e2ca61a52a92a67bd5,1742849048,197766.4352,1742849080,165766.4352,Rabbit
67e1c4e2ca61a52a92a67b42,1742849048,196929.9389,1742849080,164929.9389,Rabbit
67e1c4e2ca61a52a92a67b9e,1742849048,197524.7163,1742849080,165524.7163,Rabbit
67e1c4e2ca61a52a92a67b95,1742849048,197512.5689,1742849080,165512.5689,Rabbit
67e1c4e2ca61a52a92a67a5b,1742849048,191673.6864,1742849079,160673.6864,Rabbit
67e1c4e2ca61a52a92a67a9c,1742849048,193349.0052,1742849079,162349.0052,Rabbit
67e1c4e2ca61a52a92a67b18,1742849048,195906.1822,1742849079,164906.1822,Rabbit
67e1c4e2ca61a52a92a67a36,1742849048,191050.5529,1742849079,160050.5529,Rabbit
67e1c4e2ca61a52a92a67a5f,1742849048,191740.8949,1742849079,160740.8949,Rabbit
67e1c4e2ca61a52a92a67a3f,1742849048,191209.3339,1742849079,160209.3339,Rabbit
67e1c4e2ca61a52a92a67a44,1742849048,191303.8485,1742849079,160303.8485,Rabbit
67e1c4e2ca61a52a92a67b03,1742849048,195409.0915,1742849079,164409.0915,Rabbit
67e1c4e2ca61a52a92a67aed,1742849048,194742.9198,1742849079,163742.9198,Rabbit
67e1c4e2ca61a52a92a67acf,1742849048,194209.8431,1742849079,163209.8431,Rabbit
67e1c4e2ca61a52a92a67aeb,1742849048,194657.0673,1742849079,163657.0673,Rabbit
67e1c4e2ca61a52a92a67a26,1742849048,190759.0225,1742849079,159759.0225,Rabbit
67e1c4e2ca61a52a92a67b02,1742849048,195379.1385,1742849079,164379.1385,Rabbit
67e1c4e2ca61a52a92a67ae9,1742849048,194650.9778,1742849079,163650.9778,Rabbit
67e1c4e2ca61a52a92a67adf,1742849048,194497.828,1742849079,163497.828,Rabbit
67e1c4e2ca61a52a92a67ac6,1742849048,194144.3729,1742849079,163144.3729,Rabbit
67e1c4e2ca61a52a92a67aa3,1742849048,193533.6241,1742849079,162533.6241,Rabbit
67e1c4e2ca61a52a92a67ae0,1742849048,194499.6123,1742849079,163499.6123,Rabbit
67e1c4e2ca61a52a92a67b19,1742849048,195936.1861,1742849079,164936.1861,Rabbit
67e1c4e2ca61a52a92a67ad6,1742849048,194345.9272,1742849079,163345.9272,Rabbit
67e1c4e2ca61a52a92a67a16,1742849048,190425.1092,1742849079,159425.1092,Rabbit
67e1c4e2ca61a52a92a67ada,1742849048,194466.0653,1742849079,163466.0653,Rabbit
67e1c4e2ca61a52a92a67a65,1742849048,191952.2992,1742849079,160952.2992,Rabbit
67e1c4e2ca61a52a92a67a2e,1742849048,190914.0923,1742849079,159914.0923,Rabbit
67e1c4e2ca61a52a92a67a22,1742849048,190699.3501,1742849079,159699.3501,Rabbit
67e1c4e2ca61a52a92a67a0e,1742849048,190294.5541,1742849079,159294.5541,Rabbit
67e1c4e2ca61a52a92a67afb,1742849048,195130.0961,1742849079,164130.0961,Rabbit
67e1c4e2ca61a52a92a67add,1742849048,194471.8087,1742849079,163471.8087,Rabbit
67e1c4e2ca61a52a92a67aac,1742849048,193738.1806,1742849079,162738.1806,Rabbit
67e1c4e2ca61a52a92a67b05,1742849048,195472.0568,1742849079,164472.0568,Rabbit
67e1c4e2ca61a52a92a67ab3,1742849048,193797.2641,1742849079,162797.2641,Rabbit
67e1c4e2ca61a52a92a67adc,1742849048,194470.1688,1742849079,163470.1688,Rabbit
67e1c4e2ca61a52a92a67acc,1742849048,194205.6013,1742849079,163205.6013,Rabbit
67e1c4e2ca61a52a92a67a9d,1742849048,193380.2196,1742849079,162380.2196,Rabbit
67e1c4e2ca61a52a92a67ab9,1742849048,193890.2404,1742849079,162890.2404,Rabbit
67e1c4e2ca61a52a92a67a58,1742849048,191549.8492,1742849079,160549.8492,Rabbit
67e1c4e2ca61a52a92a67a8f,1742849048,193102.825,1742849079,162102.825,Rabbit
67e1c4e2ca61a52a92a67ad2,1742849048,194279.7683,1742849079,163279.7683,Rabbit
67e1c4e2ca61a52a92a67a81,1742849048,192727.5028,1742849079,161727.5028,Rabbit
67e1c4e2ca61a52a92a67aa1,1742849048,193476.4714,1742849079,162476.4714,Rabbit
67e1c4e2ca61a52a92a67a48,1742849048,191335.9217,1742849079,160335.9217,Rabbit
67e1c4e2ca61a52a92a67a2f,1742849048,190944.9925,1742849079,159944.9925,Rabbit
67e1c4e2ca61a52a92a67a14,1742849048,190420.7979,1742849079,159420.7979,Rabbit
67e1c4e2ca61a52a92a67a29,1742849048,190824.0551,1742849079,159824.0551,Rabbit
67e1c4e2ca61a52a92a67adb,1742849048,194468.2236,1742849079,163468.2236,Rabbit
67e1c4e2ca61a52a92a67a62,1742849048,191891.336,1742849079,160891.336,Rabbit
67e1c4e2ca61a52a92a67a51,1742849048,191416.2481,1742849079,160416.2481,Rabbit
67e1c4e2ca61a52a92a67a1f,1742849048,190630.4342,1742849079,159630.4342,Rabbit
67e1c4e2ca61a52a92a67af8,1742849048,195008.1604,1742849079,164008.1604,Rabbit
67e1c4e2ca61a52a92a67ad4,1742849048,194342.1336,1742849079,163342.1336,Rabbit
67e1c4e2ca61a52a92a67acd,1742849048,194206.9949,1742849079,163206.9949,Rabbit
67e1c4e2ca61a52a92a67a0f,1742849048,190295.9904,1742849079,159295.9904,Rabbit
67e1c4e2ca61a52a92a67ae4,1742849048,194587.6553,1742849079,163587.6553,Rabbit
67e1c4e2ca61a52a92a67aa2,1742849048,193502.6862,1742849079,162502.6862,Rabbit
67e1c4e2ca61a52a92a67a10,1742849048,190325.7932,1742849079,159325.7932,Rabbit
67e1c4e2ca61a52a92a67aca,1742849048,194202.532,1742849079,163202.532,Rabbit
67e1c4e2ca61a52a92a67a71,1742849048,192324.2761,1742849079,161324.2761,Rabbit
67e1c4e2ca61a52a92a67a80,1742849048,192696.3837,1742849079,161696.3837,Rabbit
67e1c4e2ca61a52a92a67aaa,1742849048,193706.7599,1742849079,162706.7599,Rabbit
67e1c4e2ca61a52a92a67a12,1742849048,190388.7051,1742849079,159388.7051,Rabbit
67e1c4e2ca61a52a92a67ad7,1742849048,194371.24,1742849079,163371.24,Rabbit
67e1c4e2ca61a52a92a67a31,1742849048,190975.9904,1742849079,159975.9904,Rabbit
67e1c4e2ca61a52a92a67b07,1742849048,195533.6435,1742849079,164533.6435,Rabbit
67e1c4e2ca61a52a92a67aa6,1742849048,193568.2436,1742849079,162568.2436,Rabbit
67e1c4e2ca61a52a92a67a6e,1742849048,192262.5673,1742849079,161262.5673,Rabbit
67e1c4e2ca61a52a92a67aa4,1742849048,193564.7554,1742849079,162564.7554,Rabbit
67e1c4e2ca61a52a92a67a43,1742849048,191302.3144,1742849079,160302.3144,Rabbit
67e1c4e2ca61a52a92a67b10,1742849048,195662.707,1742849079,164662.707,Rabbit
67e1c4e2ca61a52a92a67a84,1742849048,192821.3295,1742849079,161821.3295,Rabbit
67e1c4e2ca61a52a92a67a1e,1742849048,190590.0647,1742849079,159590.0647,Rabbit
67e1c4e2ca61a52a92a67ad5,1742849048,194343.907,1742849079,163343.907,Rabbit
67e1c4e2ca61a52a92a67afe,1742849048,195254.1338,1742849079,164254.1338,Rabbit
67e1c4e2ca61a52a92a67a3c,1742849048,191118.1594,1742849079,160118.1594,Rabbit
67e1c4e2ca61a52a92a67aad,1742849048,193740.0491,1742849079,162740.0491,Rabbit
67e1c4e2ca61a52a92a67b17,1742849048,195877.0952,1742849079,164877.0952,Rabbit
67e1c4e2ca61a52a92a67abd,1742849048,194015.2574,1742849079,163015.2574,Rabbit
67e1c4e2ca61a52a92a67ab2,1742849048,193770.0255,1742849079,162770.0255,Rabbit
67e1c4e2ca61a52a92a67ae5,1742849048,194589.3674,1742849079,163589.3674,Rabbit
67e1c4e2ca61a52a92a67ace,1742849048,194208.416,1742849079,163208.416,Rabbit
67e1c4e2ca61a52a92a67aea,1742849048,194654.5819,1742849079,163654.5819,Rabbit
67e1c4e2ca61a52a92a67b1a,1742849048,195967.2839,1742849079,164967.2839,Rabbit
67e1c4e2ca61a52a92a67a64,1742849048,191894.1527,1742849079,160894.1527,Rabbit
67e1c4e2ca61a52a92a67aa5,1742849048,193566.8425,1742849079,162566.8425,Rabbit
67e1c4e2ca61a52a92a67b16,1742849048,195843.2329,1742849079,164843.2329,Rabbit
67e1c4e2ca61a52a92a67a95,1742849048,193194.2283,1742849079,162194.2283,Rabbit
67e1c4e2ca61a52a92a67aec,1742849048,194681.6717,1742849079,163681.6717,Rabbit
67e1c4e2ca61a52a92a67a47,1742849048,191333.5209,1742849079,160333.5209,Rabbit
67e1c4e2ca61a52a92a67b00,1742849048,195317.4051,1742849079,164317.4051,Rabbit
67e1c4e2ca61a52a92a67afd,1742849048,195192.3363,1742849079,164192.3363,Rabbit
67e1c4e2ca61a52a92a67a4e,1742849048,191381.5601,1742849079,160381.5601,Rabbit
67e1c4e2ca61a52a92a67ae2,1742849048,194527.2408,1742849079,163527.2408,Rabbit
67e1c4e2ca61a52a92a67a1d,1742849048,190588.5715,1742849079,159588.5715,Rabbit
67e1c4e2ca61a52a92a67ac8,1742849048,194171.6384,1742849079,163171.6384,Rabbit
67e1c4e2ca61a52a92a67ad9,1742849048,194463.9622,1742849079,163463.9622,Rabbit
67e1c4e2ca61a52a92a67b0b,1742849048,195626.4649,1742849079,164626.4649,Rabbit
67e1c4e2ca61a52a92a67b06,1742849048,195505.254,1742849079,164505.254,Rabbit
67e1c4e2ca61a52a92a67ade,1742849048,194495.0236,1742849079,163495.0236,Rabbit
67e1c4e2ca61a52a92a67b0a,1742849048,195597.6105,1742849079,164597.6105,Rabbit
67e1c4e2ca61a52a92a67a19,1742849048,190465.0249,1742849079,159465.0249,Rabbit
67e1c4e2ca61a52a92a67ad1,1742849048,194277.6185,1742849079,163277.6185,Rabbit
67e1c4e2ca61a52a92a67a9f,1742849048,193472.1196,1742849079,162472.1196,Rabbit
67e1c4e2ca61a52a92a67b0c,1742849048,195629.0918,1742849079,164629.0918,Rabbit
67e1c4e2ca61a52a92a67af9,1742849048,195068.1984,1742849079,164068.1984,Rabbit
67e1c4e2ca61a52a92a67ac3,1742849048,194139.8981,1742849079,163139.8981,Rabbit
67e1c4e2ca61a52a92a67a50,1742849048,191414.2508,1742849079,160414.2508,Rabbit
67e1c4e2ca61a52a92a67a98,1742849048,193288.5305,1742849079,162288.5305,Rabbit
67e1c4e2ca61a52a92a67b1b,1742849048,196000.5801,1742849079,165000.5801,Rabbit
67e1c4e2ca61a52a92a67ae8,1742849048,194621.6511,1742849079,163621.6511,Rabbit
67e1c4e2ca61a52a92a67b1d,1742849048,196061.5117,1742849079,165061.5117,Rabbit
67e1c4e2ca61a52a92a67a20,1742849048,190667.2684,1742849079,159667.2684,Rabbit
67e1c4e2ca61a52a92a67a4f,1742849048,191412.2969,1742849079,160412.2969,Rabbit
67e1c4e2ca61a52a92a67a49,1742849048,191338.0837,1742849079,160338.0837,Rabbit
67e1c4e2ca61a52a92a67ad0,1742849048,194246.4913,1742849079,163246.4913,Rabbit
67e1c4e2ca61a52a92a67a9e,1742849048,193440.6479,1742849079,162440.6479,Rabbit
67e1c4e2ca61a52a92a67a1b,1742849048,190496.6155,1742849079,159496.6155,Rabbit
67e1c4e2ca61a52a92a67abf,1742849048,194077.7511,1742849079,163077.7511,Rabbit
67e1c4e2ca61a52a92a67a33,1742849048,191043.9086,1742849079,160043.9086,Rabbit
67e1c4e2ca61a52a92a67a5e,1742849048,191738.588,1742849079,160738.588,Rabbit
67e1c4e2ca61a52a92a67ab0,1742849048,193767.0526,1742849079,162767.0526,Rabbit
67e1c4e2ca61a52a92a67ac5,1742849048,194142.7981,1742849079,163142.7981,Rabbit
67e1c4e2ca61a52a92a67a41,1742849048,191271.5238,1742849079,160271.5238,Rabbit
67e1c4e2ca61a52a92a67a60,1742849048,191797.7938,1742849079,160797.7938,Rabbit
67e1c4e2ca61a52a92a67b04,1742849048,195441.1205,1742849079,164441.1205,Rabbit
67e1c4e2ca61a52a92a67ab6,1742849048,193860.5336,1742849079,162860.5336,Rabbit
67e1c4e2ca61a52a92a67a9b,1742849048,193319.0391,1742849079,162319.0391,Rabbit
67e1c4e2ca61a52a92a67b20,1742849048,196152.7382,1742849079,165152.7382,Rabbit
67e1c4e2ca61a52a92a67a38,1742849048,191056.016,1742849079,160056.016,Rabbit
67e1c4e2ca61a52a92a67a73,1742849048,192390.8413,1742849079,161390.8413,Rabbit
67e1c4e2ca61a52a92a67a93,1742849048,193162.4822,1742849079,162162.4822,Rabbit
67e1c4e2ca61a52a92a67a77,1742849048,192511.8953,1742849079,161511.8953,Rabbit
67e1c4e2ca61a52a92a67ab5,1742849048,193828.3269,1742849079,162828.3269,Rabbit
67e1c4e2ca61a52a92a67a74,1742849048,192449.8776,1742849079,161449.8776,Rabbit
67e1c4e2ca61a52a92a67a63,1742849048,191892.686,1742849079,160892.686,Rabbit
67e1c4e2ca61a52a92a67a35,1742849048,191049.0936,1742849079,160049.0936,Rabbit
67e1c4e2ca61a52a92a67ac9,1742849048,194201.0893,1742849079,163201.0893,Rabbit
67e1c4e2ca61a52a92a67a56,1742849048,191487.8872,1742849079,160487.8872,Rabbit
67e1c4e2ca61a52a92a67a2c,1742849048,190854.4922,1742849079,159854.4922,Rabbit
67e1c4e2ca61a52a92a67aae,1742849048,193741.8012,1742849079,162741.8012,Rabbit
67e1c4e2ca61a52a92a67a8d,1742849048,193068.6125,1742849079,162068.6125,Rabbit
67e1c4e2ca61a52a92a67aa0,1742849048,193474.9208,1742849079,162474.9208,Rabbit
67e1c4e2ca61a52a92a67a24,1742849048,190702.4367,1742849079,159702.4367,Rabbit
67e1c4e2ca61a52a92a67a8c,1742849048,193006.4598,1742849079,162006.4598,Rabbit
67e1c4e2ca61a52a92a67aaf,1742849048,193743.2866,1742849079,162743.2866,Rabbit
67e1c4e2ca61a52a92a67a21,1742849048,190697.2283,1742849079,159697.2283,Rabbit
67e1c4e2ca61a52a92a67ac2,1742849048,194138.2956,1742849079,163138.2956,Rabbit
67e1c4e2ca61a52a92a67a66,1742849048,192014.4183,1742849079,161014.4183,Rabbit
67e1c4e2ca61a52a92a67a39,1742849048,191084.5994,1742849079,160084.5994,Rabbit
67e1c4e2ca61a52a92a67aa9,1742849048,193704.3277,1742849079,162704.3277,Rabbit
67e1c4e2ca61a52a92a67a5d,1742849048,191737.2692,1742849079,160737.2692,Rabbit
67e1c4e2ca61a52a92a67a87,1742849048,192884.161,1742849079,161884.161,Rabbit
67e1c4e2ca61a52a92a67a1c,1742849048,190557.6214,1742849079,159557.6214,Rabbit
67e1c4e2ca61a52a92a67a13,1742849048,190419.118,1742849079,159419.118,Rabbit
67e1c4e2ca61a52a92a67a99,1742849048,193291.3974,1742849079,162291.3974,Rabbit
67e1c4e2ca61a52a92a67af2,1742849048,194960.9282,1742849079,163960.9282,Rabbit
67e1c4e2ca61a52a92a67a17,1742849048,190426.5833,1742849079,159426.5833,Rabbit
67e1c4e2ca61a52a92a67a15,1742849048,190422.9811,1742849079,159422.9811,Rabbit
67e1c4e2ca61a52a92a67b11,1742849048,195688.473,1742849079,164688.473,Rabbit
67e1c4e2ca61a52a92a67b13,1742849048,195781.5645,1742849079,164781.5645,Rabbit
67e1c4e2ca61a52a92a67a11,1742849048,190355.9853,1742849079,159355.9853,Rabbit
67e1c4e2ca61a52a92a67a8e,1742849048,193100.737,1742849079,162100.737,Rabbit
67e1c4e2ca61a52a92a67a2a,1742849048,190825.428,1742849079,159825.428,Rabbit
67e1c4e2ca61a52a92a67a61,1742849048,191859.3206,1742849079,160859.3206,Rabbit
67e1c4e2ca61a52a92a67a55,1742849048,191458.6852,1742849079,160458.6852,Rabbit
67e1c4e2ca61a52a92a67a90,1742849048,193104.7012,1742849079,162104.7012,Rabbit
67e1c4e2ca61a52a92a67b1e,1742849048,196063.5179,1742849079,165063.5179,Rabbit
67e1c4e2ca61a52a92a67ae6,1742849048,194618.5193,1742849079,163618.5193,Rabbit
67e1c4e2ca61a52a92a67b01,1742849048,195347.3117,1742849079,164347.3117,Rabbit
67e1c4e2ca61a52a92a67a27,1742849048,190821.0181,1742849079,159821.0181,Rabbit
67e1c4e2ca61a52a92a67a5c,1742849048,191704.6362,1742849079,160704.6362,Rabbit
67e1c4e2ca61a52a92a67a7e,1742849048,192668.7917,1742849079,161668.7917,Rabbit
67e1c4e2ca61a52a92a67a7f,1742849048,192671.5201,1742849079,161671.5201,Rabbit
67e1c4e2ca61a52a92a67a7c,1742849048,192634.3306,1742849079,161634.3306,Rabbit
67e1c4e2ca61a52a92a67afa,1742849048,195099.1292,1742849079,164099.1292,Rabbit
67e1c4e2ca61a52a92a67a54,1742849048,191456.6055,1742849079,160456.6055,Rabbit
67e1c4e2ca61a52a92a67a5a,1742849048,191642.6047,1742849079,160642.6047,Rabbit
67e1c4e2ca61a52a92a67a42,1742849048,191272.9854,1742849079,160272.9854,Rabbit
67e1c4e2ca61a52a92a67b09,1742849048,195596.1418,1742849079,164596.1418,Rabbit
67e1c4e2ca61a52a92a67a57,1742849048,191490.1747,1742849079,160490.1747,Rabbit
67e1c4e2ca61a52a92a67a72,1742849048,192386.866,1742849079,161386.866,Rabbit
67e1c4e2ca61a52a92a67b0f,1742849048,195634.9127,1742849079,164634.9127,Rabbit
67e1c4e2ca61a52a92a67a79,1742849048,192545.6441,1742849079,161545.6441,Rabbit
67e1c4e2ca61a52a92a67a4a,1742849048,191340.0234,1742849079,160340.0234,Rabbit
67e1c4e2ca61a52a92a67ae1,1742849048,194525.7719,1742849079,163525.7719,Rabbit
67e1c4e2ca61a52a92a67b14,1742849048,195784.3724,1742849079,164784.3724,Rabbit
67e1c4e2ca61a52a92a67a85,1742849048,192851.6808,1742849079,161851.6808,Rabbit
67e1c4e2ca61a52a92a67b08,1742849048,195564.1304,1742849079,164564.1304,Rabbit
67e1c4e2ca61a52a92a67a86,1742849048,192882.5167,1742849079,161882.5167,Rabbit
67e1c4e2ca61a52a92a67a94,1742849048,193164.3725,1742849079,162164.3725,Rabbit
67e1c4e2ca61a52a92a67a91,1742849048,193106.5268,1742849079,162106.5268,Rabbit
67e1c4e2ca61a52a92a67a2d,1742849048,190883.9116,1742849079,159883.9116,Rabbit
67e1c4e2ca61a52a92a67abc,1742849048,193983.5181,1742849079,162983.5181,Rabbit
67e1c4e2ca61a52a92a67aee,1742849048,194804.5498,1742849079,163804.5498,Rabbit
67e1c4e2ca61a52a92a67a9a,1742849048,193317.4129,1742849079,162317.4129,Rabbit
67e1c4e2ca61a52a92a67ab8,1742849048,193864.081,1742849079,162864.081,Rabbit
67e1c4e2ca61a52a92a67b0e,1742849048,195633.1626,1742849079,164633.1626,Rabbit
67e1c4e2ca61a52a92a67a18,1742849048,190428.411,1742849079,159428.411,Rabbit
67e1c4e2ca61a52a92a67aba,1742849048,193921.5256,1742849079,162921.5256,Rabbit
67e1c4e2ca61a52a92a67af7,1742849048,195006.1903,1742849079,164006.1903,Rabbit
67e1c4e2ca61a52a92a67a7a,1742849048,192603.4758,1742849079,161603.4758,Rabbit
67e1c4e2ca61a52a92a67a7b,1742849048,192605.1161,1742849079,161605.1161,Rabbit
67e1c4e2ca61a52a92a67ae3,1742849048,194529.4698,1742849079,163529.4698,Rabbit
67e1c4e2ca61a52a92a67ac4,1742849048,194141.3599,1742849079,163141.3599,Rabbit
67e1c4e2ca61a52a92a67af0,1742849048,194928.5623,1742849079,163928.5623,Rabbit
67e1c4e2ca61a52a92a67ac7,1742849048,194170.1265,1742849079,163170.1265,Rabbit
67e1c4e2ca61a52a92a67af6,1742849048,194976.0046,1742849079,163976.0046,Rabbit
67e1c4e2ca61a52a92a67a1a,1742849048,190468.149,1742849079,159468.149,Rabbit
67e1c4e2ca61a52a92a67a59,1742849048,191580.5693,1742849079,160580.5693,Rabbit
67e1c4e2ca61a52a92a67a4b,1742849048,191341.7647,1742849079,160341.7647,Rabbit
67e1c4e2ca61a52a92a67a6d,1742849048,192232.1494,1742849079,161232.1494,Rabbit
67e1c4e2ca61a52a92a67b15,1742849048,195785.9784,1742849079,164785.9784,Rabbit
67e1c4e2ca61a52a92a67aef,1742849048,194866.9072,1742849079,163866.9072,Rabbit
67e1c4e2ca61a52a92a67a2b,1742849048,190852.9232,1742849079,159852.9232,Rabbit
67e1c4e2ca61a52a92a67aa8,1742849048,193673.5551,1742849079,162673.5551,Rabbit
67e1c4e2ca61a52a92a67a67,1742849048,192045.9077,1742849079,161045.9077,Rabbit
67e1c4e2ca61a52a92a67a68,1742849048,192077.1515,1742849079,161077.1515,Rabbit
67e1c4e2ca61a52a92a67a88,1742849048,192914.1886,1742849079,161914.1886,Rabbit
67e1c4e2ca61a52a92a67af1,1742849048,194930.4836,1742849079,163930.4836,Rabbit
67e1c4e2ca61a52a92a67a69,1742849048,192138.7871,1742849079,161138.7871,Rabbit
67e1c4e2ca61a52a92a67a46,1742849048,191306.6032,1742849079,160306.6032,Rabbit
67e1c4e2ca61a52a92a67a6b,1742849048,192169.4991,1742849079,161169.4991,Rabbit
67e1c4e2ca61a52a92a67abe,1742849048,194045.3943,1742849079,163045.3943,Rabbit
67e1c4e2ca61a52a92a67a70,1742849048,192294.2764,1742849079,161294.2764,Rabbit
67e1c4e2ca61a52a92a67afc,1742849048,195162.9616,1742849079,164162.9616,Rabbit
67e1c4e2ca61a52a92a67acb,1742849048,194204.1028,1742849079,163204.1028,Rabbit
67e1c4e2ca61a52a92a67a40,1742849048,191240.456,1742849079,160240.456,Rabbit
67e1c4e2ca61a52a92a67a92,1742849048,193131.334,1742849079,162131.334,Rabbit
67e1c4e2ca61a52a92a67ad3,1742849048,194308.7811,1742849079,163308.7811,Rabbit
67e1c4e2ca61a52a92a67a6f,1742849048,192264.5834,1742849079,161264.5834,Rabbit
67e1c4e2ca61a52a92a67a78,1742849048,192513.566,1742849079,161513.566,Rabbit
67e1c4e2ca61a52a92a67a8a,1742849048,192946.15,1742849079,161946.15,Rabbit
67e1c4e2ca61a52a92a67a75,1742849048,192455.194,1742849079,161455.194,Rabbit
67e1c4e2ca61a52a92a67a4d,1742849048,191380.118,1742849079,160380.118,Rabbit
67e1c4e2ca61a52a92a67af5,1742849048,194973.0127,1742849079,163973.0127,Rabbit
67e1c4e2ca61a52a92a67ac0,1742849048,194079.9714,1742849079,163079.9714,Rabbit
67e1c4e2ca61a52a92a67aff,1742849048,195286.2125,1742849079,164286.2125,Rabbit
67e1c4e2ca61a52a92a67a3b,1742849048,191116.4951,1742849079,160116.4951,Rabbit
67e1c4e2ca61a52a92a67aa7,1742849048,193641.2689,1742849079,162641.2689,Rabbit
67e1c4e2ca61a52a92a67a76,1742849048,192480.1353,1742849079,161480.1353,Rabbit
67e1c4e2ca61a52a92a67ab1,1742849048,193768.513,1742849079,162768.513,Rabbit
67e1c4e2ca61a52a92a67a3a,1742849048,191086.5035,1742849079,160086.5035,Rabbit
67e1c4e2ca61a52a92a67a96,1742849048,193223.5273,1742849079,162223.5273,Rabbit
67e1c4e2ca61a52a92a67a45,1742849048,191305.2087,1742849079,160305.2087,Rabbit
67e1c4e2ca61a52a92a67a83,1742849048,192791.114,1742849079,161791.114,Rabbit
67e1c4e2ca61a52a92a67abb,1742849048,193922.9344,1742849079,162922.9344,Rabbit
67e1c4e2ca61a52a92a67a8b,1742849048,192948.465,1742849079,161948.465,Rabbit
67e1c4e2ca61a52a92a67a53,1742849048,191420.2061,1742849079,160420.2061,Rabbit
67e1c4e2ca61a52a92a67b1c,1742849048,196029.5598,1742849079,165029.5598,Rabbit
67e1c4e2ca61a52a92a67a7d,1742849048,192666.7137,1742849079,161666.7137,Rabbit
67e1c4e2ca61a52a92a67a30,1742849048,190946.4955,1742849079,159946.4955,Rabbit
67e1c4e2ca61a52a92a67a6c,1742849048,192201.6862,1742849079,161201.6862,Rabbit
67e1c4e2ca61a52a92a67a3d,1742849048,191148.1563,1742849079,160148.1563,Rabbit
67e1c4e2ca61a52a92a67ab4,1742849048,193798.9632,1742849079,162798.9632,Rabbit
67e1c4e2ca61a52a92a67a3e,1742849048,191177.4968,1742849079,160177.4968,Rabbit
67e1c4e2ca61a52a92a67a52,1742849048,191418.2063,1742849079,160418.2063,Rabbit
67e1c4e2ca61a52a92a67ad8,1742849048,194432.5448,1742849079,163432.5448,Rabbit
67e1c4e2ca61a52a92a67a23,1742849048,190700.8935,1742849079,159700.8935,Rabbit
67e1c4e2ca61a52a92a67b1f,1742849048,196091.3481,1742849079,165091.3481,Rabbit
67e1c4e2ca61a52a92a67a97,1742849048,193285.6199,1742849079,162285.6199,Rabbit
67e1c4e2ca61a52a92a67aab,1742849048,193736.2498,1742849079,162736.2498,Rabbit
67e1c4e2ca61a52a92a67a28,1742849048,190822.6321,1742849079,159822.6321,Rabbit
67e1c4e2ca61a52a92a67ab7,1742849048,193862.4793,1742849079,162862.4793,Rabbit
67e1c4e2ca61a52a92a67b12,1742849048,195719.1716,1742849079,164719.1716,Rabbit
67e1c4e2ca61a52a92a67a34,1742849048,191046.6154,1742849079,160046.6154,Rabbit
67e1c4e2ca61a52a92a67b0d,1742849048,195630.9937,1742849079,164630.9937,Rabbit
67e1c4e2ca61a52a92a67ae7,1742849048,194620.2094,1742849079,163620.2094,Rabbit
67e1c4e2ca61a52a92a67a37,1742849048,191052.4963,1742849079,160052.4963,Rabbit
67e1c4e2ca61a52a92a67a32,1742849048,191007.1665,1742849079,160007.1665,Rabbit
67e1c4e2ca61a52a92a67a89,1742849048,192915.6304,1742849079,161915.6304,Rabbit
67e1c4e2ca61a52a92a67af3,1742849048,194962.9432,1742849079,163962.9432,Rabbit
67e1c4e2ca61a52a92a67ac1,1742849048,194108.9542,1742849079,163108.9542,Rabbit
67e1c4e2ca61a52a92a67a25,1742849048,190729.368,1742849079,159729.368,Rabbit
67e1c4e2ca61a52a92a67a4c,1742849048,191343.3714,1742849079,160343.3714,Rabbit
67e1c4e2ca61a52a92a67a82,1742849048,192758.6573,1742849079,161758.6573,Rabbit
67e1c4e2ca61a52a92a67a6a,1742849048,192141.0423,1742849079,161141.0423,Rabbit
67e1c4e2ca61a52a92a67af4,1742849048,194970.3175,1742849079,163970.3175,Rabbit
67e1c4e2ca61a52a92a679b9,1742849048,188511.4788,1742849078,158511.4788,Rabbit
67e1c4e2ca61a52a92a679ba,1742849048,188547.5392,1742849078,158547.5392,Rabbit
67e1c4e2ca61a52a92a679c0,1742849048,188624.7504,1742849078,158624.7504,Rabbit
67e1c4e2ca61a52a92a679a7,1742849048,187970.4304,1742849078,157970.4304,Rabbit
67e1c4e2ca61a52a92a679a3,1742849048,187883.6398,1742849078,157883.6398,Rabbit
67e1c4e2ca61a52a92a679a8,1742849048,187972.7808,1742849078,157972.7808,Rabbit
67e1c4e2ca61a52a92a6796a,1742849048,187078.1788,1742849078,157078.1788,Rabbit
67e1c4e2ca61a52a92a6795c,1742849048,186853.412,1742849078,156853.412,Rabbit
67e1c4e2ca61a52a92a679a1,1742849048,187879.8044,1742849078,157879.8044,Rabbit
67e1c4e2ca61a52a92a6797a,1742849048,187335.5706,1742849078,157335.5706,Rabbit
67e1c4e2ca61a52a92a67969,1742849048,187076.2542,1742849078,157076.2542,Rabbit
67e1c4e2ca61a52a92a679ae,1742849048,188072.2602,1742849078,158072.2602,Rabbit
67e1c4e2ca61a52a92a679ce,1742849048,189007.097,1742849078,159007.097,Rabbit
67e1c4e2ca61a52a92a67998,1742849048,187661.5456,1742849078,157661.5456,Rabbit
67e1c4e2ca61a52a92a6799e,1742849048,187784.1515,1742849078,157784.1515,Rabbit
67e1c4e2ca61a52a92a67974,1742849048,187273.9768,1742849078,157273.9768,Rabbit
67e1c4e2ca61a52a92a679af,1742849048,188075.5987,1742849078,158075.5987,Rabbit
67e1c4e2ca61a52a92a6795d,1742849048,186855.0962,1742849078,156855.0962,Rabbit
67e1c4e2ca61a52a92a679d0,1742849048,189039.5883,1742849078,159039.5883,Rabbit
67e1c4e2ca61a52a92a679b7,1742849048,188387.4842,1742849078,158387.4842,Rabbit
67e1c4e2ca61a52a92a679ea,1742849048,189427.3059,1742849078,159427.3059,Rabbit
67e1c4e2ca61a52a92a679be,1742849048,188554.7583,1742849078,158554.7583,Rabbit
67e1c4e2ca61a52a92a67978,1742849048,187305.9008,1742849078,157305.9008,Rabbit
67e1c4e2ca61a52a92a6798d,1742849048,187519.8852,1742849078,157519.8852,Rabbit
67e1c4e2ca61a52a92a679cd,1742849048,188945.2648,1742849078,158945.2648,Rabbit
67e1c4e2ca61a52a92a67999,1742849048,187663.1167,1742849078,157663.1167,Rabbit
67e1c4e2ca61a52a92a67963,1742849048,187042.3572,1742849078,157042.3572,Rabbit
67e1c4e2ca61a52a92a679f0,1742849048,189674.1406,1742849078,159674.1406,Rabbit
67e1c4e2ca61a52a92a67985,1742849048,187391.859,1742849078,157391.859,Rabbit
67e1c4e2ca61a52a92a679b5,1742849048,188264.513,1742849078,158264.513,Rabbit
67e1c4e2ca61a52a92a679bd,1742849048,188553.1154,1742849078,158553.1154,Rabbit
67e1c4e2ca61a52a92a679ff,1742849048,189922.1505,1742849078,159922.1505,Rabbit
67e1c4e2ca61a52a92a67993,1742849048,187629.0795,1742849078,157629.0795,Rabbit
67e1c4e2ca61a52a92a679b3,1742849048,188202.5113,1742849078,158202.5113,Rabbit
67e1c4e2ca61a52a92a679d6,1742849048,189102.8768,1742849078,159102.8768,Rabbit
67e1c4e2ca61a52a92a679d8,1742849048,189162.0612,1742849078,159162.0612,Rabbit
67e1c4e2ca61a52a92a67a03,1742849048,189984.7111,1742849078,159984.7111,Rabbit
67e1c4e2ca61a52a92a679ed,1742849048,189580.5659,1742849078,159580.5659,Rabbit
67e1c4e2ca61a52a92a679fe,1742849048,189892.2566,1742849078,159892.2566,Rabbit
67e1c4e2ca61a52a92a679f5,1742849048,189706.6397,1742849078,159706.6397,Rabbit
67e1c4e2ca61a52a92a679eb,1742849048,189487.6384,1742849078,159487.6384,Rabbit
67e1c4e2ca61a52a92a67960,1742849048,186946.7381,1742849078,156946.7381,Rabbit
67e1c4e2ca61a52a92a679dd,1742849048,189255.3182,1742849078,159255.3182,Rabbit
67e1c4e2ca61a52a92a679e7,1742849048,189367.8987,1742849078,159367.8987,Rabbit
67e1c4e2ca61a52a92a679c1,1742849048,188628.475,1742849078,158628.475,Rabbit
67e1c4e2ca61a52a92a67970,1742849048,187154.9476,1742849078,157154.9476,Rabbit
67e1c4e2ca61a52a92a67a0c,1742849048,190262.9407,1742849078,160262.9407,Rabbit
67e1c4e2ca61a52a92a679c5,1742849048,188698.0962,1742849078,158698.0962,Rabbit
67e1c4e2ca61a52a92a6797d,1742849048,187339.8727,1742849078,157339.8727,Rabbit
67e1c4e2ca61a52a92a679f7,1742849048,189736.5653,1742849078,159736.5653,Rabbit
67e1c4e2ca61a52a92a679ad,1742849048,188068.6828,1742849078,158068.6828,Rabbit
67e1c4e2ca61a52a92a67980,1742849048,187344.1432,1742849078,157344.1432,Rabbit
67e1c4e2ca61a52a92a67982,1742849048,187384.4766,1742849078,157384.4766,Rabbit
67e1c4e2ca61a52a92a6796c,1742849048,187081.3655,1742849078,157081.3655,Rabbit
67e1c4e2ca61a52a92a679c3,1742849048,188632.7335,1742849078,158632.7335,Rabbit
67e1c4e2ca61a52a92a6796b,1742849048,187079.6435,1742849078,157079.6435,Rabbit
67e1c4e2ca61a52a92a67979,1742849048,187334.0398,1742849078,157334.0398,Rabbit
67e1c4e2ca61a52a92a6795a,1742849048,186762.742,1742849078,156762.742,Rabbit
67e1c4e2ca61a52a92a6796d,1742849048,187148.2193,1742849078,157148.2193,Rabbit
67e1c4e2ca61a52a92a67984,1742849048,187389.8456,1742849078,157389.8456,Rabbit
67e1c4e2ca61a52a92a679c7,1742849048,188760.3064,1742849078,158760.3064,Rabbit
67e1c4e2ca61a52a92a6797e,1742849048,187341.2681,1742849078,157341.2681,Rabbit
67e1c4e2ca61a52a92a67977,1742849048,187304.5313,1742849078,157304.5313,Rabbit
67e1c4e2ca61a52a92a67968,1742849048,187074.7598,1742849078,157074.7598,Rabbit
67e1c4e2ca61a52a92a679ee,1742849048,189611.6834,1742849078,159611.6834,Rabbit
67e1c4e2ca61a52a92a6796f,1742849048,187152.3639,1742849078,157152.3639,Rabbit
67e1c4e2ca61a52a92a679db,1742849048,189198.9859,1742849078,159198.9859,Rabbit
67e1c4e2ca61a52a92a67972,1742849048,187211.5468,1742849078,157211.5468,Rabbit
67e1c4e2ca61a52a92a67a0a,1742849048,190138.8925,1742849078,160138.8925,Rabbit
67e1c4e2ca61a52a92a679e9,1742849048,189425.7053,1742849078,159425.7053,Rabbit
67e1c4e2ca61a52a92a67988,1742849048,187398.1722,1742849078,157398.1722,Rabbit
67e1c4e2ca61a52a92a67976,1742849048,187303.0309,1742849078,157303.0309,Rabbit
67e1c4e2ca61a52a92a67989,1742849048,187400.2508,1742849078,157400.2508,Rabbit
67e1c4e2ca61a52a92a67a06,1742849048,189989.2066,1742849078,159989.2066,Rabbit
67e1c4e2ca61a52a92a67990,1742849048,187583.3529,1742849078,157583.3529,Rabbit
67e1c4e2ca61a52a92a679df,1742849048,189319.3724,1742849078,159319.3724,Rabbit
67e1c4e2ca61a52a92a679a0,1742849048,187876.838,1742849078,157876.838,Rabbit
67e1c4e2ca61a52a92a6799f,1742849048,187845.6654,1742849078,157845.6654,Rabbit
67e1c4e2ca61a52a92a6797f,1742849048,187342.7237,1742849078,157342.7237,Rabbit
67e1c4e2ca61a52a92a679d9,1742849048,189193.6558,1742849078,159193.6558,Rabbit
67e1c4e2ca61a52a92a67a0b,1742849048,190200.8897,1742849078,160200.8897,Rabbit
67e1c4e2ca61a52a92a67a04,1742849048,189986.2122,1742849078,159986.2122,Rabbit
67e1c4e2ca61a52a92a67964,1742849048,187044.7599,1742849078,157044.7599,Rabbit
67e1c4e2ca61a52a92a679e2,1742849048,189328.1263,1742849078,159328.1263,Rabbit
67e1c4e2ca61a52a92a679f8,1742849048,189738.0312,1742849078,159738.0312,Rabbit
67e1c4e2ca61a52a92a679cb,1742849048,188885.4325,1742849078,158885.4325,Rabbit
67e1c4e2ca61a52a92a67971,1742849048,187178.9579,1742849078,157178.9579,Rabbit
67e1c4e2ca61a52a92a6795f,1742849048,186916.408,1742849078,156916.408,Rabbit
67e1c4e2ca61a52a92a679f1,1742849048,189676.1135,1742849078,159676.1135,Rabbit
67e1c4e2ca61a52a92a67a05,1742849048,189987.7533,1742849078,159987.7533,Rabbit
67e1c4e2ca61a52a92a679e3,1742849048,189330.6838,1742849078,159330.6838,Rabbit
67e1c4e2ca61a52a92a679fc,1742849048,189828.8552,1742849078,159828.8552,Rabbit
67e1c4e2ca61a52a92a679b2,1742849048,188170.4235,1742849078,158170.4235,Rabbit
67e1c4e2ca61a52a92a679dc,1742849048,189200.7019,1742849078,159200.7019,Rabbit
67e1c4e2ca61a52a92a67983,1742849048,187387.9681,1742849078,157387.9681,Rabbit
67e1c4e2ca61a52a92a679d5,1742849048,189101.4608,1742849078,159101.4608,Rabbit
67e1c4e2ca61a52a92a679cf,1742849048,189038.0774,1742849078,159038.0774,Rabbit
67e1c4e2ca61a52a92a6798f,1742849048,187581.6851,1742849078,157581.6851,Rabbit
67e1c4e2ca61a52a92a679e4,1742849048,189333.3243,1742849078,159333.3243,Rabbit
67e1c4e2ca61a52a92a679a2,1742849048,187881.8139,1742849078,157881.8139,Rabbit
67e1c4e2ca61a52a92a679e5,1742849048,189364.5281,1742849078,159364.5281,Rabbit
67e1c4e2ca61a52a92a679d3,1742849048,189071.4965,1742849078,159071.4965,Rabbit
67e1c4e2ca61a52a92a6799c,1742849048,187754.2015,1742849078,157754.2015,Rabbit
67e1c4e2ca61a52a92a679ec,1742849048,189518.7441,1742849078,159518.7441,Rabbit
67e1c4e2ca61a52a92a679a6,1742849048,187940.1446,1742849078,157940.1446,Rabbit
67e1c4e2ca61a52a92a67992,1742849048,187626.5296,1742849078,157626.5296,Rabbit
67e1c4e2ca61a52a92a67996,1742849048,187636.472,1742849078,157636.472,Rabbit
67e1c4e2ca61a52a92a679a5,1742849048,187938.3511,1742849078,157938.3511,Rabbit
67e1c4e2ca61a52a92a679fa,1742849048,189771.7294,1742849078,159771.7294,Rabbit
67e1c4e2ca61a52a92a679d4,1742849048,189099.9991,1742849078,159099.9991,Rabbit
67e1c4e2ca61a52a92a67973,1742849048,187272.0999,1742849078,157272.0999,Rabbit
67e1c4e2ca61a52a92a679b8,1742849048,188449.5428,1742849078,158449.5428,Rabbit
67e1c4e2ca61a52a92a679a9,1742849048,188002.3035,1742849078,158002.3035,Rabbit
67e1c4e2ca61a52a92a67a00,1742849048,189924.4439,1742849078,159924.4439,Rabbit
67e1c4e2ca61a52a92a679f3,1742849048,189679.9978,1742849078,159679.9978,Rabbit
67e1c4e2ca61a52a92a679b0,1742849048,188077.2779,1742849078,158077.2779,Rabbit
67e1c4e2ca61a52a92a679ac,1742849048,188063.1482,1742849078,158063.1482,Rabbit
67e1c4e2ca61a52a92a679b1,1742849048,188140.8893,1742849078,158140.8893,Rabbit
67e1c4e2ca61a52a92a679bc,1742849048,188551.1415,1742849078,158551.1415,Rabbit
67e1c4e2ca61a52a92a679c2,1742849048,188630.8265,1742849078,158630.8265,Rabbit
67e1c4e2ca61a52a92a679b6,1742849048,188325.7573,1742849078,158325.7573,Rabbit
67e1c4e2ca61a52a92a679b4,1742849048,188233.7052,1742849078,158233.7052,Rabbit
67e1c4e2ca61a52a92a6799d,1742849048,187756.5404,1742849078,157756.5404,Rabbit
67e1c4e2ca61a52a92a679ab,1742849048,188006.0158,1742849078,158006.0158,Rabbit
67e1c4e2ca61a52a92a6799a,1742849048,187691.9422,1742849078,157691.9422,Rabbit
67e1c4e2ca61a52a92a679fb,1742849048,189799.4304,1742849078,159799.4304,Rabbit
67e1c4e2ca61a52a92a679f4,1742849048,189704.7144,1742849078,159704.7144,Rabbit
67e1c4e2ca61a52a92a679a4,1742849048,187885.6243,1742849078,157885.6243,Rabbit
67e1c4e2ca61a52a92a6799b,1742849048,187722.1145,1742849078,157722.1145,Rabbit
67e1c4e2ca61a52a92a67997,1742849048,187660.1683,1742849078,157660.1683,Rabbit
67e1c4e2ca61a52a92a6795e,1742849048,186884.3473,1742849078,156884.3473,Rabbit
67e1c4e2ca61a52a92a67a02,1742849048,189955.0078,1742849078,159955.0078,Rabbit
67e1c4e2ca61a52a92a6797c,1742849048,187338.4214,1742849078,157338.4214,Rabbit
67e1c4e2ca61a52a92a679e6,1742849048,189366.4294,1742849078,159366.4294,Rabbit
67e1c4e2ca61a52a92a67986,1742849048,187393.6241,1742849078,157393.6241,Rabbit
67e1c4e2ca61a52a92a67981,1742849048,187345.5174,1742849078,157345.5174,Rabbit
67e1c4e2ca61a52a92a67987,1742849048,187396.6091,1742849078,157396.6091,Rabbit
67e1c4e2ca61a52a92a6798a,1742849048,187426.6855,1742849078,157426.6855,Rabbit
67e1c4e2ca61a52a92a6797b,1742849048,187336.9905,1742849078,157336.9905,Rabbit
67e1c4e2ca61a52a92a679fd,1742849048,189890.7382,1742849078,159890.7382,Rabbit
67e1c4e2ca61a52a92a6798e,1742849048,187521.8883,1742849078,157521.8883,Rabbit
67e1c4e2ca61a52a92a679c6,1742849048,188729.1925,1742849078,158729.1925,Rabbit
67e1c4e2ca61a52a92a679d2,1742849048,189069.904,1742849078,159069.904,Rabbit
67e1c4e2ca61a52a92a679ef,1742849048,189642.6383,1742849078,159642.6383,Rabbit
67e1c4e2ca61a52a92a679bf,1742849048,188589.8154,1742849078,158589.8154,Rabbit
67e1c4e2ca61a52a92a6798c,1742849048,187490.7755,1742849078,157490.7755,Rabbit
67e1c4e2ca61a52a92a67991,1742849048,187619.8579,1742849078,157619.8579,Rabbit
67e1c4e2ca61a52a92a679c4,1742849048,188667.6256,1742849078,158667.6256,Rabbit
67e1c4e2ca61a52a92a67961,1742849048,186977.3684,1742849078,156977.3684,Rabbit
67e1c4e2ca61a52a92a67a01,1742849048,189926.4554,1742849078,159926.4554,Rabbit
67e1c4e2ca61a52a92a679f6,1742849048,189708.4365,1742849078,159708.4365,Rabbit
67e1c4e2ca61a52a92a679bb,1742849048,188549.613,1742849078,158549.613,Rabbit
67e1c4e2ca61a52a92a679ca,1742849048,188883.991,1742849078,158883.991,Rabbit
67e1c4e2ca61a52a92a679d7,1742849048,189104.2372,1742849078,159104.2372,Rabbit
67e1c4e2ca61a52a92a679de,1742849048,189317.448,1742849078,159317.448,Rabbit
67e1c4e2ca61a52a92a67a09,1742849048,190107.8994,1742849078,160107.8994,Rabbit
67e1c4e2ca61a52a92a679f9,1742849048,189768.1607,1742849078,159768.1607,Rabbit
67e1c4e2ca61a52a92a67967,1742849048,187072.9802,1742849078,157072.9802,Rabbit
67e1c4e2ca61a52a92a67962,1742849048,187039.6412,1742849078,157039.6412,Rabbit
67e1c4e2ca61a52a92a67966,1742849048,187071.3891,1742849078,157071.3891,Rabbit
67e1c4e2ca61a52a92a679f2,1742849048,189677.9067,1742849078,159677.9067,Rabbit
67e1c4e2ca61a52a92a679e8,1742849048,189394.7404,1742849078,159394.7404,Rabbit
67e1c4e2ca61a52a92a6795b,1742849048,186822.3976,1742849078,156822.3976,Rabbit
67e1c4e2ca61a52a92a679c9,1742849048,188852.0432,1742849078,158852.0432,Rabbit
67e1c4e2ca61a52a92a67965,1742849048,187046.7994,1742849078,157046.7994,Rabbit
67e1c4e2ca61a52a92a6796e,1742849048,187150.6322,1742849078,157150.6322,Rabbit
67e1c4e2ca61a52a92a679e1,1742849048,189324.7376,1742849078,159324.7376,Rabbit
67e1c4e2ca61a52a92a679da,1742849048,189196.1029,1742849078,159196.1029,Rabbit
67e1c4e2ca61a52a92a67a08,1742849048,190077.5861,1742849078,160077.5861,Rabbit
67e1c4e2ca61a52a92a67a07,1742849048,190045.8244,1742849078,160045.8244,Rabbit
67e1c4e2ca61a52a92a679c8,1742849048,188790.4677,1742849078,158790.4677,Rabbit
67e1c4e2ca61a52a92a67a0d,1742849048,190264.5357,1742849078,160264.5357,Rabbit
67e1c4e2ca61a52a92a679cc,1742849048,188886.9369,1742849078,158886.9369,Rabbit
67e1c4e2ca61a52a92a679d1,1742849048,189041.29,1742849078,159041.29,Rabbit
67e1c4e2ca61a52a92a67975,1742849048,187275.4172,1742849078,157275.4172,Rabbit
67e1c4e2ca61a52a92a67995,1742849048,187633.2268,1742849078,157633.2268,Rabbit
67e1c4e2ca61a52a92a679e0,1742849048,189321.7833,1742849078,159321.7833,Rabbit
67e1c4e2ca61a52a92a67994,1742849048,187630.7254,1742849078,157630.7254,Rabbit
67e1c4e2ca61a52a92a6798b,1742849048,187457.7534,1742849078,157457.7534,Rabbit
67e1c4e2ca61a52a92a679aa,1742849048,188004.278,1742849078,158004.278,Rabbit
67e1c4e2ca61a52a92a678f0,1742849048,184528.4127,1742849077,155528.4127,Rabbit
67e1c4e1ca61a52a92a67860,1742849048,181307.956,1742849077,152307.956,Rabbit
67e1c4e2ca61a52a92a6790d,1742849048,185149.4341,1742849077,156149.4341,Rabbit
67e1c4e2ca61a52a92a678ed,1742849048,184404.4689,1742849077,155404.4689,Rabbit
67e1c4e2ca61a52a92a678a3,1742849048,182779.0191,1742849077,153779.0191,Rabbit
67e1c4e1ca61a52a92a6785f,1742849048,181305.944,1742849077,152305.944,Rabbit
67e1c4e1ca61a52a92a67855,1742849048,181057.8817,1742849077,152057.8817,Rabbit
67e1c4e1ca61a52a92a67863,1742849048,181367.7847,1742849077,152367.7847,Rabbit
67e1c4e2ca61a52a92a67899,1742849048,182590.6546,1742849077,153590.6546,Rabbit
67e1c4e2ca61a52a92a678cf,1742849048,183615.7125,1742849077,154615.7125,Rabbit
67e1c4e2ca61a52a92a678d8,1742849048,183985.7947,1742849077,154985.7947,Rabbit
67e1c4e2ca61a52a92a67946,1742849048,186360.49,1742849077,157360.49,Rabbit
67e1c4e2ca61a52a92a67936,1742849048,186081.2385,1742849077,157081.2385,Rabbit
67e1c4e2ca61a52a92a6794f,1742849048,186605.6536,1742849077,157605.6536,Rabbit
67e1c4e2ca61a52a92a678d7,1742849048,183954.6827,1742849077,154954.6827,Rabbit
67e1c4e2ca61a52a92a678ce,1742849048,183588.2185,1742849077,154588.2185,Rabbit
67e1c4e2ca61a52a92a67953,1742849048,186645.9201,1742849077,157645.9201,Rabbit
67e1c4e1ca61a52a92a6785e,1742849048,181274.0106,1742849077,152274.0106,Rabbit
67e1c4e2ca61a52a92a6789d,1742849048,182683.6512,1742849077,153683.6512,Rabbit
67e1c4e2ca61a52a92a678fd,1742849048,184870.1053,1742849077,155870.1053,Rabbit
67e1c4e1ca61a52a92a6787b,1742849048,181908.3214,1742849077,152908.3214,Rabbit
67e1c4e1ca61a52a92a67872,1742849048,181654.5178,1742849077,152654.5178,Rabbit
67e1c4e2ca61a52a92a6792d,1742849048,185925.4923,1742849077,156925.4923,Rabbit
67e1c4e2ca61a52a92a67934,1742849048,186050.7976,1742849077,157050.7976,Rabbit
67e1c4e2ca61a52a92a67939,1742849048,186114.2896,1742849077,157114.2896,Rabbit
67e1c4e2ca61a52a92a6794d,1742849048,186484.2253,1742849077,157484.2253,Rabbit
67e1c4e2ca61a52a92a67959,1742849048,186761.2552,1742849077,157761.2552,Rabbit
67e1c4e2ca61a52a92a67914,1742849048,185335.3825,1742849077,156335.3825,Rabbit
67e1c4e2ca61a52a92a678ab,1742849048,182873.1688,1742849077,153873.1688,Rabbit
67e1c4e1ca61a52a92a67887,1742849048,182109.9251,1742849077,153109.9251,Rabbit
67e1c4e2ca61a52a92a67923,1742849048,185677.9206,1742849077,156677.9206,Rabbit
67e1c4e2ca61a52a92a67903,1742849048,184910.701,1742849077,155910.701,Rabbit
67e1c4e2ca61a52a92a678f4,1742849048,184625.0962,1742849077,155625.0962,Rabbit
67e1c4e2ca61a52a92a67920,1742849048,185582.4854,1742849077,156582.4854,Rabbit
67e1c4e2ca61a52a92a67950,1742849048,186638.5175,1742849077,157638.5175,Rabbit
67e1c4e2ca61a52a92a6791e,1742849048,185554.7842,1742849077,156554.7842,Rabbit
67e1c4e1ca61a52a92a6787e,1742849048,181973.4094,1742849077,152973.4094,Rabbit
67e1c4e1ca61a52a92a6788c,1742849048,182266.0208,1742849077,153266.0208,Rabbit
67e1c4e2ca61a52a92a67907,1742849048,185102.2539,1742849077,156102.2539,Rabbit
67e1c4e2ca61a52a92a678aa,1742849048,182870.8418,1742849077,153870.8418,Rabbit
67e1c4e1ca61a52a92a67891,1742849048,182389.1305,1742849077,153389.1305,Rabbit
67e1c4e2ca61a52a92a678e8,1742849048,184334.2457,1742849077,155334.2457,Rabbit
67e1c4e2ca61a52a92a6790a,1742849048,185108.3945,1742849077,156108.3945,Rabbit
67e1c4e2ca61a52a92a678a8,1742849048,182840.2557,1742849077,153840.2557,Rabbit
67e1c4e2ca61a52a92a67897,1742849048,182528.565,1742849077,153528.565,Rabbit
67e1c4e2ca61a52a92a67921,1742849048,185614.3068,1742849077,156614.3068,Rabbit
67e1c4e2ca61a52a92a67893,1742849048,182393.0013,1742849077,153393.0013,Rabbit
67e1c4e2ca61a52a92a6791c,1742849048,185521.2887,1742849077,156521.2887,Rabbit
67e1c4e2ca61a52a92a6792e,1742849048,185954.6785,1742849077,156954.6785,Rabbit
67e1c4e2ca61a52a92a67926,1742849048,185737.5064,1742849077,156737.5064,Rabbit
67e1c4e2ca61a52a92a67928,1742849048,185830.5791,1742849077,156830.5791,Rabbit
67e1c4e2ca61a52a92a678ac,1742849048,182902.9783,1742849077,153902.9783,Rabbit
67e1c4e2ca61a52a92a6792a,1742849048,185865.1451,1742849077,156865.1451,Rabbit
67e1c4e2ca61a52a92a678b1,1742849048,182938.7667,1742849077,153938.7667,Rabbit
67e1c4e2ca61a52a92a6792f,1742849048,185956.7328,1742849077,156956.7328,Rabbit
67e1c4e2ca61a52a92a67930,1742849048,185987.183,1742849077,156987.183,Rabbit
67e1c4e2ca61a52a92a67927,1742849048,185799.5535,1742849077,156799.5535,Rabbit
67e1c4e2ca61a52a92a678a5,1742849048,182782.9219,1742849077,153782.9219,Rabbit
67e1c4e2ca61a52a92a6792c,1742849048,185893.2522,1742849077,156893.2522,Rabbit
67e1c4e2ca61a52a92a67900,1742849048,184905.1972,1742849077,155905.1972,Rabbit
67e1c4e2ca61a52a92a678b6,1742849048,183087.2508,1742849077,154087.2508,Rabbit
67e1c4e2ca61a52a92a678b3,1742849048,182995.6951,1742849077,153995.6951,Rabbit
67e1c4e2ca61a52a92a678af,1742849048,182935.5531,1742849077,153935.5531,Rabbit
67e1c4e2ca61a52a92a67938,1742849048,186112.2932,1742849077,157112.2932,Rabbit
67e1c4e1ca61a52a92a67873,1742849048,181656.7791,1742849077,152656.7791,Rabbit
67e1c4e2ca61a52a92a6793e,1742849048,186265.7305,1742849077,157265.7305,Rabbit
67e1c4e2ca61a52a92a678f6,1742849048,184715.0924,1742849077,155715.0924,Rabbit
67e1c4e2ca61a52a92a67906,1742849048,185070.9085,1742849077,156070.9085,Rabbit
67e1c4e2ca61a52a92a67902,1742849048,184908.7102,1742849077,155908.7102,Rabbit
67e1c4e2ca61a52a92a678ff,1742849048,184903.6177,1742849077,155903.6177,Rabbit
67e1c4e2ca61a52a92a678fe,1742849048,184901.1939,1742849077,155901.1939,Rabbit
67e1c4e2ca61a52a92a67937,1742849048,186109.7669,1742849077,157109.7669,Rabbit
67e1c4e2ca61a52a92a67917,1742849048,185369.3766,1742849077,156369.3766,Rabbit
67e1c4e2ca61a52a92a67910,1742849048,185242.4269,1742849077,156242.4269,Rabbit
67e1c4e2ca61a52a92a67912,1742849048,185305.1192,1742849077,156305.1192,Rabbit
67e1c4e1ca61a52a92a67859,1742849048,181149.1565,1742849077,152149.1565,Rabbit
67e1c4e2ca61a52a92a67911,1742849048,185303.4579,1742849077,156303.4579,Rabbit
67e1c4e2ca61a52a92a6791a,1742849048,185458.4745,1742849077,156458.4745,Rabbit
67e1c4e1ca61a52a92a6787d,1742849048,181971.8927,1742849077,152971.8927,Rabbit
67e1c4e1ca61a52a92a67874,1742849048,181692.2163,1742849077,152692.2163,Rabbit
67e1c4e2ca61a52a92a678db,1742849048,184020.6557,1742849077,155020.6557,Rabbit
67e1c4e2ca61a52a92a678b5,1742849048,183024.6248,1742849077,154024.6248,Rabbit
67e1c4e1ca61a52a92a67867,1742849048,181402.0363,1742849077,152402.0363,Rabbit
67e1c4e2ca61a52a92a678dd,1742849048,184048.9652,1742849077,155048.9652,Rabbit
67e1c4e2ca61a52a92a678e5,1742849048,184326.8681,1742849077,155326.8681,Rabbit
67e1c4e2ca61a52a92a678e9,1742849048,184336.2882,1742849077,155336.2882,Rabbit
67e1c4e2ca61a52a92a678f9,1742849048,184807.3364,1742849077,155807.3364,Rabbit
67e1c4e2ca61a52a92a678fa,1742849048,184838.7047,1742849077,155838.7047,Rabbit
67e1c4e2ca61a52a92a6791b,1742849048,185491.4665,1742849077,156491.4665,Rabbit
67e1c4e2ca61a52a92a6791d,1742849048,185551.7296,1742849077,156551.7296,Rabbit
67e1c4e1ca61a52a92a67864,1742849048,181397.691,1742849077,152397.691,Rabbit
67e1c4e2ca61a52a92a6793d,1742849048,186241.4418,1742849077,157241.4418,Rabbit
67e1c4e2ca61a52a92a678dc,1742849048,184022.0555,1742849077,155022.0555,Rabbit
67e1c4e2ca61a52a92a67955,1742849048,186698.3603,1742849077,157698.3603,Rabbit
67e1c4e2ca61a52a92a678a4,1742849048,182781.2183,1742849077,153781.2183,Rabbit
67e1c4e1ca61a52a92a67870,1742849048,181582.937,1742849077,152582.937,Rabbit
67e1c4e2ca61a52a92a678a9,1742849048,182841.9789,1742849077,153841.9789,Rabbit
67e1c4e2ca61a52a92a6791f,1742849048,185556.5356,1742849077,156556.5356,Rabbit
67e1c4e2ca61a52a92a678c8,1742849048,183490.2907,1742849077,154490.2907,Rabbit
67e1c4e2ca61a52a92a678bc,1742849048,183244.148,1742849077,154244.148,Rabbit
67e1c4e1ca61a52a92a6786e,1742849048,181521.1202,1742849077,152521.1202,Rabbit
67e1c4e1ca61a52a92a67877,1742849048,181754.8462,1742849077,152754.8462,Rabbit
67e1c4e1ca61a52a92a67842,1742849048,180561.4804,1742849077,151561.4804,Rabbit
67e1c4e2ca61a52a92a67935,1742849048,186079.5474,1742849077,157079.5474,Rabbit
67e1c4e2ca61a52a92a678f7,1742849048,184746.1584,1742849077,155746.1584,Rabbit
67e1c4e2ca61a52a92a678d6,1742849048,183892.6948,1742849077,154892.6948,Rabbit
67e1c4e1ca61a52a92a67879,1742849048,181815.3462,1742849077,152815.3462,Rabbit
67e1c4e1ca61a52a92a67880,1742849048,182063.4795,1742849077,153063.4795,Rabbit
67e1c4e1ca61a52a92a6787f,1742849048,182001.5493,1742849077,153001.5493,Rabbit
67e1c4e2ca61a52a92a678de,1742849048,184079.5564,1742849077,155079.5564,Rabbit
67e1c4e2ca61a52a92a67940,1742849048,186297.0363,1742849077,157297.0363,Rabbit
67e1c4e2ca61a52a92a678d3,1742849048,183739.3666,1742849077,154739.3666,Rabbit
67e1c4e2ca61a52a92a678ee,1742849048,184466.3735,1742849077,155466.3735,Rabbit
67e1c4e2ca61a52a92a678bb,1742849048,183242.5564,1742849077,154242.5564,Rabbit
67e1c4e2ca61a52a92a6793b,1742849048,186203.522,1742849077,157203.522,Rabbit
67e1c4e2ca61a52a92a67942,1742849048,186300.0253,1742849077,157300.0253,Rabbit
67e1c4e1ca61a52a92a67869,1742849048,181430.0478,1742849077,152430.0478,Rabbit
67e1c4e2ca61a52a92a678b7,1742849048,183148.9947,1742849077,154148.9947,Rabbit
67e1c4e2ca61a52a92a67947,1742849048,186362.227,1742849077,157362.227,Rabbit
67e1c4e1ca61a52a92a6787c,1742849048,181939.3211,1742849077,152939.3211,Rabbit
67e1c4e2ca61a52a92a678c0,1742849048,183305.3198,1742849077,154305.3198,Rabbit
67e1c4e2ca61a52a92a678ca,1742849048,183551.9498,1742849077,154551.9498,Rabbit
67e1c4e2ca61a52a92a6793a,1742849048,186171.8056,1742849077,157171.8056,Rabbit
67e1c4e1ca61a52a92a6786c,1742849048,181462.0617,1742849077,152462.0617,Rabbit
67e1c4e2ca61a52a92a67949,1742849048,186389.4712,1742849077,157389.4712,Rabbit
67e1c4e2ca61a52a92a67919,1742849048,185396.5057,1742849077,156396.5057,Rabbit
67e1c4e2ca61a52a92a678c6,1742849048,183396.9885,1742849077,154396.9885,Rabbit
67e1c4e2ca61a52a92a678da,1742849048,184019.0986,1742849077,155019.0986,Rabbit
67e1c4e2ca61a52a92a67944,1742849048,186326.5108,1742849077,157326.5108,Rabbit
67e1c4e1ca61a52a92a6786b,1742849048,181460.3244,1742849077,152460.3244,Rabbit
67e1c4e2ca61a52a92a678be,1742849048,183272.6347,1742849077,154272.6347,Rabbit
67e1c4e2ca61a52a92a67951,1742849048,186640.6925,1742849077,157640.6925,Rabbit
67e1c4e2ca61a52a92a678d1,1742849048,183675.7247,1742849077,154675.7247,Rabbit
67e1c4e2ca61a52a92a67954,1742849048,186669.202,1742849077,157669.202,Rabbit
67e1c4e1ca61a52a92a67881,1742849048,182065.5024,1742849077,153065.5024,Rabbit
67e1c4e2ca61a52a92a6789e,1742849048,182714.5704,1742849077,153714.5704,Rabbit
67e1c4e2ca61a52a92a678b2,1742849048,182963.0463,1742849077,153963.0463,Rabbit
67e1c4e1ca61a52a92a67883,1742849048,182068.4484,1742849077,153068.4484,Rabbit
67e1c4e2ca61a52a92a678ef,1742849048,184468.2243,1742849077,155468.2243,Rabbit
67e1c4e2ca61a52a92a678ae,1742849048,182933.6093,1742849077,153933.6093,Rabbit
67e1c4e2ca61a52a92a678b8,1742849048,183179.6843,1742849077,154179.6843,Rabbit
67e1c4e1ca61a52a92a67878,1742849048,181784.5928,1742849077,152784.5928,Rabbit
67e1c4e2ca61a52a92a678c2,1742849048,183308.3997,1742849077,154308.3997,Rabbit
67e1c4e2ca61a52a92a67915,1742849048,185366.257,1742849077,156366.257,Rabbit
67e1c4e2ca61a52a92a678fb,1742849048,184840.6873,1742849077,155840.6873,Rabbit
67e1c4e1ca61a52a92a67876,1742849048,181753.3565,1742849077,152753.3565,Rabbit
67e1c4e2ca61a52a92a678f2,1742849048,184559.2217,1742849077,155559.2217,Rabbit
67e1c4e1ca61a52a92a67884,1742849048,182070.064,1742849077,153070.064,Rabbit
67e1c4e2ca61a52a92a678e4,1742849048,184268.1064,1742849077,155268.1064,Rabbit
67e1c4e1ca61a52a92a67889,1742849048,182202.9951,1742849077,153202.9951,Rabbit
67e1c4e2ca61a52a92a678c1,1742849048,183306.853,1742849077,154306.853,Rabbit
67e1c4e2ca61a52a92a678c3,1742849048,183334.6268,1742849077,154334.6268,Rabbit
67e1c4e1ca61a52a92a67882,1742849048,182067.0119,1742849077,153067.0119,Rabbit
67e1c4e1ca61a52a92a67845,1742849048,180622.3525,1742849077,151622.3525,Rabbit
67e1c4e2ca61a52a92a6793f,1742849048,186295.4918,1742849077,157295.4918,Rabbit
67e1c4e2ca61a52a92a678c4,1742849048,183336.108,1742849077,154336.108,Rabbit
67e1c4e2ca61a52a92a678bd,1742849048,183245.6255,1742849077,154245.6255,Rabbit
67e1c4e2ca61a52a92a67922,1742849048,185645.3845,1742849077,156645.3845,Rabbit
67e1c4e2ca61a52a92a678c9,1742849048,183522.2157,1742849077,154522.2157,Rabbit
67e1c4e2ca61a52a92a678e7,1742849048,184332.3991,1742849077,155332.3991,Rabbit
67e1c4e2ca61a52a92a678d0,1742849048,183645.9447,1742849077,154645.9447,Rabbit
67e1c4e1ca61a52a92a67857,1742849048,181118.097,1742849077,152118.097,Rabbit
67e1c4e1ca61a52a92a67856,1742849048,181087.2327,1742849077,152087.2327,Rabbit
67e1c4e1ca61a52a92a67862,1742849048,181334.852,1742849077,152334.852,Rabbit
67e1c4e2ca61a52a92a6794a,1742849048,186420.9454,1742849077,157420.9454,Rabbit
67e1c4e2ca61a52a92a678a6,1742849048,182784.7228,1742849077,153784.7228,Rabbit
67e1c4e1ca61a52a92a6784b,1742849048,180778.9474,1742849077,151778.9474,Rabbit
67e1c4e2ca61a52a92a67905,1742849048,185039.9585,1742849077,156039.9585,Rabbit
67e1c4e2ca61a52a92a6794e,1742849048,186544.1393,1742849077,157544.1393,Rabbit
67e1c4e2ca61a52a92a67948,1742849048,186363.9101,1742849077,157363.9101,Rabbit
67e1c4e1ca61a52a92a67843,1742849048,180591.7044,1742849077,151591.7044,Rabbit
67e1c4e1ca61a52a92a6784f,1742849048,180870.1025,1742849077,151870.1025,Rabbit
67e1c4e1ca61a52a92a67850,1742849048,180932.3403,1742849077,151932.3403,Rabbit
67e1c4e2ca61a52a92a678b0,1742849048,182937.1725,1742849077,153937.1725,Rabbit
67e1c4e2ca61a52a92a678cc,1742849048,183584.752,1742849077,154584.752,Rabbit
67e1c4e2ca61a52a92a678fc,1742849048,184842.4345,1742849077,155842.4345,Rabbit
67e1c4e1ca61a52a92a67853,1742849048,180996.9105,1742849077,151996.9105,Rabbit
67e1c4e2ca61a52a92a67918,1742849048,185370.8899,1742849077,156370.8899,Rabbit
67e1c4e1ca61a52a92a67844,1742849048,180593.1839,1742849077,151593.1839,Rabbit
67e1c4e1ca61a52a92a6784a,1742849048,180746.1287,1742849077,151746.1287,Rabbit
67e1c4e1ca61a52a92a67849,1742849048,180715.2821,1742849077,151715.2821,Rabbit
67e1c4e1ca61a52a92a67841,1742849048,180560.0107,1742849077,151560.0107,Rabbit
67e1c4e1ca61a52a92a67848,1742849048,180658.9757,1742849077,151658.9757,Rabbit
67e1c4e1ca61a52a92a67840,1742849048,180532.8832,1742849077,151532.8832,Rabbit
67e1c4e2ca61a52a92a678e1,1742849048,184202.7711,1742849077,155202.7711,Rabbit
67e1c4e2ca61a52a92a678bf,1742849048,183303.7222,1742849077,154303.7222,Rabbit
67e1c4e1ca61a52a92a67847,1742849048,180657.2136,1742849077,151657.2136,Rabbit
67e1c4e1ca61a52a92a6784c,1742849048,180808.7131,1742849077,151808.7131,Rabbit
67e1c4e1ca61a52a92a6784e,1742849048,180843.8394,1742849077,151843.8394,Rabbit
67e1c4e2ca61a52a92a6790b,1742849048,185110.4113,1742849077,156110.4113,Rabbit
67e1c4e1ca61a52a92a67854,1742849048,181025.6691,1742849077,152025.6691,Rabbit
67e1c4e1ca61a52a92a67852,1742849048,180995.2757,1742849077,151995.2757,Rabbit
67e1c4e2ca61a52a92a678e0,1742849048,184141.0653,1742849077,155141.0653,Rabbit
67e1c4e2ca61a52a92a678e3,1742849048,184266.4316,1742849077,155266.4316,Rabbit
67e1c4e2ca61a52a92a6794b,1742849048,186450.9245,1742849077,157450.9245,Rabbit
67e1c4e1ca61a52a92a67868,1742849048,181428.63,1742849077,152428.63,Rabbit
67e1c4e2ca61a52a92a67957,1742849048,186729.3288,1742849077,157729.3288,Rabbit
67e1c4e2ca61a52a92a6794c,1742849048,186454.0194,1742849077,157454.0194,Rabbit
67e1c4e2ca61a52a92a67958,1742849048,186731.0486,1742849077,157731.0486,Rabbit
67e1c4e2ca61a52a92a678c7,1742849048,183428.2614,1742849077,154428.2614,Rabbit
67e1c4e1ca61a52a92a6785a,1742849048,181180.0971,1742849077,152180.0971,Rabbit
67e1c4e2ca61a52a92a678cd,1742849048,183586.5224,1742849077,154586.5224,Rabbit
67e1c4e2ca61a52a92a678f3,1742849048,184621.81,1742849077,155621.81,Rabbit
67e1c4e1ca61a52a92a6786a,1742849048,181458.7923,1742849077,152458.7923,Rabbit
67e1c4e1ca61a52a92a67851,1742849048,180965.3013,1742849077,151965.3013,Rabbit
67e1c4e2ca61a52a92a67952,1742849048,186643.064,1742849077,157643.064,Rabbit
67e1c4e1ca61a52a92a67886,1742849048,182072.9021,1742849077,153072.9021,Rabbit
67e1c4e2ca61a52a92a678df,1742849048,184113.4228,1742849077,155113.4228,Rabbit
67e1c4e2ca61a52a92a678cb,1742849048,183582.7536,1742849077,154582.7536,Rabbit
67e1c4e2ca61a52a92a678ec,1742849048,184373.3455,1742849077,155373.3455,Rabbit
67e1c4e1ca61a52a92a6788a,1742849048,182233.9838,1742849077,153233.9838,Rabbit
67e1c4e2ca61a52a92a67916,1742849048,185367.8408,1742849077,156367.8408,Rabbit
67e1c4e2ca61a52a92a67941,1742849048,186298.496,1742849077,157298.496,Rabbit
67e1c4e1ca61a52a92a67866,1742849048,181400.6432,1742849077,152400.6432,Rabbit
67e1c4e1ca61a52a92a6788b,1742849048,182235.4769,1742849077,153235.4769,Rabbit
67e1c4e2ca61a52a92a678f1,1742849048,184530.606,1742849077,155530.606,Rabbit
67e1c4e2ca61a52a92a678f8,1742849048,184777.1855,1742849077,155777.1855,Rabbit
67e1c4e1ca61a52a92a6785b,1742849048,181211.9395,1742849077,152211.9395,Rabbit
67e1c4e2ca61a52a92a6789b,1742849048,182623.3545,1742849077,153623.3545,Rabbit
67e1c4e2ca61a52a92a67898,1742849048,182530.2375,1742849077,153530.2375,Rabbit
67e1c4e2ca61a52a92a6792b,1742849048,185866.88,1742849077,156866.88,Rabbit
67e1c4e2ca61a52a92a67901,1742849048,184906.7076,1742849077,155906.7076,Rabbit
67e1c4e2ca61a52a92a678b4,1742849048,182997.6509,1742849077,153997.6509,Rabbit
67e1c4e2ca61a52a92a678b9,1742849048,183210.7482,1742849077,154210.7482,Rabbit
67e1c4e2ca61a52a92a6793c,1742849048,186235.8457,1742849077,157235.8457,Rabbit
67e1c4e2ca61a52a92a678ba,1742849048,183212.4307,1742849077,154212.4307,Rabbit
67e1c4e1ca61a52a92a6788e,1742849048,182300.5011,1742849077,153300.5011,Rabbit
67e1c4e2ca61a52a92a67908,1742849048,185104.3973,1742849077,156104.3973,Rabbit
67e1c4e1ca61a52a92a67858,1742849048,181119.6447,1742849077,152119.6447,Rabbit
67e1c4e2ca61a52a92a6789c,1742849048,182652.6594,1742849077,153652.6594,Rabbit
67e1c4e2ca61a52a92a67904,1742849048,184978.2643,1742849077,155978.2643,Rabbit
67e1c4e2ca61a52a92a6789a,1742849048,182621.5862,1742849077,153621.5862,Rabbit
67e1c4e2ca61a52a92a67929,1742849048,185863.1182,1742849077,156863.1182,Rabbit
67e1c4e2ca61a52a92a6790e,1742849048,185179.5663,1742849077,156179.5663,Rabbit
67e1c4e2ca61a52a92a678a2,1742849048,182747.0987,1742849077,153747.0987,Rabbit
67e1c4e1ca61a52a92a67888,1742849048,182140.886,1742849077,153140.886,Rabbit
67e1c4e2ca61a52a92a67892,1742849048,182391.1119,1742849077,153391.1119,Rabbit
67e1c4e2ca61a52a92a67925,1742849048,185709.1156,1742849077,156709.1156,Rabbit
67e1c4e2ca61a52a92a67913,1742849048,185306.591,1742849077,156306.591,Rabbit
67e1c4e2ca61a52a92a678a7,1742849048,182838.5726,1742849077,153838.5726,Rabbit
67e1c4e2ca61a52a92a678a0,1742849048,182718.1079,1742849077,153718.1079,Rabbit
67e1c4e2ca61a52a92a6790c,1742849048,185114.6614,1742849077,156114.6614,Rabbit
67e1c4e2ca61a52a92a678d4,1742849048,183799.7075,1742849077,154799.7075,Rabbit
67e1c4e1ca61a52a92a6785d,1742849048,181243.4338,1742849077,152243.4338,Rabbit
67e1c4e1ca61a52a92a6786f,1742849048,181551.8682,1742849077,152551.8682,Rabbit
67e1c4e1ca61a52a92a6786d,1742849048,181463.5469,1742849077,152463.5469,Rabbit
67e1c4e1ca61a52a92a6788d,1742849048,182298.9486,1742849077,153298.9486,Rabbit
67e1c4e2ca61a52a92a67895,1742849048,182459.4641,1742849077,153459.4641,Rabbit
67e1c4e1ca61a52a92a67871,1742849048,181647.4821,1742849077,152647.4821,Rabbit
67e1c4e1ca61a52a92a67875,1742849048,181723.7225,1742849077,152723.7225,Rabbit
67e1c4e2ca61a52a92a678ad,1742849048,182931.7534,1742849077,153931.7534,Rabbit
67e1c4e2ca61a52a92a67945,1742849048,186358.741,1742849077,157358.741,Rabbit
67e1c4e1ca61a52a92a67865,1742849048,181399.1565,1742849077,152399.1565,Rabbit
67e1c4e1ca61a52a92a6783f,1742849048,180531.3903,1742849077,151531.3903,Rabbit
67e1c4e2ca61a52a92a678d9,1742849048,184017.5761,1742849077,155017.5761,Rabbit
67e1c4e2ca61a52a92a678d5,1742849048,183830.9213,1742849077,154830.9213,Rabbit
67e1c4e2ca61a52a92a67909,1742849048,185106.2669,1742849077,156106.2669,Rabbit
67e1c4e2ca61a52a92a67924,1742849048,185706.633,1742849077,156706.633,Rabbit
67e1c4e2ca61a52a92a678f5,1742849048,184683.4151,1742849077,155683.4151,Rabbit
67e1c4e1ca61a52a92a6788f,1742849048,182302.4431,1742849077,153302.4431,Rabbit
67e1c4e2ca61a52a92a6789f,1742849048,182716.4263,1742849077,153716.4263,Rabbit
67e1c4e2ca61a52a92a678ea,1742849048,184338.3259,1742849077,155338.3259,Rabbit
67e1c4e2ca61a52a92a678d2,1742849048,183737.7039,1742849077,154737.7039,Rabbit
67e1c4e2ca61a52a92a678e2,1742849048,184264.7842,1742849077,155264.7842,Rabbit
67e1c4e1ca61a52a92a6785c,1742849048,181213.4826,1742849077,152213.4826,Rabbit
67e1c4e2ca61a52a92a67932,1742849048,186018.1768,1742849077,157018.1768,Rabbit
67e1c4e2ca61a52a92a67933,1742849048,186048.7991,1742849077,157048.7991,Rabbit
67e1c4e2ca61a52a92a678c5,1742849048,183365.652,1742849077,154365.652,Rabbit
67e1c4e2ca61a52a92a67956,1742849048,186700.2876,1742849077,157700.2876,Rabbit
67e1c4e1ca61a52a92a6784d,1742849048,180842.1113,1742849077,151842.1113,Rabbit
67e1c4e1ca61a52a92a67846,1742849048,180654.5354,1742849077,151654.5354,Rabbit
67e1c4e2ca61a52a92a678eb,1742849048,184340.3586,1742849077,155340.3586,Rabbit
67e1c4e1ca61a52a92a6787a,1742849048,181851.7612,1742849077,152851.7612,Rabbit
67e1c4e2ca61a52a92a67894,1742849048,182452.2604,1742849077,153452.2604,Rabbit
67e1c4e2ca61a52a92a67931,1742849048,186016.4914,1742849077,157016.4914,Rabbit
67e1c4e2ca61a52a92a67943,1742849048,186301.3791,1742849077,157301.3791,Rabbit
67e1c4e1ca61a52a92a67861,1742849048,181310.2145,1742849077,152310.2145,Rabbit
67e1c4e1ca61a52a92a67890,1742849048,182327.1756,1742849077,153327.1756,Rabbit
67e1c4e2ca61a52a92a678e6,1742849048,184330.2688,1742849077,155330.2688,Rabbit
67e1c4e1ca61a52a92a67885,1742849048,182071.4503,1742849077,153071.4503,Rabbit
67e1c4e2ca61a52a92a67896,1742849048,182461.6256,1742849077,153461.6256,Rabbit
67e1c4e2ca61a52a92a678a1,1742849048,182745.62,1742849077,153745.62,Rabbit
67e1c4e2ca61a52a92a6790f,1742849048,185211.6999,1742849077,156211.6999,Rabbit
67e1c4e1ca61a52a92a677c7,1742849048,178407.0477,1742849076,150407.0477,Rabbit
67e1c4e1ca61a52a92a67761,1742849048,176592.8161,1742849076,148592.8161,Rabbit
67e1c4e1ca61a52a92a677ee,1742849048,179185.6068,1742849076,151185.6068,Rabbit
67e1c4e1ca61a52a92a67829,1742849048,180126.7527,1742849076,152126.7527,Rabbit
67e1c4e1ca61a52a92a67824,1742849048,180060.273,1742849076,152060.273,Rabbit
67e1c4e1ca61a52a92a677df,1742849048,178964.8973,1742849076,150964.8973,Rabbit
67e1c4e1ca61a52a92a677f0,1742849048,179188.6333,1742849076,151188.6333,Rabbit
67e1c4e1ca61a52a92a677a5,1742849048,177822.6982,1742849076,149822.6982,Rabbit
67e1c4e1ca61a52a92a67828,1742849048,180097.9733,1742849076,152097.9733,Rabbit
67e1c4e1ca61a52a92a67808,1742849048,179492.561,1742849076,151492.561,Rabbit
67e1c4e1ca61a52a92a677bf,1742849048,178195.5972,1742849076,150195.5972,Rabbit
67e1c4e1ca61a52a92a6773d,1742849048,175476.8618,1742849076,147476.8618,Rabbit
67e1c4e1ca61a52a92a677e3,1742849048,179057.5447,1742849076,151057.5447,Rabbit
67e1c4e1ca61a52a92a6774d,1742849048,175941.8598,1742849076,147941.8598,Rabbit
67e1c4e1ca61a52a92a67769,1742849048,176719.7841,1742849076,148719.7841,Rabbit
67e1c4e1ca61a52a92a6777d,1742849048,177127.9246,1742849076,149127.9246,Rabbit
67e1c4e1ca61a52a92a677e0,1742849048,178966.7551,1742849076,150966.7551,Rabbit
67e1c4e1ca61a52a92a677f2,1742849048,179243.384,1742849076,151243.384,Rabbit
67e1c4e1ca61a52a92a677b8,1742849048,178066.0986,1742849076,150066.0986,Rabbit
67e1c4e1ca61a52a92a67836,1742849048,180436.6782,1742849076,152436.6782,Rabbit
67e1c4e1ca61a52a92a677fd,1742849048,179368.1788,1742849076,151368.1788,Rabbit
67e1c4e1ca61a52a92a677bd,1742849048,178191.7316,1742849076,150191.7316,Rabbit
67e1c4e1ca61a52a92a67815,1742849048,179770.2768,1742849076,151770.2768,Rabbit
67e1c4e1ca61a52a92a6781d,1742849048,179957.9511,1742849076,151957.9511,Rabbit
67e1c4e1ca61a52a92a677f9,1742849048,179312.3269,1742849076,151312.3269,Rabbit
67e1c4e1ca61a52a92a677c1,1742849048,178221.9402,1742849076,150221.9402,Rabbit
67e1c4e1ca61a52a92a67822,1742849048,180057.0182,1742849076,152057.0182,Rabbit
67e1c4e1ca61a52a92a67759,1742849048,176285.5132,1742849076,148285.5132,Rabbit
67e1c4e1ca61a52a92a677f6,1742849048,179307.9802,1742849076,151307.9802,Rabbit
67e1c4e1ca61a52a92a6782b,1742849048,180158.4773,1742849076,152158.4773,Rabbit
67e1c4e1ca61a52a92a677cd,1742849048,178530.8158,1742849076,150530.8158,Rabbit
67e1c4e1ca61a52a92a677b1,1742849048,177963.2019,1742849076,149963.2019,Rabbit
67e1c4e1ca61a52a92a67780,1742849048,177244.0091,1742849076,149244.0091,Rabbit
67e1c4e1ca61a52a92a677ff,1742849048,179398.4503,1742849076,151398.4503,Rabbit
67e1c4e1ca61a52a92a677b3,1742849048,177992.5793,1742849076,149992.5793,Rabbit
67e1c4e1ca61a52a92a67770,1742849048,176778.7191,1742849076,148778.7191,Rabbit
67e1c4e1ca61a52a92a67766,1742849048,176656.3488,1742849076,148656.3488,Rabbit
67e1c4e1ca61a52a92a6777a,1742849048,177088.9834,1742849076,149088.9834,Rabbit
67e1c4e1ca61a52a92a6777e,1742849048,177151.2527,1742849076,149151.2527,Rabbit
67e1c4e1ca61a52a92a677d7,1742849048,178875.4009,1742849076,150875.4009,Rabbit
67e1c4e1ca61a52a92a67782,1742849048,177308.5199,1742849076,149308.5199,Rabbit
67e1c4e1ca61a52a92a67783,1742849048,177310.7691,1742849076,149310.7691,Rabbit
67e1c4e1ca61a52a92a67781,1742849048,177306.2231,1742849076,149306.2231,Rabbit
67e1c4e1ca61a52a92a67786,1742849048,177338.228,1742849076,149338.228,Rabbit
67e1c4e1ca61a52a92a677e9,1742849048,179150.513,1742849076,151150.513,Rabbit
67e1c4e1ca61a52a92a677f1,1742849048,179190.1754,1742849076,151190.1754,Rabbit
67e1c4e1ca61a52a92a67776,1742849048,176964.8373,1742849076,148964.8373,Rabbit
67e1c4e1ca61a52a92a67807,1742849048,179461.9029,1742849076,151461.9029,Rabbit
67e1c4e1ca61a52a92a677c2,1742849048,178253.1677,1742849076,150253.1677,Rabbit
67e1c4e1ca61a52a92a677e8,1742849048,179121.9489,1742849076,151121.9489,Rabbit
67e1c4e1ca61a52a92a67796,1742849048,177709.0837,1742849076,149709.0837,Rabbit
67e1c4e1ca61a52a92a67801,1742849048,179403.1032,1742849076,151403.1032,Rabbit
67e1c4e1ca61a52a92a6777f,1742849048,177183.6291,1742849076,149183.6291,Rabbit
67e1c4e1ca61a52a92a677f8,1742849048,179310.9112,1742849076,151310.9112,Rabbit
67e1c4e1ca61a52a92a677c0,1742849048,178197.012,1742849076,150197.012,Rabbit
67e1c4e1ca61a52a92a6773c,1742849048,175446.6385,1742849076,147446.6385,Rabbit
67e1c4e1ca61a52a92a67774,1742849048,176902.9614,1742849076,148902.9614,Rabbit
67e1c4e1ca61a52a92a67740,1742849048,175538.924,1742849076,147538.924,Rabbit
67e1c4e1ca61a52a92a6782c,1742849048,180219.4657,1742849076,152219.4657,Rabbit
67e1c4e1ca61a52a92a67744,1742849048,175664.0139,1742849076,147664.0139,Rabbit
67e1c4e1ca61a52a92a67787,1742849048,177339.9071,1742849076,149339.9071,Rabbit
67e1c4e1ca61a52a92a6778b,1742849048,177461.3242,1742849076,149461.3242,Rabbit
67e1c4e1ca61a52a92a67788,1742849048,177399.3091,1742849076,149399.3091,Rabbit
67e1c4e1ca61a52a92a6778e,1742849048,177525.0158,1742849076,149525.0158,Rabbit
67e1c4e1ca61a52a92a6778c,1742849048,177463.3156,1742849076,149463.3156,Rabbit
67e1c4e1ca61a52a92a67792,1742849048,177647.4622,1742849076,149647.4622,Rabbit
67e1c4e1ca61a52a92a67746,1742849048,175725.0172,1742849076,147725.0172,Rabbit
67e1c4e1ca61a52a92a6776c,1742849048,176751.8777,1742849076,148751.8777,Rabbit
67e1c4e1ca61a52a92a67790,1742849048,177585.154,1742849076,149585.154,Rabbit
67e1c4e1ca61a52a92a67754,1742849048,176129.5279,1742849076,148129.5279,Rabbit
67e1c4e1ca61a52a92a6778f,1742849048,177554.0861,1742849076,149554.0861,Rabbit
67e1c4e1ca61a52a92a6778a,1742849048,177432.3648,1742849076,149432.3648,Rabbit
67e1c4e1ca61a52a92a677fc,1742849048,179337.3673,1742849076,151337.3673,Rabbit
67e1c4e1ca61a52a92a67812,1742849048,179647.8122,1742849076,151647.8122,Rabbit
67e1c4e1ca61a52a92a677a3,1742849048,177819.7499,1742849076,149819.7499,Rabbit
67e1c4e1ca61a52a92a67798,1742849048,177712.4482,1742849076,149712.4482,Rabbit
67e1c4e1ca61a52a92a6779e,1742849048,177780.4798,1742849076,149780.4798,Rabbit
67e1c4e1ca61a52a92a6780c,1742849048,179498.8717,1742849076,151498.8717,Rabbit
67e1c4e1ca61a52a92a67797,1742849048,177711.0697,1742849076,149711.0697,Rabbit
67e1c4e1ca61a52a92a67764,1742849048,176627.6651,1742849076,148627.6651,Rabbit
67e1c4e1ca61a52a92a677a2,1742849048,177818.2872,1742849076,149818.2872,Rabbit
67e1c4e1ca61a52a92a677a0,1742849048,177783.9978,1742849076,149783.9978,Rabbit
67e1c4e1ca61a52a92a6779f,1742849048,177782.178,1742849076,149782.178,Rabbit
67e1c4e1ca61a52a92a677a1,1742849048,177786.4765,1742849076,149786.4765,Rabbit
67e1c4e1ca61a52a92a6780b,1742849048,179497.3918,1742849076,151497.3918,Rabbit
67e1c4e1ca61a52a92a677aa,1742849048,177859.7682,1742849076,149859.7682,Rabbit
67e1c4e1ca61a52a92a6773a,1742849048,175415.9696,1742849076,147415.9696,Rabbit
67e1c4e1ca61a52a92a67803,1742849048,179429.9344,1742849076,151429.9344,Rabbit
67e1c4e1ca61a52a92a677ab,1742849048,177896.3825,1742849076,149896.3825,Rabbit
67e1c4e1ca61a52a92a6776a,1742849048,176748.6583,1742849076,148748.6583,Rabbit
67e1c4e1ca61a52a92a677f5,1742849048,179306.2124,1742849076,151306.2124,Rabbit
67e1c4e1ca61a52a92a677ac,1742849048,177930.3474,1742849076,149930.3474,Rabbit
67e1c4e1ca61a52a92a677b0,1742849048,177961.4939,1742849076,149961.4939,Rabbit
67e1c4e1ca61a52a92a677fa,1742849048,179313.6626,1742849076,151313.6626,Rabbit
67e1c4e1ca61a52a92a6773e,1742849048,175478.5691,1742849076,147478.5691,Rabbit
67e1c4e1ca61a52a92a67741,1742849048,175570.6395,1742849076,147570.6395,Rabbit
67e1c4e1ca61a52a92a677af,1742849048,177959.6149,1742849076,149959.6149,Rabbit
67e1c4e1ca61a52a92a67800,1742849048,179401.1797,1742849076,151401.1797,Rabbit
67e1c4e1ca61a52a92a677a7,1742849048,177855.3213,1742849076,149855.3213,Rabbit
67e1c4e1ca61a52a92a67784,1742849048,177313.0657,1742849076,149313.0657,Rabbit
67e1c4e1ca61a52a92a67742,1742849048,175572.3368,1742849076,147572.3368,Rabbit
67e1c4e1ca61a52a92a67748,1742849048,175786.8261,1742849076,147786.8261,Rabbit
67e1c4e1ca61a52a92a67743,1742849048,175631.9744,1742849076,147631.9744,Rabbit
67e1c4e1ca61a52a92a67747,1742849048,175755.8318,1742849076,147755.8318,Rabbit
67e1c4e1ca61a52a92a67750,1742849048,175977.0716,1742849076,147977.0716,Rabbit
67e1c4e1ca61a52a92a67753,1742849048,176127.8619,1742849076,148127.8619,Rabbit
67e1c4e1ca61a52a92a6773f,1742849048,175508.6697,1742849076,147508.6697,Rabbit
67e1c4e1ca61a52a92a677fb,1742849048,179315.0933,1742849076,151315.0933,Rabbit
67e1c4e1ca61a52a92a6774f,1742849048,175975.3673,1742849076,147975.3673,Rabbit
67e1c4e1ca61a52a92a67794,1742849048,177652.6098,1742849076,149652.6098,Rabbit
67e1c4e1ca61a52a92a6774a,1742849048,175790.0016,1742849076,147790.0016,Rabbit
67e1c4e1ca61a52a92a677fe,1742849048,179369.6666,1742849076,151369.6666,Rabbit
67e1c4e1ca61a52a92a6774b,1742849048,175849.2322,1742849076,147849.2322,Rabbit
67e1c4e1ca61a52a92a67757,1742849048,176251.7517,1742849076,148251.7517,Rabbit
67e1c4e1ca61a52a92a677a6,1742849048,177854.0808,1742849076,149854.0808,Rabbit
67e1c4e1ca61a52a92a67763,1742849048,176626.2656,1742849076,148626.2656,Rabbit
67e1c4e1ca61a52a92a67756,1742849048,176222.6812,1742849076,148222.6812,Rabbit
67e1c4e1ca61a52a92a6775f,1742849048,176468.8595,1742849076,148468.8595,Rabbit
67e1c4e1ca61a52a92a677a4,1742849048,177821.2765,1742849076,149821.2765,Rabbit
67e1c4e1ca61a52a92a67819,1742849048,179833.5259,1742849076,151833.5259,Rabbit
67e1c4e1ca61a52a92a677a8,1742849048,177857.3701,1742849076,149857.3701,Rabbit
67e1c4e1ca61a52a92a6781c,1742849048,179956.3732,1742849076,151956.3732,Rabbit
67e1c4e1ca61a52a92a6782d,1742849048,180250.4166,1742849076,152250.4166,Rabbit
67e1c4e1ca61a52a92a677f7,1742849048,179309.4138,1742849076,151309.4138,Rabbit
67e1c4e1ca61a52a92a6783d,1742849048,180498.2126,1742849076,152498.2126,Rabbit
67e1c4e1ca61a52a92a6781f,1742849048,180049.1708,1742849076,152049.1708,Rabbit
67e1c4e1ca61a52a92a67809,1742849048,179494.5311,1742849076,151494.5311,Rabbit
67e1c4e1ca61a52a92a67820,1742849048,180052.0908,1742849076,152052.0908,Rabbit
67e1c4e1ca61a52a92a6780d,1742849048,179553.8337,1742849076,151553.8337,Rabbit
67e1c4e1ca61a52a92a67835,1742849048,180379.3212,1742849076,152379.3212,Rabbit
67e1c4e1ca61a52a92a6781e,1742849048,179988.6734,1742849076,151988.6734,Rabbit
67e1c4e1ca61a52a92a67811,1742849048,179646.2004,1742849076,151646.2004,Rabbit
67e1c4e1ca61a52a92a67825,1742849048,180062.0539,1742849076,152062.0539,Rabbit
67e1c4e1ca61a52a92a67821,1742849048,180055.1995,1742849076,152055.1995,Rabbit
67e1c4e1ca61a52a92a67823,1742849048,180058.7499,1742849076,152058.7499,Rabbit
67e1c4e1ca61a52a92a67826,1742849048,180063.6433,1742849076,152063.6433,Rabbit
67e1c4e1ca61a52a92a6782a,1742849048,180128.3045,1742849076,152128.3045,Rabbit
67e1c4e1ca61a52a92a67830,1742849048,180313.3911,1742849076,152313.3911,Rabbit
67e1c4e1ca61a52a92a6782f,1742849048,180281.7747,1742849076,152281.7747,Rabbit
67e1c4e1ca61a52a92a6782e,1742849048,180251.9267,1742849076,152251.9267,Rabbit
67e1c4e1ca61a52a92a67817,1742849048,179802.8881,1742849076,151802.8881,Rabbit
67e1c4e1ca61a52a92a6776b,1742849048,176750.2675,1742849076,148750.2675,Rabbit
67e1c4e1ca61a52a92a677d2,1742849048,178716.9352,1742849076,150716.9352,Rabbit
67e1c4e1ca61a52a92a67771,1742849048,176809.9209,1742849076,148809.9209,Rabbit
67e1c4e1ca61a52a92a6776e,1742849048,176754.9895,1742849076,148754.9895,Rabbit
67e1c4e1ca61a52a92a677b4,1742849048,177994.2555,1742849076,149994.2555,Rabbit
67e1c4e1ca61a52a92a67778,1742849048,177060.3252,1742849076,149060.3252,Rabbit
67e1c4e1ca61a52a92a6776f,1742849048,176756.4581,1742849076,148756.4581,Rabbit
67e1c4e1ca61a52a92a67767,1742849048,176716.7967,1742849076,148716.7967,Rabbit
67e1c4e1ca61a52a92a6777c,1742849048,177126.0458,1742849076,149126.0458,Rabbit
67e1c4e1ca61a52a92a67802,1742849048,179405.6133,1742849076,151405.6133,Rabbit
67e1c4e1ca61a52a92a677ba,1742849048,178129.327,1742849076,150129.327,Rabbit
67e1c4e1ca61a52a92a67791,1742849048,177617.4387,1742849076,149617.4387,Rabbit
67e1c4e1ca61a52a92a677bb,1742849048,178130.7844,1742849076,150130.7844,Rabbit
67e1c4e1ca61a52a92a677b9,1742849048,178127.8766,1742849076,150127.8766,Rabbit
67e1c4e1ca61a52a92a677c8,1742849048,178409.4558,1742849076,150409.4558,Rabbit
67e1c4e1ca61a52a92a677c5,1742849048,178349.1013,1742849076,150349.1013,Rabbit
67e1c4e1ca61a52a92a677cb,1742849048,178439.4456,1742849076,150439.4456,Rabbit
67e1c4e1ca61a52a92a6780a,1742849048,179496.041,1742849076,151496.041,Rabbit
67e1c4e1ca61a52a92a677d9,1742849048,178902.575,1742849076,150902.575,Rabbit
67e1c4e1ca61a52a92a677c4,1742849048,178314.5422,1742849076,150314.5422,Rabbit
67e1c4e1ca61a52a92a677d0,1742849048,178595.9564,1742849076,150595.9564,Rabbit
67e1c4e1ca61a52a92a67751,1742849048,176004.8921,1742849076,148004.8921,Rabbit
67e1c4e1ca61a52a92a67755,1742849048,176189.969,1742849076,148189.969,Rabbit
67e1c4e1ca61a52a92a6775b,1742849048,176345.6152,1742849076,148345.6152,Rabbit
67e1c4e1ca61a52a92a6776d,1742849048,176753.3807,1742849076,148753.3807,Rabbit
67e1c4e1ca61a52a92a6777b,1742849048,177124.5061,1742849076,149124.5061,Rabbit
67e1c4e1ca61a52a92a67775,1742849048,176934.7752,1742849076,148934.7752,Rabbit
67e1c4e1ca61a52a92a67773,1742849048,176872.5512,1742849076,148872.5512,Rabbit
67e1c4e1ca61a52a92a677d6,1742849048,178873.012,1742849076,150873.012,Rabbit
67e1c4e1ca61a52a92a677c6,1742849048,178350.7473,1742849076,150350.7473,Rabbit
67e1c4e1ca61a52a92a677dc,1742849048,178907.9033,1742849076,150907.9033,Rabbit
67e1c4e1ca61a52a92a6781a,1742849048,179863.2411,1742849076,151863.2411,Rabbit
67e1c4e1ca61a52a92a67827,1742849048,180095.7491,1742849076,152095.7491,Rabbit
67e1c4e1ca61a52a92a677d3,1742849048,178778.8177,1742849076,150778.8177,Rabbit
67e1c4e1ca61a52a92a677ef,1742849048,179187.2077,1742849076,151187.2077,Rabbit
67e1c4e1ca61a52a92a67813,1742849048,179677.2852,1742849076,151677.2852,Rabbit
67e1c4e1ca61a52a92a67772,1742849048,176840.8028,1742849076,148840.8028,Rabbit
67e1c4e1ca61a52a92a677cc,1742849048,178468.8352,1742849076,150468.8352,Rabbit
67e1c4e1ca61a52a92a67831,1742849048,180314.9286,1742849076,152314.9286,Rabbit
67e1c4e1ca61a52a92a67839,1742849048,180442.4681,1742849076,152442.4681,Rabbit
67e1c4e1ca61a52a92a677c9,1742849048,178411.484,1742849076,150411.484,Rabbit
67e1c4e1ca61a52a92a677b5,1742849048,177996.2263,1742849076,149996.2263,Rabbit
67e1c4e1ca61a52a92a677e4,1742849048,179092.4482,1742849076,151092.4482,Rabbit
67e1c4e1ca61a52a92a6783b,1742849048,180470.0918,1742849076,152470.0918,Rabbit
67e1c4e1ca61a52a92a677e7,1742849048,179120.4675,1742849076,151120.4675,Rabbit
67e1c4e1ca61a52a92a677b7,1742849048,177999.7262,1742849076,149999.7262,Rabbit
67e1c4e1ca61a52a92a6783e,1742849048,180529.8535,1742849076,152529.8535,Rabbit
67e1c4e1ca61a52a92a677be,1742849048,178193.4703,1742849076,150193.4703,Rabbit
67e1c4e1ca61a52a92a67838,1742849048,180440.4633,1742849076,152440.4633,Rabbit
67e1c4e1ca61a52a92a6783c,1742849048,180471.5928,1742849076,152471.5928,Rabbit
67e1c4e1ca61a52a92a677d8,1742849048,178877.6264,1742849076,150877.6264,Rabbit
67e1c4e1ca61a52a92a677f4,1742849048,179274.4126,1742849076,151274.4126,Rabbit
67e1c4e1ca61a52a92a677de,1742849048,178934.3615,1742849076,150934.3615,Rabbit
67e1c4e1ca61a52a92a677e6,1742849048,179096.1626,1742849076,151096.1626,Rabbit
67e1c4e1ca61a52a92a677e1,1742849048,178997.373,1742849076,150997.373,Rabbit
67e1c4e1ca61a52a92a677e2,1742849048,178999.3644,1742849076,150999.3644,Rabbit
67e1c4e1ca61a52a92a677f3,1742849048,179244.9365,1742849076,151244.9365,Rabbit
67e1c4e1ca61a52a92a677c3,1742849048,178282.7867,1742849076,150282.7867,Rabbit
67e1c4e1ca61a52a92a67814,1742849048,179708.2842,1742849076,151708.2842,Rabbit
67e1c4e1ca61a52a92a67768,1742849048,176718.2943,1742849076,148718.2943,Rabbit
67e1c4e1ca61a52a92a677dd,1742849048,178909.6013,1742849076,150909.6013,Rabbit
67e1c4e1ca61a52a92a677db,1742849048,178906.1592,1742849076,150906.1592,Rabbit
67e1c4e1ca61a52a92a6773b,1742849048,175417.6967,1742849076,147417.6967,Rabbit
67e1c4e1ca61a52a92a67765,1742849048,176654.7603,1742849076,148654.7603,Rabbit
67e1c4e1ca61a52a92a677e5,1742849048,179094.0789,1742849076,151094.0789,Rabbit
67e1c4e1ca61a52a92a67779,1742849048,177061.9467,1742849076,149061.9467,Rabbit
67e1c4e1ca61a52a92a67799,1742849048,177713.8829,1742849076,149713.8829,Rabbit
67e1c4e1ca61a52a92a6778d,1742849048,177466.4579,1742849076,149466.4579,Rabbit
67e1c4e1ca61a52a92a677ec,1742849048,179181.6747,1742849076,151181.6747,Rabbit
67e1c4e1ca61a52a92a677ca,1742849048,178437.8378,1742849076,150437.8378,Rabbit
67e1c4e1ca61a52a92a67806,1742849048,179460.2114,1742849076,151460.2114,Rabbit
67e1c4e1ca61a52a92a67834,1742849048,180377.3984,1742849076,152377.3984,Rabbit
67e1c4e1ca61a52a92a67832,1742849048,180342.9879,1742849076,152342.9879,Rabbit
67e1c4e1ca61a52a92a6780e,1742849048,179556.9091,1742849076,151556.9091,Rabbit
67e1c4e1ca61a52a92a67833,1742849048,180375.2419,1742849076,152375.2419,Rabbit
67e1c4e1ca61a52a92a677b2,1742849048,177990.3179,1742849076,149990.3179,Rabbit
67e1c4e1ca61a52a92a677ae,1742849048,177957.4032,1742849076,149957.4032,Rabbit
67e1c4e1ca61a52a92a6774e,1742849048,175973.6842,1742849076,147973.6842,Rabbit
67e1c4e1ca61a52a92a6774c,1742849048,175879.8745,1742849076,147879.8745,Rabbit
67e1c4e1ca61a52a92a67758,1742849048,176283.8846,1742849076,148283.8846,Rabbit
67e1c4e1ca61a52a92a6775a,1742849048,176314.8257,1742849076,148314.8257,Rabbit
67e1c4e1ca61a52a92a6775e,1742849048,176439.2463,1742849076,148439.2463,Rabbit
67e1c4e1ca61a52a92a6779a,1742849048,177771.6253,1742849076,149771.6253,Rabbit
67e1c4e1ca61a52a92a67762,1742849048,176624.7587,1742849076,148624.7587,Rabbit
67e1c4e1ca61a52a92a67795,1742849048,177678.3024,1742849076,149678.3024,Rabbit
67e1c4e1ca61a52a92a67760,1742849048,176530.7823,1742849076,148530.7823,Rabbit
67e1c4e1ca61a52a92a6775c,1742849048,176375.8075,1742849076,148375.8075,Rabbit
67e1c4e1ca61a52a92a67810,1742849048,179615.349,1742849076,151615.349,Rabbit
67e1c4e1ca61a52a92a67816,1742849048,179801.1984,1742849076,151801.1984,Rabbit
67e1c4e1ca61a52a92a67804,1742849048,179431.3241,1742849076,151431.3241,Rabbit
67e1c4e1ca61a52a92a677ce,1742849048,178592.8745,1742849076,150592.8745,Rabbit
67e1c4e1ca61a52a92a67818,1742849048,179804.3983,1742849076,151804.3983,Rabbit
67e1c4e1ca61a52a92a67752,1742849048,176065.8583,1742849076,148065.8583,Rabbit
67e1c4e1ca61a52a92a67837,1742849048,180438.7127,1742849076,152438.7127,Rabbit
67e1c4e1ca61a52a92a677eb,1742849048,179153.7108,1742849076,151153.7108,Rabbit
67e1c4e1ca61a52a92a677da,1742849048,178904.5764,1742849076,150904.5764,Rabbit
67e1c4e1ca61a52a92a677bc,1742849048,178189.9569,1742849076,150189.9569,Rabbit
67e1c4e1ca61a52a92a677ea,1742849048,179152.0811,1742849076,151152.0811,Rabbit
67e1c4e1ca61a52a92a677d5,1742849048,178840.8274,1742849076,150840.8274,Rabbit
67e1c4e1ca61a52a92a677b6,1742849048,177998.0237,1742849076,149998.0237,Rabbit
67e1c4e1ca61a52a92a67777,1742849048,177058.6788,1742849076,149058.6788,Rabbit
67e1c4e1ca61a52a92a67745,1742849048,175665.9155,1742849076,147665.9155,Rabbit
67e1c4e1ca61a52a92a67749,1742849048,175788.442,1742849076,147788.442,Rabbit
67e1c4e1ca61a52a92a6775d,1742849048,176437.7253,1742849076,148437.7253,Rabbit
67e1c4e1ca61a52a92a6779d,1742849048,177778.4246,1742849076,149778.4246,Rabbit
67e1c4e1ca61a52a92a6779c,1742849048,177776.5644,1742849076,149776.5644,Rabbit
67e1c4e1ca61a52a92a67785,1742849048,177315.3434,1742849076,149315.3434,Rabbit
67e1c4e1ca61a52a92a67789,1742849048,177430.1623,1742849076,149430.1623,Rabbit
67e1c4e1ca61a52a92a67793,1742849048,177649.0865,1742849076,149649.0865,Rabbit
67e1c4e1ca61a52a92a677cf,1742849048,178594.5544,1742849076,150594.5544,Rabbit
67e1c4e1ca61a52a92a677ad,1742849048,177934.2304,1742849076,149934.2304,Rabbit
67e1c4e1ca61a52a92a677a9,1742849048,177858.4768,1742849076,149858.4768,Rabbit
67e1c4e1ca61a52a92a677d1,1742849048,178654.9535,1742849076,150654.9535,Rabbit
67e1c4e1ca61a52a92a677ed,1742849048,179183.9923,1742849076,151183.9923,Rabbit
67e1c4e1ca61a52a92a6780f,1742849048,179585.1232,1742849076,151585.1232,Rabbit
67e1c4e1ca61a52a92a67805,1742849048,179432.6978,1742849076,151432.6978,Rabbit
67e1c4e1ca61a52a92a6779b,1742849048,177774.2793,1742849076,149774.2793,Rabbit
67e1c4e1ca61a52a92a6781b,1742849048,179894.1805,1742849076,151894.1805,Rabbit
67e1c4e1ca61a52a92a677d4,1742849048,178810.8334,1742849076,150810.8334,Rabbit
67e1c4e1ca61a52a92a6783a,1742849048,180468.0504,1742849076,152468.0504,Rabbit
67e1c4e1ca61a52a92a6769d,1742849048,172562.7771,1742849075,145562.7771,Rabbit
67e1c4e1ca61a52a92a676b5,1742849048,173213.8108,1742849075,146213.8108,Rabbit
67e1c4e1ca61a52a92a67705,1742849048,174518.8312,1742849075,147518.8312,Rabbit
67e1c4e1ca61a52a92a67709,1742849048,174525.0189,1742849075,147525.0189,Rabbit
67e1c4e1ca61a52a92a67715,1742849048,174799.4632,1742849075,147799.4632,Rabbit
67e1c4e1ca61a52a92a6771d,1742849048,174891.3051,1742849075,147891.3051,Rabbit
67e1c4e1ca61a52a92a676f8,1742849048,174318.7604,1742849075,147318.7604,Rabbit
67e1c4e1ca61a52a92a676f1,1742849048,174226.5618,1742849075,147226.5618,Rabbit
67e1c4e1ca61a52a92a676cd,1742849048,173650.214,1742849075,146650.214,Rabbit
67e1c4e1ca61a52a92a676d1,1742849048,173773.4154,1742849075,146773.4154,Rabbit
67e1c4e1ca61a52a92a676c9,1742849048,173590.1846,1742849075,146590.1846,Rabbit
67e1c4e1ca61a52a92a676a5,1742849048,172903.7792,1742849075,145903.7792,Rabbit
67e1c4e1ca61a52a92a676fe,1742849048,174361.7282,1742849075,147361.7282,Rabbit
67e1c4e1ca61a52a92a676f7,1742849048,174317.35,1742849075,147317.35,Rabbit
67e1c4e1ca61a52a92a67701,1742849048,174425.1498,1742849075,147425.1498,Rabbit
67e1c4e1ca61a52a92a67700,1742849048,174422.8527,1742849075,147422.8527,Rabbit
67e1c4e1ca61a52a92a676f6,1742849048,174315.9043,1742849075,147315.9043,Rabbit
67e1c4e1ca61a52a92a67734,1742849048,175229.7119,1742849075,148229.7119,Rabbit
67e1c4e1ca61a52a92a67702,1742849048,174485.1128,1742849075,147485.1128,Rabbit
67e1c4e1ca61a52a92a67707,1742849048,174521.9309,1742849075,147521.9309,Rabbit
67e1c4e1ca61a52a92a67706,1742849048,174520.4145,1742849075,147520.4145,Rabbit
67e1c4e1ca61a52a92a67703,1742849048,174515.7895,1742849075,147515.7895,Rabbit
67e1c4e1ca61a52a92a6770c,1742849048,174608.9588,1742849075,147608.9588,Rabbit
67e1c4e1ca61a52a92a676f3,1742849048,174254.429,1742849075,147254.429,Rabbit
67e1c4e1ca61a52a92a676ff,1742849048,174363.1548,1742849075,147363.1548,Rabbit
67e1c4e1ca61a52a92a67712,1742849048,174764.6216,1742849075,147764.6216,Rabbit
67e1c4e1ca61a52a92a67710,1742849048,174732.9118,1742849075,147732.9118,Rabbit
67e1c4e1ca61a52a92a67704,1742849048,174517.324,1742849075,147517.324,Rabbit
67e1c4e1ca61a52a92a676fc,1742849048,174324.3326,1742849075,147324.3326,Rabbit
67e1c4e1ca61a52a92a6770f,1742849048,174670.9031,1742849075,147670.9031,Rabbit
67e1c4e1ca61a52a92a67714,1742849048,174797.7737,1742849075,147797.7737,Rabbit
67e1c4e1ca61a52a92a6770b,1742849048,174578.8709,1742849075,147578.8709,Rabbit
67e1c4e1ca61a52a92a67718,1742849048,174826.2153,1742849075,147826.2153,Rabbit
67e1c4e1ca61a52a92a6770e,1742849048,174639.791,1742849075,147639.791,Rabbit
67e1c4e1ca61a52a92a67717,1742849048,174802.4605,1742849075,147802.4605,Rabbit
67e1c4e1ca61a52a92a67720,1742849048,174950.896,1742849075,147950.896,Rabbit
67e1c4e1ca61a52a92a67716,1742849048,174801.038,1742849075,147801.038,Rabbit
67e1c4e1ca61a52a92a67724,1742849048,175013.4899,1742849075,148013.4899,Rabbit
67e1c4e1ca61a52a92a67728,1742849048,175078.7977,1742849075,148078.7977,Rabbit
67e1c4e1ca61a52a92a6770a,1742849048,174548.0603,1742849075,147548.0603,Rabbit
67e1c4e1ca61a52a92a6771a,1742849048,174857.7137,1742849075,147857.7137,Rabbit
67e1c4e1ca61a52a92a6772f,1742849048,175166.923,1742849075,148166.923,Rabbit
67e1c4e1ca61a52a92a67726,1742849048,175075.7632,1742849075,148075.7632,Rabbit
67e1c4e1ca61a52a92a67738,1742849048,175353.2187,1742849075,148353.2187,Rabbit
67e1c4e1ca61a52a92a67722,1742849048,174980.9615,1742849075,147980.9615,Rabbit
67e1c4e1ca61a52a92a67737,1742849048,175323.307,1742849075,148323.307,Rabbit
67e1c4e1ca61a52a92a6771e,1742849048,174892.7738,1742849075,147892.7738,Rabbit
67e1c4e1ca61a52a92a67723,1742849048,175011.8932,1742849075,148011.8932,Rabbit
67e1c4e1ca61a52a92a6771f,1742849048,174919.0292,1742849075,147919.0292,Rabbit
67e1c4e1ca61a52a92a67736,1742849048,175321.8157,1742849075,148321.8157,Rabbit
67e1c4e1ca61a52a92a6772a,1742849048,175104.9229,1742849075,148104.9229,Rabbit
67e1c4e1ca61a52a92a6772b,1742849048,175106.5019,1742849075,148106.5019,Rabbit
67e1c4e1ca61a52a92a67727,1742849048,175077.2772,1742849075,148077.2772,Rabbit
67e1c4e1ca61a52a92a67721,1742849048,174952.9609,1742849075,147952.9609,Rabbit
67e1c4e1ca61a52a92a6772e,1742849048,175137.3703,1742849075,148137.3703,Rabbit
67e1c4e1ca61a52a92a6772c,1742849048,175108.0305,1742849075,148108.0305,Rabbit
67e1c4e1ca61a52a92a67732,1742849048,175199.4144,1742849075,148199.4144,Rabbit
67e1c4e1ca61a52a92a67733,1742849048,175200.9408,1742849075,148200.9408,Rabbit
67e1c4e1ca61a52a92a67730,1742849048,175168.7991,1742849075,148168.7991,Rabbit
67e1c4e1ca61a52a92a67731,1742849048,175197.8497,1742849075,148197.8497,Rabbit
67e1c4e1ca61a52a92a676f2,1742849048,174252.2673,1742849075,147252.2673,Rabbit
67e1c4e1ca61a52a92a676f4,1742849048,174284.2122,1742849075,147284.2122,Rabbit
67e1c4e1ca61a52a92a67708,1742849048,174523.4916,1742849075,147523.4916,Rabbit
67e1c4e1ca61a52a92a6769b,1742849048,172501.1372,1742849075,145501.1372,Rabbit
67e1c4e1ca61a52a92a67695,1742849048,172284.0928,1742849075,145284.0928,Rabbit
67e1c4e1ca61a52a92a676bb,1742849048,173307.9327,1742849075,146307.9327,Rabbit
67e1c4e1ca61a52a92a676dd,1742849048,174081.8215,1742849075,147081.8215,Rabbit
67e1c4e1ca61a52a92a676b9,1742849048,173275.8398,1742849075,146275.8398,Rabbit
67e1c4e1ca61a52a92a676d5,1742849048,173896.0187,1742849075,146896.0187,Rabbit
67e1c4e1ca61a52a92a676f5,1742849048,174314.3035,1742849075,147314.3035,Rabbit
67e1c4e1ca61a52a92a676fb,1742849048,174323.0029,1742849075,147323.0029,Rabbit
67e1c4e1ca61a52a92a676f9,1742849048,174320.2389,1742849075,147320.2389,Rabbit
67e1c4e1ca61a52a92a6770d,1742849048,174610.6302,1742849075,147610.6302,Rabbit
67e1c4e1ca61a52a92a67713,1742849048,174796.0254,1742849075,147796.0254,Rabbit
67e1c4e1ca61a52a92a67725,1742849048,175074.0902,1742849075,148074.0902,Rabbit
67e1c4e1ca61a52a92a67739,1742849048,175383.8682,1742849075,148383.8682,Rabbit
67e1c4e1ca61a52a92a676a8,1742849048,172969.0834,1742849075,145969.0834,Rabbit
67e1c4e1ca61a52a92a676f0,1742849048,174225.0488,1742849075,147225.0488,Rabbit
67e1c4e1ca61a52a92a676c0,1742849048,173430.7657,1742849075,146430.7657,Rabbit
67e1c4e1ca61a52a92a676d8,1742849048,173960.1199,1742849075,146960.1199,Rabbit
67e1c4e1ca61a52a92a676d7,1742849048,173958.6042,1742849075,146958.6042,Rabbit
67e1c4e1ca61a52a92a676dc,1742849048,174055.1798,1742849075,147055.1798,Rabbit
67e1c4e1ca61a52a92a676cf,1742849048,173710.0734,1742849075,146710.0734,Rabbit
67e1c4e1ca61a52a92a676bc,1742849048,173338.7934,1742849075,146338.7934,Rabbit
67e1c4e1ca61a52a92a676e2,1742849048,174089.0393,1742849075,147089.0393,Rabbit
67e1c4e1ca61a52a92a676c3,1742849048,173464.0702,1742849075,146464.0702,Rabbit
67e1c4e1ca61a52a92a676c8,1742849048,173588.1984,1742849075,146588.1984,Rabbit
67e1c4e1ca61a52a92a676e6,1742849048,174094.7938,1742849075,147094.7938,Rabbit
67e1c4e1ca61a52a92a676c1,1742849048,173432.3857,1742849075,146432.3857,Rabbit
67e1c4e1ca61a52a92a676b0,1742849048,173064.4694,1742849075,146064.4694,Rabbit
67e1c4e1ca61a52a92a676de,1742849048,174083.4216,1742849075,147083.4216,Rabbit
67e1c4e1ca61a52a92a676e3,1742849048,174090.5672,1742849075,147090.5672,Rabbit
67e1c4e1ca61a52a92a676cc,1742849048,173648.6679,1742849075,146648.6679,Rabbit
67e1c4e1ca61a52a92a676a7,1742849048,172967.5065,1742849075,145967.5065,Rabbit
67e1c4e1ca61a52a92a6769c,1742849048,172532.7426,1742849075,145532.7426,Rabbit
67e1c4e1ca61a52a92a67696,1742849048,172346.2587,1742849075,145346.2587,Rabbit
67e1c4e1ca61a52a92a676ea,1742849048,174191.232,1742849075,147191.232,Rabbit
67e1c4e1ca61a52a92a6769a,1742849048,172439.644,1742849075,145439.644,Rabbit
67e1c4e1ca61a52a92a676e1,1742849048,174087.6393,1742849075,147087.6393,Rabbit
67e1c4e1ca61a52a92a676a2,1742849048,172782.7505,1742849075,145782.7505,Rabbit
67e1c4e1ca61a52a92a676e0,1742849048,174086.2505,1742849075,147086.2505,Rabbit
67e1c4e1ca61a52a92a676c7,1742849048,173585.9386,1742849075,146585.9386,Rabbit
67e1c4e1ca61a52a92a676aa,1742849048,172996.8648,1742849075,145996.8648,Rabbit
67e1c4e1ca61a52a92a676a0,1742849048,172717.8238,1742849075,145717.8238,Rabbit
67e1c4e1ca61a52a92a676b6,1742849048,173215.348,1742849075,146215.348,Rabbit
67e1c4e1ca61a52a92a676cb,1742849048,173617.68,1742849075,146617.68,Rabbit
67e1c4e1ca61a52a92a676ba,1742849048,173277.3597,1742849075,146277.3597,Rabbit
67e1c4e1ca61a52a92a676be,1742849048,173399.9181,1742849075,146399.9181,Rabbit
67e1c4e1ca61a52a92a676e4,1742849048,174091.9678,1742849075,147091.9678,Rabbit
67e1c4e1ca61a52a92a676ec,1742849048,174194.5929,1742849075,147194.5929,Rabbit
67e1c4e1ca61a52a92a676a3,1742849048,172842.5132,1742849075,145842.5132,Rabbit
67e1c4e1ca61a52a92a6769e,1742849048,172624.983,1742849075,145624.983,Rabbit
67e1c4e1ca61a52a92a676a6,1742849048,172965.7717,1742849075,145965.7717,Rabbit
67e1c4e1ca61a52a92a676e8,1742849048,174129.0162,1742849075,147129.0162,Rabbit
67e1c4e1ca61a52a92a676b2,1742849048,173091.5785,1742849075,146091.5785,Rabbit
67e1c4e1ca61a52a92a676d9,1742849048,173989.6205,1742849075,146989.6205,Rabbit
67e1c4e1ca61a52a92a676b1,1742849048,173089.8247,1742849075,146089.8247,Rabbit
67e1c4e1ca61a52a92a67694,1742849048,172253.1565,1742849075,145253.1565,Rabbit
67e1c4e1ca61a52a92a676c2,1742849048,173462.609,1742849075,146462.609,Rabbit
67e1c4e1ca61a52a92a676c6,1742849048,173555.1832,1742849075,146555.1832,Rabbit
67e1c4e1ca61a52a92a6769f,1742849048,172655.7939,1742849075,145655.7939,Rabbit
67e1c4e1ca61a52a92a676db,1742849048,174051.8294,1742849075,147051.8294,Rabbit
67e1c4e1ca61a52a92a676ce,1742849048,173679.7212,1742849075,146679.7212,Rabbit
67e1c4e1ca61a52a92a67719,1742849048,174827.8592,1742849075,147827.8592,Rabbit
67e1c4e1ca61a52a92a67735,1742849048,175260.7363,1742849075,148260.7363,Rabbit
67e1c4e1ca61a52a92a6771b,1742849048,174888.023,1742849075,147888.023,Rabbit
67e1c4e1ca61a52a92a676af,1742849048,173062.9356,1742849075,146062.9356,Rabbit
67e1c4e1ca61a52a92a676d6,1742849048,173927.6395,1742849075,146927.6395,Rabbit
67e1c4e1ca61a52a92a676fa,1742849048,174321.6256,1742849075,147321.6256,Rabbit
67e1c4e1ca61a52a92a676d2,1742849048,173803.5943,1742849075,146803.5943,Rabbit
67e1c4e1ca61a52a92a676ca,1742849048,173592.1859,1742849075,146592.1859,Rabbit
67e1c4e1ca61a52a92a676e7,1742849048,174096.1584,1742849075,147096.1584,Rabbit
67e1c4e1ca61a52a92a676d0,1742849048,173771.7914,1742849075,146771.7914,Rabbit
67e1c4e1ca61a52a92a67699,1742849048,172408.5341,1742849075,145408.5341,Rabbit
67e1c4e1ca61a52a92a676da,1742849048,174020.7668,1742849075,147020.7668,Rabbit
67e1c4e1ca61a52a92a676a1,1742849048,172780.3908,1742849075,145780.3908,Rabbit
67e1c4e1ca61a52a92a676ab,1742849048,173028.0065,1742849075,146028.0065,Rabbit
67e1c4e1ca61a52a92a6771c,1742849048,174889.8035,1742849075,147889.8035,Rabbit
67e1c4e1ca61a52a92a676ee,1742849048,174222.0709,1742849075,147222.0709,Rabbit
67e1c4e1ca61a52a92a676ae,1742849048,173061.3817,1742849075,146061.3817,Rabbit
67e1c4e1ca61a52a92a676b3,1742849048,173151.8145,1742849075,146151.8145,Rabbit
67e1c4e1ca61a52a92a676ef,1742849048,174223.6249,1742849075,147223.6249,Rabbit
67e1c4e1ca61a52a92a676b4,1742849048,173183.6146,1742849075,146183.6146,Rabbit
67e1c4e1ca61a52a92a676b8,1742849048,173247.523,1742849075,146247.523,Rabbit
67e1c4e1ca61a52a92a676d3,1742849048,173833.8635,1742849075,146833.8635,Rabbit
67e1c4e1ca61a52a92a676a4,1742849048,172873.8376,1742849075,145873.8376,Rabbit
67e1c4e1ca61a52a92a67698,1742849048,172379.8907,1742849075,145379.8907,Rabbit
67e1c4e1ca61a52a92a676ac,1742849048,173029.8811,1742849075,146029.8811,Rabbit
67e1c4e1ca61a52a92a676d4,1742849048,173835.5615,1742849075,146835.5615,Rabbit
67e1c4e1ca61a52a92a676a9,1742849048,172970.8041,1742849075,145970.8041,Rabbit
67e1c4e1ca61a52a92a676ad,1742849048,173059.8435,1742849075,146059.8435,Rabbit
67e1c4e1ca61a52a92a676bf,1742849048,173401.4832,1742849075,146401.4832,Rabbit
67e1c4e1ca61a52a92a676bd,1742849048,173369.7258,1742849075,146369.7258,Rabbit
67e1c4e1ca61a52a92a676c5,1742849048,173493.3338,1742849075,146493.3338,Rabbit
67e1c4e1ca61a52a92a676e5,1742849048,174093.3454,1742849075,147093.3454,Rabbit
67e1c4e1ca61a52a92a676e9,1742849048,174160.5688,1742849075,147160.5688,Rabbit
67e1c4e1ca61a52a92a676ed,1742849048,174196.0382,1742849075,147196.0382,Rabbit
67e1c4e1ca61a52a92a67711,1742849048,174734.6696,1742849075,147734.6696,Rabbit
67e1c4e1ca61a52a92a67729,1742849048,175080.3894,1742849075,148080.3894,Rabbit
67e1c4e1ca61a52a92a6772d,1742849048,175135.8462,1742849075,148135.8462,Rabbit
67e1c4e1ca61a52a92a676fd,1742849048,174325.7127,1742849075,147325.7127,Rabbit
67e1c4e1ca61a52a92a676c4,1742849048,173465.5711,1742849075,146465.5711,Rabbit
67e1c4e1ca61a52a92a676b7,1742849048,173244.9631,1742849075,146244.9631,Rabbit
67e1c4e1ca61a52a92a676eb,1742849048,174193.0376,1742849075,147193.0376,Rabbit
67e1c4e1ca61a52a92a676df,1742849048,174084.8327,1742849075,147084.8327,Rabbit
67e1c4e1ca61a52a92a67697,1742849048,172377.2397,1742849075,145377.2397,Rabbit
67e1c4e1ca61a52a92a67653,1742849048,170703.6906,1742849074,144703.6906,Rabbit
67e1c4e1ca61a52a92a675f1,1742849048,169064.4124,1742849074,143064.4124,Rabbit
67e1c4e1ca61a52a92a67654,1742849048,170735.6229,1742849074,144735.6229,Rabbit
67e1c4e1ca61a52a92a675ed,1742849048,168968.5704,1742849074,142968.5704,Rabbit
67e1c4e1ca61a52a92a675fd,1742849048,169222.8504,1742849074,143222.8504,Rabbit
67e1c4e1ca61a52a92a6760d,1742849048,169452.1508,1742849074,143452.1508,Rabbit
67e1c4e1ca61a52a92a6761d,1742849048,169790.0135,1742849074,143790.0135,Rabbit
67e1c4e1ca61a52a92a6762d,1742849048,170161.3809,1742849074,144161.3809,Rabbit
67e1c4e1ca61a52a92a6763d,1742849048,170444.4532,1742849074,144444.4532,Rabbit
67e1c4e1ca61a52a92a6764d,1742849048,170583.241,1742849074,144583.241,Rabbit
67e1c4e1ca61a52a92a6766d,1742849048,171416.4015,1742849074,145416.4015,Rabbit
67e1c4e1ca61a52a92a67689,1742849048,172005.8759,1742849074,146005.8759,Rabbit
67e1c4e1ca61a52a92a67658,1742849048,170858.722,1742849074,144858.722,Rabbit
67e1c4e1ca61a52a92a67645,1742849048,170510.0566,1742849074,144510.0566,Rabbit
67e1c4e1ca61a52a92a67669,1742849048,171355.9477,1742849074,145355.9477,Rabbit
67e1c4e1ca61a52a92a675ff,1742849048,169247.4073,1742849074,143247.4073,Rabbit
67e1c4e1ca61a52a92a675f2,1742849048,169065.8814,1742849074,143065.8814,Rabbit
67e1c4e1ca61a52a92a675f8,1742849048,169123.9611,1742849074,143123.9611,Rabbit
67e1c4e1ca61a52a92a6764c,1742849048,170581.5529,1742849074,144581.5529,Rabbit
67e1c4e1ca61a52a92a67604,1742849048,169348.8821,1742849074,143348.8821,Rabbit
67e1c4e1ca61a52a92a6765c,1742849048,170920.7188,1742849074,144920.7188,Rabbit
67e1c4e1ca61a52a92a675e5,1742849048,168813.1951,1742849074,142813.1951,Rabbit
67e1c4e1ca61a52a92a675e7,1742849048,168847.934,1742849074,142847.934,Rabbit
67e1c4e1ca61a52a92a675ec,1742849048,168938.241,1742849074,142938.241,Rabbit
67e1c4e1ca61a52a92a675ee,1742849048,169030.3794,1742849074,143030.3794,Rabbit
67e1c4e1ca61a52a92a675f3,1742849048,169067.2288,1742849074,143067.2288,Rabbit
67e1c4e1ca61a52a92a675f7,1742849048,169094.2416,1742849074,143094.2416,Rabbit
67e1c4e1ca61a52a92a675fc,1742849048,169221.2374,1742849074,143221.2374,Rabbit
67e1c4e1ca61a52a92a675f0,1742849048,169062.7939,1742849074,143062.7939,Rabbit
67e1c4e1ca61a52a92a67601,1742849048,169343.3054,1742849074,143343.3054,Rabbit
67e1c4e1ca61a52a92a67607,1742849048,169387.9164,1742849074,143387.9164,Rabbit
67e1c4e1ca61a52a92a6760c,1742849048,169450.723,1742849074,143450.723,Rabbit
67e1c4e1ca61a52a92a6760b,1742849048,169449.1904,1742849074,143449.1904,Rabbit
67e1c4e1ca61a52a92a6760a,1742849048,169418.2714,1742849074,143418.2714,Rabbit
67e1c4e1ca61a52a92a67614,1742849048,169638.5964,1742849074,143638.5964,Rabbit
67e1c4e1ca61a52a92a6764b,1742849048,170579.7444,1742849074,144579.7444,Rabbit
67e1c4e1ca61a52a92a675fb,1742849048,169218.9976,1742849074,143218.9976,Rabbit
67e1c4e1ca61a52a92a675f9,1742849048,169154.609,1742849074,143154.609,Rabbit
67e1c4e1ca61a52a92a675e9,1742849048,168852.251,1742849074,142852.251,Rabbit
67e1c4e1ca61a52a92a67611,1742849048,169574.6495,1742849074,143574.6495,Rabbit
67e1c4e1ca61a52a92a67615,1742849048,169640.5292,1742849074,143640.5292,Rabbit
67e1c4e1ca61a52a92a67613,1742849048,169636.8333,1742849074,143636.8333,Rabbit
67e1c4e1ca61a52a92a675e6,1742849048,168845.9611,1742849074,142845.9611,Rabbit
67e1c4e1ca61a52a92a67625,1742849048,169911.7153,1742849074,143911.7153,Rabbit
67e1c4e1ca61a52a92a67635,1742849048,170322.2965,1742849074,144322.2965,Rabbit
67e1c4e1ca61a52a92a6763b,1742849048,170440.7206,1742849074,144440.7206,Rabbit
67e1c4e1ca61a52a92a67639,1742849048,170414.6256,1742849074,144414.6256,Rabbit
67e1c4e1ca61a52a92a6765b,1742849048,170894.3094,1742849074,144894.3094,Rabbit
67e1c4e1ca61a52a92a67655,1742849048,170737.1826,1742849074,144737.1826,Rabbit
67e1c4e1ca61a52a92a6765d,1742849048,170952.799,1742849074,144952.799,Rabbit
67e1c4e1ca61a52a92a67675,1742849048,171571.5345,1742849074,145571.5345,Rabbit
67e1c4e1ca61a52a92a67679,1742849048,171666.3167,1742849074,145666.3167,Rabbit
67e1c4e1ca61a52a92a6767b,1742849048,171726.1056,1742849074,145726.1056,Rabbit
67e1c4e1ca61a52a92a675f6,1742849048,169092.5076,1742849074,143092.5076,Rabbit
67e1c4e1ca61a52a92a6768d,1742849048,172098.8628,1742849074,146098.8628,Rabbit
67e1c4e1ca61a52a92a675fa,1742849048,169185.5074,1742849074,143185.5074,Rabbit
67e1c4e1ca61a52a92a67685,1742849048,171881.0582,1742849074,145881.0582,Rabbit
67e1c4e1ca61a52a92a675fe,1742849048,169224.3579,1742849074,143224.3579,Rabbit
67e1c4e1ca61a52a92a67602,1742849048,169345.3089,1742849074,143345.3089,Rabbit
67e1c4e1ca61a52a92a67606,1742849048,169352.6975,1742849074,143352.6975,Rabbit
67e1c4e1ca61a52a92a67600,1742849048,169309.6222,1742849074,143309.6222,Rabbit
67e1c4e1ca61a52a92a675ef,1742849048,169031.8497,1742849074,143031.8497,Rabbit
67e1c4e1ca61a52a92a675f4,1742849048,169068.9337,1742849074,143068.9337,Rabbit
67e1c4e1ca61a52a92a67616,1742849048,169642.1946,1742849074,143642.1946,Rabbit
67e1c4e1ca61a52a92a6761e,1742849048,169822.7052,1742849074,143822.7052,Rabbit
67e1c4e1ca61a52a92a67626,1742849048,169945.1814,1742849074,143945.1814,Rabbit
67e1c4e1ca61a52a92a6766b,1742849048,171361.1987,1742849074,145361.1987,Rabbit
67e1c4e1ca61a52a92a67617,1742849048,169666.102,1742849074,143666.102,Rabbit
67e1c4e1ca61a52a92a6761a,1742849048,169759.1071,1742849074,143759.1071,Rabbit
67e1c4e1ca61a52a92a6762e,1742849048,170193.2694,1742849074,144193.2694,Rabbit
67e1c4e1ca61a52a92a67618,1742849048,169697.945,1742849074,143697.945,Rabbit
67e1c4e1ca61a52a92a67623,1742849048,169902.7294,1742849074,143902.7294,Rabbit
67e1c4e1ca61a52a92a67610,1742849048,169573.0139,1742849074,143573.0139,Rabbit
67e1c4e1ca61a52a92a6761b,1742849048,169760.706,1742849074,143760.706,Rabbit
67e1c4e1ca61a52a92a67648,1742849048,170513.9413,1742849074,144513.9413,Rabbit
67e1c4e1ca61a52a92a67628,1742849048,169979.484,1742849074,143979.484,Rabbit
67e1c4e1ca61a52a92a67647,1742849048,170512.649,1742849074,144512.649,Rabbit
67e1c4e1ca61a52a92a67636,1742849048,170378.8077,1742849074,144378.8077,Rabbit
67e1c4e1ca61a52a92a6763a,1742849048,170416.4094,1742849074,144416.4094,Rabbit
67e1c4e1ca61a52a92a6762a,1742849048,170009.7337,1742849074,144009.7337,Rabbit
67e1c4e1ca61a52a92a67630,1742849048,170285.38,1742849074,144285.38,Rabbit
67e1c4e1ca61a52a92a67642,1742849048,170505.9975,1742849074,144505.9975,Rabbit
67e1c4e1ca61a52a92a67620,1742849048,169832.2752,1742849074,143832.2752,Rabbit
67e1c4e1ca61a52a92a67634,1742849048,170320.8648,1742849074,144320.8648,Rabbit
67e1c4e1ca61a52a92a6760f,1742849048,169512.3896,1742849074,143512.3896,Rabbit
67e1c4e1ca61a52a92a67646,1742849048,170511.3931,1742849074,144511.3931,Rabbit
67e1c4e1ca61a52a92a67612,1742849048,169635.3371,1742849074,143635.3371,Rabbit
67e1c4e1ca61a52a92a67632,1742849048,170318.0052,1742849074,144318.0052,Rabbit
67e1c4e1ca61a52a92a67638,1742849048,170412.3403,1742849074,144412.3403,Rabbit
67e1c4e1ca61a52a92a6764a,1742849048,170550.0733,1742849074,144550.0733,Rabbit
67e1c4e1ca61a52a92a67603,1742849048,169347.0171,1742849074,143347.0171,Rabbit
67e1c4e1ca61a52a92a67640,1742849048,170503.1082,1742849074,144503.1082,Rabbit
67e1c4e1ca61a52a92a6763f,1742849048,170473.9914,1742849074,144473.9914,Rabbit
67e1c4e1ca61a52a92a67652,1742849048,170675.0584,1742849074,144675.0584,Rabbit
67e1c4e1ca61a52a92a6763c,1742849048,170442.5376,1742849074,144442.5376,Rabbit
67e1c4e1ca61a52a92a6762f,1742849048,170223.4083,1742849074,144223.4083,Rabbit
67e1c4e1ca61a52a92a6760e,1742849048,169484.6491,1742849074,143484.6491,Rabbit
67e1c4e1ca61a52a92a67656,1742849048,170738.6127,1742849074,144738.6127,Rabbit
67e1c4e1ca61a52a92a67643,1742849048,170507.4137,1742849074,144507.4137,Rabbit
67e1c4e1ca61a52a92a67644,1742849048,170508.7074,1742849074,144508.7074,Rabbit
67e1c4e1ca61a52a92a6765a,1742849048,170892.615,1742849074,144892.615,Rabbit
67e1c4e1ca61a52a92a6765e,1742849048,170982.9569,1742849074,144982.9569,Rabbit
67e1c4e1ca61a52a92a67662,1742849048,171049.2216,1742849074,145049.2216,Rabbit
67e1c4e1ca61a52a92a67666,1742849048,171199.903,1742849074,145199.903,Rabbit
67e1c4e1ca61a52a92a67665,1742849048,171137.7712,1742849074,145137.7712,Rabbit
67e1c4e1ca61a52a92a6766a,1742849048,171358.0187,1742849074,145358.0187,Rabbit
67e1c4e1ca61a52a92a67659,1742849048,170891.0126,1742849074,144891.0126,Rabbit
67e1c4e1ca61a52a92a6766e,1742849048,171417.9753,1742849074,145417.9753,Rabbit
67e1c4e1ca61a52a92a67651,1742849048,170673.4994,1742849074,144673.4994,Rabbit
67e1c4e1ca61a52a92a67676,1742849048,171573.0197,1742849074,145573.0197,Rabbit
67e1c4e1ca61a52a92a67608,1742849048,169389.7562,1742849074,143389.7562,Rabbit
67e1c4e1ca61a52a92a6767a,1742849048,171696.2192,1742849074,145696.2192,Rabbit
67e1c4e1ca61a52a92a6767e,1742849048,171760.9041,1742849074,145760.9041,Rabbit
67e1c4e1ca61a52a92a67664,1742849048,171107.5444,1742849074,145107.5444,Rabbit
67e1c4e1ca61a52a92a67682,1742849048,171821.226,1742849074,145821.226,Rabbit
67e1c4e1ca61a52a92a67668,1742849048,171323.9663,1742849074,145323.9663,Rabbit
67e1c4e1ca61a52a92a67650,1742849048,170642.018,1742849074,144642.018,Rabbit
67e1c4e1ca61a52a92a67686,1742849048,171882.5686,1742849074,145882.5686,Rabbit
67e1c4e1ca61a52a92a67661,1742849048,171047.7981,1742849074,145047.7981,Rabbit
67e1c4e1ca61a52a92a6768a,1742849048,172036.9058,1742849074,146036.9058,Rabbit
67e1c4e1ca61a52a92a6764e,1742849048,170585.0396,1742849074,144585.0396,Rabbit
67e1c4e1ca61a52a92a67680,1742849048,171790.3079,1742849074,145790.3079,Rabbit
67e1c4e1ca61a52a92a6766f,1742849048,171419.4214,1742849074,145419.4214,Rabbit
67e1c4e1ca61a52a92a67660,1742849048,171046.4102,1742849074,145046.4102,Rabbit
67e1c4e1ca61a52a92a67692,1742849048,172222.0845,1742849074,146222.0845,Rabbit
67e1c4e1ca61a52a92a67674,1742849048,171542.6146,1742849074,145542.6146,Rabbit
67e1c4e1ca61a52a92a67672,1742849048,171480.4579,1742849074,145480.4579,Rabbit
67e1c4e1ca61a52a92a67671,1742849048,171478.7315,1742849074,145478.7315,Rabbit
67e1c4e1ca61a52a92a6767f,1742849048,171788.3196,1742849074,145788.3196,Rabbit
67e1c4e1ca61a52a92a67670,1742849048,171448.562,1742849074,145448.562,Rabbit
67e1c4e1ca61a52a92a67683,1742849048,171822.7824,1742849074,145822.7824,Rabbit
67e1c4e1ca61a52a92a67688,1742849048,171975.0527,1742849074,145975.0527,Rabbit
67e1c4e1ca61a52a92a67684,1742849048,171850.3186,1742849074,145850.3186,Rabbit
67e1c4e1ca61a52a92a6768f,1742849048,172129.2561,1742849074,146129.2561,Rabbit
67e1c4e1ca61a52a92a6768b,1742849048,172038.3846,1742849074,146038.3846,Rabbit
67e1c4e1ca61a52a92a6768c,1742849048,172039.8936,1742849074,146039.8936,Rabbit
67e1c4e1ca61a52a92a6765f,1742849048,171044.7888,1742849074,145044.7888,Rabbit
67e1c4e1ca61a52a92a67663,1742849048,171075.774,1742849074,145075.774,Rabbit
67e1c4e1ca61a52a92a67667,1742849048,171261.7842,1742849074,145261.7842,Rabbit
67e1c4e1ca61a52a92a67673,1742849048,171509.544,1742849074,145509.544,Rabbit
67e1c4e1ca61a52a92a6764f,1742849048,170610.6198,1742849074,144610.6198,Rabbit
67e1c4e1ca61a52a92a67678,1742849048,171634.0998,1742849074,145634.0998,Rabbit
67e1c4e1ca61a52a92a67677,1742849048,171603.5588,1742849074,145603.5588,Rabbit
67e1c4e1ca61a52a92a6767c,1742849048,171757.9306,1742849074,145757.9306,Rabbit
67e1c4e1ca61a52a92a67687,1742849048,171943.0846,1742849074,145943.0846,Rabbit
67e1c4e1ca61a52a92a67681,1742849048,171819.4618,1742849074,145819.4618,Rabbit
67e1c4e1ca61a52a92a6768e,1742849048,172101.1213,1742849074,146101.1213,Rabbit
67e1c4e1ca61a52a92a675f5,1742849048,169070.4493,1742849074,143070.4493,Rabbit
67e1c4e1ca61a52a92a67622,1742849048,169900.8573,1742849074,143900.8573,Rabbit
67e1c4e1ca61a52a92a6761f,1742849048,169824.8454,1742849074,143824.8454,Rabbit
67e1c4e1ca61a52a92a67624,1742849048,169910.0937,1742849074,143910.0937,Rabbit
67e1c4e1ca61a52a92a6761c,1742849048,169762.2133,1742849074,143762.2133,Rabbit
67e1c4e1ca61a52a92a67627,1742849048,169976.8319,1742849074,143976.8319,Rabbit
67e1c4e1ca61a52a92a67690,1742849048,172131.2102,1742849074,146131.2102,Rabbit
67e1c4e1ca61a52a92a6762b,1742849048,170068.6833,1742849074,144068.6833,Rabbit
67e1c4e1ca61a52a92a67621,1742849048,169868.5528,1742849074,143868.5528,Rabbit
67e1c4e1ca61a52a92a6762c,1742849048,170099.7067,1742849074,144099.7067,Rabbit
67e1c4e1ca61a52a92a6766c,1742849048,171387.341,1742849074,145387.341,Rabbit
67e1c4e1ca61a52a92a67633,1742849048,170319.4463,1742849074,144319.4463,Rabbit
67e1c4e1ca61a52a92a67637,1742849048,170409.6302,1742849074,144409.6302,Rabbit
67e1c4e1ca61a52a92a67631,1742849048,170316.4221,1742849074,144316.4221,Rabbit
67e1c4e1ca61a52a92a67641,1742849048,170504.6421,1742849074,144504.6421,Rabbit
67e1c4e1ca61a52a92a67605,1742849048,169350.59,1742849074,143350.59,Rabbit
67e1c4e1ca61a52a92a67619,1742849048,169728.1494,1742849074,143728.1494,Rabbit
67e1c4e1ca61a52a92a67629,1742849048,170008.1271,1742849074,144008.1271,Rabbit
67e1c4e1ca61a52a92a67649,1742849048,170515.2904,1742849074,144515.2904,Rabbit
67e1c4e1ca61a52a92a6767d,1742849048,171759.5111,1742849074,145759.5111,Rabbit
67e1c4e1ca61a52a92a67693,1742849048,172223.7008,1742849074,146223.7008,Rabbit
67e1c4e1ca61a52a92a67691,1742849048,172160.0644,1742849074,146160.0644,Rabbit
67e1c4e1ca61a52a92a6763e,1742849048,170472.2677,1742849074,144472.2677,Rabbit
67e1c4e1ca61a52a92a67657,1742849048,170796.6527,1742849074,144796.6527,Rabbit
67e1c4e1ca61a52a92a675e8,1742849048,168850.191,1742849074,142850.191,Rabbit
67e1c4e1ca61a52a92a675eb,1742849048,168878.2241,1742849074,142878.2241,Rabbit
67e1c4e1ca61a52a92a675ea,1742849048,168876.25,1742849074,142876.25,Rabbit
67e1c4e1ca61a52a92a67609,1742849048,169391.6449,1742849074,143391.6449,Rabbit
67e1c4e1ca61a52a92a67525,1742849048,165186.586,1742849073,140186.586,Rabbit
67e1c4e1ca61a52a92a6752c,1742849048,165342.7854,1742849073,140342.7854,Rabbit
67e1c4e1ca61a52a92a6752d,1742849048,165344.6923,1742849073,140344.6923,Rabbit
67e1c4e1ca61a52a92a67531,1742849048,165377.866,1742849073,140377.866,Rabbit
67e1c4e1ca61a52a92a67535,1742849048,165529.288,1742849073,140529.288,Rabbit
67e1c4e1ca61a52a92a67539,1742849048,165594.6174,1742849073,140594.6174,Rabbit
67e1c4e1ca61a52a92a67545,1742849048,165765.1074,1742849073,140765.1074,Rabbit
67e1c4e1ca61a52a92a67549,1742849048,165856.52,1742849073,140856.52,Rabbit
67e1c4e1ca61a52a92a67551,1742849048,166038.7554,1742849073,141038.7554,Rabbit
67e1c4e1ca61a52a92a67555,1742849048,166134.8516,1742849073,141134.8516,Rabbit
67e1c4e1ca61a52a92a6755d,1742849048,166410.8778,1742849073,141410.8778,Rabbit
67e1c4e1ca61a52a92a67565,1742849048,166535.1999,1742849073,141535.1999,Rabbit
67e1c4e1ca61a52a92a67569,1742849048,166690.9772,1742849073,141690.9772,Rabbit
67e1c4e1ca61a52a92a67585,1742849048,167141.0345,1742849073,142141.0345,Rabbit
67e1c4e1ca61a52a92a67589,1742849048,167171.2293,1742849073,142171.2293,Rabbit
67e1c4e1ca61a52a92a67591,1742849048,167326.9782,1742849073,142326.9782,Rabbit
67e1c4e1ca61a52a92a67595,1742849048,167418.1258,1742849073,142418.1258,Rabbit
67e1c4e1ca61a52a92a6759d,1742849048,167513.7494,1742849073,142513.7494,Rabbit
67e1c4e1ca61a52a92a675a5,1742849048,167729.1812,1742849073,142729.1812,Rabbit
67e1c4e1ca61a52a92a675a9,1742849048,167735.2214,1742849073,142735.2214,Rabbit
67e1c4e1ca61a52a92a675ad,1742849048,167790.4288,1742849073,142790.4288,Rabbit
67e1c4e1ca61a52a92a675bd,1742849048,168224.2134,1742849073,143224.2134,Rabbit
67e1c4e1ca61a52a92a675c5,1742849048,168411.6638,1742849073,143411.6638,Rabbit
67e1c4e1ca61a52a92a675cd,1742849048,168597.1728,1742849073,143597.1728,Rabbit
67e1c4e1ca61a52a92a675d5,1742849048,168670.0221,1742849073,143670.0221,Rabbit
67e1c4e1ca61a52a92a675d9,1742849048,168708.0681,1742849073,143708.0681,Rabbit
67e1c4e1ca61a52a92a675dd,1742849048,168769.4869,1742849073,143769.4869,Rabbit
67e1c4e1ca61a52a92a675e4,1742849048,168780.9842,1742849073,143780.9842,Rabbit
67e1c4e1ca61a52a92a67502,1742849048,164395.8983,1742849073,139395.8983,Rabbit
67e1c4e1ca61a52a92a67596,1742849048,167419.6407,1742849073,142419.6407,Rabbit
67e1c4e1ca61a52a92a6759c,1742849048,167512.2708,1742849073,142512.2708,Rabbit
67e1c4e1ca61a52a92a6758a,1742849048,167172.7197,1742849073,142172.7197,Rabbit
67e1c4e1ca61a52a92a6751f,1742849048,165098.7016,1742849073,140098.7016,Rabbit
67e1c4e1ca61a52a92a67593,1742849048,167388.0309,1742849073,142388.0309,Rabbit
67e1c4e1ca61a52a92a6759a,1742849048,167482.7074,1742849073,142482.7074,Rabbit
67e1c4e1ca61a52a92a67512,1742849048,164690.4117,1742849073,139690.4117,Rabbit
67e1c4e1ca61a52a92a675a4,1742849048,167697.2375,1742849073,142697.2375,Rabbit
67e1c4e1ca61a52a92a67520,1742849048,165100.1211,1742849073,140100.1211,Rabbit
67e1c4e1ca61a52a92a675a8,1742849048,167733.7543,1742849073,142733.7543,Rabbit
67e1c4e1ca61a52a92a6758f,1742849048,167294.6994,1742849073,142294.6994,Rabbit
67e1c4e1ca61a52a92a67524,1742849048,165157.3876,1742849073,140157.3876,Rabbit
67e1c4e1ca61a52a92a67527,1742849048,165218.9241,1742849073,140218.9241,Rabbit
67e1c4e1ca61a52a92a675a0,1742849048,167547.0563,1742849073,142547.0563,Rabbit
67e1c4e1ca61a52a92a67526,1742849048,165217.4149,1742849073,140217.4149,Rabbit
67e1c4e1ca61a52a92a675d3,1742849048,168666.3866,1742849073,143666.3866,Rabbit
67e1c4e1ca61a52a92a675b4,1742849048,168038.9268,1742849073,143038.9268,Rabbit
67e1c4e1ca61a52a92a67528,1742849048,165220.4584,1742849073,140220.4584,Rabbit
67e1c4e1ca61a52a92a675b2,1742849048,167945.9927,1742849073,142945.9927,Rabbit
67e1c4e1ca61a52a92a675b8,1742849048,168131.1957,1742849073,143131.1957,Rabbit
67e1c4e1ca61a52a92a675bc,1742849048,168194.1189,1742849073,143194.1189,Rabbit
67e1c4e1ca61a52a92a6752f,1742849048,165374.3143,1742849073,140374.3143,Rabbit
67e1c4e1ca61a52a92a675ba,1742849048,168162.3216,1742849073,143162.3216,Rabbit
67e1c4e1ca61a52a92a6750a,1742849048,164507.1624,1742849073,139507.1624,Rabbit
67e1c4e1ca61a52a92a67522,1742849048,165125.8877,1742849073,140125.8877,Rabbit
67e1c4e1ca61a52a92a675c4,1742849048,168381.7823,1742849073,143381.7823,Rabbit
67e1c4e1ca61a52a92a675c3,1742849048,168380.2416,1742849073,143380.2416,Rabbit
67e1c4e1ca61a52a92a675c8,1742849048,168474.5702,1742849073,143474.5702,Rabbit
67e1c4e1ca61a52a92a67534,1742849048,165527.6014,1742849073,140527.6014,Rabbit
67e1c4e1ca61a52a92a67537,1742849048,165532.5,1742849073,140532.5,Rabbit
67e1c4e1ca61a52a92a674eb,1742849048,163869.7461,1742849073,138869.7461,Rabbit
67e1c4e1ca61a52a92a675ca,1742849048,168504.0612,1742849073,143504.0612,Rabbit
67e1c4e1ca61a52a92a6755a,1742849048,166319.7052,1742849073,141319.7052,Rabbit
67e1c4e1ca61a52a92a67533,1742849048,165465.8892,1742849073,140465.8892,Rabbit
67e1c4e1ca61a52a92a67538,1742849048,165558.4982,1742849073,140558.4982,Rabbit
67e1c4e1ca61a52a92a675a2,1742849048,167604.2908,1742849073,142604.2908,Rabbit
67e1c4e1ca61a52a92a675d2,1742849048,168664.4632,1742849073,143664.4632,Rabbit
67e1c4e1ca61a52a92a675d8,1742849048,168706.3328,1742849073,143706.3328,Rabbit
67e1c4e1ca61a52a92a67563,1742849048,166475.2156,1742849073,141475.2156,Rabbit
67e1c4e1ca61a52a92a6753c,1742849048,165601.8989,1742849073,140601.8989,Rabbit
67e1c4e1ca61a52a92a6753f,1742849048,165641.0474,1742849073,140641.0474,Rabbit
67e1c4e1ca61a52a92a675da,1742849048,168736.4891,1742849073,143736.4891,Rabbit
67e1c4e1ca61a52a92a67541,1742849048,165668.2384,1742849073,140668.2384,Rabbit
67e1c4e1ca61a52a92a67532,1742849048,165403.5496,1742849073,140403.5496,Rabbit
67e1c4e1ca61a52a92a67540,1742849048,165666.5633,1742849073,140666.5633,Rabbit
67e1c4e1ca61a52a92a67568,1742849048,166660.4622,1742849073,141660.4622,Rabbit
67e1c4e1ca61a52a92a675e3,1742849048,168779.0312,1742849073,143779.0312,Rabbit
67e1c4e1ca61a52a92a6750e,1742849048,164597.4381,1742849073,139597.4381,Rabbit
67e1c4e1ca61a52a92a67544,1742849048,165763.0381,1742849073,140763.0381,Rabbit
67e1c4e1ca61a52a92a6751b,1742849048,165065.5187,1742849073,140065.5187,Rabbit
67e1c4e1ca61a52a92a67513,1742849048,164752.4439,1742849073,139752.4439,Rabbit
67e1c4e1ca61a52a92a67543,1742849048,165761.1137,1742849073,140761.1137,Rabbit
67e1c4e1ca61a52a92a67548,1742849048,165854.6906,1742849073,140854.6906,Rabbit
67e1c4e1ca61a52a92a6754c,1742849048,165915.7329,1742849073,140915.7329,Rabbit
67e1c4e1ca61a52a92a6754f,1742849048,166007.7483,1742849073,141007.7483,Rabbit
67e1c4e1ca61a52a92a6754e,1742849048,165947.849,1742849073,140947.849,Rabbit
67e1c4e1ca61a52a92a67510,1742849048,164630.2443,1742849073,139630.2443,Rabbit
67e1c4e1ca61a52a92a67542,1742849048,165728.6102,1742849073,140728.6102,Rabbit
67e1c4e1ca61a52a92a6754b,1742849048,165886.5445,1742849073,140886.5445,Rabbit
67e1c4e1ca61a52a92a67580,1742849048,167083.0357,1742849073,142083.0357,Rabbit
67e1c4e1ca61a52a92a67554,1742849048,166133.3508,1742849073,141133.3508,Rabbit
67e1c4e1ca61a52a92a67557,1742849048,166224.8561,1742849073,141224.8561,Rabbit
67e1c4e1ca61a52a92a67556,1742849048,166193.784,1742849073,141193.784,Rabbit
67e1c4e1ca61a52a92a674ee,1742849048,163995.3056,1742849073,138995.3056,Rabbit
67e1c4e1ca61a52a92a674e7,1742849048,163746.6189,1742849073,138746.6189,Rabbit
67e1c4e1ca61a52a92a67574,1742849048,166768.2184,1742849073,141768.2184,Rabbit
67e1c4e1ca61a52a92a67573,1742849048,166731.6455,1742849073,141731.6455,Rabbit
67e1c4e1ca61a52a92a67584,1742849048,167139.4264,1742849073,142139.4264,Rabbit
67e1c4e1ca61a52a92a674f6,1742849048,164116.4875,1742849073,139116.4875,Rabbit
67e1c4e1ca61a52a92a67577,1742849048,166832.0738,1742849073,141832.0738,Rabbit
67e1c4e1ca61a52a92a67583,1742849048,167112.6757,1742849073,142112.6757,Rabbit
67e1c4e1ca61a52a92a6757e,1742849048,167079.8877,1742849073,142079.8877,Rabbit
67e1c4e1ca61a52a92a674e8,1742849048,163775.9071,1742849073,138775.9071,Rabbit
67e1c4e1ca61a52a92a674f4,1742849048,164087.4618,1742849073,139087.4618,Rabbit
67e1c4e1ca61a52a92a674ef,1742849048,163996.8542,1742849073,138996.8542,Rabbit
67e1c4e1ca61a52a92a674fe,1742849048,164336.2823,1742849073,139336.2823,Rabbit
67e1c4e1ca61a52a92a674f8,1742849048,164178.4763,1742849073,139178.4763,Rabbit
67e1c4e1ca61a52a92a674ff,1742849048,164337.8665,1742849073,139337.8665,Rabbit
67e1c4e1ca61a52a92a67588,1742849048,167145.549,1742849073,142145.549,Rabbit
67e1c4e1ca61a52a92a67507,1742849048,164465.319,1742849073,139465.319,Rabbit
67e1c4e1ca61a52a92a67578,1742849048,166860.7054,1742849073,141860.7054,Rabbit
67e1c4e1ca61a52a92a67587,1742849048,167144.0532,1742849073,142144.0532,Rabbit
67e1c4e1ca61a52a92a674fa,1742849048,164211.6783,1742849073,139211.6783,Rabbit
67e1c4e1ca61a52a92a675d7,1742849048,168704.8055,1742849073,143704.8055,Rabbit
67e1c4e1ca61a52a92a67500,1742849048,164339.4489,1742849073,139339.4489,Rabbit
67e1c4e1ca61a52a92a674f2,1742849048,164057.157,1742849073,139057.157,Rabbit
67e1c4e1ca61a52a92a67594,1742849048,167390.081,1742849073,142390.081,Rabbit
67e1c4e1ca61a52a92a67598,1742849048,167452.9444,1742849073,142452.9444,Rabbit
67e1c4e1ca61a52a92a67504,1742849048,164459.7485,1742849073,139459.7485,Rabbit
67e1c4e1ca61a52a92a675dc,1742849048,168767.543,1742849073,143767.543,Rabbit
67e1c4e1ca61a52a92a6757f,1742849048,167081.2256,1742849073,142081.2256,Rabbit
67e1c4e1ca61a52a92a67581,1742849048,167108.7627,1742849073,142108.7627,Rabbit
67e1c4e1ca61a52a92a67572,1742849048,166730.1126,1742849073,141730.1126,Rabbit
67e1c4e1ca61a52a92a6753e,1742849048,165639.1031,1742849073,140639.1031,Rabbit
67e1c4e1ca61a52a92a675df,1742849048,168772.4778,1742849073,143772.4778,Rabbit
67e1c4e1ca61a52a92a67546,1742849048,165791.0529,1742849073,140791.0529,Rabbit
67e1c4e1ca61a52a92a674f1,1742849048,164054.7417,1742849073,139054.7417,Rabbit
67e1c4e1ca61a52a92a6759e,1742849048,167543.125,1742849073,142543.125,Rabbit
67e1c4e1ca61a52a92a674f3,1742849048,164085.6562,1742849073,139085.6562,Rabbit
67e1c4e1ca61a52a92a6754a,1742849048,165884.778,1742849073,140884.778,Rabbit
67e1c4e1ca61a52a92a675a6,1742849048,167730.7353,1742849073,142730.7353,Rabbit
67e1c4e1ca61a52a92a675b6,1742849048,168069.2846,1742849073,143069.2846,Rabbit
67e1c4e1ca61a52a92a67501,1742849048,164365.8126,1742849073,139365.8126,Rabbit
67e1c4e1ca61a52a92a675be,1742849048,168225.6816,1742849073,143225.6816,Rabbit
67e1c4e1ca61a52a92a674ea,1742849048,163839.9826,1742849073,138839.9826,Rabbit
67e1c4e1ca61a52a92a67564,1742849048,166504.0347,1742849073,141504.0347,Rabbit
67e1c4e1ca61a52a92a675c2,1742849048,168349.1635,1742849073,143349.1635,Rabbit
67e1c4e1ca61a52a92a6753b,1742849048,165600.0994,1742849073,140600.0994,Rabbit
67e1c4e1ca61a52a92a6753d,1742849048,165637.0275,1742849073,140637.0275,Rabbit
67e1c4e1ca61a52a92a6756c,1742849048,166721.7015,1742849073,141721.7015,Rabbit
67e1c4e1ca61a52a92a675c6,1742849048,168442.4474,1742849073,143442.4474,Rabbit
67e1c4e1ca61a52a92a6756f,1742849048,166725.9571,1742849073,141725.9571,Rabbit
67e1c4e1ca61a52a92a6755b,1742849048,166321.4088,1742849073,141321.4088,Rabbit
67e1c4e1ca61a52a92a67559,1742849048,166317.8175,1742849073,141317.8175,Rabbit
67e1c4e1ca61a52a92a674e9,1742849048,163837.8692,1742849073,138837.8692,Rabbit
67e1c4e1ca61a52a92a6756d,1742849048,166723.1227,1742849073,141723.1227,Rabbit
67e1c4e1ca61a52a92a67575,1742849048,166798.4877,1742849073,141798.4877,Rabbit
67e1c4e1ca61a52a92a67506,1742849048,164463.5236,1742849073,139463.5236,Rabbit
67e1c4e1ca61a52a92a6754d,1742849048,165917.8867,1742849073,140917.8867,Rabbit
67e1c4e1ca61a52a92a675af,1742849048,167852.2881,1742849073,142852.2881,Rabbit
67e1c4e1ca61a52a92a6758b,1742849048,167202.2131,1742849073,142202.2131,Rabbit
67e1c4e1ca61a52a92a6758d,1742849048,167234.8182,1742849073,142234.8182,Rabbit
67e1c4e1ca61a52a92a67516,1742849048,164876.514,1742849073,139876.514,Rabbit
67e1c4e1ca61a52a92a6759b,1742849048,167484.3537,1742849073,142484.3537,Rabbit
67e1c4e1ca61a52a92a67599,1742849048,167454.7775,1742849073,142454.7775,Rabbit
67e1c4e1ca61a52a92a675d6,1742849048,168671.8499,1742849073,143671.8499,Rabbit
67e1c4e1ca61a52a92a675bb,1742849048,168164.0104,1742849073,143164.0104,Rabbit
67e1c4e1ca61a52a92a675b9,1742849048,168132.8096,1742849073,143132.8096,Rabbit
67e1c4e1ca61a52a92a675c9,1742849048,168476.0923,1742849073,143476.0923,Rabbit
67e1c4e1ca61a52a92a6751a,1742849048,165064.009,1742849073,140064.009,Rabbit
67e1c4e1ca61a52a92a675db,1742849048,168737.9588,1742849073,143737.9588,Rabbit
67e1c4e1ca61a52a92a6751e,1742849048,165097.2998,1742849073,140097.2998,Rabbit
67e1c4e1ca61a52a92a675de,1742849048,168770.9804,1742849073,143770.9804,Rabbit
67e1c4e1ca61a52a92a675e2,1742849048,168777.3518,1742849073,143777.3518,Rabbit
67e1c4e1ca61a52a92a6750f,1742849048,164628.3998,1742849073,139628.3998,Rabbit
67e1c4e1ca61a52a92a6757d,1742849048,167078.3392,1742849073,142078.3392,Rabbit
67e1c4e1ca61a52a92a675e0,1742849048,168774.2084,1742849073,143774.2084,Rabbit
67e1c4e1ca61a52a92a675cf,1742849048,168631.0187,1742849073,143631.0187,Rabbit
67e1c4e1ca61a52a92a67521,1742849048,165124.4551,1742849073,140124.4551,Rabbit
67e1c4e1ca61a52a92a6758e,1742849048,167265.3145,1742849073,142265.3145,Rabbit
67e1c4e1ca61a52a92a675a7,1742849048,167732.2821,1742849073,142732.2821,Rabbit
67e1c4e1ca61a52a92a675b3,1742849048,168007.4904,1742849073,143007.4904,Rabbit
67e1c4e1ca61a52a92a6753a,1742849048,165598.1165,1742849073,140598.1165,Rabbit
67e1c4e1ca61a52a92a67509,1742849048,164505.4683,1742849073,139505.4683,Rabbit
67e1c4e1ca61a52a92a6757b,1742849048,167015.4006,1742849073,142015.4006,Rabbit
67e1c4e1ca61a52a92a675ce,1742849048,168629.0652,1742849073,143629.0652,Rabbit
67e1c4e1ca61a52a92a675ae,1742849048,167791.9138,1742849073,142791.9138,Rabbit
67e1c4e1ca61a52a92a6752e,1742849048,165372.6839,1742849073,140372.6839,Rabbit
67e1c4e1ca61a52a92a675bf,1742849048,168286.5335,1742849073,143286.5335,Rabbit
67e1c4e1ca61a52a92a675cc,1742849048,168566.2096,1742849073,143566.2096,Rabbit
67e1c4e1ca61a52a92a675c7,1742849048,168473.1066,1742849073,143473.1066,Rabbit
67e1c4e1ca61a52a92a67529,1742849048,165249.4131,1742849073,140249.4131,Rabbit
67e1c4e1ca61a52a92a67562,1742849048,166473.1218,1742849073,141473.1218,Rabbit
67e1c4e1ca61a52a92a675b5,1742849048,168040.436,1742849073,143040.436,Rabbit
67e1c4e1ca61a52a92a67576,1742849048,166829.8024,1742849073,141829.8024,Rabbit
67e1c4e1ca61a52a92a67530,1742849048,165376.0763,1742849073,140376.0763,Rabbit
67e1c4e1ca61a52a92a67503,1742849048,164427.6699,1742849073,139427.6699,Rabbit
67e1c4e1ca61a52a92a67523,1742849048,165155.4454,1742849073,140155.4454,Rabbit
67e1c4e1ca61a52a92a67550,1742849048,166009.3726,1742849073,141009.3726,Rabbit
67e1c4e1ca61a52a92a67579,1742849048,166891.2094,1742849073,141891.2094,Rabbit
67e1c4e1ca61a52a92a6752b,1742849048,165310.7431,1742849073,140310.7431,Rabbit
67e1c4e1ca61a52a92a67582,1742849048,167110.7352,1742849073,142110.7352,Rabbit
67e1c4e1ca61a52a92a6755f,1742849048,166444.5786,1742849073,141444.5786,Rabbit
67e1c4e1ca61a52a92a675d1,1742849048,168662.549,1742849073,143662.549,Rabbit
67e1c4e1ca61a52a92a67561,1742849048,166447.6259,1742849073,141447.6259,Rabbit
67e1c4e1ca61a52a92a67558,1742849048,166257.5178,1742849073,141257.5178,Rabbit
67e1c4e1ca61a52a92a674f0,1742849048,163998.7481,1742849073,138998.7481,Rabbit
67e1c4e1ca61a52a92a6755e,1742849048,166442.6355,1742849073,141442.6355,Rabbit
67e1c4e1ca61a52a92a67553,1742849048,166131.7765,1742849073,141131.7765,Rabbit
67e1c4e1ca61a52a92a67552,1742849048,166069.8432,1742849073,141069.8432,Rabbit
67e1c4e1ca61a52a92a6755c,1742849048,166350.0645,1742849073,141350.0645,Rabbit
67e1c4e1ca61a52a92a67560,1742849048,166446.1261,1742849073,141446.1261,Rabbit
67e1c4e1ca61a52a92a67508,1742849048,164472.4239,1742849073,139472.4239,Rabbit
67e1c4e1ca61a52a92a6756b,1742849048,166693.9264,1742849073,141693.9264,Rabbit
67e1c4e1ca61a52a92a67536,1742849048,165531.0818,1742849073,140531.0818,Rabbit
67e1c4e1ca61a52a92a6756a,1742849048,166692.4446,1742849073,141692.4446,Rabbit
67e1c4e1ca61a52a92a6757c,1742849048,167046.8784,1742849073,142046.8784,Rabbit
67e1c4e1ca61a52a92a67597,1742849048,167450.5215,1742849073,142450.5215,Rabbit
67e1c4e1ca61a52a92a6757a,1742849048,166953.5364,1742849073,141953.5364,Rabbit
67e1c4e1ca61a52a92a67592,1742849048,167356.3759,1742849073,142356.3759,Rabbit
67e1c4e1ca61a52a92a6759f,1742849048,167545.0946,1742849073,142545.0946,Rabbit
67e1c4e1ca61a52a92a6758c,1742849048,167232.904,1742849073,142232.904,Rabbit
67e1c4e1ca61a52a92a67586,1742849048,167142.5713,1742849073,142142.5713,Rabbit
67e1c4e1ca61a52a92a675a3,1742849048,167635.568,1742849073,142635.568,Rabbit
67e1c4e1ca61a52a92a675a1,1742849048,167548.6101,1742849073,142548.6101,Rabbit
67e1c4e1ca61a52a92a67590,1742849048,167325.3687,1742849073,142325.3687,Rabbit
67e1c4e1ca61a52a92a675ab,1742849048,167761.6284,1742849073,142761.6284,Rabbit
67e1c4e1ca61a52a92a675aa,1742849048,167760.043,1742849073,142760.043,Rabbit
67e1c4e1ca61a52a92a675ac,1742849048,167763.0404,1742849073,142763.0404,Rabbit
67e1c4e1ca61a52a92a6752a,1742849048,165279.4532,1742849073,140279.4532,Rabbit
67e1c4e1ca61a52a92a675b1,1742849048,167914.2764,1742849073,142914.2764,Rabbit
67e1c4e1ca61a52a92a675b7,1742849048,168070.8847,1742849073,143070.8847,Rabbit
67e1c4e1ca61a52a92a675b0,1742849048,167883.2798,1742849073,142883.2798,Rabbit
67e1c4e1ca61a52a92a67567,1742849048,166627.9854,1742849073,141627.9854,Rabbit
67e1c4e1ca61a52a92a675cb,1742849048,168534.3972,1742849073,143534.3972,Rabbit
67e1c4e1ca61a52a92a675c0,1742849048,168317.2232,1742849073,143317.2232,Rabbit
67e1c4e1ca61a52a92a675d4,1742849048,168668.1888,1742849073,143668.1888,Rabbit
67e1c4e1ca61a52a92a67566,1742849048,166566.3818,1742849073,141566.3818,Rabbit
67e1c4e1ca61a52a92a674fb,1742849048,164213.7756,1742849073,139213.7756,Rabbit
67e1c4e1ca61a52a92a674f7,1742849048,164147.8171,1742849073,139147.8171,Rabbit
67e1c4e1ca61a52a92a675d0,1742849048,168659.7953,1742849073,143659.7953,Rabbit
67e1c4e1ca61a52a92a6750b,1742849048,164508.8507,1742849073,139508.8507,Rabbit
67e1c4e1ca61a52a92a675e1,1742849048,168775.8814,1742849073,143775.8814,Rabbit
67e1c4e1ca61a52a92a67517,1742849048,164938.6594,1742849073,139938.6594,Rabbit
67e1c4e1ca61a52a92a67518,1742849048,165000.5371,1742849073,140000.5371,Rabbit
67e1c4e1ca61a52a92a6756e,1742849048,166724.5841,1742849073,141724.5841,Rabbit
67e1c4e1ca61a52a92a67547,1742849048,165822.4772,1742849073,140822.4772,Rabbit
67e1c4e1ca61a52a92a67570,1742849048,166727.3193,1742849073,141727.3193,Rabbit
67e1c4e1ca61a52a92a674ec,1742849048,163930.955,1742849073,138930.955,Rabbit
67e1c4e1ca61a52a92a674ed,1742849048,163992.8818,1742849073,138992.8818,Rabbit
67e1c4e1ca61a52a92a674f5,1742849048,164089.1752,1742849073,139089.1752,Rabbit
67e1c4e1ca61a52a92a674f9,1742849048,164179.9555,1742849073,139179.9555,Rabbit
67e1c4e1ca61a52a92a674fc,1742849048,164240.5816,1742849073,139240.5816,Rabbit
67e1c4e1ca61a52a92a674fd,1742849048,164302.5714,1742849073,139302.5714,Rabbit
67e1c4e1ca61a52a92a67505,1742849048,164461.7277,1742849073,139461.7277,Rabbit
67e1c4e1ca61a52a92a6750c,1742849048,164536.2138,1742849073,139536.2138,Rabbit
67e1c4e1ca61a52a92a6750d,1742849048,164567.3358,1742849073,139567.3358,Rabbit
67e1c4e1ca61a52a92a67511,1742849048,164631.7725,1742849073,139631.7725,Rabbit
67e1c4e1ca61a52a92a675c1,1742849048,168318.8664,1742849073,143318.8664,Rabbit
67e1c4e1ca61a52a92a67514,1742849048,164753.9829,1742849073,139753.9829,Rabbit
67e1c4e1ca61a52a92a67515,1742849048,164814.3995,1742849073,139814.3995,Rabbit
67e1c4e1ca61a52a92a67519,1742849048,165032.3625,1742849073,140032.3625,Rabbit
67e1c4e1ca61a52a92a67571,1742849048,166728.7024,1742849073,141728.7024,Rabbit
67e1c4e1ca61a52a92a6751c,1742849048,165094.3441,1742849073,140094.3441,Rabbit
67e1c4e1ca61a52a92a6751d,1742849048,165095.8165,1742849073,140095.8165,Rabbit
67e1c4e1ca61a52a92a6745f,1742849048,160708.5219,1742849072,136708.5219,Rabbit
67e1c4e1ca61a52a92a67452,1742849048,160308.0914,1742849072,136308.0914,Rabbit
67e1c4e1ca61a52a92a674cb,1742849048,162940.2858,1742849072,138940.2858,Rabbit
67e1c4e1ca61a52a92a674d8,1742849048,163280.2347,1742849072,139280.2347,Rabbit
67e1c4e1ca61a52a92a674db,1742849048,163343.067,1742849072,139343.067,Rabbit
67e1c4e1ca61a52a92a674d7,1742849048,163217.9737,1742849072,139217.9737,Rabbit
67e1c4e1ca61a52a92a67494,1742849048,161888.4107,1742849072,137888.4107,Rabbit
67e1c4e1ca61a52a92a674b7,1742849048,162505.6679,1742849072,138505.6679,Rabbit
67e1c4e1ca61a52a92a674bb,1742849048,162597.8966,1742849072,138597.8966,Rabbit
67e1c4e1ca61a52a92a67430,1742849048,159669.6765,1742849072,135669.6765,Rabbit
67e1c4e1ca61a52a92a67354,1742849048,154632.7891,1742849072,130632.7891,Rabbit
67e1c4e1ca61a52a92a67356,1742849048,154696.8838,1742849072,130696.8838,Rabbit
67e1c4e1ca61a52a92a67352,1742849048,154512.77,1742849072,130512.77,Rabbit
67e1c4e1ca61a52a92a6735e,1742849048,154943.3019,1742849072,130943.3019,Rabbit
67e1c4e1ca61a52a92a67360,1742849048,155006.0161,1742849072,131006.0161,Rabbit
67e1c4e1ca61a52a92a67351,1742849048,154510.8728,1742849072,130510.8728,Rabbit
67e1c4e1ca61a52a92a6735a,1742849048,154761.9539,1742849072,130761.9539,Rabbit
67e1c4e1ca61a52a92a6735f,1742849048,154973.7846,1742849072,130973.7846,Rabbit
67e1c4e1ca61a52a92a67364,1742849048,155067.5859,1742849072,131067.5859,Rabbit
67e1c4e1ca61a52a92a67366,1742849048,155070.4224,1742849072,131070.4224,Rabbit
67e1c4e1ca61a52a92a67368,1742849048,155097.9961,1742849072,131097.9961,Rabbit
67e1c4e1ca61a52a92a67362,1742849048,155037.4307,1742849072,131037.4307,Rabbit
67e1c4e1ca61a52a92a67367,1742849048,155071.7857,1742849072,131071.7857,Rabbit
67e1c4e1ca61a52a92a6736e,1742849048,155191.4345,1742849072,131191.4345,Rabbit
67e1c4e1ca61a52a92a6736a,1742849048,155101.6988,1742849072,131101.6988,Rabbit
67e1c4e1ca61a52a92a6736f,1742849048,155193.4005,1742849072,131193.4005,Rabbit
67e1c4e1ca61a52a92a67374,1742849048,155379.5121,1742849072,131379.5121,Rabbit
67e1c4e1ca61a52a92a67376,1742849048,155410.0563,1742849072,131410.0563,Rabbit
67e1c4e1ca61a52a92a67378,1742849048,155470.1841,1742849072,131470.1841,Rabbit
67e1c4e1ca61a52a92a67372,1742849048,155345.7602,1742849072,131345.7602,Rabbit
67e1c4e1ca61a52a92a67464,1742849048,160862.8857,1742849072,136862.8857,Rabbit
67e1c4e1ca61a52a92a6737e,1742849048,155627.2358,1742849072,131627.2358,Rabbit
67e1c4e1ca61a52a92a67380,1742849048,155686.6609,1742849072,131686.6609,Rabbit
67e1c4e1ca61a52a92a6737a,1742849048,155538.6628,1742849072,131538.6628,Rabbit
67e1c4e1ca61a52a92a6737f,1742849048,155628.8056,1742849072,131628.8056,Rabbit
67e1c4e1ca61a52a92a67384,1742849048,155779.9161,1742849072,131779.9161,Rabbit
67e1c4e1ca61a52a92a67467,1742849048,160956.3583,1742849072,136956.3583,Rabbit
67e1c4e1ca61a52a92a67386,1742849048,155784.9246,1742849072,131784.9246,Rabbit
67e1c4e1ca61a52a92a67388,1742849048,155792.9312,1742849072,131792.9312,Rabbit
67e1c4e1ca61a52a92a67382,1742849048,155720.3539,1742849072,131720.3539,Rabbit
67e1c4e1ca61a52a92a67387,1742849048,155788.7558,1742849072,131788.7558,Rabbit
67e1c4e1ca61a52a92a67468,1742849048,160987.8604,1742849072,136987.8604,Rabbit
67e1c4e1ca61a52a92a6742f,1742849048,159639.3066,1742849072,135639.3066,Rabbit
67e1c4e1ca61a52a92a67370,1742849048,155253.1999,1742849072,131253.1999,Rabbit
67e1c4e1ca61a52a92a6738a,1742849048,155825.6338,1742849072,131825.6338,Rabbit
67e1c4e1ca61a52a92a67394,1742849048,156016.6787,1742849072,132016.6787,Rabbit
67e1c4e1ca61a52a92a67396,1742849048,156043.1291,1742849072,132043.1291,Rabbit
67e1c4e1ca61a52a92a67392,1742849048,156013.6249,1742849072,132013.6249,Rabbit
67e1c4e1ca61a52a92a6739e,1742849048,156120.6782,1742849072,132120.6782,Rabbit
67e1c4e1ca61a52a92a67450,1742849048,160305.1032,1742849072,136305.1032,Rabbit
67e1c4e1ca61a52a92a673a0,1742849048,156181.8349,1742849072,132181.8349,Rabbit
67e1c4e1ca61a52a92a6739a,1742849048,156054.052,1742849072,132054.052,Rabbit
67e1c4e1ca61a52a92a6739f,1742849048,156150.9387,1742849072,132150.9387,Rabbit
67e1c4e1ca61a52a92a673a4,1742849048,156278.0254,1742849072,132278.0254,Rabbit
67e1c4e1ca61a52a92a673a6,1742849048,156305.8774,1742849072,132305.8774,Rabbit
67e1c4e1ca61a52a92a673a8,1742849048,156336.8821,1742849072,132336.8821,Rabbit
67e1c4e1ca61a52a92a673a2,1742849048,156243.8791,1742849072,132243.8791,Rabbit
67e1c4e1ca61a52a92a673a7,1742849048,156307.4055,1742849072,132307.4055,Rabbit
67e1c4e1ca61a52a92a673ae,1742849048,156433.045,1742849072,132433.045,Rabbit
67e1c4e1ca61a52a92a673aa,1742849048,156368.5297,1742849072,132368.5297,Rabbit
67e1c4e1ca61a52a92a67390,1742849048,155982.9153,1742849072,131982.9153,Rabbit
67e1c4e1ca61a52a92a673af,1742849048,156434.9866,1742849072,132434.9866,Rabbit
67e1c4e1ca61a52a92a673b4,1742849048,156507.9132,1742849072,132507.9132,Rabbit
67e1c4e1ca61a52a92a673b6,1742849048,156538.4715,1742849072,132538.4715,Rabbit
67e1c4e1ca61a52a92a673b8,1742849048,156569.4539,1742849072,132569.4539,Rabbit
67e1c4e1ca61a52a92a673b2,1742849048,156440.4867,1742849072,132440.4867,Rabbit
67e1c4e1ca61a52a92a67474,1742849048,161149.0744,1742849072,137149.0744,Rabbit
67e1c4e1ca61a52a92a673be,1742849048,156602.0961,1742849072,132602.0961,Rabbit
67e1c4e1ca61a52a92a673c0,1742849048,156693.2496,1742849072,132693.2496,Rabbit
67e1c4e1ca61a52a92a673ba,1742849048,156572.3398,1742849072,132572.3398,Rabbit
67e1c4e1ca61a52a92a673bf,1742849048,156663.0773,1742849072,132663.0773,Rabbit
67e1c4e1ca61a52a92a673c4,1742849048,156755.2221,1742849072,132755.2221,Rabbit
67e1c4e1ca61a52a92a673c6,1742849048,156788.7253,1742849072,132788.7253,Rabbit
67e1c4e1ca61a52a92a673c8,1742849048,156818.2811,1742849072,132818.2811,Rabbit
67e1c4e1ca61a52a92a673c2,1742849048,156696.5834,1742849072,132696.5834,Rabbit
67e1c4e1ca61a52a92a673c7,1742849048,156790.3387,1742849072,132790.3387,Rabbit
67e1c4e1ca61a52a92a67478,1742849048,161236.2482,1742849072,137236.2482,Rabbit
67e1c4e1ca61a52a92a673ce,1742849048,156880.8777,1742849072,132880.8777,Rabbit
67e1c4e1ca61a52a92a6738f,1742849048,155980.8519,1742849072,131980.8519,Rabbit
67e1c4e1ca61a52a92a673b0,1742849048,156437.0379,1742849072,132437.0379,Rabbit
67e1c4e1ca61a52a92a673ca,1742849048,156821.4573,1742849072,132821.4573,Rabbit
67e1c4e1ca61a52a92a673d4,1742849048,157036.5116,1742849072,133036.5116,Rabbit
67e1c4e1ca61a52a92a673d6,1742849048,157067.6549,1742849072,133067.6549,Rabbit
67e1c4e1ca61a52a92a673d2,1742849048,157004.4572,1742849072,133004.4572,Rabbit
67e1c4e1ca61a52a92a673de,1742849048,157190.1621,1742849072,133190.1621,Rabbit
67e1c4e1ca61a52a92a673e0,1742849048,157253.5602,1742849072,133253.5602,Rabbit
67e1c4e1ca61a52a92a673da,1742849048,157096.9702,1742849072,133096.9702,Rabbit
67e1c4e1ca61a52a92a673df,1742849048,157220.3105,1742849072,133220.3105,Rabbit
67e1c4e1ca61a52a92a673e4,1742849048,157407.1133,1742849072,133407.1133,Rabbit
67e1c4e1ca61a52a92a6747f,1742849048,161390.1178,1742849072,137390.1178,Rabbit
67e1c4e1ca61a52a92a673e6,1742849048,157468.7873,1742849072,133468.7873,Rabbit
67e1c4e1ca61a52a92a673e8,1742849048,157561.5146,1742849072,133561.5146,Rabbit
67e1c4e1ca61a52a92a673e2,1742849048,157344.5254,1742849072,133344.5254,Rabbit
67e1c4e1ca61a52a92a673e7,1742849048,157499.3424,1742849072,133499.3424,Rabbit
67e1c4e1ca61a52a92a67480,1742849048,161420.5551,1742849072,137420.5551,Rabbit
67e1c4e1ca61a52a92a673ee,1742849048,157596.4797,1742849072,133596.4797,Rabbit
67e1c4e1ca61a52a92a673ea,1742849048,157564.638,1742849072,133564.638,Rabbit
67e1c4e1ca61a52a92a673d0,1742849048,156941.154,1742849072,132941.154,Rabbit
67e1c4e1ca61a52a92a673ef,1742849048,157598.0026,1742849072,133598.0026,Rabbit
67e1c4e1ca61a52a92a673f4,1742849048,157716.5276,1742849072,133716.5276,Rabbit
67e1c4e1ca61a52a92a673f6,1742849048,157840.9427,1742849072,133840.9427,Rabbit
67e1c4e1ca61a52a92a673f8,1742849048,157902.9123,1742849072,133902.9123,Rabbit
67e1c4e1ca61a52a92a673f2,1742849048,157626.9505,1742849072,133626.9505,Rabbit
67e1c4e1ca61a52a92a67484,1742849048,161513.5651,1742849072,137513.5651,Rabbit
67e1c4e1ca61a52a92a673fe,1742849048,158026.4494,1742849072,134026.4494,Rabbit
67e1c4e1ca61a52a92a67400,1742849048,158119.6779,1742849072,134119.6779,Rabbit
67e1c4e1ca61a52a92a673fa,1742849048,157934.2533,1742849072,133934.2533,Rabbit
67e1c4e1ca61a52a92a673ff,1742849048,158088.8414,1742849072,134088.8414,Rabbit
67e1c4e1ca61a52a92a67404,1742849048,158305.5374,1742849072,134305.5374,Rabbit
67e1c4e1ca61a52a92a67487,1742849048,161606.3395,1742849072,137606.3395,Rabbit
67e1c4e1ca61a52a92a67406,1742849048,158368.0666,1742849072,134368.0666,Rabbit
67e1c4e1ca61a52a92a67408,1742849048,158460.7112,1742849072,134460.7112,Rabbit
67e1c4e1ca61a52a92a67402,1742849048,158181.5347,1742849072,134181.5347,Rabbit
67e1c4e1ca61a52a92a67407,1742849048,158429.4074,1742849072,134429.4074,Rabbit
67e1c4e1ca61a52a92a6742e,1742849048,159637.8502,1742849072,135637.8502,Rabbit
67e1c4e1ca61a52a92a67488,1742849048,161607.9061,1742849072,137607.9061,Rabbit
67e1c4e1ca61a52a92a673cf,1742849048,156882.4191,1742849072,132882.4191,Rabbit
67e1c4e1ca61a52a92a673f0,1742849048,157623.4052,1742849072,133623.4052,Rabbit
67e1c4e1ca61a52a92a6740a,1742849048,158584.0024,1742849072,134584.0024,Rabbit
67e1c4e1ca61a52a92a67416,1742849048,159110.8566,1742849072,135110.8566,Rabbit
67e1c4e1ca61a52a92a674df,1742849048,163467.5569,1742849072,139467.5569,Rabbit
67e1c4e1ca61a52a92a67412,1742849048,158925.788,1742849072,134925.788,Rabbit
67e1c4e1ca61a52a92a674d2,1742849048,163156.032,1742849072,139156.032,Rabbit
67e1c4e1ca61a52a92a6741e,1742849048,159360.8006,1742849072,135360.8006,Rabbit
67e1c4e1ca61a52a92a67420,1742849048,159395.3659,1742849072,135395.3659,Rabbit
67e1c4e1ca61a52a92a6741a,1742849048,159234.9497,1742849072,135234.9497,Rabbit
67e1c4e1ca61a52a92a6741f,1742849048,159362.773,1742849072,135362.773,Rabbit
67e1c4e1ca61a52a92a67424,1742849048,159424.763,1742849072,135424.763,Rabbit
67e1c4e1ca61a52a92a67426,1742849048,159427.7263,1742849072,135427.7263,Rabbit
67e1c4e1ca61a52a92a67428,1742849048,159453.4626,1742849072,135453.4626,Rabbit
67e1c4e1ca61a52a92a67422,1742849048,159421.8112,1742849072,135421.8112,Rabbit
67e1c4e1ca61a52a92a67427,1742849048,159451.8184,1742849072,135451.8184,Rabbit
67e1c4e1ca61a52a92a674e0,1742849048,163528.122,1742849072,139528.122,Rabbit
67e1c4e1ca61a52a92a67410,1742849048,158832.7647,1742849072,134832.7647,Rabbit
67e1c4e1ca61a52a92a6742a,1742849048,159485.4042,1742849072,135485.4042,Rabbit
67e1c4e1ca61a52a92a674af,1742849048,162443.2991,1742849072,138443.2991,Rabbit
67e1c4e1ca61a52a92a674e4,1742849048,163654.2109,1742849072,139654.2109,Rabbit
67e1c4e1ca61a52a92a674a2,1742849048,162133.9996,1742849072,138133.9996,Rabbit
67e1c4e1ca61a52a92a674b6,1742849048,162483.2101,1742849072,138483.2101,Rabbit
67e1c4e1ca61a52a92a6740f,1742849048,158801.1521,1742849072,134801.1521,Rabbit
67e1c4e1ca61a52a92a674b4,1742849048,162479.551,1742849072,138479.551,Rabbit
67e1c4e1ca61a52a92a674ba,1742849048,162538.1688,1742849072,138538.1688,Rabbit
67e1c4e1ca61a52a92a674b8,1742849048,162507.2791,1742849072,138507.2791,Rabbit
67e1c4e1ca61a52a92a674bf,1742849048,162691.0617,1742849072,138691.0617,Rabbit
67e1c4e1ca61a52a92a674b2,1742849048,162474.5068,1742849072,138474.5068,Rabbit
67e1c4e1ca61a52a92a674c0,1742849048,162722.1533,1742849072,138722.1533,Rabbit
67e1c4e1ca61a52a92a674e6,1742849048,163744.904,1742849072,139744.904,Rabbit
67e1c4e1ca61a52a92a6740e,1742849048,158738.9985,1742849072,134738.9985,Rabbit
67e1c4e1ca61a52a92a674c7,1742849048,162817.3024,1742849072,138817.3024,Rabbit
67e1c4e1ca61a52a92a674e2,1742849048,163621.1299,1742849072,139621.1299,Rabbit
67e1c4e1ca61a52a92a674ca,1742849048,162908.3683,1742849072,138908.3683,Rabbit
67e1c4e1ca61a52a92a674c8,1742849048,162846.4431,1742849072,138846.4431,Rabbit
67e1c4e1ca61a52a92a674be,1742849048,162631.7003,1742849072,138631.7003,Rabbit
67e1c4e1ca61a52a92a6748f,1742849048,161762.731,1742849072,137762.731,Rabbit
67e1c4e1ca61a52a92a674cf,1742849048,163033.8546,1742849072,139033.8546,Rabbit
67e1c4e1ca61a52a92a67490,1742849048,161823.0507,1742849072,137823.0507,Rabbit
67e1c4e1ca61a52a92a674c4,1742849048,162784.4111,1742849072,138784.4111,Rabbit
67e1c4e1ca61a52a92a6748e,1742849048,161761.3065,1742849072,137761.3065,Rabbit
67e1c4e1ca61a52a92a674c2,1742849048,162725.4573,1742849072,138725.4573,Rabbit
67e1c4e1ca61a52a92a674ce,1742849048,163032.2747,1742849072,139032.2747,Rabbit
67e1c4e1ca61a52a92a674d6,1742849048,163191.4124,1742849072,139191.4124,Rabbit
67e1c4e1ca61a52a92a674ae,1742849048,162411.9895,1742849072,138411.9895,Rabbit
67e1c4e1ca61a52a92a674d4,1742849048,163188.4646,1742849072,139188.4646,Rabbit
67e1c4e1ca61a52a92a674c6,1742849048,162815.6205,1742849072,138815.6205,Rabbit
67e1c4e1ca61a52a92a674de,1742849048,163435.1068,1742849072,139435.1068,Rabbit
67e1c4e1ca61a52a92a674d0,1742849048,163064.2942,1742849072,139064.2942,Rabbit
67e1c4e1ca61a52a92a6738e,1742849048,155919.1026,1742849072,131919.1026,Rabbit
67e1c4e1ca61a52a92a67466,1742849048,160924.6356,1742849072,136924.6356,Rabbit
67e1c4e1ca61a52a92a67460,1742849048,160738.62,1742849072,136738.62,Rabbit
67e1c4e1ca61a52a92a6746a,1742849048,161050.3257,1742849072,137050.3257,Rabbit
67e1c4e1ca61a52a92a6746e,1742849048,161080.0646,1742849072,137080.0646,Rabbit
67e1c4e1ca61a52a92a67462,1742849048,160774.9119,1742849072,136774.9119,Rabbit
67e1c4e1ca61a52a92a67476,1742849048,161175.0172,1742849072,137175.0172,Rabbit
67e1c4e1ca61a52a92a6747a,1742849048,161238.9943,1742849072,137238.9943,Rabbit
67e1c4e1ca61a52a92a6747e,1742849048,161327.6625,1742849072,137327.6625,Rabbit
67e1c4e1ca61a52a92a67472,1742849048,161145.6702,1742849072,137145.6702,Rabbit
67e1c4e1ca61a52a92a67486,1742849048,161575.536,1742849072,137575.536,Rabbit
67e1c4e1ca61a52a92a6748a,1742849048,161669.1737,1742849072,137669.1737,Rabbit
67e1c4e1ca61a52a92a67482,1742849048,161451.5021,1742849072,137451.5021,Rabbit
67e1c4e1ca61a52a92a67496,1742849048,161891.4758,1742849072,137891.4758,Rabbit
67e1c4e1ca61a52a92a6749a,1742849048,162009.1755,1742849072,138009.1755,Rabbit
67e1c4e1ca61a52a92a6746f,1742849048,161112.254,1742849072,137112.254,Rabbit
67e1c4e1ca61a52a92a6749e,1742849048,162072.6372,1742849072,138072.6372,Rabbit
67e1c4e1ca61a52a92a67447,1742849048,160181.0159,1742849072,136181.0159,Rabbit
67e1c4e1ca61a52a92a67492,1742849048,161885.1152,1742849072,137885.1152,Rabbit
67e1c4e1ca61a52a92a6743a,1742849048,159890.405,1742849072,135890.405,Rabbit
67e1c4e1ca61a52a92a674a6,1742849048,162226.0277,1742849072,138226.0277,Rabbit
67e1c4e1ca61a52a92a67357,1742849048,154725.7866,1742849072,130725.7866,Rabbit
67e1c4e1ca61a52a92a67358,1742849048,154727.4913,1742849072,130727.4913,Rabbit
67e1c4e1ca61a52a92a674aa,1742849048,162381.1366,1742849072,138381.1366,Rabbit
67e1c4e1ca61a52a92a6737b,1742849048,155563.5269,1742849072,131563.5269,Rabbit
67e1c4e1ca61a52a92a67473,1742849048,161147.3433,1742849072,137147.3433,Rabbit
67e1c4e1ca61a52a92a6738b,1742849048,155857.7418,1742849072,131857.7418,Rabbit
67e1c4e1ca61a52a92a6746b,1742849048,161052.7081,1742849072,137052.7081,Rabbit
67e1c4e1ca61a52a92a67397,1742849048,156047.2083,1742849072,132047.2083,Rabbit
67e1c4e1ca61a52a92a67398,1742849048,156050.6374,1742849072,132050.6374,Rabbit
67e1c4e1ca61a52a92a674a0,1742849048,162075.8696,1742849072,138075.8696,Rabbit
67e1c4e1ca61a52a92a673ac,1742849048,156401.3139,1742849072,132401.3139,Rabbit
67e1c4e1ca61a52a92a673b7,1742849048,156542.3418,1742849072,132542.3418,Rabbit
67e1c4e1ca61a52a92a6745e,1742849048,160677.401,1742849072,136677.401,Rabbit
67e1c4e1ca61a52a92a67477,1742849048,161234.6724,1742849072,137234.6724,Rabbit
67e1c4e1ca61a52a92a6747b,1742849048,161240.4879,1742849072,137240.4879,Rabbit
67e1c4e1ca61a52a92a673d7,1742849048,157069.2378,1742849072,133069.2378,Rabbit
67e1c4e1ca61a52a92a673d8,1742849048,157070.8034,1742849072,133070.8034,Rabbit
67e1c4e1ca61a52a92a674a4,1742849048,162165.0684,1742849072,138165.0684,Rabbit
67e1c4e1ca61a52a92a673eb,1742849048,157566.2784,1742849072,133566.2784,Rabbit
67e1c4e1ca61a52a92a673f7,1742849048,157843.3077,1742849072,133843.3077,Rabbit
67e1c4e1ca61a52a92a674a7,1742849048,162257.0536,1742849072,138257.0536,Rabbit
67e1c4e1ca61a52a92a67417,1742849048,159172.7856,1742849072,135172.7856,Rabbit
67e1c4e1ca61a52a92a67418,1742849048,159204.8769,1742849072,135204.8769,Rabbit
67e1c4e1ca61a52a92a67413,1742849048,158987.0768,1742849072,134987.0768,Rabbit
67e1c4e1ca61a52a92a674a8,1742849048,162288.8226,1742849072,138288.8226,Rabbit
67e1c4e1ca61a52a92a67437,1742849048,159823.8648,1742849072,135823.8648,Rabbit
67e1c4e1ca61a52a92a6744b,1742849048,160276.2943,1742849072,136276.2943,Rabbit
67e1c4e1ca61a52a92a67458,1742849048,160428.5512,1742849072,136428.5512,Rabbit
67e1c4e1ca61a52a92a67457,1742849048,160366.4069,1742849072,136366.4069,Rabbit
67e1c4e1ca61a52a92a67497,1742849048,161892.9702,1742849072,137892.9702,Rabbit
67e1c4e1ca61a52a92a6743e,1742849048,159964.5119,1742849072,135964.5119,Rabbit
67e1c4e1ca61a52a92a67442,1742849048,160028.5357,1742849072,136028.5357,Rabbit
67e1c4e1ca61a52a92a67438,1742849048,159886.3693,1742849072,135886.3693,Rabbit
67e1c4e1ca61a52a92a67456,1742849048,160338.6008,1742849072,136338.6008,Rabbit
67e1c4e1ca61a52a92a6745a,1742849048,160521.6024,1742849072,136521.6024,Rabbit
67e1c4e1ca61a52a92a67434,1742849048,159704.1677,1742849072,135704.1677,Rabbit
67e1c4e1ca61a52a92a67432,1742849048,159672.5396,1742849072,135672.5396,Rabbit
67e1c4e1ca61a52a92a67440,1742849048,159996.9791,1742849072,135996.9791,Rabbit
67e1c4e1ca61a52a92a67444,1742849048,160088.8362,1742849072,136088.8362,Rabbit
67e1c4e1ca61a52a92a674b0,1742849048,162445.8625,1742849072,138445.8625,Rabbit
67e1c4e1ca61a52a92a67448,1742849048,160182.8686,1742849072,136182.8686,Rabbit
67e1c4e1ca61a52a92a67436,1742849048,159761.8342,1742849072,135761.8342,Rabbit
67e1c4e1ca61a52a92a67446,1742849048,160149.7567,1742849072,136149.7567,Rabbit
67e1c4e1ca61a52a92a67454,1742849048,160335.3176,1742849072,136335.3176,Rabbit
67e1c4e1ca61a52a92a67470,1742849048,161141.7689,1742849072,137141.7689,Rabbit
67e1c4e1ca61a52a92a6735b,1742849048,154790.1017,1742849072,130790.1017,Rabbit
67e1c4e1ca61a52a92a67377,1742849048,155439.195,1742849072,131439.195,Rabbit
67e1c4e1ca61a52a92a673ab,1742849048,156399.1356,1742849072,132399.1356,Rabbit
67e1c4e1ca61a52a92a6744a,1742849048,160273.7411,1742849072,136273.7411,Rabbit
67e1c4e1ca61a52a92a674da,1742849048,163313.9534,1742849072,139313.9534,Rabbit
67e1c4e1ca61a52a92a6744e,1742849048,160281.6933,1742849072,136281.6933,Rabbit
67e1c4e1ca61a52a92a6749f,1742849048,162074.2663,1742849072,138074.2663,Rabbit
67e1c4e1ca61a52a92a67353,1742849048,154570.9343,1742849072,130570.9343,Rabbit
67e1c4e1ca61a52a92a67355,1742849048,154695.0209,1742849072,130695.0209,Rabbit
67e1c4e1ca61a52a92a67359,1742849048,154759.6253,1742849072,130759.6253,Rabbit
67e1c4e1ca61a52a92a6735c,1742849048,154818.7661,1742849072,130818.7661,Rabbit
67e1c4e1ca61a52a92a6735d,1742849048,154880.8,1742849072,130880.8,Rabbit
67e1c4e1ca61a52a92a67361,1742849048,155035.8283,1742849072,131035.8283,Rabbit
67e1c4e1ca61a52a92a67363,1742849048,155038.8775,1742849072,131038.8775,Rabbit
67e1c4e1ca61a52a92a67365,1742849048,155069.0204,1742849072,131069.0204,Rabbit
67e1c4e1ca61a52a92a67369,1742849048,155100.0243,1742849072,131100.0243,Rabbit
67e1c4e1ca61a52a92a6736b,1742849048,155130.5267,1742849072,131130.5267,Rabbit
67e1c4e1ca61a52a92a6736c,1742849048,155159.6251,1742849072,131159.6251,Rabbit
67e1c4e1ca61a52a92a6736d,1742849048,155161.6852,1742849072,131161.6852,Rabbit
67e1c4e1ca61a52a92a67371,1742849048,155284.6376,1742849072,131284.6376,Rabbit
67e1c4e1ca61a52a92a67373,1742849048,155377.9625,1742849072,131377.9625,Rabbit
67e1c4e1ca61a52a92a67375,1742849048,155407.8953,1742849072,131407.8953,Rabbit
67e1c4e1ca61a52a92a67379,1742849048,155533.2539,1742849072,131533.2539,Rabbit
67e1c4e1ca61a52a92a6737c,1742849048,155594.7242,1742849072,131594.7242,Rabbit
67e1c4e1ca61a52a92a6737d,1742849048,155625.433,1742849072,131625.433,Rabbit
67e1c4e1ca61a52a92a67381,1742849048,155718.519,1742849072,131718.519,Rabbit
67e1c4e1ca61a52a92a67383,1742849048,155749.7697,1742849072,131749.7697,Rabbit
67e1c4e1ca61a52a92a67385,1742849048,155783.0015,1742849072,131783.0015,Rabbit
67e1c4e1ca61a52a92a67389,1742849048,155795.0745,1742849072,131795.0745,Rabbit
67e1c4e1ca61a52a92a6738c,1742849048,155859.942,1742849072,131859.942,Rabbit
67e1c4e1ca61a52a92a6738d,1742849048,155861.6563,1742849072,131861.6563,Rabbit
67e1c4e1ca61a52a92a67391,1742849048,156011.7778,1742849072,132011.7778,Rabbit
67e1c4e1ca61a52a92a67393,1742849048,156015.1327,1742849072,132015.1327,Rabbit
67e1c4e1ca61a52a92a67395,1742849048,156018.1069,1742849072,132018.1069,Rabbit
67e1c4e1ca61a52a92a67399,1742849048,156052.2445,1742849072,132052.2445,Rabbit
67e1c4e1ca61a52a92a6739b,1742849048,156055.7,1742849072,132055.7,Rabbit
67e1c4e1ca61a52a92a6739c,1742849048,156057.5156,1742849072,132057.5156,Rabbit
67e1c4e1ca61a52a92a6739d,1742849048,156059.0875,1742849072,132059.0875,Rabbit
67e1c4e1ca61a52a92a673a1,1742849048,156183.4142,1742849072,132183.4142,Rabbit
67e1c4e1ca61a52a92a673a3,1742849048,156276.2787,1742849072,132276.2787,Rabbit
67e1c4e1ca61a52a92a673a5,1742849048,156279.7951,1742849072,132279.7951,Rabbit
67e1c4e1ca61a52a92a673a9,1742849048,156338.9355,1742849072,132338.9355,Rabbit
67e1c4e1ca61a52a92a673ad,1742849048,156430.4502,1742849072,132430.4502,Rabbit
67e1c4e1ca61a52a92a673b1,1742849048,156438.5514,1742849072,132438.5514,Rabbit
67e1c4e1ca61a52a92a673b3,1742849048,156476.4598,1742849072,132476.4598,Rabbit
67e1c4e1ca61a52a92a673b5,1742849048,156512.6903,1742849072,132512.6903,Rabbit
67e1c4e1ca61a52a92a673b9,1742849048,156570.9438,1742849072,132570.9438,Rabbit
67e1c4e1ca61a52a92a673bb,1742849048,156573.7506,1742849072,132573.7506,Rabbit
67e1c4e1ca61a52a92a673bc,1742849048,156575.2124,1742849072,132575.2124,Rabbit
67e1c4e1ca61a52a92a673bd,1742849048,156600.4714,1742849072,132600.4714,Rabbit
67e1c4e1ca61a52a92a673c1,1742849048,156695.1307,1742849072,132695.1307,Rabbit
67e1c4e1ca61a52a92a673c3,1742849048,156724.1414,1742849072,132724.1414,Rabbit
67e1c4e1ca61a52a92a673c5,1742849048,156787.1868,1742849072,132787.1868,Rabbit
67e1c4e1ca61a52a92a673c9,1742849048,156819.9302,1742849072,132819.9302,Rabbit
67e1c4e1ca61a52a92a673cb,1742849048,156822.9318,1742849072,132822.9318,Rabbit
67e1c4e1ca61a52a92a673cc,1742849048,156848.2035,1742849072,132848.2035,Rabbit
67e1c4e1ca61a52a92a673cd,1742849048,156879.2722,1742849072,132879.2722,Rabbit
67e1c4e1ca61a52a92a673d1,1742849048,156972.1972,1742849072,132972.1972,Rabbit
67e1c4e1ca61a52a92a673d3,1742849048,157035.0174,1742849072,133035.0174,Rabbit
67e1c4e1ca61a52a92a673d5,1742849048,157065.3523,1742849072,133065.3523,Rabbit
67e1c4e1ca61a52a92a673d9,1742849048,157072.354,1742849072,133072.354,Rabbit
67e1c4e1ca61a52a92a673db,1742849048,157158.3534,1742849072,133158.3534,Rabbit
67e1c4e1ca61a52a92a673dc,1742849048,157160.2597,1742849072,133160.2597,Rabbit
67e1c4e1ca61a52a92a673dd,1742849048,157161.7803,1742849072,133161.7803,Rabbit
67e1c4e1ca61a52a92a673e1,1742849048,157313.4306,1742849072,133313.4306,Rabbit
67e1c4e1ca61a52a92a673e3,1742849048,157376.0821,1742849072,133376.0821,Rabbit
67e1c4e1ca61a52a92a673e5,1742849048,157408.5456,1742849072,133408.5456,Rabbit
67e1c4e1ca61a52a92a673e9,1742849048,157563.1456,1742849072,133563.1456,Rabbit
67e1c4e1ca61a52a92a673ec,1742849048,157593.2449,1742849072,133593.2449,Rabbit
67e1c4e1ca61a52a92a673ed,1742849048,157594.9456,1742849072,133594.9456,Rabbit
67e1c4e1ca61a52a92a673f1,1742849048,157625.3324,1742849072,133625.3324,Rabbit
67e1c4e1ca61a52a92a673f3,1742849048,157654.4155,1742849072,133654.4155,Rabbit
67e1c4e1ca61a52a92a673f5,1742849048,157778.4278,1742849072,133778.4278,Rabbit
67e1c4e1ca61a52a92a673f9,1742849048,157904.7575,1742849072,133904.7575,Rabbit
67e1c4e1ca61a52a92a673fb,1742849048,157966.2626,1742849072,133966.2626,Rabbit
67e1c4e1ca61a52a92a673fc,1742849048,157995.5627,1742849072,133995.5627,Rabbit
67e1c4e1ca61a52a92a673fd,1742849048,157997.7029,1742849072,133997.7029,Rabbit
67e1c4e1ca61a52a92a67401,1742849048,158152.3353,1742849072,134152.3353,Rabbit
67e1c4e1ca61a52a92a67403,1742849048,158243.396,1742849072,134243.396,Rabbit
67e1c4e1ca61a52a92a67405,1742849048,158340.221,1742849072,134340.221,Rabbit
67e1c4e1ca61a52a92a67409,1742849048,158522.2357,1742849072,134522.2357,Rabbit
67e1c4e1ca61a52a92a6740b,1742849048,158615.9217,1742849072,134615.9217,Rabbit
67e1c4e1ca61a52a92a6740c,1742849048,158645.8679,1742849072,134645.8679,Rabbit
67e1c4e1ca61a52a92a6740d,1742849048,158676.9631,1742849072,134676.9631,Rabbit
67e1c4e1ca61a52a92a67411,1742849048,158894.294,1742849072,134894.294,Rabbit
67e1c4e1ca61a52a92a67414,1742849048,159018.6654,1742849072,135018.6654,Rabbit
67e1c4e1ca61a52a92a67415,1742849048,159079.8099,1742849072,135079.8099,Rabbit
67e1c4e1ca61a52a92a67419,1742849048,159206.6597,1742849072,135206.6597,Rabbit
67e1c4e1ca61a52a92a6741b,1742849048,159296.8857,1742849072,135296.8857,Rabbit
67e1c4e1ca61a52a92a6741c,1742849048,159328.7111,1742849072,135328.7111,Rabbit
67e1c4e1ca61a52a92a6741d,1742849048,159359.0098,1742849072,135359.0098,Rabbit
67e1c4e1ca61a52a92a67421,1742849048,159397.4911,1742849072,135397.4911,Rabbit
67e1c4e1ca61a52a92a67423,1742849048,159423.3079,1742849072,135423.3079,Rabbit
67e1c4e1ca61a52a92a67425,1742849048,159426.2227,1742849072,135426.2227,Rabbit
67e1c4e1ca61a52a92a67429,1742849048,159483.6479,1742849072,135483.6479,Rabbit
67e1c4e1ca61a52a92a6742b,1742849048,159513.81,1742849072,135513.81,Rabbit
67e1c4e1ca61a52a92a6742c,1742849048,159544.8248,1742849072,135544.8248,Rabbit
67e1c4e1ca61a52a92a6742d,1742849048,159608.0857,1742849072,135608.0857,Rabbit
67e1c4e1ca61a52a92a67431,1742849048,159671.1897,1742849072,135671.1897,Rabbit
67e1c4e1ca61a52a92a67433,1742849048,159701.8119,1742849072,135701.8119,Rabbit
67e1c4e1ca61a52a92a67435,1742849048,159732.6775,1742849072,135732.6775,Rabbit
67e1c4e1ca61a52a92a67439,1742849048,159888.3127,1742849072,135888.3127,Rabbit
67e1c4e1ca61a52a92a6743b,1742849048,159892.4289,1742849072,135892.4289,Rabbit
67e1c4e1ca61a52a92a6743c,1742849048,159895.5087,1742849072,135895.5087,Rabbit
67e1c4e1ca61a52a92a6743d,1742849048,159932.6407,1742849072,135932.6407,Rabbit
67e1c4e1ca61a52a92a67441,1742849048,160026.5317,1742849072,136026.5317,Rabbit
67e1c4e1ca61a52a92a67443,1742849048,160087.2877,1742849072,136087.2877,Rabbit
67e1c4e1ca61a52a92a67445,1742849048,160118.7401,1742849072,136118.7401,Rabbit
67e1c4e1ca61a52a92a67449,1742849048,160211.3087,1742849072,136211.3087,Rabbit
67e1c4e1ca61a52a92a67498,1742849048,161947.2705,1742849072,137947.2705,Rabbit
67e1c4e1ca61a52a92a6744c,1742849048,160278.2224,1742849072,136278.2224,Rabbit
67e1c4e1ca61a52a92a6744d,1742849048,160280.1432,1742849072,136280.1432,Rabbit
67e1c4e1ca61a52a92a67451,1742849048,160306.5843,1742849072,136306.5843,Rabbit
67e1c4e1ca61a52a92a67453,1742849048,160309.5607,1742849072,136309.5607,Rabbit
67e1c4e1ca61a52a92a67455,1742849048,160336.9605,1742849072,136336.9605,Rabbit
67e1c4e1ca61a52a92a67459,1742849048,160460.5377,1742849072,136460.5377,Rabbit
67e1c4e1ca61a52a92a6745b,1742849048,160523.1267,1742849072,136523.1267,Rabbit
67e1c4e1ca61a52a92a6745c,1742849048,160583.5913,1742849072,136583.5913,Rabbit
67e1c4e1ca61a52a92a6745d,1742849048,160645.6521,1742849072,136645.6521,Rabbit
67e1c4e1ca61a52a92a67461,1742849048,160740.3577,1742849072,136740.3577,Rabbit
67e1c4e1ca61a52a92a67463,1742849048,160831.8026,1742849072,136831.8026,Rabbit
67e1c4e1ca61a52a92a67465,1742849048,160865.7939,1742849072,136865.7939,Rabbit
67e1c4e1ca61a52a92a67469,1742849048,161017.6909,1742849072,137017.6909,Rabbit
67e1c4e1ca61a52a92a6746c,1742849048,161054.623,1742849072,137054.623,Rabbit
67e1c4e1ca61a52a92a6746d,1742849048,161056.3977,1742849072,137056.3977,Rabbit
67e1c4e1ca61a52a92a67471,1742849048,161143.7423,1742849072,137143.7423,Rabbit
67e1c4e1ca61a52a92a6743f,1742849048,159995.4531,1742849072,135995.4531,Rabbit
67e1c4e1ca61a52a92a67475,1742849048,161173.4982,1742849072,137173.4982,Rabbit
67e1c4e1ca61a52a92a67479,1742849048,161237.6661,1742849072,137237.6661,Rabbit
67e1c4e1ca61a52a92a6747c,1742849048,161296.9555,1742849072,137296.9555,Rabbit
67e1c4e1ca61a52a92a6747d,1742849048,161300.2368,1742849072,137300.2368,Rabbit
67e1c4e1ca61a52a92a67481,1742849048,161422.6653,1742849072,137422.6653,Rabbit
67e1c4e1ca61a52a92a67483,1742849048,161453.2122,1742849072,137453.2122,Rabbit
67e1c4e1ca61a52a92a67485,1742849048,161547.7654,1742849072,137547.7654,Rabbit
67e1c4e1ca61a52a92a67489,1742849048,161637.682,1742849072,137637.682,Rabbit
67e1c4e1ca61a52a92a6748b,1742849048,161700.2202,1742849072,137700.2202,Rabbit
67e1c4e1ca61a52a92a6748c,1742849048,161701.5871,1742849072,137701.5871,Rabbit
67e1c4e1ca61a52a92a6748d,1742849048,161731.252,1742849072,137731.252,Rabbit
67e1c4e1ca61a52a92a67491,1742849048,161855.2296,1742849072,137855.2296,Rabbit
67e1c4e1ca61a52a92a67493,1742849048,161886.8161,1742849072,137886.8161,Rabbit
67e1c4e1ca61a52a92a67495,1742849048,161889.9746,1742849072,137889.9746,Rabbit
67e1c4e1ca61a52a92a67499,1742849048,161979.5776,1742849072,137979.5776,Rabbit
67e1c4e1ca61a52a92a6749b,1742849048,162011.3177,1742849072,138011.3177,Rabbit
67e1c4e1ca61a52a92a6749c,1742849048,162040.083,1742849072,138040.083,Rabbit
67e1c4e1ca61a52a92a6749d,1742849048,162071.0305,1742849072,138071.0305,Rabbit
67e1c4e1ca61a52a92a674a1,1742849048,162103.0616,1742849072,138103.0616,Rabbit
67e1c4e1ca61a52a92a674a5,1742849048,162167.0115,1742849072,138167.0115,Rabbit
67e1c4e1ca61a52a92a674a9,1742849048,162350.0979,1742849072,138350.0979,Rabbit
67e1c4e1ca61a52a92a674ab,1742849048,162382.6687,1742849072,138382.6687,Rabbit
67e1c4e1ca61a52a92a674ad,1742849048,162385.7997,1742849072,138385.7997,Rabbit
67e1c4e1ca61a52a92a674b1,1742849048,162447.8824,1742849072,138447.8824,Rabbit
67e1c4e1ca61a52a92a674b3,1742849048,162477.5849,1742849072,138477.5849,Rabbit
67e1c4e1ca61a52a92a674b5,1742849048,162481.6065,1742849072,138481.6065,Rabbit
67e1c4e1ca61a52a92a674b9,1742849048,162536.7618,1742849072,138536.7618,Rabbit
67e1c4e1ca61a52a92a6744f,1742849048,160283.1823,1742849072,136283.1823,Rabbit
67e1c4e1ca61a52a92a674ac,1742849048,162384.1873,1742849072,138384.1873,Rabbit
67e1c4e1ca61a52a92a674bc,1742849048,162599.5187,1742849072,138599.5187,Rabbit
67e1c4e1ca61a52a92a674bd,1742849048,162630.1789,1742849072,138630.1789,Rabbit
67e1c4e1ca61a52a92a674c1,1742849048,162723.9036,1742849072,138723.9036,Rabbit
67e1c4e1ca61a52a92a674c3,1742849048,162754.2845,1742849072,138754.2845,Rabbit
67e1c4e1ca61a52a92a674c5,1742849048,162786.6793,1742849072,138786.6793,Rabbit
67e1c4e1ca61a52a92a674c9,1742849048,162877.8506,1742849072,138877.8506,Rabbit
67e1c4e1ca61a52a92a674cc,1742849048,162970.2639,1742849072,138970.2639,Rabbit
67e1c4e1ca61a52a92a674cd,1742849048,163001.3011,1742849072,139001.3011,Rabbit
67e1c4e1ca61a52a92a674d1,1742849048,163125.6034,1742849072,139125.6034,Rabbit
67e1c4e1ca61a52a92a674d3,1742849048,163187.0344,1742849072,139187.0344,Rabbit
67e1c4e1ca61a52a92a674d5,1742849048,163190.0319,1742849072,139190.0319,Rabbit
67e1c4e1ca61a52a92a674d9,1742849048,163312.1224,1742849072,139312.1224,Rabbit
67e1c4e1ca61a52a92a674dc,1742849048,163373.0297,1742849072,139373.0297,Rabbit
67e1c4e1ca61a52a92a674dd,1742849048,163374.497,1742849072,139374.497,Rabbit
67e1c4e1ca61a52a92a674e1,1742849048,163560.0467,1742849072,139560.0467,Rabbit
67e1c4e1ca61a52a92a674e3,1742849048,163623.0018,1742849072,139623.0018,Rabbit
67e1c4e1ca61a52a92a674e5,1742849048,163683.8732,1742849072,139683.8732,Rabbit
67e1c4e1ca61a52a92a674a3,1742849048,162135.758,1742849072,138135.758,Rabbit
67e1c4e1ca61a52a92a67318,1742849048,153005.9157,1742849071,130005.9157,Rabbit
67e1c4e1ca61a52a92a6731e,1742849048,153129.7224,1742849071,130129.7224,Rabbit
67e1c4e1ca61a52a92a67320,1742849048,153162.4568,1742849071,130162.4568,Rabbit
67e1c4e1ca61a52a92a6731a,1742849048,153039.8801,1742849071,130039.8801,Rabbit
67e1c4e1ca61a52a92a6731f,1742849048,153131.1862,1742849071,130131.1862,Rabbit
67e1c4e1ca61a52a92a67324,1742849048,153284.8294,1742849071,130284.8294,Rabbit
67e1c4e1ca61a52a92a67326,1742849048,153348.1158,1742849071,130348.1158,Rabbit
67e1c4e1ca61a52a92a67328,1742849048,153440.1775,1742849071,130440.1775,Rabbit
67e1c4e1ca61a52a92a67322,1742849048,153166.4274,1742849071,130166.4274,Rabbit
67e1c4e1ca61a52a92a67327,1742849048,153378.1215,1742849071,130378.1215,Rabbit
67e1c4e1ca61a52a92a6732e,1742849048,153625.3911,1742849071,130625.3911,Rabbit
67e1c4e1ca61a52a92a6732a,1742849048,153502.37,1742849071,130502.37,Rabbit
67e1c4e1ca61a52a92a6732f,1742849048,153687.0877,1742849071,130687.0877,Rabbit
67e1c4e1ca61a52a92a67334,1742849048,153845.6246,1742849071,130845.6246,Rabbit
67e1c4e1ca61a52a92a67336,1742849048,153904.1958,1742849071,130904.1958,Rabbit
67e1c4e1ca61a52a92a67338,1742849048,153937.1811,1742849071,130937.1811,Rabbit
67e1c4e1ca61a52a92a67332,1742849048,153811.1347,1742849071,130811.1347,Rabbit
67e1c4e1ca61a52a92a6733e,1742849048,154093.0801,1742849071,131093.0801,Rabbit
67e1c4e1ca61a52a92a67340,1742849048,154096.5108,1742849071,131096.5108,Rabbit
67e1c4e1ca61a52a92a6733a,1742849048,153997.2198,1742849071,130997.2198,Rabbit
67e1c4e1ca61a52a92a6733f,1742849048,154094.7657,1742849071,131094.7657,Rabbit
67e1c4e1ca61a52a92a67330,1742849048,153749.091,1742849071,130749.091,Rabbit
67e1c4e1ca61a52a92a67344,1742849048,154138.3218,1742849071,131138.3218,Rabbit
67e1c4e1ca61a52a92a67346,1742849048,154167.6662,1742849071,131167.6662,Rabbit
67e1c4e1ca61a52a92a67312,1742849048,152913.8676,1742849071,129913.8676,Rabbit
67e1c4e1ca61a52a92a67342,1742849048,154099.6338,1742849071,131099.6338,Rabbit
67e1c4e1ca61a52a92a67348,1742849048,154261.2559,1742849071,131261.2559,Rabbit
67e1c4e1ca61a52a92a67347,1742849048,154229.6991,1742849071,131229.6991,Rabbit
67e1c4e1ca61a52a92a6734e,1742849048,154416.0621,1742849071,131416.0621,Rabbit
67e1c4e1ca61a52a92a67300,1742849048,152671.648,1742849071,129671.648,Rabbit
67e1c4e1ca61a52a92a6734a,1742849048,154265.0852,1742849071,131265.0852,Rabbit
67e1c4e1ca61a52a92a67308,1742849048,152734.9209,1742849071,129734.9209,Rabbit
67e1c4e1ca61a52a92a67307,1742849048,152733.1699,1742849071,129733.1699,Rabbit
67e1c4e1ca61a52a92a67310,1742849048,152858.6057,1742849071,129858.6057,Rabbit
67e1c4e1ca61a52a92a6730f,1742849048,152854.9407,1742849071,129854.9407,Rabbit
67e1c4e1ca61a52a92a672ff,1742849048,152669.4086,1742849071,129669.4086,Rabbit
67e1c4e1ca61a52a92a6734f,1742849048,154449.0763,1742849071,131449.0763,Rabbit
67e1c4e1ca61a52a92a67260,1742849048,149149.7205,1742849071,126149.7205,Rabbit
67e1c4e1ca61a52a92a67250,1742849048,148921.1707,1742849071,125921.1707,Rabbit
67e1c4e1ca61a52a92a6724f,1742849048,148919.0562,1742849071,125919.0562,Rabbit
67e1c4e1ca61a52a92a67268,1742849048,149304.1559,1742849071,126304.1559,Rabbit
67e1c4e1ca61a52a92a67267,1742849048,149302.5809,1742849071,126302.5809,Rabbit
67e1c4e1ca61a52a92a67188,1742849048,144328.9494,1742849071,121328.9494,Rabbit
67e1c4e1ca61a52a92a6726f,1742849048,149427.7791,1742849071,126427.7791,Rabbit
67e1c4e1ca61a52a92a67187,1742849048,144268.1411,1742849071,121268.1411,Rabbit
67e1c4e1ca61a52a92a67186,1742849048,144266.62,1742849071,121266.62,Rabbit
67e1c4e1ca61a52a92a6718a,1742849048,144390.5448,1742849071,121390.5448,Rabbit
67e1c4e1ca61a52a92a6718f,1742849048,144545.5887,1742849071,121545.5887,Rabbit
67e1c4e1ca61a52a92a67278,1742849048,149557.5369,1742849071,126557.5369,Rabbit
67e1c4e1ca61a52a92a6718e,1742849048,144483.4458,1742849071,121483.4458,Rabbit
67e1c4e1ca61a52a92a67192,1742849048,144607.705,1742849071,121607.705,Rabbit
67e1c4e1ca61a52a92a6727f,1742849048,149642.4716,1742849071,126642.4716,Rabbit
67e1c4e1ca61a52a92a67196,1742849048,144703.2403,1742849071,121703.2403,Rabbit
67e1c4e1ca61a52a92a6719a,1742849048,144762.9462,1742849071,121762.9462,Rabbit
67e1c4e1ca61a52a92a671a0,1742849048,144886.0279,1742849071,121886.0279,Rabbit
67e1c4e1ca61a52a92a6719f,1742849048,144855.1035,1742849071,121855.1035,Rabbit
67e1c4e1ca61a52a92a67288,1742849048,149862.371,1742849071,126862.371,Rabbit
67e1c4e1ca61a52a92a67287,1742849048,149860.142,1742849071,126860.142,Rabbit
67e1c4e1ca61a52a92a6719e,1742849048,144824.9901,1742849071,121824.9901,Rabbit
67e1c4e1ca61a52a92a67194,1742849048,144641.4684,1742849071,121641.4684,Rabbit
67e1c4e1ca61a52a92a67270,1742849048,149457.6597,1742849071,126457.6597,Rabbit
67e1c4e1ca61a52a92a671a7,1742849048,145103.7773,1742849071,122103.7773,Rabbit
67e1c4e1ca61a52a92a67190,1742849048,144547.7591,1742849071,121547.7591,Rabbit
67e1c4e1ca61a52a92a6728f,1742849048,150080.1162,1742849071,127080.1162,Rabbit
67e1c4e1ca61a52a92a671a6,1742849048,145073.0828,1742849071,122073.0828,Rabbit
67e1c4e1ca61a52a92a671aa,1742849048,145137.1261,1742849071,122137.1261,Rabbit
67e1c4e1ca61a52a92a671af,1742849048,145211.424,1742849071,122211.424,Rabbit
67e1c4e1ca61a52a92a671ae,1742849048,145180.4854,1742849071,122180.4854,Rabbit
67e1c4e1ca61a52a92a671a4,1742849048,145012.2465,1742849071,122012.2465,Rabbit
67e1c4e1ca61a52a92a671b2,1742849048,145336.1158,1742849071,122336.1158,Rabbit
67e1c4e1ca61a52a92a671b8,1742849048,145398.2339,1742849071,122398.2339,Rabbit
67e1c4e1ca61a52a92a6729f,1742849048,150447.8239,1742849071,127447.8239,Rabbit
67e1c4e1ca61a52a92a671b6,1742849048,145368.1523,1742849071,122368.1523,Rabbit
67e1c4e1ca61a52a92a671ba,1742849048,145490.6354,1742849071,122490.6354,Rabbit
67e1c4e1ca61a52a92a67280,1742849048,149673.5555,1742849071,126673.5555,Rabbit
67e1c4e1ca61a52a92a671bf,1742849048,145646.1238,1742849071,122646.1238,Rabbit
67e1c4e1ca61a52a92a672a8,1742849048,150638.8074,1742849071,127638.8074,Rabbit
67e1c4e1ca61a52a92a672a7,1742849048,150637.4036,1742849071,127637.4036,Rabbit
67e1c4e1ca61a52a92a671be,1742849048,145583.4628,1742849071,122583.4628,Rabbit
67e1c4e1ca61a52a92a671b4,1742849048,145340.0786,1742849071,122340.0786,Rabbit
67e1c4e1ca61a52a92a671c2,1742849048,145681.4155,1742849071,122681.4155,Rabbit
67e1c4e1ca61a52a92a671c7,1742849048,145831.6026,1742849071,122831.6026,Rabbit
67e1c4e1ca61a52a92a672af,1742849048,150882.3252,1742849071,127882.3252,Rabbit
67e1c4e1ca61a52a92a671c6,1742849048,145769.5747,1742849071,122769.5747,Rabbit
67e1c4e1ca61a52a92a671ca,1742849048,145867.5964,1742849071,122867.5964,Rabbit
67e1c4e1ca61a52a92a671cf,1742849048,146017.0899,1742849071,123017.0899,Rabbit
67e1c4e1ca61a52a92a671a8,1742849048,145105.2016,1742849071,122105.2016,Rabbit
67e1c4e1ca61a52a92a672b8,1742849048,151191.6099,1742849071,128191.6099,Rabbit
67e1c4e1ca61a52a92a671ce,1742849048,145987.6354,1742849071,122987.6354,Rabbit
67e1c4e1ca61a52a92a671c4,1742849048,145684.446,1742849071,122684.446,Rabbit
67e1c4e1ca61a52a92a671d2,1742849048,146080.6374,1742849071,123080.6374,Rabbit
67e1c4e1ca61a52a92a672bf,1742849048,151377.7601,1742849071,128377.7601,Rabbit
67e1c4e1ca61a52a92a671d6,1742849048,146172.4066,1742849071,123172.4066,Rabbit
67e1c4e1ca61a52a92a671da,1742849048,146237.3456,1742849071,123237.3456,Rabbit
67e1c4e1ca61a52a92a671e0,1742849048,146272.8053,1742849071,123272.8053,Rabbit
67e1c4e1ca61a52a92a671df,1742849048,146271.3678,1742849071,123271.3678,Rabbit
67e1c4e1ca61a52a92a671de,1742849048,146269.7795,1742849071,123269.7795,Rabbit
67e1c4e1ca61a52a92a671a2,1742849048,144980.4087,1742849071,121980.4087,Rabbit
67e1c4e1ca61a52a92a671d4,1742849048,146083.9603,1742849071,123083.9603,Rabbit
67e1c4e1ca61a52a92a671b0,1742849048,145273.4336,1742849071,122273.4336,Rabbit
67e1c4e1ca61a52a92a671e7,1742849048,146451.4972,1742849071,123451.4972,Rabbit
67e1c4e1ca61a52a92a672cf,1742849048,151845.5479,1742849071,128845.5479,Rabbit
67e1c4e1ca61a52a92a671e6,1742849048,146419.9628,1742849071,123419.9628,Rabbit
67e1c4e1ca61a52a92a672ca,1742849048,151718.6734,1742849071,128718.6734,Rabbit
67e1c4e1ca61a52a92a671ea,1742849048,146512.968,1742849071,123512.968,Rabbit
67e1c4e1ca61a52a92a671ef,1742849048,146606.7185,1742849071,123606.7185,Rabbit
67e1c4e1ca61a52a92a671ee,1742849048,146579.4574,1742849071,123579.4574,Rabbit
67e1c4e1ca61a52a92a671e4,1742849048,146389.8848,1742849071,123389.8848,Rabbit
67e1c4e1ca61a52a92a671f2,1742849048,146611.2924,1742849071,123611.2924,Rabbit
67e1c4e1ca61a52a92a671f8,1742849048,146654.7941,1742849071,123654.7941,Rabbit
67e1c4e1ca61a52a92a671c0,1742849048,145677.5354,1742849071,122677.5354,Rabbit
67e1c4e1ca61a52a92a672df,1742849048,152183.731,1742849071,129183.731,Rabbit
67e1c4e1ca61a52a92a671f6,1742849048,146617.2167,1742849071,123617.2167,Rabbit
67e1c4e1ca61a52a92a671fa,1742849048,146684.1545,1742849071,123684.1545,Rabbit
67e1c4e1ca61a52a92a671ff,1742849048,146809.6091,1742849071,123809.6091,Rabbit
67e1c4e1ca61a52a92a672e8,1742849048,152293.0872,1742849071,129293.0872,Rabbit
67e1c4e1ca61a52a92a672e7,1742849048,152256.6271,1742849071,129256.6271,Rabbit
67e1c4e1ca61a52a92a671fe,1742849048,146807.5698,1742849071,123807.5698,Rabbit
67e1c4e1ca61a52a92a671f4,1742849048,146614.219,1742849071,123614.219,Rabbit
67e1c4e1ca61a52a92a67202,1742849048,146900.554,1742849071,123900.554,Rabbit
67e1c4e1ca61a52a92a671c8,1742849048,145863.5516,1742849071,122863.5516,Rabbit
67e1c4e1ca61a52a92a67207,1742849048,147117.072,1742849071,124117.072,Rabbit
67e1c4e1ca61a52a92a67206,1742849048,147086.3932,1742849071,124086.3932,Rabbit
67e1c4e1ca61a52a92a671e2,1742849048,146357.7425,1742849071,123357.7425,Rabbit
67e1c4e1ca61a52a92a6720a,1742849048,147179.368,1742849071,124179.368,Rabbit
67e1c4e1ca61a52a92a67290,1742849048,150107.6676,1742849071,127107.6676,Rabbit
67e1c4e1ca61a52a92a67204,1742849048,146963.671,1742849071,123963.671,Rabbit
67e1c4e1ca61a52a92a67212,1742849048,147396.3661,1742849071,124396.3661,Rabbit
67e1c4e1ca61a52a92a67216,1742849048,147433.574,1742849071,124433.574,Rabbit
67e1c4e1ca61a52a92a6721a,1742849048,147521.8649,1742849071,124521.8649,Rabbit
67e1c4e1ca61a52a92a6721e,1742849048,147644.4607,1742849071,124644.4607,Rabbit
67e1c4e1ca61a52a92a671d0,1742849048,146048.4094,1742849071,123048.4094,Rabbit
67e1c4e1ca61a52a92a67226,1742849048,148016.1625,1742849071,125016.1625,Rabbit
67e1c4e1ca61a52a92a6722a,1742849048,148110.6463,1742849071,125110.6463,Rabbit
67e1c4e1ca61a52a92a6722e,1742849048,148143.8945,1742849071,125143.8945,Rabbit
67e1c4e1ca61a52a92a67224,1742849048,147894.5109,1742849071,124894.5109,Rabbit
67e1c4e1ca61a52a92a67232,1742849048,148328.8951,1742849071,125328.8951,Rabbit
67e1c4e1ca61a52a92a672c0,1742849048,151439.6397,1742849071,128439.6397,Rabbit
67e1c4e1ca61a52a92a672b0,1742849048,150944.8056,1742849071,127944.8056,Rabbit
67e1c4e1ca61a52a92a67236,1742849048,148421.1938,1742849071,125421.1938,Rabbit
67e1c4e1ca61a52a92a6723a,1742849048,148481.4981,1742849071,125481.4981,Rabbit
67e1c4e1ca61a52a92a672a0,1742849048,150449.4668,1742849071,127449.4668,Rabbit
67e1c4e1ca61a52a92a6723e,1742849048,148606.1209,1742849071,125606.1209,Rabbit
67e1c4e1ca61a52a92a67234,1742849048,148357.3384,1742849071,125357.3384,Rabbit
67e1c4e1ca61a52a92a67242,1742849048,148670.9187,1742849071,125670.9187,Rabbit
67e1c4e1ca61a52a92a67246,1742849048,148703.1467,1742849071,125703.1467,Rabbit
67e1c4e1ca61a52a92a6724a,1742849048,148792.944,1742849071,125792.944,Rabbit
67e1c4e1ca61a52a92a6724e,1742849048,148917.1839,1742849071,125917.1839,Rabbit
67e1c4e1ca61a52a92a67244,1742849048,148700.1705,1742849071,125700.1705,Rabbit
67e1c4e1ca61a52a92a67252,1742849048,148925.4375,1742849071,125925.4375,Rabbit
67e1c4e1ca61a52a92a67256,1742849048,149024.824,1742849071,126024.824,Rabbit
67e1c4e1ca61a52a92a6725a,1742849048,149089.8026,1742849071,126089.8026,Rabbit
67e1c4e1ca61a52a92a672d0,1742849048,151873.8833,1742849071,128873.8833,Rabbit
67e1c4e1ca61a52a92a6725e,1742849048,149117.8234,1742849071,126117.8234,Rabbit
67e1c4e1ca61a52a92a67222,1742849048,147800.0683,1742849071,124800.0683,Rabbit
67e1c4e1ca61a52a92a67254,1742849048,148992.1676,1742849071,125992.1676,Rabbit
67e1c4e1ca61a52a92a671e8,1742849048,146485.2196,1742849071,123485.2196,Rabbit
67e1c4e1ca61a52a92a67266,1742849048,149273.5867,1742849071,126273.5867,Rabbit
67e1c4e1ca61a52a92a6726a,1742849048,149364.6772,1742849071,126364.6772,Rabbit
67e1c4e1ca61a52a92a671f0,1742849048,146608.2611,1742849071,123608.2611,Rabbit
67e1c4e1ca61a52a92a6726e,1742849048,149426.3079,1742849071,126426.3079,Rabbit
67e1c4e1ca61a52a92a672e0,1742849048,152185.7746,1742849071,129185.7746,Rabbit
67e1c4e1ca61a52a92a67264,1742849048,149239.976,1742849071,126239.976,Rabbit
67e1c4e1ca61a52a92a67272,1742849048,149518.5724,1742849071,126518.5724,Rabbit
67e1c4e1ca61a52a92a67276,1742849048,149553.9631,1742849071,126553.9631,Rabbit
67e1c4e1ca61a52a92a6727a,1742849048,149581.3904,1742849071,126581.3904,Rabbit
67e1c4e1ca61a52a92a6727e,1742849048,149613.7394,1742849071,126613.7394,Rabbit
67e1c4e1ca61a52a92a67274,1742849048,149522.979,1742849071,126522.979,Rabbit
67e1c4e1ca61a52a92a67282,1742849048,149706.5559,1742849071,126706.5559,Rabbit
67e1c4e1ca61a52a92a67286,1742849048,149832.0642,1742849071,126832.0642,Rabbit
67e1c4e1ca61a52a92a6728a,1742849048,149892.481,1742849071,126892.481,Rabbit
67e1c4e1ca61a52a92a6720e,1742849048,147212.9822,1742849071,124212.9822,Rabbit
67e1c4e1ca61a52a92a6720f,1742849048,147272.1485,1742849071,124272.1485,Rabbit
67e1c4e1ca61a52a92a6728e,1742849048,150077.6973,1742849071,127077.6973,Rabbit
67e1c4e1ca61a52a92a67210,1742849048,147334.1808,1742849071,124334.1808,Rabbit
67e1c4e1ca61a52a92a67284,1742849048,149797.7315,1742849071,126797.7315,Rabbit
67e1c4e1ca61a52a92a67292,1742849048,150140.3044,1742849071,127140.3044,Rabbit
67e1c4e1ca61a52a92a67200,1742849048,146839.7774,1742849071,123839.7774,Rabbit
67e1c4e1ca61a52a92a67296,1742849048,150203.4418,1742849071,127203.4418,Rabbit
67e1c4e1ca61a52a92a6729a,1742849048,150292.702,1742849071,127292.702,Rabbit
67e1c4e1ca61a52a92a6721f,1742849048,147675.1748,1742849071,124675.1748,Rabbit
67e1c4e1ca61a52a92a67220,1742849048,147707.6303,1742849071,124707.6303,Rabbit
67e1c4e1ca61a52a92a6729e,1742849048,150416.9163,1742849071,127416.9163,Rabbit
67e1c4e1ca61a52a92a67262,1742849048,149209.9389,1742849071,126209.9389,Rabbit
67e1c4e1ca61a52a92a67294,1742849048,150170.2512,1742849071,127170.2512,Rabbit
67e1c4e1ca61a52a92a67208,1742849048,147148.8231,1742849071,124148.8231,Rabbit
67e1c4e1ca61a52a92a67227,1742849048,148048.1005,1742849071,125048.1005,Rabbit
67e1c4e1ca61a52a92a67228,1742849048,148049.9965,1742849071,125049.9965,Rabbit
67e1c4e1ca61a52a92a672a6,1742849048,150635.6869,1742849071,127635.6869,Rabbit
67e1c4e1ca61a52a92a672aa,1742849048,150695.678,1742849071,127695.678,Rabbit
67e1c4e1ca61a52a92a6722f,1742849048,148171.9419,1742849071,125171.9419,Rabbit
67e1c4e1ca61a52a92a67230,1742849048,148233.2776,1742849071,125233.2776,Rabbit
67e1c4e1ca61a52a92a672ae,1742849048,150852.2303,1742849071,127852.2303,Rabbit
67e1c4e1ca61a52a92a672a4,1742849048,150604.2431,1742849071,127604.2431,Rabbit
67e1c4e1ca61a52a92a672b2,1742849048,151037.7812,1742849071,128037.7812,Rabbit
67e1c4e1ca61a52a92a67238,1742849048,148425.6735,1742849071,125425.6735,Rabbit
67e1c4e1ca61a52a92a672b6,1742849048,151162.7321,1742849071,128162.7321,Rabbit
67e1c4e1ca61a52a92a672ba,1742849048,151225.5047,1742849071,128225.5047,Rabbit
67e1c4e1ca61a52a92a6723f,1742849048,148635.8563,1742849071,125635.8563,Rabbit
67e1c4e1ca61a52a92a67240,1742849048,148667.7838,1742849071,125667.7838,Rabbit
67e1c4e1ca61a52a92a672be,1742849048,151348.3019,1742849071,128348.3019,Rabbit
67e1c4e1ca61a52a92a672b4,1742849048,151098.8823,1742849071,128098.8823,Rabbit
67e1c4e1ca61a52a92a672c2,1742849048,151504.0364,1742849071,128504.0364,Rabbit
67e1c4e1ca61a52a92a672c7,1742849048,151688.6513,1742849071,128688.6513,Rabbit
67e1c4e1ca61a52a92a67248,1742849048,148762.0908,1742849071,125762.0908,Rabbit
67e1c4e1ca61a52a92a672a2,1742849048,150571.7109,1742849071,127571.7109,Rabbit
67e1c4e1ca61a52a92a672c6,1742849048,151656.7234,1742849071,128656.7234,Rabbit
67e1c4e1ca61a52a92a672ce,1742849048,151842.8827,1742849071,128842.8827,Rabbit
67e1c4e1ca61a52a92a672d2,1742849048,151908.6518,1742849071,128908.6518,Rabbit
67e1c4e1ca61a52a92a672d6,1742849048,151971.4953,1742849071,128971.4953,Rabbit
67e1c4e1ca61a52a92a672da,1742849048,152124.6115,1742849071,129124.6115,Rabbit
67e1c4e1ca61a52a92a672de,1742849048,152157.1741,1742849071,129157.1741,Rabbit
67e1c4e1ca61a52a92a672d4,1742849048,151968.0264,1742849071,128968.0264,Rabbit
67e1c4e1ca61a52a92a672e6,1742849048,152254.85,1742849071,129254.85,Rabbit
67e1c4e1ca61a52a92a672ea,1742849048,152324.5618,1742849071,129324.5618,Rabbit
67e1c4e1ca61a52a92a672ee,1742849048,152353.9971,1742849071,129353.9971,Rabbit
67e1c4e1ca61a52a92a672e4,1742849048,152247.203,1742849071,129247.203,Rabbit
67e1c4e1ca61a52a92a672f2,1742849048,152509.8779,1742849071,129509.8779,Rabbit
67e1c4e1ca61a52a92a672f6,1742849048,152602.0693,1742849071,129602.0693,Rabbit
67e1c4e1ca61a52a92a672fa,1742849048,152608.0745,1742849071,129608.0745,Rabbit
67e1c4e1ca61a52a92a672fe,1742849048,152667.8103,1742849071,129667.8103,Rabbit
67e1c4e1ca61a52a92a67302,1742849048,152696.8576,1742849071,129696.8576,Rabbit
67e1c4e1ca61a52a92a67306,1742849048,152731.401,1742849071,129731.401,Rabbit
67e1c4e1ca61a52a92a6730a,1742849048,152788.2172,1742849071,129788.2172,Rabbit
67e1c4e1ca61a52a92a6730e,1742849048,152852.1946,1742849071,129852.1946,Rabbit
67e1c4e1ca61a52a92a67304,1742849048,152728.4019,1742849071,129728.4019,Rabbit
67e1c4e1ca61a52a92a672e2,1742849048,152190.4188,1742849071,129190.4188,Rabbit
67e1c4e1ca61a52a92a67316,1742849048,152944.7026,1742849071,129944.7026,Rabbit
67e1c4e1ca61a52a92a67314,1742849048,152916.7447,1742849071,129916.7447,Rabbit
67e1c4e1ca61a52a92a672f0,1742849048,152447.4045,1742849071,129447.4045,Rabbit
67e1c4e1ca61a52a92a672eb,1742849048,152326.0201,1742849071,129326.0201,Rabbit
67e1c4e1ca61a52a92a672f3,1742849048,152540.4235,1742849071,129540.4235,Rabbit
67e1c4e1ca61a52a92a672f7,1742849048,152603.814,1742849071,129603.814,Rabbit
67e1c4e1ca61a52a92a672f8,1742849048,152605.1849,1742849071,129605.1849,Rabbit
67e1c4e1ca61a52a92a6730b,1742849048,152820.1773,1742849071,129820.1773,Rabbit
67e1c4e1ca61a52a92a67317,1742849048,152946.4641,1742849071,129946.4641,Rabbit
67e1c4e1ca61a52a92a6732c,1742849048,153532.7843,1742849071,130532.7843,Rabbit
67e1c4e1ca61a52a92a6730c,1742849048,152821.8911,1742849071,129821.8911,Rabbit
67e1c4e1ca61a52a92a6732b,1742849048,153503.8712,1742849071,130503.8712,Rabbit
67e1c4e1ca61a52a92a672e3,1742849048,152215.488,1742849071,129215.488,Rabbit
67e1c4e1ca61a52a92a67337,1742849048,153935.4167,1742849071,130935.4167,Rabbit
67e1c4e1ca61a52a92a6725f,1742849048,149147.7987,1742849071,126147.7987,Rabbit
67e1c4e1ca61a52a92a6727b,1742849048,149582.9394,1742849071,126582.9394,Rabbit
67e1c4e1ca61a52a92a67277,1742849048,149555.7105,1742849071,126555.7105,Rabbit
67e1c4e1ca61a52a92a67298,1742849048,150232.6439,1742849071,127232.6439,Rabbit
67e1c4e1ca61a52a92a6718b,1742849048,144421.6567,1742849071,121421.6567,Rabbit
67e1c4e1ca61a52a92a67197,1742849048,144705.5264,1742849071,121705.5264,Rabbit
67e1c4e1ca61a52a92a67198,1742849048,144731.1281,1742849071,121731.1281,Rabbit
67e1c4e1ca61a52a92a671a3,1742849048,145010.8205,1742849071,122010.8205,Rabbit
67e1c4e1ca61a52a92a671ab,1742849048,145139.4139,1742849071,122139.4139,Rabbit
67e1c4e1ca61a52a92a671b7,1742849048,145370.1959,1742849071,122370.1959,Rabbit
67e1c4e1ca61a52a92a672d7,1742849048,151973.1319,1742849071,128973.1319,Rabbit
67e1c4e1ca61a52a92a671d7,1742849048,146174.5507,1742849071,123174.5507,Rabbit
67e1c4e1ca61a52a92a672a3,1742849048,150573.226,1742849071,127573.226,Rabbit
67e1c4e1ca61a52a92a671e3,1742849048,146359.8545,1742849071,123359.8545,Rabbit
67e1c4e1ca61a52a92a671eb,1742849048,146515.1945,1742849071,123515.1945,Rabbit
67e1c4e1ca61a52a92a671f7,1742849048,146653.3171,1742849071,123653.3171,Rabbit
67e1c4e1ca61a52a92a671fb,1742849048,146685.928,1742849071,123685.928,Rabbit
67e1c4e1ca61a52a92a67213,1742849048,147427.553,1742849071,124427.553,Rabbit
67e1c4e1ca61a52a92a67217,1742849048,147435.6832,1742849071,124435.6832,Rabbit
67e1c4e1ca61a52a92a67218,1742849048,147437.3602,1742849071,124437.3602,Rabbit
67e1c4e1ca61a52a92a67223,1742849048,147861.4539,1742849071,124861.4539,Rabbit
67e1c4e1ca61a52a92a6722b,1742849048,148112.0794,1742849071,125112.0794,Rabbit
67e1c4e1ca61a52a92a67237,1742849048,148423.5343,1742849071,125423.5343,Rabbit
67e1c4e1ca61a52a92a672bb,1742849048,151227.1405,1742849071,128227.1405,Rabbit
67e1c4e1ca61a52a92a671d8,1742849048,146233.9104,1742849071,123233.9104,Rabbit
67e1c4e1ca61a52a92a67263,1742849048,149211.9317,1742849071,126211.9317,Rabbit
67e1c4e1ca61a52a92a672ef,1742849048,152385.7882,1742849071,129385.7882,Rabbit
67e1c4e1ca61a52a92a67258,1742849048,149085.6531,1742849071,126085.6531,Rabbit
67e1c4e1ca61a52a92a67297,1742849048,150230.6867,1742849071,127230.6867,Rabbit
67e1c4e1ca61a52a92a67189,1742849048,144359.5704,1742849071,121359.5704,Rabbit
67e1c4e1ca61a52a92a6718c,1742849048,144455.7473,1742849071,121455.7473,Rabbit
67e1c4e1ca61a52a92a6718d,1742849048,144457.1765,1742849071,121457.1765,Rabbit
67e1c4e1ca61a52a92a67191,1742849048,144549.5508,1742849071,121549.5508,Rabbit
67e1c4e1ca61a52a92a67193,1742849048,144638.8634,1742849071,121638.8634,Rabbit
67e1c4e1ca61a52a92a67195,1742849048,144700.476,1742849071,121700.476,Rabbit
67e1c4e1ca61a52a92a67199,1742849048,144733.2421,1742849071,121733.2421,Rabbit
67e1c4e1ca61a52a92a6719b,1742849048,144764.446,1742849071,121764.446,Rabbit
67e1c4e1ca61a52a92a6719c,1742849048,144793.0681,1742849071,121793.0681,Rabbit
67e1c4e1ca61a52a92a6719d,1742849048,144794.6683,1742849071,121794.6683,Rabbit
67e1c4e1ca61a52a92a671a1,1742849048,144947.9483,1742849071,121947.9483,Rabbit
67e1c4e1ca61a52a92a671a5,1742849048,145041.0595,1742849071,122041.0595,Rabbit
67e1c4e1ca61a52a92a671a9,1742849048,145134.7583,1742849071,122134.7583,Rabbit
67e1c4e1ca61a52a92a671ac,1742849048,145141.7915,1742849071,122141.7915,Rabbit
67e1c4e1ca61a52a92a671ad,1742849048,145143.9777,1742849071,122143.9777,Rabbit
67e1c4e1ca61a52a92a671b1,1742849048,145305.2632,1742849071,122305.2632,Rabbit
67e1c4e1ca61a52a92a671b3,1742849048,145338.3584,1742849071,122338.3584,Rabbit
67e1c4e1ca61a52a92a671b5,1742849048,145341.6771,1742849071,122341.6771,Rabbit
67e1c4e1ca61a52a92a671b9,1742849048,145429.313,1742849071,122429.313,Rabbit
67e1c4e1ca61a52a92a671bb,1742849048,145492.6701,1742849071,122492.6701,Rabbit
67e1c4e1ca61a52a92a671bc,1742849048,145494.3393,1742849071,122494.3393,Rabbit
67e1c4e1ca61a52a92a671bd,1742849048,145522.4577,1742849071,122522.4577,Rabbit
67e1c4e1ca61a52a92a671c1,1742849048,145679.6531,1742849071,122679.6531,Rabbit
67e1c4e1ca61a52a92a671c3,1742849048,145682.9651,1742849071,122682.9651,Rabbit
67e1c4e1ca61a52a92a671c5,1742849048,145708.265,1742849071,122708.265,Rabbit
67e1c4e1ca61a52a92a671c9,1742849048,145865.4647,1742849071,122865.4647,Rabbit
67e1c4e1ca61a52a92a671cb,1742849048,145894.0441,1742849071,122894.0441,Rabbit
67e1c4e1ca61a52a92a671cc,1742849048,145955.102,1742849071,122955.102,Rabbit
67e1c4e1ca61a52a92a671cd,1742849048,145986.0687,1742849071,122986.0687,Rabbit
67e1c4e1ca61a52a92a671d1,1742849048,146049.9508,1742849071,123049.9508,Rabbit
67e1c4e1ca61a52a92a671d3,1742849048,146082.5426,1742849071,123082.5426,Rabbit
67e1c4e1ca61a52a92a671d5,1742849048,146141.2908,1742849071,123141.2908,Rabbit
67e1c4e1ca61a52a92a671d9,1742849048,146235.817,1742849071,123235.817,Rabbit
67e1c4e1ca61a52a92a672ab,1742849048,150726.7855,1742849071,127726.7855,Rabbit
67e1c4e1ca61a52a92a671db,1742849048,146264.5483,1742849071,123264.5483,Rabbit
67e1c4e1ca61a52a92a671dc,1742849048,146266.8193,1742849071,123266.8193,Rabbit
67e1c4e1ca61a52a92a671dd,1742849048,146268.3082,1742849071,123268.3082,Rabbit
67e1c4e1ca61a52a92a671e1,1742849048,146326.4891,1742849071,123326.4891,Rabbit
67e1c4e1ca61a52a92a671e5,1742849048,146391.6107,1742849071,123391.6107,Rabbit
67e1c4e1ca61a52a92a671e9,1742849048,146487.5382,1742849071,123487.5382,Rabbit
67e1c4e1ca61a52a92a671ec,1742849048,146575.1364,1742849071,123575.1364,Rabbit
67e1c4e1ca61a52a92a671ed,1742849048,146577.8577,1742849071,123577.8577,Rabbit
67e1c4e1ca61a52a92a671f1,1742849048,146609.7484,1742849071,123609.7484,Rabbit
67e1c4e1ca61a52a92a671f3,1742849048,146612.7377,1742849071,123612.7377,Rabbit
67e1c4e1ca61a52a92a671f5,1742849048,146615.7396,1742849071,123615.7396,Rabbit
67e1c4e1ca61a52a92a671f9,1742849048,146656.1281,1742849071,123656.1281,Rabbit
67e1c4e1ca61a52a92a671fc,1742849048,146746.5935,1742849071,123746.5935,Rabbit
67e1c4e1ca61a52a92a671fd,1742849048,146776.4361,1742849071,123776.4361,Rabbit
67e1c4e1ca61a52a92a67201,1742849048,146842.4759,1742849071,123842.4759,Rabbit
67e1c4e1ca61a52a92a67203,1742849048,146962.1312,1742849071,123962.1312,Rabbit
67e1c4e1ca61a52a92a67205,1742849048,147024.0601,1742849071,124024.0601,Rabbit
67e1c4e1ca61a52a92a67209,1742849048,147151.0888,1742849071,124151.0888,Rabbit
67e1c4e1ca61a52a92a6720b,1742849048,147181.1122,1742849071,124181.1122,Rabbit
67e1c4e1ca61a52a92a6720c,1742849048,147183.44,1742849071,124183.44,Rabbit
67e1c4e1ca61a52a92a6720d,1742849048,147210.6742,1742849071,124210.6742,Rabbit
67e1c4e1ca61a52a92a67211,1742849048,147365.1869,1742849071,124365.1869,Rabbit
67e1c4e1ca61a52a92a67214,1742849048,147429.546,1742849071,124429.546,Rabbit
67e1c4e1ca61a52a92a67215,1742849048,147431.4713,1742849071,124431.4713,Rabbit
67e1c4e1ca61a52a92a67257,1742849048,149055.0393,1742849071,126055.0393,Rabbit
67e1c4e1ca61a52a92a67219,1742849048,147489.3036,1742849071,124489.3036,Rabbit
67e1c4e1ca61a52a92a6721b,1742849048,147583.1293,1742849071,124583.1293,Rabbit
67e1c4e1ca61a52a92a6721c,1742849048,147585.3403,1742849071,124585.3403,Rabbit
67e1c4e1ca61a52a92a6721d,1742849048,147613.3882,1742849071,124613.3882,Rabbit
67e1c4e1ca61a52a92a67221,1742849048,147737.053,1742849071,124737.053,Rabbit
67e1c4e1ca61a52a92a67225,1742849048,147954.1768,1742849071,124954.1768,Rabbit
67e1c4e1ca61a52a92a67229,1742849048,148109.1899,1742849071,125109.1899,Rabbit
67e1c4e1ca61a52a92a6722c,1742849048,148140.5101,1742849071,125140.5101,Rabbit
67e1c4e1ca61a52a92a6722d,1742849048,148142.2808,1742849071,125142.2808,Rabbit
67e1c4e1ca61a52a92a67231,1742849048,148295.2415,1742849071,125295.2415,Rabbit
67e1c4e1ca61a52a92a67233,1742849048,148332.6655,1742849071,125332.6655,Rabbit
67e1c4e1ca61a52a92a67235,1742849048,148388.2718,1742849071,125388.2718,Rabbit
67e1c4e1ca61a52a92a67239,1742849048,148451.6616,1742849071,125451.6616,Rabbit
67e1c4e1ca61a52a92a6726b,1742849048,149366.2511,1742849071,126366.2511,Rabbit
67e1c4e1ca61a52a92a6723b,1742849048,148543.4089,1742849071,125543.4089,Rabbit
67e1c4e1ca61a52a92a6723c,1742849048,148545.4081,1742849071,125545.4081,Rabbit
67e1c4e1ca61a52a92a6723d,1742849048,148574.2165,1742849071,125574.2165,Rabbit
67e1c4e1ca61a52a92a67241,1742849048,148669.2211,1742849071,125669.2211,Rabbit
67e1c4e1ca61a52a92a67243,1742849048,148697.9635,1742849071,125697.9635,Rabbit
67e1c4e1ca61a52a92a67245,1742849048,148701.7254,1742849071,125701.7254,Rabbit
67e1c4e1ca61a52a92a67249,1742849048,148763.598,1742849071,125763.598,Rabbit
67e1c4e1ca61a52a92a6724b,1742849048,148822.2326,1742849071,125822.2326,Rabbit
67e1c4e1ca61a52a92a6724c,1742849048,148883.6515,1742849071,125883.6515,Rabbit
67e1c4e1ca61a52a92a6724d,1742849048,148885.1764,1742849071,125885.1764,Rabbit
67e1c4e1ca61a52a92a67251,1742849048,148923.7914,1742849071,125923.7914,Rabbit
67e1c4e1ca61a52a92a67253,1742849048,148961.4007,1742849071,125961.4007,Rabbit
67e1c4e1ca61a52a92a67255,1742849048,149023.3039,1742849071,126023.3039,Rabbit
67e1c4e1ca61a52a92a67259,1742849048,149087.8968,1742849071,126087.8968,Rabbit
67e1c4e1ca61a52a92a6725b,1742849048,149091.3227,1742849071,126091.3227,Rabbit
67e1c4e1ca61a52a92a6725c,1742849048,149092.6752,1742849071,126092.6752,Rabbit
67e1c4e1ca61a52a92a6725d,1742849048,149093.9576,1742849071,126093.9576,Rabbit
67e1c4e1ca61a52a92a67261,1742849048,149177.9362,1742849071,126177.9362,Rabbit
67e1c4e1ca61a52a92a67265,1742849048,149271.0842,1742849071,126271.0842,Rabbit
67e1c4e1ca61a52a92a67269,1742849048,149332.5647,1742849071,126332.5647,Rabbit
67e1c4e1ca61a52a92a6726c,1742849048,149367.7386,1742849071,126367.7386,Rabbit
67e1c4e1ca61a52a92a6726d,1742849048,149395.3606,1742849071,126395.3606,Rabbit
67e1c4e1ca61a52a92a67271,1742849048,149487.8098,1742849071,126487.8098,Rabbit
67e1c4e1ca61a52a92a67273,1742849048,149521.4648,1742849071,126521.4648,Rabbit
67e1c4e1ca61a52a92a67275,1742849048,149551.4928,1742849071,126551.4928,Rabbit
67e1c4e1ca61a52a92a67279,1742849048,149559.1596,1742849071,126559.1596,Rabbit
67e1c4e1ca61a52a92a6727c,1742849048,149584.5045,1742849071,126584.5045,Rabbit
67e1c4e1ca61a52a92a6727d,1742849048,149612.346,1742849071,126612.346,Rabbit
67e1c4e1ca61a52a92a67281,1742849048,149704.5076,1742849071,126704.5076,Rabbit
67e1c4e1ca61a52a92a67283,1742849048,149735.4821,1742849071,126735.4821,Rabbit
67e1c4e1ca61a52a92a67285,1742849048,149829.922,1742849071,126829.922,Rabbit
67e1c4e1ca61a52a92a672c8,1742849048,151690.3258,1742849071,128690.3258,Rabbit
67e1c4e1ca61a52a92a67247,1742849048,148760.1567,1742849071,125760.1567,Rabbit
67e1c4e1ca61a52a92a672c4,1742849048,151565.4804,1742849071,128565.4804,Rabbit
67e1c4e1ca61a52a92a67289,1742849048,149864.2957,1742849071,126864.2957,Rabbit
67e1c4e1ca61a52a92a6728b,1742849048,149921.5047,1742849071,126921.5047,Rabbit
67e1c4e1ca61a52a92a6728c,1742849048,149983.3309,1742849071,126983.3309,Rabbit
67e1c4e1ca61a52a92a6728d,1742849048,150045.3282,1742849071,127045.3282,Rabbit
67e1c4e1ca61a52a92a67291,1742849048,150138.6872,1742849071,127138.6872,Rabbit
67e1c4e1ca61a52a92a67293,1742849048,150168.7306,1742849071,127168.7306,Rabbit
67e1c4e1ca61a52a92a67295,1742849048,150200.7668,1742849071,127200.7668,Rabbit
67e1c4e1ca61a52a92a67299,1742849048,150234.0406,1742849071,127234.0406,Rabbit
67e1c4e1ca61a52a92a6729b,1742849048,150354.8238,1742849071,127354.8238,Rabbit
67e1c4e1ca61a52a92a6729c,1742849048,150387.8383,1742849071,127387.8383,Rabbit
67e1c4e1ca61a52a92a6729d,1742849048,150389.5203,1742849071,127389.5203,Rabbit
67e1c4e1ca61a52a92a672a1,1742849048,150509.6993,1742849071,127509.6993,Rabbit
67e1c4e1ca61a52a92a672a5,1742849048,150634.0522,1742849071,127634.0522,Rabbit
67e1c4e1ca61a52a92a672a9,1742849048,150640.5274,1742849071,127640.5274,Rabbit
67e1c4e1ca61a52a92a672ac,1742849048,150757.7753,1742849071,127757.7753,Rabbit
67e1c4e1ca61a52a92a672ad,1742849048,150819.8899,1742849071,127819.8899,Rabbit
67e1c4e1ca61a52a92a672b1,1742849048,151005.9548,1742849071,128005.9548,Rabbit
67e1c4e1ca61a52a92a672b3,1742849048,151068.3431,1742849071,128068.3431,Rabbit
67e1c4e1ca61a52a92a672b5,1742849048,151160.8239,1742849071,128160.8239,Rabbit
67e1c4e1ca61a52a92a672b9,1742849048,151223.9374,1742849071,128223.9374,Rabbit
67e1c4e1ca61a52a92a672d8,1742849048,152028.4261,1742849071,129028.4261,Rabbit
67e1c4e1ca61a52a92a672bc,1742849048,151253.637,1742849071,128253.637,Rabbit
67e1c4e1ca61a52a92a672bd,1742849048,151315.8092,1742849071,128315.8092,Rabbit
67e1c4e1ca61a52a92a672c1,1742849048,151470.7247,1742849071,128470.7247,Rabbit
67e1c4e1ca61a52a92a672c3,1742849048,151563.6454,1742849071,128563.6454,Rabbit
67e1c4e1ca61a52a92a672c5,1742849048,151596.3359,1742849071,128596.3359,Rabbit
67e1c4e1ca61a52a92a672c9,1742849048,151691.7379,1742849071,128691.7379,Rabbit
67e1c4e1ca61a52a92a672cb,1742849048,151720.4174,1742849071,128720.4174,Rabbit
67e1c4e1ca61a52a92a672cc,1742849048,151721.985,1742849071,128721.985,Rabbit
67e1c4e1ca61a52a92a672cd,1742849048,151780.6595,1742849071,128780.6595,Rabbit
67e1c4e1ca61a52a92a672d1,1742849048,151906.6339,1742849071,128906.6339,Rabbit
67e1c4e1ca61a52a92a672d3,1742849048,151935.9707,1742849071,128935.9707,Rabbit
67e1c4e1ca61a52a92a672d5,1742849048,151969.9061,1742849071,128969.9061,Rabbit
67e1c4e1ca61a52a92a672d9,1742849048,152090.5776,1742849071,129090.5776,Rabbit
67e1c4e1ca61a52a92a672db,1742849048,152126.6808,1742849071,129126.6808,Rabbit
67e1c4e1ca61a52a92a672dc,1742849048,152152.6676,1742849071,129152.6676,Rabbit
67e1c4e1ca61a52a92a672dd,1742849048,152155.2034,1742849071,129155.2034,Rabbit
67e1c4e1ca61a52a92a672e1,1742849048,152188.4658,1742849071,129188.4658,Rabbit
67e1c4e1ca61a52a92a672e5,1742849048,152250.944,1742849071,129250.944,Rabbit
67e1c4e1ca61a52a92a672e9,1742849048,152323.0666,1742849071,129323.0666,Rabbit
67e1c4e1ca61a52a92a672b7,1742849048,151164.2019,1742849071,128164.2019,Rabbit
67e1c4e1ca61a52a92a672ec,1742849048,152327.5914,1742849071,129327.5914,Rabbit
67e1c4e1ca61a52a92a672ed,1742849048,152328.9783,1742849071,129328.9783,Rabbit
67e1c4e1ca61a52a92a672f1,1742849048,152480.4295,1742849071,129480.4295,Rabbit
67e1c4e1ca61a52a92a672f4,1742849048,152572.2124,1742849071,129572.2124,Rabbit
67e1c4e1ca61a52a92a672f5,1742849048,152573.9933,1742849071,129573.9933,Rabbit
67e1c4e1ca61a52a92a672f9,1742849048,152606.5604,1742849071,129606.5604,Rabbit
67e1c4e1ca61a52a92a672fb,1742849048,152633.3517,1742849071,129633.3517,Rabbit
67e1c4e1ca61a52a92a672fc,1742849048,152664.3353,1742849071,129664.3353,Rabbit
67e1c4e1ca61a52a92a672fd,1742849048,152666.0081,1742849071,129666.0081,Rabbit
67e1c4e1ca61a52a92a67301,1742849048,152673.3684,1742849071,129673.3684,Rabbit
67e1c4e1ca61a52a92a67303,1742849048,152726.3878,1742849071,129726.3878,Rabbit
67e1c4e1ca61a52a92a67305,1742849048,152729.8206,1742849071,129729.8206,Rabbit
67e1c4e1ca61a52a92a67309,1742849048,152757.1957,1742849071,129757.1957,Rabbit
67e1c4e1ca61a52a92a6730d,1742849048,152823.6475,1742849071,129823.6475,Rabbit
67e1c4e1ca61a52a92a67311,1742849048,152882.8783,1742849071,129882.8783,Rabbit
67e1c4e1ca61a52a92a67313,1742849048,152915.3879,1742849071,129915.3879,Rabbit
67e1c4e1ca61a52a92a67315,1742849048,152918.1174,1742849071,129918.1174,Rabbit
67e1c4e1ca61a52a92a67319,1742849048,153038.0277,1742849071,130038.0277,Rabbit
67e1c4e1ca61a52a92a6731b,1742849048,153067.7734,1742849071,130067.7734,Rabbit
67e1c4e1ca61a52a92a6731c,1742849048,153069.277,1742849071,130069.277,Rabbit
67e1c4e1ca61a52a92a6731d,1742849048,153099.5627,1742849071,130099.5627,Rabbit
67e1c4e1ca61a52a92a67321,1742849048,153164.7506,1742849071,130164.7506,Rabbit
67e1c4e1ca61a52a92a67323,1742849048,153222.8346,1742849071,130222.8346,Rabbit
67e1c4e1ca61a52a92a67325,1742849048,153317.6002,1742849071,130317.6002,Rabbit
67e1c4e1ca61a52a92a67329,1742849048,153470.3771,1742849071,130470.3771,Rabbit
67e1c4e1ca61a52a92a6732d,1742849048,153594.4113,1742849071,130594.4113,Rabbit
67e1c4e1ca61a52a92a67331,1742849048,153781.1927,1742849071,130781.1927,Rabbit
67e1c4e1ca61a52a92a67333,1742849048,153843.6534,1742849071,130843.6534,Rabbit
67e1c4e1ca61a52a92a67335,1742849048,153874.2444,1742849071,130874.2444,Rabbit
67e1c4e1ca61a52a92a67339,1742849048,153966.9857,1742849071,130966.9857,Rabbit
67e1c4e1ca61a52a92a6733b,1742849048,154059.3336,1742849071,131059.3336,Rabbit
67e1c4e1ca61a52a92a6733c,1742849048,154061.158,1742849071,131061.158,Rabbit
67e1c4e1ca61a52a92a6733d,1742849048,154091.525,1742849071,131091.525,Rabbit
67e1c4e1ca61a52a92a67341,1742849048,154098.1845,1742849071,131098.1845,Rabbit
67e1c4e1ca61a52a92a67343,1742849048,154136.6841,1742849071,131136.6841,Rabbit
67e1c4e1ca61a52a92a67345,1742849048,154139.8961,1742849071,131139.8961,Rabbit
67e1c4e1ca61a52a92a67349,1742849048,154263.2598,1742849071,131263.2598,Rabbit
67e1c4e1ca61a52a92a6734b,1742849048,154291.7173,1742849071,131291.7173,Rabbit
67e1c4e1ca61a52a92a6734c,1742849048,154353.7096,1742849071,131353.7096,Rabbit
67e1c4e1ca61a52a92a6734d,1742849048,154386.138,1742849071,131386.138,Rabbit
67e1c4e1ca61a52a92a67350,1742849048,154509.0878,1742849071,131509.0878,Rabbit
67e1c4e1ca61a52a92a6710f,1742849048,141461.7173,1742849070,119461.7173,Rabbit
67e1c4e1ca61a52a92a6710e,1742849048,141400.5429,1742849070,119400.5429,Rabbit
67e1c4e1ca61a52a92a67112,1742849048,141554.7537,1742849070,119554.7537,Rabbit
67e1c4e1ca61a52a92a67116,1742849048,141683.5205,1742849070,119683.5205,Rabbit
67e1c4e1ca61a52a92a6711a,1742849048,141776.6823,1742849070,119776.6823,Rabbit
67e1c4e1ca61a52a92a6711f,1742849048,141880.3221,1742849070,119880.3221,Rabbit
67e1c4e1ca61a52a92a6711e,1742849048,141850.4838,1742849070,119850.4838,Rabbit
67e1c4e1ca61a52a92a67106,1742849048,141275.7842,1742849070,119275.7842,Rabbit
67e1c4e1ca61a52a92a67122,1742849048,141943.8453,1742849070,119943.8453,Rabbit
67e1c4e1ca61a52a92a67127,1742849048,142098.92,1742849070,120098.92,Rabbit
67e1c4e0ca61a52a92a670a8,1742849048,138754.2321,1742849070,116754.2321,Rabbit
67e1c4e1ca61a52a92a6712f,1742849048,142222.6249,1742849070,120222.6249,Rabbit
67e1c4e1ca61a52a92a6712e,1742849048,142191.0048,1742849070,120191.0048,Rabbit
67e1c4e1ca61a52a92a67132,1742849048,142252.5239,1742849070,120252.5239,Rabbit
67e1c4e1ca61a52a92a67136,1742849048,142408.4664,1742849070,120408.4664,Rabbit
67e1c4e1ca61a52a92a67180,1742849048,144087.5987,1742849070,122087.5987,Rabbit
67e1c4e1ca61a52a92a67107,1742849048,141277.4013,1742849070,119277.4013,Rabbit
67e1c4e1ca61a52a92a67126,1742849048,142066.544,1742849070,120066.544,Rabbit
67e1c4e0ca61a52a92a6705f,1742849048,136596.5355,1742849070,114596.5355,Rabbit
67e1c4e0ca61a52a92a67062,1742849048,136662.7413,1742849070,114662.7413,Rabbit
67e1c4e0ca61a52a92a6705e,1742849048,136568.7145,1742849070,114568.7145,Rabbit
67e1c4e0ca61a52a92a67067,1742849048,136816.5365,1742849070,114816.5365,Rabbit
67e1c4e0ca61a52a92a67066,1742849048,136814.7772,1742849070,114814.7772,Rabbit
67e1c4e0ca61a52a92a6706f,1742849048,136972.6717,1742849070,114972.6717,Rabbit
67e1c4e0ca61a52a92a6706e,1742849048,136971.2579,1742849070,114971.2579,Rabbit
67e1c4e0ca61a52a92a67072,1742849048,137092.375,1742849070,115092.375,Rabbit
67e1c4e0ca61a52a92a67076,1742849048,137217.6948,1742849070,115217.6948,Rabbit
67e1c4e0ca61a52a92a6707a,1742849048,137309.9203,1742849070,115309.9203,Rabbit
67e1c4e0ca61a52a92a6707f,1742849048,137464.6694,1742849070,115464.6694,Rabbit
67e1c4e0ca61a52a92a6707e,1742849048,137433.1784,1742849070,115433.1784,Rabbit
67e1c4e0ca61a52a92a67082,1742849048,137557.5793,1742849070,115557.5793,Rabbit
67e1c4e0ca61a52a92a67086,1742849048,137712.2174,1742849070,115712.2174,Rabbit
67e1c4e0ca61a52a92a6708f,1742849048,138055.9391,1742849070,116055.9391,Rabbit
67e1c4e0ca61a52a92a6708e,1742849048,138054.0681,1742849070,116054.0681,Rabbit
67e1c4e0ca61a52a92a67092,1742849048,138208.0682,1742849070,116208.0682,Rabbit
67e1c4e0ca61a52a92a6709a,1742849048,138459.671,1742849070,116459.671,Rabbit
67e1c4e0ca61a52a92a6708a,1742849048,137870.0347,1742849070,115870.0347,Rabbit
67e1c4e0ca61a52a92a6709f,1742849048,138564.2271,1742849070,116564.2271,Rabbit
67e1c4e0ca61a52a92a6709e,1742849048,138502.4737,1742849070,116502.4737,Rabbit
67e1c4e0ca61a52a92a670a2,1742849048,138627.1849,1742849070,116627.1849,Rabbit
67e1c4e0ca61a52a92a670a6,1742849048,138751.1601,1742849070,116751.1601,Rabbit
67e1c4e0ca61a52a92a670af,1742849048,138968.4817,1742849070,116968.4817,Rabbit
67e1c4e0ca61a52a92a670ae,1742849048,138966.8559,1742849070,116966.8559,Rabbit
67e1c4e0ca61a52a92a670b2,1742849048,139001.4365,1742849070,117001.4365,Rabbit
67e1c4e0ca61a52a92a670b6,1742849048,139059.8765,1742849070,117059.8765,Rabbit
67e1c4e0ca61a52a92a670ba,1742849048,139126.2602,1742849070,117126.2602,Rabbit
67e1c4e0ca61a52a92a670bf,1742849048,139245.7394,1742849070,117245.7394,Rabbit
67e1c4e0ca61a52a92a670be,1742849048,139216.0885,1742849070,117216.0885,Rabbit
67e1c4e0ca61a52a92a670c2,1742849048,139370.0013,1742849070,117370.0013,Rabbit
67e1c4e0ca61a52a92a670c7,1742849048,139587.2043,1742849070,117587.2043,Rabbit
67e1c4e0ca61a52a92a670cf,1742849048,139806.3839,1742849070,117806.3839,Rabbit
67e1c4e0ca61a52a92a670ce,1742849048,139773.1144,1742849070,117773.1144,Rabbit
67e1c4e1ca61a52a92a670d2,1742849048,139929.0073,1742849070,117929.0073,Rabbit
67e1c4e1ca61a52a92a670d6,1742849048,139970.3397,1742849070,117970.3397,Rabbit
67e1c4e1ca61a52a92a670da,1742849048,140103.9536,1742849070,118103.9536,Rabbit
67e1c4e1ca61a52a92a670df,1742849048,140194.31,1742849070,118194.31,Rabbit
67e1c4e1ca61a52a92a670de,1742849048,140192.7672,1742849070,118192.7672,Rabbit
67e1c4e1ca61a52a92a670e2,1742849048,140222.3219,1742849070,118222.3219,Rabbit
67e1c4e1ca61a52a92a670e7,1742849048,140347.538,1742849070,118347.538,Rabbit
67e1c4e1ca61a52a92a670e6,1742849048,140319.7672,1742849070,118319.7672,Rabbit
67e1c4e1ca61a52a92a670ef,1742849048,140566.2271,1742849070,118566.2271,Rabbit
67e1c4e1ca61a52a92a670ee,1742849048,140564.7679,1742849070,118564.7679,Rabbit
67e1c4e1ca61a52a92a670f2,1742849048,140718.3663,1742849070,118718.3663,Rabbit
67e1c4e1ca61a52a92a670f6,1742849048,140847.7304,1742849070,118847.7304,Rabbit
67e1c4e1ca61a52a92a670fa,1742849048,140996.7756,1742849070,118996.7756,Rabbit
67e1c4e0ca61a52a92a67087,1742849048,137774.5784,1742849070,115774.5784,Rabbit
67e1c4e1ca61a52a92a670ff,1742849048,141058.8135,1742849070,119058.8135,Rabbit
67e1c4e1ca61a52a92a670fe,1742849048,141033.56,1742849070,119033.56,Rabbit
67e1c4e0ca61a52a92a670c6,1742849048,139525.2977,1742849070,117525.2977,Rabbit
67e1c4e1ca61a52a92a67102,1742849048,141151.9682,1742849070,119151.9682,Rabbit
67e1c4e1ca61a52a92a67184,1742849048,144175.1818,1742849070,122175.1818,Rabbit
67e1c4e1ca61a52a92a67182,1742849048,144143.3325,1742849070,122143.3325,Rabbit
67e1c4e0ca61a52a92a67060,1742849048,136627.6046,1742849070,114627.6046,Rabbit
67e1c4e0ca61a52a92a67068,1742849048,136818.0844,1742849070,114818.0844,Rabbit
67e1c4e0ca61a52a92a67064,1742849048,136720.416,1742849070,114720.416,Rabbit
67e1c4e0ca61a52a92a67070,1742849048,137000.2605,1742849070,115000.2605,Rabbit
67e1c4e0ca61a52a92a67078,1742849048,137250.1188,1742849070,115250.1188,Rabbit
67e1c4e0ca61a52a92a67074,1742849048,137186.8277,1742849070,115186.8277,Rabbit
67e1c4e0ca61a52a92a67080,1742849048,137496.3234,1742849070,115496.3234,Rabbit
67e1c4e0ca61a52a92a67088,1742849048,137806.5028,1742849070,115806.5028,Rabbit
67e1c4e0ca61a52a92a6706a,1742849048,136821.0509,1742849070,114821.0509,Rabbit
67e1c4e0ca61a52a92a67084,1742849048,137589.4277,1742849070,115589.4277,Rabbit
67e1c4e0ca61a52a92a67090,1742849048,138115.0914,1742849070,116115.0914,Rabbit
67e1c4e0ca61a52a92a6705a,1742849048,136442.622,1742849070,114442.622,Rabbit
67e1c4e0ca61a52a92a67096,1742849048,138394.4787,1742849070,116394.4787,Rabbit
67e1c4e0ca61a52a92a670a0,1742849048,138565.9886,1742849070,116565.9886,Rabbit
67e1c4e0ca61a52a92a670a4,1742849048,138688.1387,1742849070,116688.1387,Rabbit
67e1c4e0ca61a52a92a670b0,1742849048,138998.5467,1742849070,116998.5467,Rabbit
67e1c4e0ca61a52a92a670b8,1742849048,139123.128,1742849070,117123.128,Rabbit
67e1c4e0ca61a52a92a670b4,1742849048,139028.8321,1742849070,117028.8321,Rabbit
67e1c4e0ca61a52a92a670c0,1742849048,139278.2378,1742849070,117278.2378,Rabbit
67e1c4e0ca61a52a92a670c8,1742849048,139618.0863,1742849070,117618.0863,Rabbit
67e1c4e0ca61a52a92a670aa,1742849048,138812.7413,1742849070,116812.7413,Rabbit
67e1c4e0ca61a52a92a670c4,1742849048,139432.0174,1742849070,117432.0174,Rabbit
67e1c4e0ca61a52a92a670d0,1742849048,139866.116,1742849070,117866.116,Rabbit
67e1c4e1ca61a52a92a670d4,1742849048,139962.3232,1742849070,117962.3232,Rabbit
67e1c4e1ca61a52a92a670e0,1742849048,140195.7248,1742849070,118195.7248,Rabbit
67e1c4e1ca61a52a92a670e8,1742849048,140408.9836,1742849070,118408.9836,Rabbit
67e1c4e0ca61a52a92a670ca,1742849048,139652.7902,1742849070,117652.7902,Rabbit
67e1c4e1ca61a52a92a670e4,1742849048,140315.6177,1742849070,118315.6177,Rabbit
67e1c4e1ca61a52a92a670f0,1742849048,140594.961,1742849070,118594.961,Rabbit
67e1c4e1ca61a52a92a670f8,1742849048,140934.7431,1742849070,118934.7431,Rabbit
67e1c4e1ca61a52a92a670f4,1742849048,140812.2573,1742849070,118812.2573,Rabbit
67e1c4e1ca61a52a92a67100,1742849048,141089.8375,1742849070,119089.8375,Rabbit
67e1c4e1ca61a52a92a67108,1742849048,141307.0226,1742849070,119307.0226,Rabbit
67e1c4e1ca61a52a92a670ea,1742849048,140441.9392,1742849070,118441.9392,Rabbit
67e1c4e1ca61a52a92a67104,1742849048,141183.5602,1742849070,119183.5602,Rabbit
67e1c4e1ca61a52a92a67110,1742849048,141492.893,1742849070,119492.893,Rabbit
67e1c4e1ca61a52a92a67114,1742849048,141678.8116,1742849070,119678.8116,Rabbit
67e1c4e1ca61a52a92a67120,1742849048,141881.8852,1742849070,119881.8852,Rabbit
67e1c4e1ca61a52a92a6710a,1742849048,141369.5103,1742849070,119369.5103,Rabbit
67e1c4e1ca61a52a92a67124,1742849048,141974.2722,1742849070,119974.2722,Rabbit
67e1c4e1ca61a52a92a67130,1742849048,142225.8501,1742849070,120225.8501,Rabbit
67e1c4e1ca61a52a92a67138,1742849048,142439.9248,1742849070,120439.9248,Rabbit
67e1c4e1ca61a52a92a67134,1742849048,142345.3391,1742849070,120345.3391,Rabbit
67e1c4e1ca61a52a92a67140,1742849048,142747.6824,1742849070,120747.6824,Rabbit
67e1c4e1ca61a52a92a67148,1742849048,142965.7492,1742849070,120965.7492,Rabbit
67e1c4e1ca61a52a92a6712a,1742849048,142103.8234,1742849070,120103.8234,Rabbit
67e1c4e1ca61a52a92a67144,1742849048,142872.2658,1742849070,120872.2658,Rabbit
67e1c4e1ca61a52a92a6714a,1742849048,142968.8103,1742849070,120968.8103,Rabbit
67e1c4e1ca61a52a92a67150,1742849048,143088.5601,1742849070,121088.5601,Rabbit
67e1c4e1ca61a52a92a67160,1742849048,143460.7877,1742849070,121460.7877,Rabbit
67e1c4e1ca61a52a92a67168,1742849048,143617.584,1742849070,121617.584,Rabbit
67e1c4e1ca61a52a92a67164,1742849048,143554.5587,1742849070,121554.5587,Rabbit
67e1c4e1ca61a52a92a67170,1742849048,143740.8177,1742849070,121740.8177,Rabbit
67e1c4e0ca61a52a92a67026,1742849048,135311.7912,1742849070,113311.7912,Rabbit
67e1c4e0ca61a52a92a67037,1742849048,135686.4003,1742849070,113686.4003,Rabbit
67e1c4e1ca61a52a92a67178,1742849048,143895.0036,1742849070,121895.0036,Rabbit
67e1c4e1ca61a52a92a67174,1742849048,143771.58,1742849070,121771.58,Rabbit
67e1c4e0ca61a52a92a6701e,1742849048,135126.3731,1742849070,113126.3731,Rabbit
67e1c4e0ca61a52a92a67046,1742849048,135963.6188,1742849070,113963.6188,Rabbit
67e1c4e1ca61a52a92a67128,1742849048,142100.6447,1742849070,120100.6447,Rabbit
67e1c4e0ca61a52a92a6704e,1742849048,136163.8834,1742849070,114163.8834,Rabbit
67e1c4e0ca61a52a92a67056,1742849048,136351.1983,1742849070,114351.1983,Rabbit
67e1c4e0ca61a52a92a6703e,1742849048,135775.1243,1742849070,113775.1243,Rabbit
67e1c4e0ca61a52a92a67012,1742849048,134944.5549,1742849070,112944.5549,Rabbit
67e1c4e0ca61a52a92a67016,1742849048,135001.8742,1742849070,113001.8742,Rabbit
67e1c4e0ca61a52a92a67010,1742849048,134940.7323,1742849070,112940.7323,Rabbit
67e1c4e0ca61a52a92a67013,1742849048,134946.3295,1742849070,112946.3295,Rabbit
67e1c4e0ca61a52a92a67017,1742849048,135031.0618,1742849070,113031.0618,Rabbit
67e1c4e0ca61a52a92a67018,1742849048,135063.7354,1742849070,113063.7354,Rabbit
67e1c4e0ca61a52a92a67022,1742849048,135217.1711,1742849070,113217.1711,Rabbit
67e1c4e0ca61a52a92a6702b,1742849048,135403.1333,1742849070,113403.1333,Rabbit
67e1c4e0ca61a52a92a6703b,1742849048,135716.2785,1742849070,113716.2785,Rabbit
67e1c4e0ca61a52a92a67027,1742849048,135313.3334,1742849070,113313.3334,Rabbit
67e1c4e0ca61a52a92a67020,1742849048,135155.0982,1742849070,113155.0982,Rabbit
67e1c4e0ca61a52a92a6702a,1742849048,135372.1914,1742849070,113372.1914,Rabbit
67e1c4e0ca61a52a92a6704b,1742849048,136063.3629,1742849070,114063.3629,Rabbit
67e1c4e0ca61a52a92a67057,1742849048,136352.9564,1742849070,114352.9564,Rabbit
67e1c4e0ca61a52a92a67058,1742849048,136356.28,1742849070,114356.28,Rabbit
67e1c4e0ca61a52a92a6706b,1742849048,136875.5205,1742849070,114875.5205,Rabbit
67e1c4e0ca61a52a92a67032,1742849048,135592.1744,1742849070,113592.1744,Rabbit
67e1c4e0ca61a52a92a67077,1742849048,137248.0186,1742849070,115248.0186,Rabbit
67e1c4e0ca61a52a92a6707b,1742849048,137340.1479,1742849070,115340.1479,Rabbit
67e1c4e0ca61a52a92a6703a,1742849048,135714.8522,1742849070,113714.8522,Rabbit
67e1c4e0ca61a52a92a67030,1742849048,135530.5818,1742849070,113530.5818,Rabbit
67e1c4e0ca61a52a92a6702e,1742849048,135527.4647,1742849070,113527.4647,Rabbit
67e1c4e0ca61a52a92a6703f,1742849048,135837.5268,1742849070,113837.5268,Rabbit
67e1c4e0ca61a52a92a67093,1742849048,138239.1728,1742849070,116239.1728,Rabbit
67e1c4e0ca61a52a92a67097,1742849048,138396.8166,1742849070,116396.8166,Rabbit
67e1c4e0ca61a52a92a670b7,1742849048,139092.7229,1742849070,117092.7229,Rabbit
67e1c4e0ca61a52a92a6701f,1742849048,135127.8783,1742849070,113127.8783,Rabbit
67e1c4e0ca61a52a92a67098,1742849048,138424.9619,1742849070,116424.9619,Rabbit
67e1c4e1ca61a52a92a670d7,1742849048,140036.6773,1742849070,118036.6773,Rabbit
67e1c4e1ca61a52a92a670d8,1742849048,140099.0166,1742849070,118099.0166,Rabbit
67e1c4e0ca61a52a92a67036,1742849048,135684.113,1742849070,113684.113,Rabbit
67e1c4e1ca61a52a92a670e3,1742849048,140284.543,1742849070,118284.543,Rabbit
67e1c4e1ca61a52a92a670eb,1742849048,140471.5981,1742849070,118471.5981,Rabbit
67e1c4e1ca61a52a92a670fb,1742849048,141028.8545,1742849070,119028.8545,Rabbit
67e1c4e1ca61a52a92a670f7,1742849048,140872.7514,1742849070,118872.7514,Rabbit
67e1c4e1ca61a52a92a67117,1742849048,141709.9606,1742849070,119709.9606,Rabbit
67e1c4e1ca61a52a92a67118,1742849048,141772.0166,1742849070,119772.0166,Rabbit
67e1c4e0ca61a52a92a67008,1742849048,134741.6975,1742849070,112741.6975,Rabbit
67e1c4e1ca61a52a92a67123,1742849048,141945.2112,1742849070,119945.2112,Rabbit
67e1c4e1ca61a52a92a6712b,1742849048,142129.0905,1742849070,120129.0905,Rabbit
67e1c4e1ca61a52a92a67137,1742849048,142438.2887,1742849070,120438.2887,Rabbit
67e1c4e1ca61a52a92a67157,1742849048,143337.4498,1742849070,121337.4498,Rabbit
67e1c4e1ca61a52a92a67158,1742849048,143338.9261,1742849070,121338.9261,Rabbit
67e1c4e1ca61a52a92a67163,1742849048,143524.1387,1742849070,121524.1387,Rabbit
67e1c4e1ca61a52a92a6716b,1742849048,143678.8557,1742849070,121678.8557,Rabbit
67e1c4e1ca61a52a92a67177,1742849048,143864.0044,1742849070,121864.0044,Rabbit
67e1c4e1ca61a52a92a6717b,1742849048,144080.5449,1742849070,122080.5449,Rabbit
67e1c4e0ca61a52a92a67004,1742849048,134612.7164,1742849070,112612.7164,Rabbit
67e1c4e0ca61a52a92a67038,1742849048,135688.0654,1742849070,113688.0654,Rabbit
67e1c4e0ca61a52a92a6704f,1742849048,136195.4262,1742849070,114195.4262,Rabbit
67e1c4e0ca61a52a92a67007,1742849048,134739.4381,1742849070,112739.4381,Rabbit
67e1c4e0ca61a52a92a6700f,1742849048,134938.6462,1742849070,112938.6462,Rabbit
67e1c4e0ca61a52a92a6701a,1742849048,135067.0648,1742849070,113067.0648,Rabbit
67e1c4e0ca61a52a92a67024,1742849048,135248.4232,1742849070,113248.4232,Rabbit
67e1c4e0ca61a52a92a67028,1742849048,135342.252,1742849070,113342.252,Rabbit
67e1c4e0ca61a52a92a6700e,1742849048,134907.1388,1742849070,112907.1388,Rabbit
67e1c4e0ca61a52a92a67003,1742849048,134583.1176,1742849070,112583.1176,Rabbit
67e1c4e0ca61a52a92a67005,1742849048,134674.7311,1742849070,112674.7311,Rabbit
67e1c4e0ca61a52a92a67009,1742849048,134744.4752,1742849070,112744.4752,Rabbit
67e1c4e0ca61a52a92a6700b,1742849048,134783.0668,1742849070,112783.0668,Rabbit
67e1c4e0ca61a52a92a6700c,1742849048,134814.9955,1742849070,112814.9955,Rabbit
67e1c4e0ca61a52a92a6700d,1742849048,134846.4331,1742849070,112846.4331,Rabbit
67e1c4e0ca61a52a92a67011,1742849048,134942.7285,1742849070,112942.7285,Rabbit
67e1c4e0ca61a52a92a67014,1742849048,134969.8144,1742849070,112969.8144,Rabbit
67e1c4e0ca61a52a92a67015,1742849048,135000.0363,1742849070,113000.0363,Rabbit
67e1c4e0ca61a52a92a67019,1742849048,135065.6604,1742849070,113065.6604,Rabbit
67e1c4e0ca61a52a92a6701b,1742849048,135068.5842,1742849070,113068.5842,Rabbit
67e1c4e0ca61a52a92a6701c,1742849048,135093.0111,1742849070,113093.0111,Rabbit
67e1c4e0ca61a52a92a6701d,1742849048,135124.9999,1742849070,113124.9999,Rabbit
67e1c4e0ca61a52a92a67021,1742849048,135186.6793,1742849070,113186.6793,Rabbit
67e1c4e0ca61a52a92a67023,1742849048,135219.0261,1742849070,113219.0261,Rabbit
67e1c4e0ca61a52a92a67025,1742849048,135310.0486,1742849070,113310.0486,Rabbit
67e1c4e0ca61a52a92a67029,1742849048,135343.9551,1742849070,113343.9551,Rabbit
67e1c4e0ca61a52a92a6702c,1742849048,135465.4003,1742849070,113465.4003,Rabbit
67e1c4e0ca61a52a92a6702d,1742849048,135467.4564,1742849070,113467.4564,Rabbit
67e1c4e0ca61a52a92a67031,1742849048,135589.7711,1742849070,113589.7711,Rabbit
67e1c4e0ca61a52a92a67033,1742849048,135593.9799,1742849070,113593.9799,Rabbit
67e1c4e0ca61a52a92a67035,1742849048,135651.6905,1742849070,113651.6905,Rabbit
67e1c4e0ca61a52a92a67039,1742849048,135713.3194,1742849070,113713.3194,Rabbit
67e1c4e0ca61a52a92a6702f,1742849048,135528.9597,1742849070,113528.9597,Rabbit
67e1c4e0ca61a52a92a6703c,1742849048,135717.7206,1742849070,113717.7206,Rabbit
67e1c4e0ca61a52a92a6703d,1742849048,135744.2508,1742849070,113744.2508,Rabbit
67e1c4e0ca61a52a92a67041,1742849048,135900.4729,1742849070,113900.4729,Rabbit
67e1c4e0ca61a52a92a67043,1742849048,135903.3696,1742849070,113903.3696,Rabbit
67e1c4e0ca61a52a92a67045,1742849048,135930.3284,1742849070,113930.3284,Rabbit
67e1c4e0ca61a52a92a67049,1742849048,136058.757,1742849070,114058.757,Rabbit
67e1c4e0ca61a52a92a67044,1742849048,135904.8837,1742849070,113904.8837,Rabbit
67e1c4e0ca61a52a92a6704c,1742849048,136102.1177,1742849070,114102.1177,Rabbit
67e1c4e0ca61a52a92a6704d,1742849048,136131.8123,1742849070,114131.8123,Rabbit
67e1c4e0ca61a52a92a67051,1742849048,136224.5856,1742849070,114224.5856,Rabbit
67e1c4e0ca61a52a92a67053,1742849048,136255.6442,1742849070,114255.6442,Rabbit
67e1c4e0ca61a52a92a67055,1742849048,136349.679,1742849070,114349.679,Rabbit
67e1c4e0ca61a52a92a67059,1742849048,136379.9081,1742849070,114379.9081,Rabbit
67e1c4e0ca61a52a92a6705b,1742849048,136503.8377,1742849070,114503.8377,Rabbit
67e1c4e0ca61a52a92a6705c,1742849048,136565.6424,1742849070,114565.6424,Rabbit
67e1c4e0ca61a52a92a6705d,1742849048,136567.2366,1742849070,114567.2366,Rabbit
67e1c4e0ca61a52a92a67061,1742849048,136661.037,1742849070,114661.037,Rabbit
67e1c4e0ca61a52a92a67063,1742849048,136664.5487,1742849070,114664.5487,Rabbit
67e1c4e0ca61a52a92a67065,1742849048,136782.5113,1742849070,114782.5113,Rabbit
67e1c4e0ca61a52a92a67069,1742849048,136819.5785,1742849070,114819.5785,Rabbit
67e1c4e0ca61a52a92a67048,1742849048,136055.4352,1742849070,114055.4352,Rabbit
67e1c4e0ca61a52a92a6706c,1742849048,136937.4244,1742849070,114937.4244,Rabbit
67e1c4e0ca61a52a92a6706d,1742849048,136969.0778,1742849070,114969.0778,Rabbit
67e1c4e0ca61a52a92a67071,1742849048,137030.3194,1742849070,115030.3194,Rabbit
67e1c4e0ca61a52a92a67073,1742849048,137123.5146,1742849070,115123.5146,Rabbit
67e1c4e0ca61a52a92a67075,1742849048,137190.31,1742849070,115190.31,Rabbit
67e1c4e0ca61a52a92a67079,1742849048,137278.3372,1742849070,115278.3372,Rabbit
67e1c4e0ca61a52a92a6707c,1742849048,137371.9525,1742849070,115371.9525,Rabbit
67e1c4e0ca61a52a92a6707d,1742849048,137373.576,1742849070,115373.576,Rabbit
67e1c4e0ca61a52a92a67081,1742849048,137498.0588,1742849070,115498.0588,Rabbit
67e1c4e0ca61a52a92a67083,1742849048,137559.3506,1742849070,115559.3506,Rabbit
67e1c4e0ca61a52a92a67085,1742849048,137650.3439,1742849070,115650.3439,Rabbit
67e1c4e0ca61a52a92a67089,1742849048,137837.2177,1742849070,115837.2177,Rabbit
67e1c4e0ca61a52a92a6708b,1742849048,137929.3547,1742849070,115929.3547,Rabbit
67e1c4e0ca61a52a92a6708c,1742849048,137991.4187,1742849070,115991.4187,Rabbit
67e1c4e0ca61a52a92a6708d,1742849048,138022.7639,1742849070,116022.7639,Rabbit
67e1c4e0ca61a52a92a67091,1742849048,138145.9488,1742849070,116145.9488,Rabbit
67e1c4e0ca61a52a92a67094,1742849048,138300.9573,1742849070,116300.9573,Rabbit
67e1c4e0ca61a52a92a67095,1742849048,138333.2733,1742849070,116333.2733,Rabbit
67e1c4e0ca61a52a92a67099,1742849048,138457.3867,1742849070,116457.3867,Rabbit
67e1c4e0ca61a52a92a6709b,1742849048,138461.6865,1742849070,116461.6865,Rabbit
67e1c4e0ca61a52a92a6709c,1742849048,138463.5598,1742849070,116463.5598,Rabbit
67e1c4e0ca61a52a92a6709d,1742849048,138465.7035,1742849070,116465.7035,Rabbit
67e1c4e0ca61a52a92a670a1,1742849048,138595.2293,1742849070,116595.2293,Rabbit
67e1c4e0ca61a52a92a670a3,1742849048,138628.9498,1742849070,116628.9498,Rabbit
67e1c4e0ca61a52a92a670a5,1742849048,138749.7042,1742849070,116749.7042,Rabbit
67e1c4e0ca61a52a92a670a9,1742849048,138781.9878,1742849070,116781.9878,Rabbit
67e1c4e0ca61a52a92a670ab,1742849048,138873.7453,1742849070,116873.7453,Rabbit
67e1c4e0ca61a52a92a670ac,1742849048,138875.7908,1742849070,116875.7908,Rabbit
67e1c4e0ca61a52a92a670ad,1742849048,138904.8839,1742849070,116904.8839,Rabbit
67e1c4e0ca61a52a92a670b1,1742849048,138999.9656,1742849070,116999.9656,Rabbit
67e1c4e0ca61a52a92a670b3,1742849048,139002.9061,1742849070,117002.9061,Rabbit
67e1c4e0ca61a52a92a670b5,1742849048,139031.4953,1742849070,117031.4953,Rabbit
67e1c4e0ca61a52a92a670b9,1742849048,139124.7619,1742849070,117124.7619,Rabbit
67e1c4e0ca61a52a92a670bb,1742849048,139127.7622,1742849070,117127.7622,Rabbit
67e1c4e0ca61a52a92a670bc,1742849048,139152.8233,1742849070,117152.8233,Rabbit
67e1c4e0ca61a52a92a670bd,1742849048,139184.1247,1742849070,117184.1247,Rabbit
67e1c4e0ca61a52a92a670c1,1742849048,139339.3403,1742849070,117339.3403,Rabbit
67e1c4e0ca61a52a92a670c3,1742849048,139402.1316,1742849070,117402.1316,Rabbit
67e1c4e0ca61a52a92a670c5,1742849048,139463.0137,1742849070,117463.0137,Rabbit
67e1c4e0ca61a52a92a670c9,1742849048,139649.7546,1742849070,117649.7546,Rabbit
67e1c4e0ca61a52a92a670cb,1742849048,139711.3003,1742849070,117711.3003,Rabbit
67e1c4e0ca61a52a92a670cc,1742849048,139715.4219,1742849070,117715.4219,Rabbit
67e1c4e0ca61a52a92a670cd,1742849048,139742.8418,1742849070,117742.8418,Rabbit
67e1c4e1ca61a52a92a670d1,1742849048,139898.4517,1742849070,117898.4517,Rabbit
67e1c4e1ca61a52a92a670d3,1742849048,139960.1368,1742849070,117960.1368,Rabbit
67e1c4e1ca61a52a92a670d5,1742849048,139964.8568,1742849070,117964.8568,Rabbit
67e1c4e1ca61a52a92a670d9,1742849048,140101.7519,1742849070,118101.7519,Rabbit
67e1c4e1ca61a52a92a670db,1742849048,140129.2872,1742849070,118129.2872,Rabbit
67e1c4e1ca61a52a92a670dc,1742849048,140160.363,1742849070,118160.363,Rabbit
67e1c4e1ca61a52a92a670dd,1742849048,140191.2955,1742849070,118191.2955,Rabbit
67e1c4e1ca61a52a92a670e1,1742849048,140197.0783,1742849070,118197.0783,Rabbit
67e1c4e1ca61a52a92a670e5,1742849048,140318.038,1742849070,118318.038,Rabbit
67e1c4e1ca61a52a92a670e9,1742849048,140410.531,1742849070,118410.531,Rabbit
67e1c4e1ca61a52a92a670ec,1742849048,140532.2463,1742849070,118532.2463,Rabbit
67e1c4e1ca61a52a92a670ed,1742849048,140563.2235,1742849070,118563.2235,Rabbit
67e1c4e1ca61a52a92a670f1,1742849048,140657.3757,1742849070,118657.3757,Rabbit
67e1c4e1ca61a52a92a670f3,1742849048,140780.382,1742849070,118780.382,Rabbit
67e1c4e1ca61a52a92a670f5,1742849048,140844.7881,1742849070,118844.7881,Rabbit
67e1c4e1ca61a52a92a670f9,1742849048,140936.3092,1742849070,118936.3092,Rabbit
67e1c4e1ca61a52a92a670fc,1742849048,141030.3988,1742849070,119030.3988,Rabbit
67e1c4e1ca61a52a92a670fd,1742849048,141032.0849,1742849070,119032.0849,Rabbit
67e1c4e1ca61a52a92a67101,1742849048,141120.8588,1742849070,119120.8588,Rabbit
67e1c4e1ca61a52a92a67103,1742849048,141153.5503,1742849070,119153.5503,Rabbit
67e1c4e1ca61a52a92a67105,1742849048,141214.6991,1742849070,119214.6991,Rabbit
67e1c4e1ca61a52a92a67109,1742849048,141338.1102,1742849070,119338.1102,Rabbit
67e1c4e1ca61a52a92a6710b,1742849048,141372.3088,1742849070,119372.3088,Rabbit
67e1c4e1ca61a52a92a6710c,1742849048,141374.202,1742849070,119374.202,Rabbit
67e1c4e1ca61a52a92a6710d,1742849048,141376.0035,1742849070,119376.0035,Rabbit
67e1c4e1ca61a52a92a67111,1742849048,141524.5015,1742849070,119524.5015,Rabbit
67e1c4e1ca61a52a92a67113,1742849048,141616.9853,1742849070,119616.9853,Rabbit
67e1c4e1ca61a52a92a67115,1742849048,141681.1309,1742849070,119681.1309,Rabbit
67e1c4e0ca61a52a92a67034,1742849048,135596.1258,1742849070,113596.1258,Rabbit
67e1c4e0ca61a52a92a67054,1742849048,136317.7243,1742849070,114317.7243,Rabbit
67e1c4e1ca61a52a92a67119,1742849048,141773.6543,1742849070,119773.6543,Rabbit
67e1c4e1ca61a52a92a6711b,1742849048,141782.3207,1742849070,119782.3207,Rabbit
67e1c4e1ca61a52a92a6711c,1742849048,141783.9303,1742849070,119783.9303,Rabbit
67e1c4e1ca61a52a92a6711d,1742849048,141818.2973,1742849070,119818.2973,Rabbit
67e1c4e1ca61a52a92a67121,1742849048,141911.5278,1742849070,119911.5278,Rabbit
67e1c4e1ca61a52a92a67125,1742849048,142004.3988,1742849070,120004.3988,Rabbit
67e1c4e1ca61a52a92a67129,1742849048,142102.3993,1742849070,120102.3993,Rabbit
67e1c4e1ca61a52a92a6712c,1742849048,142130.5196,1742849070,120130.5196,Rabbit
67e1c4e1ca61a52a92a6712d,1742849048,142160.9102,1742849070,120160.9102,Rabbit
67e1c4e1ca61a52a92a67131,1742849048,142227.5042,1742849070,120227.5042,Rabbit
67e1c4e1ca61a52a92a67133,1742849048,142283.3054,1742849070,120283.3054,Rabbit
67e1c4e1ca61a52a92a67135,1742849048,142380.7435,1742849070,120380.7435,Rabbit
67e1c4e1ca61a52a92a67139,1742849048,142470.4851,1742849070,120470.4851,Rabbit
67e1c4e1ca61a52a92a6713b,1742849048,142530.9689,1742849070,120530.9689,Rabbit
67e1c4e1ca61a52a92a6713c,1742849048,142532.5499,1742849070,120532.5499,Rabbit
67e1c4e1ca61a52a92a6713d,1742849048,142592.9461,1742849070,120592.9461,Rabbit
67e1c4e1ca61a52a92a67141,1742849048,142809.6743,1742849070,120809.6743,Rabbit
67e1c4e1ca61a52a92a67143,1742849048,142840.4484,1742849070,120840.4484,Rabbit
67e1c4e1ca61a52a92a67145,1742849048,142933.4534,1742849070,120933.4534,Rabbit
67e1c4e1ca61a52a92a67149,1742849048,142967.2052,1742849070,120967.2052,Rabbit
67e1c4e1ca61a52a92a6714b,1742849048,142995.6647,1742849070,120995.6647,Rabbit
67e1c4e1ca61a52a92a6714c,1742849048,142997.3602,1742849070,120997.3602,Rabbit
67e1c4e1ca61a52a92a6714d,1742849048,143027.3343,1742849070,121027.3343,Rabbit
67e1c4e1ca61a52a92a67151,1742849048,143150.4647,1742849070,121150.4647,Rabbit
67e1c4e1ca61a52a92a67153,1742849048,143243.9532,1742849070,121243.9532,Rabbit
67e1c4e1ca61a52a92a67155,1742849048,143275.986,1742849070,121275.986,Rabbit
67e1c4e1ca61a52a92a67159,1742849048,143367.63,1742849070,121367.63,Rabbit
67e1c4e1ca61a52a92a6715b,1742849048,143400.9603,1742849070,121400.9603,Rabbit
67e1c4e1ca61a52a92a6715c,1742849048,143402.6958,1742849070,121402.6958,Rabbit
67e1c4e1ca61a52a92a6715d,1742849048,143405.4813,1742849070,121405.4813,Rabbit
67e1c4e1ca61a52a92a67161,1742849048,143492.9491,1742849070,121492.9491,Rabbit
67e1c4e1ca61a52a92a67165,1742849048,143556.1445,1742849070,121556.1445,Rabbit
67e1c4e1ca61a52a92a67169,1742849048,143619.1674,1742849070,121619.1674,Rabbit
67e1c4e1ca61a52a92a6716c,1742849048,143709.4746,1742849070,121709.4746,Rabbit
67e1c4e1ca61a52a92a6716d,1742849048,143711.0117,1742849070,121711.0117,Rabbit
67e1c4e1ca61a52a92a67171,1742849048,143742.3407,1742849070,121742.3407,Rabbit
67e1c4e1ca61a52a92a67173,1742849048,143745.544,1742849070,121745.544,Rabbit
67e1c4e1ca61a52a92a67175,1742849048,143802.7316,1742849070,121802.7316,Rabbit
67e1c4e1ca61a52a92a67179,1742849048,143956.8735,1742849070,121956.8735,Rabbit
67e1c4e1ca61a52a92a6717c,1742849048,144081.9888,1742849070,122081.9888,Rabbit
67e1c4e1ca61a52a92a6717d,1742849048,144083.4036,1742849070,122083.4036,Rabbit
67e1c4e1ca61a52a92a67181,1742849048,144114.2879,1742849070,122114.2879,Rabbit
67e1c4e1ca61a52a92a67183,1742849048,144173.5975,1742849070,122173.5975,Rabbit
67e1c4e1ca61a52a92a67185,1742849048,144204.6536,1742849070,122204.6536,Rabbit
67e1c4e0ca61a52a92a67002,1742849048,134581.6524,1742849070,112581.6524,Rabbit
67e1c4e0ca61a52a92a67001,1742849048,134527.3124,1742849070,112527.3124,Rabbit
67e1c4e0ca61a52a92a67006,1742849048,134737.3854,1742849070,112737.3854,Rabbit
67e1c4e0ca61a52a92a6700a,1742849048,134746.089,1742849070,112746.089,Rabbit
67e1c4e1ca61a52a92a6713a,1742849048,142501.4203,1742849070,120501.4203,Rabbit
67e1c4e1ca61a52a92a6713f,1742849048,142685.8018,1742849070,120685.8018,Rabbit
67e1c4e1ca61a52a92a6713e,1742849048,142625.7422,1742849070,120625.7422,Rabbit
67e1c4e1ca61a52a92a67142,1742849048,142811.4064,1742849070,120811.4064,Rabbit
67e1c4e1ca61a52a92a67147,1742849048,142936.3738,1742849070,120936.3738,Rabbit
67e1c4e1ca61a52a92a67146,1742849048,142934.9868,1742849070,120934.9868,Rabbit
67e1c4e1ca61a52a92a6714f,1742849048,143058.7292,1742849070,121058.7292,Rabbit
67e1c4e1ca61a52a92a6714e,1742849048,143028.8065,1742849070,121028.8065,Rabbit
67e1c4e1ca61a52a92a67152,1742849048,143181.9576,1742849070,121181.9576,Rabbit
67e1c4e1ca61a52a92a67156,1742849048,143306.2985,1742849070,121306.2985,Rabbit
67e1c4e1ca61a52a92a67154,1742849048,143274.4932,1742849070,121274.4932,Rabbit
67e1c4e1ca61a52a92a6715a,1742849048,143398.8513,1742849070,121398.8513,Rabbit
67e1c4e1ca61a52a92a6715f,1742849048,143433.0076,1742849070,121433.0076,Rabbit
67e1c4e1ca61a52a92a6715e,1742849048,143430.6297,1742849070,121430.6297,Rabbit
67e1c4e1ca61a52a92a67162,1742849048,143522.6788,1742849070,121522.6788,Rabbit
67e1c4e1ca61a52a92a67167,1742849048,143615.8169,1742849070,121615.8169,Rabbit
67e1c4e1ca61a52a92a67166,1742849048,143584.7971,1742849070,121584.7971,Rabbit
67e1c4e1ca61a52a92a6716f,1742849048,143713.9046,1742849070,121713.9046,Rabbit
67e1c4e1ca61a52a92a6716e,1742849048,143712.4723,1742849070,121712.4723,Rabbit
67e1c4e1ca61a52a92a67172,1742849048,143743.8299,1742849070,121743.8299,Rabbit
67e1c4e1ca61a52a92a67176,1742849048,143833.0367,1742849070,121833.0367,Rabbit
67e1c4e1ca61a52a92a6717a,1742849048,144018.377,1742849070,122018.377,Rabbit
67e1c4e1ca61a52a92a6717f,1742849048,144086.2352,1742849070,122086.2352,Rabbit
67e1c4e1ca61a52a92a6717e,1742849048,144084.7989,1742849070,122084.7989,Rabbit
67e1c4e1ca61a52a92a6716a,1742849048,143646.7053,1742849070,121646.7053,Rabbit
67e1c4e0ca61a52a92a67042,1742849048,135901.8788,1742849070,113901.8788,Rabbit
67e1c4e0ca61a52a92a67047,1742849048,135992.6728,1742849070,113992.6728,Rabbit
67e1c4e0ca61a52a92a67040,1742849048,135868.3477,1742849070,113868.3477,Rabbit
67e1c4e0ca61a52a92a6704a,1742849048,136061.474,1742849070,114061.474,Rabbit
67e1c4e0ca61a52a92a670a7,1742849048,138752.8285,1742849070,116752.8285,Rabbit
67e1c4e0ca61a52a92a67052,1742849048,136226.1577,1742849070,114226.1577,Rabbit
67e1c4e0ca61a52a92a67050,1742849048,136196.972,1742849070,114196.972,Rabbit
67e1c4e0ca61a52a92a66f16,1742849048,129081.7986,1742849069,108081.7986,Rabbit
67e1c4e0ca61a52a92a66f1e,1742849048,129299.5584,1742849069,108299.5584,Rabbit
67e1c4e0ca61a52a92a66f3e,1742849048,130088.94,1742849069,109088.94,Rabbit
67e1c4e0ca61a52a92a66f64,1742849048,130972.4545,1742849069,109972.4545,Rabbit
67e1c4e0ca61a52a92a66f68,1742849048,131126.9749,1742849069,110126.9749,Rabbit
67e1c4e0ca61a52a92a66f74,1742849048,131376.3691,1742849069,110376.3691,Rabbit
67e1c4e0ca61a52a92a66f6f,1742849048,131313.8761,1742849069,110313.8761,Rabbit
67e1c4e0ca61a52a92a66f78,1742849048,131440.4859,1742849069,110440.4859,Rabbit
67e1c4e0ca61a52a92a66f84,1742849048,131715.7308,1742849069,110715.7308,Rabbit
67e1c4e0ca61a52a92a66f88,1742849048,131807.983,1742849069,110807.983,Rabbit
67e1c4e0ca61a52a92a66f94,1742849048,132029.8018,1742849069,111029.8018,Rabbit
67e1c4e0ca61a52a92a66f7e,1742849048,131499.6675,1742849069,110499.6675,Rabbit
67e1c4e0ca61a52a92a66f8f,1742849048,131963.9883,1742849069,110963.9883,Rabbit
67e1c4e0ca61a52a92a66fa4,1742849048,132291.479,1742849069,111291.479,Rabbit
67e1c4e0ca61a52a92a66fa8,1742849048,132326.6597,1742849069,111326.6597,Rabbit
67e1c4e0ca61a52a92a66fb4,1742849048,132646.1542,1742849069,111646.1542,Rabbit
67e1c4e0ca61a52a92a66faf,1742849048,132521.9807,1742849069,111521.9807,Rabbit
67e1c4e0ca61a52a92a66fb8,1742849048,132799.8823,1742849069,111799.8823,Rabbit
67e1c4e0ca61a52a92a66fc4,1742849048,133063.1618,1742849069,112063.1618,Rabbit
67e1c4e0ca61a52a92a66fc8,1742849048,133127.3255,1742849069,112127.3255,Rabbit
67e1c4e0ca61a52a92a66fd4,1742849048,133591.7891,1742849069,112591.7891,Rabbit
67e1c4e0ca61a52a92a66fbe,1742849048,132944.8798,1742849069,111944.8798,Rabbit
67e1c4e0ca61a52a92a66fcf,1742849048,133435.4141,1742849069,112435.4141,Rabbit
67e1c4e0ca61a52a92a66fe4,1742849048,133962.6801,1742849069,112962.6801,Rabbit
67e1c4e0ca61a52a92a66fe8,1742849048,134059.9803,1742849069,113059.9803,Rabbit
67e1c4e0ca61a52a92a66ff4,1742849048,134305.3612,1742849069,113305.3612,Rabbit
67e1c4e0ca61a52a92a66fef,1742849048,134243.2887,1742849069,113243.2887,Rabbit
67e1c4e0ca61a52a92a66ff8,1742849048,134365.2316,1742849069,113365.2316,Rabbit
67e1c4e0ca61a52a92a66fff,1742849048,134523.2257,1742849069,113523.2257,Rabbit
67e1c4e0ca61a52a92a66ffe,1742849048,134520.9727,1742849069,113520.9727,Rabbit
67e1c4e0ca61a52a92a66ed4,1742849048,128208.51,1742849069,107208.51,Rabbit
67e1c4e0ca61a52a92a66ed5,1742849048,128209.8856,1742849069,107209.8856,Rabbit
67e1c4e0ca61a52a92a66ed9,1742849048,128277.4555,1742849069,107277.4555,Rabbit
67e1c4e0ca61a52a92a66eda,1742849048,128278.8655,1742849069,107278.8655,Rabbit
67e1c4e0ca61a52a92a66edb,1742849048,128280.2234,1742849069,107280.2234,Rabbit
67e1c4e0ca61a52a92a66edc,1742849048,128309.7396,1742849069,107309.7396,Rabbit
67e1c4e0ca61a52a92a66edd,1742849048,128313.4134,1742849069,107313.4134,Rabbit
67e1c4e0ca61a52a92a66ee1,1742849048,128368.856,1742849069,107368.856,Rabbit
67e1c4e0ca61a52a92a66ee4,1742849048,128432.6592,1742849069,107432.6592,Rabbit
67e1c4e0ca61a52a92a66ee5,1742849048,128435.5976,1742849069,107435.5976,Rabbit
67e1c4e0ca61a52a92a66ee9,1742849048,128496.074,1742849069,107496.074,Rabbit
67e1c4e0ca61a52a92a66eeb,1742849048,128499.3154,1742849069,107499.3154,Rabbit
67e1c4e0ca61a52a92a66eec,1742849048,128554.8181,1742849069,107554.8181,Rabbit
67e1c4e0ca61a52a92a66eed,1742849048,128616.8487,1742849069,107616.8487,Rabbit
67e1c4e0ca61a52a92a66ef1,1742849048,128623.0088,1742849069,107623.0088,Rabbit
67e1c4e0ca61a52a92a66ef4,1742849048,128650.0875,1742849069,107650.0875,Rabbit
67e1c4e0ca61a52a92a66ef5,1742849048,128651.5833,1742849069,107651.5833,Rabbit
67e1c4e0ca61a52a92a66ef9,1742849048,128683.25,1742849069,107683.25,Rabbit
67e1c4e0ca61a52a92a66efa,1742849048,128684.6647,1742849069,107684.6647,Rabbit
67e1c4e0ca61a52a92a66efb,1742849048,128712.0172,1742849069,107712.0172,Rabbit
67e1c4e0ca61a52a92a66efc,1742849048,128715.9068,1742849069,107715.9068,Rabbit
67e1c4e0ca61a52a92a66efd,1742849048,128717.5423,1742849069,107717.5423,Rabbit
67e1c4e0ca61a52a92a66f01,1742849048,128789.3304,1742849069,107789.3304,Rabbit
67e1c4e0ca61a52a92a66f04,1742849048,128822.9274,1742849069,107822.9274,Rabbit
67e1c4e0ca61a52a92a66f05,1742849048,128824.619,1742849069,107824.619,Rabbit
67e1c4e0ca61a52a92a66f09,1742849048,128854.3516,1742849069,107854.3516,Rabbit
67e1c4e0ca61a52a92a66f0b,1742849048,128913.7965,1742849069,107913.7965,Rabbit
67e1c4e0ca61a52a92a66f0c,1742849048,128916.1246,1742849069,107916.1246,Rabbit
67e1c4e0ca61a52a92a66f0d,1742849048,128917.6534,1742849069,107917.6534,Rabbit
67e1c4e0ca61a52a92a66f11,1742849048,128957.6365,1742849069,107957.6365,Rabbit
67e1c4e0ca61a52a92a66f14,1742849048,129050.8574,1742849069,108050.8574,Rabbit
67e1c4e0ca61a52a92a66f15,1742849048,129053.6227,1742849069,108053.6227,Rabbit
67e1c4e0ca61a52a92a66f17,1742849048,129113.6439,1742849069,108113.6439,Rabbit
67e1c4e0ca61a52a92a66f18,1742849048,129115.2922,1742849069,108115.2922,Rabbit
67e1c4e0ca61a52a92a66f19,1742849048,129144.1595,1742849069,108144.1595,Rabbit
67e1c4e0ca61a52a92a66f1a,1742849048,129174.9823,1742849069,108174.9823,Rabbit
67e1c4e0ca61a52a92a66f1b,1742849048,129205.7609,1742849069,108205.7609,Rabbit
67e1c4e0ca61a52a92a66f1c,1742849048,129238.4898,1742849069,108238.4898,Rabbit
67e1c4e0ca61a52a92a66f1d,1742849048,129267.8617,1742849069,108267.8617,Rabbit
67e1c4e0ca61a52a92a66f21,1742849048,129422.838,1742849069,108422.838,Rabbit
67e1c4e0ca61a52a92a66f24,1742849048,129427.2852,1742849069,108427.2852,Rabbit
67e1c4e0ca61a52a92a66f25,1742849048,129453.9489,1742849069,108453.9489,Rabbit
67e1c4e0ca61a52a92a66f29,1742849048,129463.3267,1742849069,108463.3267,Rabbit
67e1c4e0ca61a52a92a66f2b,1742849048,129467.3801,1742849069,108467.3801,Rabbit
67e1c4e0ca61a52a92a66f2c,1742849048,129471.3823,1742849069,108471.3823,Rabbit
67e1c4e0ca61a52a92a66f2d,1742849048,129501.27,1742849069,108501.27,Rabbit
67e1c4e0ca61a52a92a66f31,1742849048,129625.2382,1742849069,108625.2382,Rabbit
67e1c4e0ca61a52a92a66f34,1742849048,129688.4306,1742849069,108688.4306,Rabbit
67e1c4e0ca61a52a92a66f35,1742849048,129717.2294,1742849069,108717.2294,Rabbit
67e1c4e0ca61a52a92a66f39,1742849048,129810.054,1742849069,108810.054,Rabbit
67e1c4e0ca61a52a92a66f3a,1742849048,129872.0615,1742849069,108872.0615,Rabbit
67e1c4e0ca61a52a92a66f3b,1742849048,129903.9282,1742849069,108903.9282,Rabbit
67e1c4e0ca61a52a92a66f3c,1742849048,129964.9209,1742849069,108964.9209,Rabbit
67e1c4e0ca61a52a92a66f3d,1742849048,130026.9761,1742849069,109026.9761,Rabbit
67e1c4e0ca61a52a92a66f41,1742849048,130126.3449,1742849069,109126.3449,Rabbit
67e1c4e0ca61a52a92a66f44,1742849048,130154.9534,1742849069,109154.9534,Rabbit
67e1c4e0ca61a52a92a66f45,1742849048,130156.4985,1742849069,109156.4985,Rabbit
67e1c4e0ca61a52a92a66f49,1742849048,130197.6341,1742849069,109197.6341,Rabbit
67e1c4e0ca61a52a92a66f4b,1742849048,130290.6046,1742849069,109290.6046,Rabbit
67e1c4e0ca61a52a92a66f4c,1742849048,130292.2045,1742849069,109292.2045,Rabbit
67e1c4e0ca61a52a92a66f4d,1742849048,130353.22,1742849069,109353.22,Rabbit
67e1c4e0ca61a52a92a66f51,1742849048,130476.9824,1742849069,109476.9824,Rabbit
67e1c4e0ca61a52a92a66f54,1742849048,130510.7944,1742849069,109510.7944,Rabbit
67e1c4e0ca61a52a92a66f55,1742849048,130568.8758,1742849069,109568.8758,Rabbit
67e1c4e0ca61a52a92a66f59,1742849048,130632.9018,1742849069,109632.9018,Rabbit
67e1c4e0ca61a52a92a66f5a,1742849048,130662.08,1742849069,109662.08,Rabbit
67e1c4e0ca61a52a92a66f5b,1742849048,130663.8188,1742849069,109663.8188,Rabbit
67e1c4e0ca61a52a92a66f5c,1742849048,130665.4117,1742849069,109665.4117,Rabbit
67e1c4e0ca61a52a92a66f5d,1742849048,130724.0432,1742849069,109724.0432,Rabbit
67e1c4e0ca61a52a92a66f61,1742849048,130847.8362,1742849069,109847.8362,Rabbit
67e1c4e0ca61a52a92a66f63,1742849048,130940.8273,1742849069,109940.8273,Rabbit
67e1c4e0ca61a52a92a66f65,1742849048,130974.7845,1742849069,109974.7845,Rabbit
67e1c4e0ca61a52a92a66f69,1742849048,131188.3899,1742849069,110188.3899,Rabbit
67e1c4e0ca61a52a92a66f6b,1742849048,131250.354,1742849069,110250.354,Rabbit
67e1c4e0ca61a52a92a66f6c,1742849048,131251.9605,1742849069,110251.9605,Rabbit
67e1c4e0ca61a52a92a66f6d,1742849048,131281.4261,1742849069,110281.4261,Rabbit
67e1c4e0ca61a52a92a66f71,1742849048,131345.8855,1742849069,110345.8855,Rabbit
67e1c4e0ca61a52a92a66f73,1742849048,131374.6031,1742849069,110374.6031,Rabbit
67e1c4e0ca61a52a92a66f75,1742849048,131406.784,1742849069,110406.784,Rabbit
67e1c4e0ca61a52a92a66f79,1742849048,131467.0299,1742849069,110467.0299,Rabbit
67e1c4e0ca61a52a92a66f7b,1742849048,131470.2134,1742849069,110470.2134,Rabbit
67e1c4e0ca61a52a92a66f7c,1742849048,131471.6098,1742849069,110471.6098,Rabbit
67e1c4e0ca61a52a92a66f7d,1742849048,131498.1072,1742849069,110498.1072,Rabbit
67e1c4e0ca61a52a92a66f81,1742849048,131591.0387,1742849069,110591.0387,Rabbit
67e1c4e0ca61a52a92a66f83,1742849048,131683.8237,1742849069,110683.8237,Rabbit
67e1c4e0ca61a52a92a66f85,1742849048,131717.6329,1742849069,110717.6329,Rabbit
67e1c4e0ca61a52a92a66f89,1742849048,131809.6626,1742849069,110809.6626,Rabbit
67e1c4e0ca61a52a92a66f8b,1742849048,131871.6513,1742849069,110871.6513,Rabbit
67e1c4e0ca61a52a92a66f8c,1742849048,131873.0871,1742849069,110873.0871,Rabbit
67e1c4e0ca61a52a92a66f8d,1742849048,131875.1818,1742849069,110875.1818,Rabbit
67e1c4e0ca61a52a92a66f91,1742849048,132025.7159,1742849069,111025.7159,Rabbit
67e1c4e0ca61a52a92a66f93,1742849048,132028.4456,1742849069,111028.4456,Rabbit
67e1c4e0ca61a52a92a66f95,1742849048,132031.2175,1742849069,111031.2175,Rabbit
67e1c4e0ca61a52a92a66f98,1742849048,132035.3823,1742849069,111035.3823,Rabbit
67e1c4e0ca61a52a92a66f99,1742849048,132071.4317,1742849069,111071.4317,Rabbit
67e1c4e0ca61a52a92a66fee,1742849048,134241.8881,1742849069,113241.8881,Rabbit
67e1c4e0ca61a52a92a66f9b,1742849048,132103.3461,1742849069,111103.3461,Rabbit
67e1c4e0ca61a52a92a66f9c,1742849048,132104.898,1742849069,111104.898,Rabbit
67e1c4e0ca61a52a92a66f9d,1742849048,132164.5948,1742849069,111164.5948,Rabbit
67e1c4e0ca61a52a92a66fa1,1742849048,132257.7067,1742849069,111257.7067,Rabbit
67e1c4e0ca61a52a92a66fa3,1742849048,132289.4673,1742849069,111289.4673,Rabbit
67e1c4e0ca61a52a92a66fa5,1742849048,132319.6559,1742849069,111319.6559,Rabbit
67e1c4e0ca61a52a92a66fa9,1742849048,132330.2897,1742849069,111330.2897,Rabbit
67e1c4e0ca61a52a92a66fab,1742849048,132397.1439,1742849069,111397.1439,Rabbit
67e1c4e0ca61a52a92a66fac,1742849048,132428.1925,1742849069,111428.1925,Rabbit
67e1c4e0ca61a52a92a66fad,1742849048,132429.8764,1742849069,111429.8764,Rabbit
67e1c4e0ca61a52a92a66fb1,1742849048,132553.3072,1742849069,111553.3072,Rabbit
67e1c4e0ca61a52a92a66fb3,1742849048,132614.1003,1742849069,111614.1003,Rabbit
67e1c4e0ca61a52a92a66fb5,1742849048,132681.628,1742849069,111681.628,Rabbit
67e1c4e0ca61a52a92a66fb9,1742849048,132836.2397,1742849069,111836.2397,Rabbit
67e1c4e0ca61a52a92a66fbb,1742849048,132909.2168,1742849069,111909.2168,Rabbit
67e1c4e0ca61a52a92a66fbc,1742849048,132940.797,1742849069,111940.797,Rabbit
67e1c4e0ca61a52a92a66fbd,1742849048,132943.0859,1742849069,111943.0859,Rabbit
67e1c4e0ca61a52a92a66fc1,1742849048,132970.7234,1742849069,111970.7234,Rabbit
67e1c4e0ca61a52a92a66fc3,1742849048,133005.6989,1742849069,112005.6989,Rabbit
67e1c4e0ca61a52a92a66fc5,1742849048,133095.0466,1742849069,112095.0466,Rabbit
67e1c4e0ca61a52a92a66fc9,1742849048,133156.1231,1742849069,112156.1231,Rabbit
67e1c4e0ca61a52a92a66fcb,1742849048,133249.0934,1742849069,112249.0934,Rabbit
67e1c4e0ca61a52a92a66fcc,1742849048,133281.9727,1742849069,112281.9727,Rabbit
67e1c4e0ca61a52a92a66fcd,1742849048,133311.2164,1742849069,112311.2164,Rabbit
67e1c4e0ca61a52a92a66fd1,1742849048,133528.2774,1742849069,112528.2774,Rabbit
67e1c4e0ca61a52a92a66fd3,1742849048,133590.2489,1742849069,112590.2489,Rabbit
67e1c4e0ca61a52a92a66fd5,1742849048,133622.0669,1742849069,112622.0669,Rabbit
67e1c4e0ca61a52a92a66fd8,1742849048,133653.8516,1742849069,112653.8516,Rabbit
67e1c4e0ca61a52a92a66fd9,1742849048,133655.3331,1742849069,112655.3331,Rabbit
67e1c4e0ca61a52a92a66fdb,1742849048,133714.3111,1742849069,112714.3111,Rabbit
67e1c4e0ca61a52a92a66fdc,1742849048,133715.8607,1742849069,112715.8607,Rabbit
67e1c4e0ca61a52a92a66fdd,1742849048,133746.2233,1742849069,112746.2233,Rabbit
67e1c4e0ca61a52a92a66fe1,1742849048,133870.3571,1742849069,112870.3571,Rabbit
67e1c4e0ca61a52a92a66fe3,1742849048,133931.0436,1742849069,112931.0436,Rabbit
67e1c4e0ca61a52a92a66fe5,1742849048,133992.9255,1742849069,112992.9255,Rabbit
67e1c4e0ca61a52a92a66ed3,1742849048,128207.1837,1742849069,107207.1837,Rabbit
67e1c4e0ca61a52a92a66ed7,1742849048,128244.8342,1742849069,107244.8342,Rabbit
67e1c4e0ca61a52a92a66ed8,1742849048,128275.8081,1742849069,107275.8081,Rabbit
67e1c4e0ca61a52a92a66fe9,1742849048,134085.9764,1742849069,113085.9764,Rabbit
67e1c4e0ca61a52a92a66feb,1742849048,134179.0481,1742849069,113179.0481,Rabbit
67e1c4e0ca61a52a92a66fec,1742849048,134210.621,1742849069,113210.621,Rabbit
67e1c4e0ca61a52a92a66fed,1742849048,134212.4655,1742849069,113212.4655,Rabbit
67e1c4e0ca61a52a92a66edf,1742849048,128339.3945,1742849069,107339.3945,Rabbit
67e1c4e0ca61a52a92a66ee0,1742849048,128340.978,1742849069,107340.978,Rabbit
67e1c4e0ca61a52a92a66ee3,1742849048,128401.4873,1742849069,107401.4873,Rabbit
67e1c4e0ca61a52a92a66ee7,1742849048,128462.0138,1742849069,107462.0138,Rabbit
67e1c4e0ca61a52a92a66ee8,1742849048,128494.3211,1742849069,107494.3211,Rabbit
67e1c4e0ca61a52a92a66eea,1742849048,128497.6775,1742849069,107497.6775,Rabbit
67e1c4e0ca61a52a92a66eef,1742849048,128620.0708,1742849069,107620.0708,Rabbit
67e1c4e0ca61a52a92a66ef0,1742849048,128621.5681,1742849069,107621.5681,Rabbit
67e1c4e0ca61a52a92a66ef3,1742849048,128648.7123,1742849069,107648.7123,Rabbit
67e1c4e0ca61a52a92a66ff1,1742849048,134246.0274,1742849069,113246.0274,Rabbit
67e1c4e0ca61a52a92a66ef7,1742849048,128680.2795,1742849069,107680.2795,Rabbit
67e1c4e0ca61a52a92a66ef8,1742849048,128681.7329,1742849069,107681.7329,Rabbit
67e1c4e0ca61a52a92a66ff3,1742849048,134303.8269,1742849069,113303.8269,Rabbit
67e1c4e0ca61a52a92a66ff5,1742849048,134307.3211,1742849069,113307.3211,Rabbit
67e1c4e0ca61a52a92a66eff,1742849048,128722.8715,1742849069,107722.8715,Rabbit
67e1c4e0ca61a52a92a66f00,1742849048,128787.6049,1742849069,107787.6049,Rabbit
67e1c4e0ca61a52a92a66f03,1742849048,128820.9353,1742849069,107820.9353,Rabbit
67e1c4e0ca61a52a92a66ff7,1742849048,134335.8708,1742849069,113335.8708,Rabbit
67e1c4e0ca61a52a92a66ff9,1742849048,134367.0757,1742849069,113367.0757,Rabbit
67e1c4e0ca61a52a92a66ffb,1742849048,134429.8011,1742849069,113429.8011,Rabbit
67e1c4e0ca61a52a92a66ffc,1742849048,134457.6408,1742849069,113457.6408,Rabbit
67e1c4e0ca61a52a92a66ffd,1742849048,134489.59,1742849069,113489.59,Rabbit
67e1c4e0ca61a52a92a67000,1742849048,134525.598,1742849069,113525.598,Rabbit
67e1c4e0ca61a52a92a66ed2,1742849048,128205.4185,1742849069,107205.4185,Rabbit
67e1c4e0ca61a52a92a66f07,1742849048,128850.268,1742849069,107850.268,Rabbit
67e1c4e0ca61a52a92a66f08,1742849048,128852.8632,1742849069,107852.8632,Rabbit
67e1c4e0ca61a52a92a66f0a,1742849048,128911.4101,1742849069,107911.4101,Rabbit
67e1c4e0ca61a52a92a66f0f,1742849048,128922.9271,1742849069,107922.9271,Rabbit
67e1c4e0ca61a52a92a66f10,1742849048,128925.3025,1742849069,107925.3025,Rabbit
67e1c4e0ca61a52a92a66f13,1742849048,128990.9409,1742849069,107990.9409,Rabbit
67e1c4e0ca61a52a92a66ede,1742849048,128315.4017,1742849069,107315.4017,Rabbit
67e1c4e0ca61a52a92a66ee2,1742849048,128399.905,1742849069,107399.905,Rabbit
67e1c4e0ca61a52a92a66ee6,1742849048,128437.3606,1742849069,107437.3606,Rabbit
67e1c4e0ca61a52a92a66f1f,1742849048,129361.0677,1742849069,108361.0677,Rabbit
67e1c4e0ca61a52a92a66f20,1742849048,129393.4324,1742849069,108393.4324,Rabbit
67e1c4e0ca61a52a92a66f23,1742849048,129425.8258,1742849069,108425.8258,Rabbit
67e1c4e0ca61a52a92a66f27,1742849048,129458.2381,1742849069,108458.2381,Rabbit
67e1c4e0ca61a52a92a66f28,1742849048,129461.0431,1742849069,108461.0431,Rabbit
67e1c4e0ca61a52a92a66f2a,1742849048,129465.3733,1742849069,108465.3733,Rabbit
67e1c4e0ca61a52a92a66eee,1742849048,128618.5065,1742849069,107618.5065,Rabbit
67e1c4e0ca61a52a92a66ef2,1742849048,128624.479,1742849069,107624.479,Rabbit
67e1c4e0ca61a52a92a66ef6,1742849048,128678.7907,1742849069,107678.7907,Rabbit
67e1c4e0ca61a52a92a66f2f,1742849048,129593.4651,1742849069,108593.4651,Rabbit
67e1c4e0ca61a52a92a66f30,1742849048,129595.9198,1742849069,108595.9198,Rabbit
67e1c4e0ca61a52a92a66f33,1742849048,129686.1834,1742849069,108686.1834,Rabbit
67e1c4e0ca61a52a92a66f37,1742849048,129779.5287,1742849069,108779.5287,Rabbit
67e1c4e0ca61a52a92a66f38,1742849048,129782.9598,1742849069,108782.9598,Rabbit
67e1c4e0ca61a52a92a66efe,1742849048,128720.6381,1742849069,107720.6381,Rabbit
67e1c4e0ca61a52a92a66f3f,1742849048,130120.3863,1742849069,109120.3863,Rabbit
67e1c4e0ca61a52a92a66f40,1742849048,130123.48,1742849069,109123.48,Rabbit
67e1c4e0ca61a52a92a66f43,1742849048,130153.2349,1742849069,109153.2349,Rabbit
67e1c4e0ca61a52a92a66f02,1742849048,128791.1914,1742849069,107791.1914,Rabbit
67e1c4e0ca61a52a92a66f06,1742849048,128826.0514,1742849069,107826.0514,Rabbit
67e1c4e0ca61a52a92a66f0e,1742849048,128920.4425,1742849069,107920.4425,Rabbit
67e1c4e0ca61a52a92a66f12,1742849048,128988.8642,1742849069,107988.8642,Rabbit
67e1c4e0ca61a52a92a66f47,1742849048,130159.6732,1742849069,109159.6732,Rabbit
67e1c4e0ca61a52a92a66f48,1742849048,130161.3031,1742849069,109161.3031,Rabbit
67e1c4e0ca61a52a92a66f4a,1742849048,130259.5647,1742849069,109259.5647,Rabbit
67e1c4e0ca61a52a92a66f4f,1742849048,130383.6103,1742849069,109383.6103,Rabbit
67e1c4e0ca61a52a92a66f50,1742849048,130415.1412,1742849069,109415.1412,Rabbit
67e1c4e0ca61a52a92a66f53,1742849048,130509.2759,1742849069,109509.2759,Rabbit
67e1c4e0ca61a52a92a66f57,1742849048,130601.2071,1742849069,109601.2071,Rabbit
67e1c4e0ca61a52a92a66f58,1742849048,130631.1761,1742849069,109631.1761,Rabbit
67e1c4e0ca61a52a92a66f56,1742849048,130570.3045,1742849069,109570.3045,Rabbit
67e1c4e0ca61a52a92a66f62,1742849048,130879.6332,1742849069,109879.6332,Rabbit
67e1c4e0ca61a52a92a66fdf,1742849048,133807.3889,1742849069,112807.3889,Rabbit
67e1c4e0ca61a52a92a66f60,1742849048,130816.8614,1742849069,109816.8614,Rabbit
67e1c4e0ca61a52a92a66f66,1742849048,131033.7342,1742849069,110033.7342,Rabbit
67e1c4e0ca61a52a92a66f67,1742849048,131064.7735,1742849069,110064.7735,Rabbit
67e1c4e0ca61a52a92a66f6a,1742849048,131220.42,1742849069,110220.42,Rabbit
67e1c4e0ca61a52a92a66f5f,1742849048,130757.2892,1742849069,109757.2892,Rabbit
67e1c4e0ca61a52a92a66f6e,1742849048,131312.3702,1742849069,110312.3702,Rabbit
67e1c4e0ca61a52a92a66f72,1742849048,131347.2602,1742849069,110347.2602,Rabbit
67e1c4e0ca61a52a92a66ed6,1742849048,128214.175,1742849069,107214.175,Rabbit
67e1c4e0ca61a52a92a66ff2,1742849048,134272.1021,1742849069,113272.1021,Rabbit
67e1c4e0ca61a52a92a66f77,1742849048,131438.4167,1742849069,110438.4167,Rabbit
67e1c4e0ca61a52a92a66ff6,1742849048,134308.9542,1742849069,113308.9542,Rabbit
67e1c4e0ca61a52a92a66f70,1742849048,131344.4204,1742849069,110344.4204,Rabbit
67e1c4e0ca61a52a92a66f76,1742849048,131436.2581,1742849069,110436.2581,Rabbit
67e1c4e0ca61a52a92a66f7a,1742849048,131468.6999,1742849069,110468.6999,Rabbit
67e1c4e0ca61a52a92a66f5e,1742849048,130755.8639,1742849069,109755.8639,Rabbit
67e1c4e0ca61a52a92a66f82,1742849048,131653.1406,1742849069,110653.1406,Rabbit
67e1c4e0ca61a52a92a66ff0,1742849048,134244.6381,1742849069,113244.6381,Rabbit
67e1c4e0ca61a52a92a66f80,1742849048,131560.1021,1742849069,110560.1021,Rabbit
67e1c4e0ca61a52a92a66f86,1742849048,131746.7695,1742849069,110746.7695,Rabbit
67e1c4e0ca61a52a92a66ffa,1742849048,134427.3116,1742849069,113427.3116,Rabbit
67e1c4e0ca61a52a92a66f87,1742849048,131749.4477,1742849069,110749.4477,Rabbit
67e1c4e0ca61a52a92a66f8a,1742849048,131870.0442,1742849069,110870.0442,Rabbit
67e1c4e0ca61a52a92a66f7f,1742849048,131529.8581,1742849069,110529.8581,Rabbit
67e1c4e0ca61a52a92a66f8e,1742849048,131932.4533,1742849069,110932.4533,Rabbit
67e1c4e0ca61a52a92a66f92,1742849048,132027.0988,1742849069,111027.0988,Rabbit
67e1c4e0ca61a52a92a66f97,1742849048,132034,1742849069,111034,Rabbit
67e1c4e0ca61a52a92a66f90,1742849048,131994.8636,1742849069,110994.8636,Rabbit
67e1c4e0ca61a52a92a66f96,1742849048,132032.6015,1742849069,111032.6015,Rabbit
67e1c4e0ca61a52a92a66f9a,1742849048,132072.9249,1742849069,111072.9249,Rabbit
67e1c4e0ca61a52a92a66fa2,1742849048,132260.2179,1742849069,111260.2179,Rabbit
67e1c4e0ca61a52a92a66fa0,1742849048,132199.6868,1742849069,111199.6868,Rabbit
67e1c4e0ca61a52a92a66fa6,1742849048,132322.0723,1742849069,111322.0723,Rabbit
67e1c4e0ca61a52a92a66fde,1742849048,133747.6509,1742849069,112747.6509,Rabbit
67e1c4e0ca61a52a92a66fa7,1742849048,132324.7353,1742849069,111324.7353,Rabbit
67e1c4e0ca61a52a92a66faa,1742849048,132366.3498,1742849069,111366.3498,Rabbit
67e1c4e0ca61a52a92a66f9f,1742849048,132198.2332,1742849069,111198.2332,Rabbit
67e1c4e0ca61a52a92a66fae,1742849048,132490.2317,1742849069,111490.2317,Rabbit
67e1c4e0ca61a52a92a66fb2,1742849048,132583.0907,1742849069,111583.0907,Rabbit
67e1c4e0ca61a52a92a66fb0,1742849048,132523.5273,1742849069,111523.5273,Rabbit
67e1c4e0ca61a52a92a66fb6,1742849048,132706.8345,1742849069,111706.8345,Rabbit
67e1c4e0ca61a52a92a66fba,1742849048,132877.4023,1742849069,111877.4023,Rabbit
67e1c4e0ca61a52a92a66f9e,1742849048,132196.4124,1742849069,111196.4124,Rabbit
67e1c4e0ca61a52a92a66fc2,1742849048,133003.4424,1742849069,112003.4424,Rabbit
67e1c4e0ca61a52a92a66fb7,1742849048,132737.8541,1742849069,111737.8541,Rabbit
67e1c4e0ca61a52a92a66fc0,1742849048,132948.2808,1742849069,111948.2808,Rabbit
67e1c4e0ca61a52a92a66fc6,1742849048,133096.659,1742849069,112096.659,Rabbit
67e1c4e0ca61a52a92a66fc7,1742849048,133125.8782,1742849069,112125.8782,Rabbit
67e1c4e0ca61a52a92a66fca,1742849048,133218.622,1742849069,112218.622,Rabbit
67e1c4e0ca61a52a92a66fbf,1742849048,132946.4534,1742849069,111946.4534,Rabbit
67e1c4e0ca61a52a92a66fce,1742849048,133373.2379,1742849069,112373.2379,Rabbit
67e1c4e0ca61a52a92a66fd2,1742849048,133529.8101,1742849069,112529.8101,Rabbit
67e1c4e0ca61a52a92a66fd0,1742849048,133467.0505,1742849069,112467.0505,Rabbit
67e1c4e0ca61a52a92a66fd6,1742849048,133623.5122,1742849069,112623.5122,Rabbit
67e1c4e0ca61a52a92a66fda,1742849048,133683.3562,1742849069,112683.3562,Rabbit
67e1c4e0ca61a52a92a66fe2,1742849048,133871.983,1742849069,112871.983,Rabbit
67e1c4e0ca61a52a92a66fe0,1742849048,133843.8423,1742849069,112843.8423,Rabbit
67e1c4e0ca61a52a92a66fe7,1742849048,134057.2513,1742849069,113057.2513,Rabbit
67e1c4e0ca61a52a92a66fe6,1742849048,134055.0795,1742849069,113055.0795,Rabbit
67e1c4e0ca61a52a92a66fea,1742849048,134148.0923,1742849069,113148.0923,Rabbit
67e1c4e0ca61a52a92a66f22,1742849048,129424.4237,1742849069,108424.4237,Rabbit
67e1c4e0ca61a52a92a66fd7,1742849048,133624.8631,1742849069,112624.8631,Rabbit
67e1c4e0ca61a52a92a66f26,1742849048,129456.1322,1742849069,108456.1322,Rabbit
67e1c4e0ca61a52a92a66f2e,1742849048,129533.149,1742849069,108533.149,Rabbit
67e1c4e0ca61a52a92a66f32,1742849048,129655.5664,1742849069,108655.5664,Rabbit
67e1c4e0ca61a52a92a66f36,1742849048,129719.1126,1742849069,108719.1126,Rabbit
67e1c4e0ca61a52a92a66f42,1742849048,130151.3747,1742849069,109151.3747,Rabbit
67e1c4e0ca61a52a92a66f46,1742849048,130158.1408,1742849069,109158.1408,Rabbit
67e1c4e0ca61a52a92a66f4e,1742849048,130354.8889,1742849069,109354.8889,Rabbit
67e1c4e0ca61a52a92a66f52,1742849048,130507.8019,1742849069,109507.8019,Rabbit
67e1c4e0ca61a52a92a66d53,1742849048,119955.7772,1742849068,99955.7772,Rabbit
67e1c4e0ca61a52a92a66d54,1742849048,120016.0543,1742849068,100016.0543,Rabbit
67e1c4e0ca61a52a92a66d55,1742849048,120017.5873,1742849068,100017.5873,Rabbit
67e1c4e0ca61a52a92a66d57,1742849048,120020.5864,1742849068,100020.5864,Rabbit
67e1c4e0ca61a52a92a66d58,1742849048,120047.884,1742849068,100047.884,Rabbit
67e1c4e0ca61a52a92a66d59,1742849048,120078.0857,1742849068,100078.0857,Rabbit
67e1c4e0ca61a52a92a66d5a,1742849048,120079.7125,1742849068,100079.7125,Rabbit
67e1c4e0ca61a52a92a66d5b,1742849048,120109.1152,1742849068,100109.1152,Rabbit
67e1c4e0ca61a52a92a66d5c,1742849048,120140.0403,1742849068,100140.0403,Rabbit
67e1c4e0ca61a52a92a66d5d,1742849048,120141.4905,1742849068,100141.4905,Rabbit
67e1c4e0ca61a52a92a66d5f,1742849048,120174.2629,1742849068,100174.2629,Rabbit
67e1c4e0ca61a52a92a66d60,1742849048,120203.1755,1742849068,100203.1755,Rabbit
67e1c4e0ca61a52a92a66d61,1742849048,120233.1245,1742849068,100233.1245,Rabbit
67e1c4e0ca61a52a92a66d63,1742849048,120295.1664,1742849068,100295.1664,Rabbit
67e1c4e0ca61a52a92a66d64,1742849048,120326.3005,1742849068,100326.3005,Rabbit
67e1c4e0ca61a52a92a66d65,1742849048,120328.2471,1742849068,100328.2471,Rabbit
67e1c4e0ca61a52a92a66d67,1742849048,120359.6937,1742849068,100359.6937,Rabbit
67e1c4e0ca61a52a92a66d68,1742849048,120389.0478,1742849068,100389.0478,Rabbit
67e1c4e0ca61a52a92a66d69,1742849048,120419.1772,1742849068,100419.1772,Rabbit
67e1c4e0ca61a52a92a66d6a,1742849048,120481.2977,1742849068,100481.2977,Rabbit
67e1c4e0ca61a52a92a66d6b,1742849048,120483.4776,1742849068,100483.4776,Rabbit
67e1c4e0ca61a52a92a66d6c,1742849048,120513.0021,1742849068,100513.0021,Rabbit
67e1c4e0ca61a52a92a66d6d,1742849048,120544.4058,1742849068,100544.4058,Rabbit
67e1c4e0ca61a52a92a66d6f,1742849048,120574.5829,1742849068,100574.5829,Rabbit
67e1c4e0ca61a52a92a66d70,1742849048,120636.1505,1742849068,100636.1505,Rabbit
67e1c4e0ca61a52a92a66d71,1742849048,120667.1274,1742849068,100667.1274,Rabbit
67e1c4e0ca61a52a92a66d73,1742849048,120730.818,1742849068,100730.818,Rabbit
67e1c4e0ca61a52a92a66d74,1742849048,120760.275,1742849068,100760.275,Rabbit
67e1c4e0ca61a52a92a66d75,1742849048,120761.9169,1742849068,100761.9169,Rabbit
67e1c4e0ca61a52a92a66d77,1742849048,120764.78,1742849068,100764.78,Rabbit
67e1c4e0ca61a52a92a66d78,1742849048,120822.3265,1742849068,100822.3265,Rabbit
67e1c4e0ca61a52a92a66d79,1742849048,120824.2364,1742849068,100824.2364,Rabbit
67e1c4e0ca61a52a92a66d7a,1742849048,120884.2854,1742849068,100884.2854,Rabbit
67e1c4e0ca61a52a92a66d7b,1742849048,120946.2901,1742849068,100946.2901,Rabbit
67e1c4e0ca61a52a92a66d7c,1742849048,120978.2695,1742849068,100978.2695,Rabbit
67e1c4e0ca61a52a92a66d7d,1742849048,121008.3059,1742849068,101008.3059,Rabbit
67e1c4e0ca61a52a92a66d7f,1742849048,121102.1959,1742849068,101102.1959,Rabbit
67e1c4e0ca61a52a92a66d80,1742849048,121133.0714,1742849068,101133.0714,Rabbit
67e1c4e0ca61a52a92a66d81,1742849048,121134.6593,1742849068,101134.6593,Rabbit
67e1c4e0ca61a52a92a66d83,1742849048,121194.3014,1742849068,101194.3014,Rabbit
67e1c4e0ca61a52a92a66d84,1742849048,121225.2461,1742849068,101225.2461,Rabbit
67e1c4e0ca61a52a92a66d85,1742849048,121226.9203,1742849068,101226.9203,Rabbit
67e1c4e0ca61a52a92a66d87,1742849048,121289.0113,1742849068,101289.0113,Rabbit
67e1c4e0ca61a52a92a66d88,1742849048,121290.4495,1742849068,101290.4495,Rabbit
67e1c4e0ca61a52a92a66d89,1742849048,121318.2543,1742849068,101318.2543,Rabbit
67e1c4e0ca61a52a92a66d8a,1742849048,121350.0258,1742849068,101350.0258,Rabbit
67e1c4e0ca61a52a92a66d8b,1742849048,121411.406,1742849068,101411.406,Rabbit
67e1c4e0ca61a52a92a66d8c,1742849048,121442.2281,1742849068,101442.2281,Rabbit
67e1c4e0ca61a52a92a66d8d,1742849048,121504.174,1742849068,101504.174,Rabbit
67e1c4e0ca61a52a92a66d8f,1742849048,121565.981,1742849068,101565.981,Rabbit
67e1c4e0ca61a52a92a66d90,1742849048,121567.5382,1742849068,101567.5382,Rabbit
67e1c4e0ca61a52a92a66d91,1742849048,121569.2593,1742849068,101569.2593,Rabbit
67e1c4e0ca61a52a92a66d93,1742849048,121628.0071,1742849068,101628.0071,Rabbit
67e1c4e0ca61a52a92a66d94,1742849048,121689.9682,1742849068,101689.9682,Rabbit
67e1c4e0ca61a52a92a66d95,1742849048,121751.9719,1742849068,101751.9719,Rabbit
67e1c4e0ca61a52a92a66d97,1742849048,121785.0198,1742849068,101785.0198,Rabbit
67e1c4e0ca61a52a92a66d98,1742849048,121814.0086,1742849068,101814.0086,Rabbit
67e1c4e0ca61a52a92a66d99,1742849048,121846.1082,1742849068,101846.1082,Rabbit
67e1c4e0ca61a52a92a66d9a,1742849048,121907.2552,1742849068,101907.2552,Rabbit
67e1c4e0ca61a52a92a66d9b,1742849048,121908.981,1742849068,101908.981,Rabbit
67e1c4e0ca61a52a92a66d9c,1742849048,121937.9379,1742849068,101937.9379,Rabbit
67e1c4e0ca61a52a92a66d9d,1742849048,121999.9878,1742849068,101999.9878,Rabbit
67e1c4e0ca61a52a92a66d9f,1742849048,122063.5645,1742849068,102063.5645,Rabbit
67e1c4e0ca61a52a92a66da0,1742849048,122066.9881,1742849068,102066.9881,Rabbit
67e1c4e0ca61a52a92a66da1,1742849048,122124.1509,1742849068,102124.1509,Rabbit
67e1c4e0ca61a52a92a66da3,1742849048,122218.2646,1742849068,102218.2646,Rabbit
67e1c4e0ca61a52a92a66da4,1742849048,122248.0993,1742849068,102248.0993,Rabbit
67e1c4e0ca61a52a92a66da5,1742849048,122249.7462,1742849068,102249.7462,Rabbit
67e1c4e0ca61a52a92a66da7,1742849048,122253.1543,1742849068,102253.1543,Rabbit
67e1c4e0ca61a52a92a66da8,1742849048,122279.0881,1742849068,102279.0881,Rabbit
67e1c4e0ca61a52a92a66da9,1742849048,122280.7741,1742849068,102280.7741,Rabbit
67e1c4e0ca61a52a92a66daa,1742849048,122282.3666,1742849068,102282.3666,Rabbit
67e1c4e0ca61a52a92a66dab,1742849048,122310.0591,1742849068,102310.0591,Rabbit
67e1c4e0ca61a52a92a66dac,1742849048,122341.2243,1742849068,102341.2243,Rabbit
67e1c4e0ca61a52a92a66dad,1742849048,122343.0871,1742849068,102343.0871,Rabbit
67e1c4e0ca61a52a92a66daf,1742849048,122374.5089,1742849068,102374.5089,Rabbit
67e1c4e0ca61a52a92a66db0,1742849048,122375.9119,1742849068,102375.9119,Rabbit
67e1c4e0ca61a52a92a66db1,1742849048,122377.3674,1742849068,102377.3674,Rabbit
67e1c4e0ca61a52a92a66db3,1742849048,122380.3577,1742849068,102380.3577,Rabbit
67e1c4e0ca61a52a92a66db4,1742849048,122381.8425,1742849068,102381.8425,Rabbit
67e1c4e0ca61a52a92a66db5,1742849048,122404.0786,1742849068,102404.0786,Rabbit
67e1c4e0ca61a52a92a66db7,1742849048,122434.096,1742849068,102434.096,Rabbit
67e1c4e0ca61a52a92a66db8,1742849048,122496.2504,1742849068,102496.2504,Rabbit
67e1c4e0ca61a52a92a66db9,1742849048,122497.9763,1742849068,102497.9763,Rabbit
67e1c4e0ca61a52a92a66dba,1742849048,122527.2391,1742849068,102527.2391,Rabbit
67e1c4e0ca61a52a92a66dbb,1742849048,122559.0873,1742849068,102559.0873,Rabbit
67e1c4e0ca61a52a92a66dbc,1742849048,122560.7645,1742849068,102560.7645,Rabbit
67e1c4e0ca61a52a92a66dbd,1742849048,122562.2703,1742849068,102562.2703,Rabbit
67e1c4e0ca61a52a92a66dbf,1742849048,122589.211,1742849068,102589.211,Rabbit
67e1c4e0ca61a52a92a66dc0,1742849048,122621.0811,1742849068,102621.0811,Rabbit
67e1c4e0ca61a52a92a66dc1,1742849048,122622.6772,1742849068,102622.6772,Rabbit
67e1c4e0ca61a52a92a66dc3,1742849048,122713.234,1742849068,102713.234,Rabbit
67e1c4e0ca61a52a92a66dc4,1742849048,122745.6952,1742849068,102745.6952,Rabbit
67e1c4e0ca61a52a92a66dc5,1742849048,122775.3689,1742849068,102775.3689,Rabbit
67e1c4e0ca61a52a92a66dc7,1742849048,122837.2245,1742849068,102837.2245,Rabbit
67e1c4e0ca61a52a92a66dc8,1742849048,122899.234,1742849068,102899.234,Rabbit
67e1c4e0ca61a52a92a66dc9,1742849048,122930.2906,1742849068,102930.2906,Rabbit
67e1c4e0ca61a52a92a66dca,1742849048,122992.4612,1742849068,102992.4612,Rabbit
67e1c4e0ca61a52a92a66dcb,1742849048,123054.2723,1742849068,103054.2723,Rabbit
67e1c4e0ca61a52a92a66dcc,1742849048,123056.017,1742849068,103056.017,Rabbit
67e1c4e0ca61a52a92a66dcd,1742849048,123116.6484,1742849068,103116.6484,Rabbit
67e1c4e0ca61a52a92a66dcf,1742849048,123211.0634,1742849068,103211.0634,Rabbit
67e1c4e0ca61a52a92a66dd0,1742849048,123271.581,1742849068,103271.581,Rabbit
67e1c4e0ca61a52a92a66dd1,1742849048,123333.7017,1742849068,103333.7017,Rabbit
67e1c4e0ca61a52a92a66dd3,1742849048,123427.1392,1742849068,103427.1392,Rabbit
67e1c4e0ca61a52a92a66dd4,1742849048,123428.9331,1742849068,103428.9331,Rabbit
67e1c4e0ca61a52a92a66dd5,1742849048,123489.0082,1742849068,103489.0082,Rabbit
67e1c4e0ca61a52a92a66dd7,1742849048,123493.0471,1742849068,103493.0471,Rabbit
67e1c4e0ca61a52a92a66dd8,1742849048,123495.0933,1742849068,103495.0933,Rabbit
67e1c4e0ca61a52a92a66dd9,1742849048,123497.003,1742849068,103497.003,Rabbit
67e1c4e0ca61a52a92a66dda,1742849048,123498.7164,1742849068,103498.7164,Rabbit
67e1c4e0ca61a52a92a66ddb,1742849048,123520.2536,1742849068,103520.2536,Rabbit
67e1c4e0ca61a52a92a66ddc,1742849048,123521.8287,1742849068,103521.8287,Rabbit
67e1c4e0ca61a52a92a66ddd,1742849048,123551.3396,1742849068,103551.3396,Rabbit
67e1c4e0ca61a52a92a66ddf,1742849048,123584.8789,1742849068,103584.8789,Rabbit
67e1c4e0ca61a52a92a66de0,1742849048,123612.4811,1742849068,103612.4811,Rabbit
67e1c4e0ca61a52a92a66de1,1742849048,123643.931,1742849068,103643.931,Rabbit
67e1c4e0ca61a52a92a66de3,1742849048,123674.8405,1742849068,103674.8405,Rabbit
67e1c4e0ca61a52a92a66de4,1742849048,123676.3832,1742849068,103676.3832,Rabbit
67e1c4e0ca61a52a92a66de5,1742849048,123677.9199,1742849068,103677.9199,Rabbit
67e1c4e0ca61a52a92a66de7,1742849048,123680.9979,1742849068,103680.9979,Rabbit
67e1c4e0ca61a52a92a66de8,1742849048,123736.5549,1742849068,103736.5549,Rabbit
67e1c4e0ca61a52a92a66de9,1742849048,123738.2863,1742849068,103738.2863,Rabbit
67e1c4e0ca61a52a92a66dea,1742849048,123798.6331,1742849068,103798.6331,Rabbit
67e1c4e0ca61a52a92a66deb,1742849048,123800.7939,1742849068,103800.7939,Rabbit
67e1c4e0ca61a52a92a66dec,1742849048,123802.2971,1742849068,103802.2971,Rabbit
67e1c4e0ca61a52a92a66ded,1742849048,123829.5561,1742849068,103829.5561,Rabbit
67e1c4e0ca61a52a92a66def,1742849048,123832.5375,1742849068,103832.5375,Rabbit
67e1c4e0ca61a52a92a66df0,1742849048,123860.7532,1742849068,103860.7532,Rabbit
67e1c4e0ca61a52a92a66df1,1742849048,123862.3143,1742849068,103862.3143,Rabbit
67e1c4e0ca61a52a92a66df3,1742849048,123865.4175,1742849068,103865.4175,Rabbit
67e1c4e0ca61a52a92a66df4,1742849048,123866.7829,1742849068,103866.7829,Rabbit
67e1c4e0ca61a52a92a66df5,1742849048,123868.9056,1742849068,103868.9056,Rabbit
67e1c4e0ca61a52a92a66df7,1742849048,123871.8848,1742849068,103871.8848,Rabbit
67e1c4e0ca61a52a92a66df8,1742849048,123873.2742,1742849068,103873.2742,Rabbit
67e1c4e0ca61a52a92a66df9,1742849048,123875.2556,1742849068,103875.2556,Rabbit
67e1c4e0ca61a52a92a66dfa,1742849048,123876.9601,1742849068,103876.9601,Rabbit
67e1c4e0ca61a52a92a66dfb,1742849048,123906.9746,1742849068,103906.9746,Rabbit
67e1c4e0ca61a52a92a66dfc,1742849048,123938.8939,1742849068,103938.8939,Rabbit
67e1c4e0ca61a52a92a66dfd,1742849048,123969.8691,1742849068,103969.8691,Rabbit
67e1c4e0ca61a52a92a66dff,1742849048,124031.8926,1742849068,104031.8926,Rabbit
67e1c4e0ca61a52a92a66e00,1742849048,124063.2925,1742849068,104063.2925,Rabbit
67e1c4e0ca61a52a92a66e01,1742849048,124093.9263,1742849068,104093.9263,Rabbit
67e1c4e0ca61a52a92a66e03,1742849048,124126.1295,1742849068,104126.1295,Rabbit
67e1c4e0ca61a52a92a66e04,1742849048,124128.8329,1742849068,104128.8329,Rabbit
67e1c4e0ca61a52a92a66e05,1742849048,124156.3699,1742849068,104156.3699,Rabbit
67e1c4e0ca61a52a92a66e07,1742849048,124159.4152,1742849068,104159.4152,Rabbit
67e1c4e0ca61a52a92a66e08,1742849048,124161.2367,1742849068,104161.2367,Rabbit
67e1c4e0ca61a52a92a66e09,1742849048,124162.7487,1742849068,104162.7487,Rabbit
67e1c4e0ca61a52a92a66e0a,1742849048,124164.2724,1742849068,104164.2724,Rabbit
67e1c4e0ca61a52a92a66e0b,1742849048,124167.2981,1742849068,104167.2981,Rabbit
67e1c4e0ca61a52a92a66e0c,1742849048,124202.3137,1742849068,104202.3137,Rabbit
67e1c4e0ca61a52a92a66e0d,1742849048,124263.7665,1742849068,104263.7665,Rabbit
67e1c4e0ca61a52a92a66e0f,1742849048,124267.4472,1742849068,104267.4472,Rabbit
67e1c4e0ca61a52a92a66e10,1742849048,124325.6693,1742849068,104325.6693,Rabbit
67e1c4e0ca61a52a92a66e11,1742849048,124387.5207,1742849068,104387.5207,Rabbit
67e1c4e0ca61a52a92a66e13,1742849048,124480.3752,1742849068,104480.3752,Rabbit
67e1c4e0ca61a52a92a66e14,1742849048,124542.3888,1742849068,104542.3888,Rabbit
67e1c4e0ca61a52a92a66e15,1742849048,124545.1643,1742849068,104545.1643,Rabbit
67e1c4e0ca61a52a92a66e17,1742849048,124639.8016,1742849068,104639.8016,Rabbit
67e1c4e0ca61a52a92a66e18,1742849048,124666.1758,1742849068,104666.1758,Rabbit
67e1c4e0ca61a52a92a66e19,1742849048,124670.7488,1742849068,104670.7488,Rabbit
67e1c4e0ca61a52a92a66e1a,1742849048,124673.5254,1742849068,104673.5254,Rabbit
67e1c4e0ca61a52a92a66e1b,1742849048,124696.7857,1742849068,104696.7857,Rabbit
67e1c4e0ca61a52a92a66e1c,1742849048,124728.6743,1742849068,104728.6743,Rabbit
67e1c4e0ca61a52a92a66e1d,1742849048,124730.2023,1742849068,104730.2023,Rabbit
67e1c4e0ca61a52a92a66e1f,1742849048,124790.3456,1742849068,104790.3456,Rabbit
67e1c4e0ca61a52a92a66e20,1742849048,124821.4533,1742849068,104821.4533,Rabbit
67e1c4e0ca61a52a92a66e21,1742849048,124851.88,1742849068,104851.88,Rabbit
67e1c4e0ca61a52a92a66e23,1742849048,124886.7708,1742849068,104886.7708,Rabbit
67e1c4e0ca61a52a92a66e24,1742849048,124888.6608,1742849068,104888.6608,Rabbit
67e1c4e0ca61a52a92a66e25,1742849048,124890.7259,1742849068,104890.7259,Rabbit
67e1c4e0ca61a52a92a66e27,1742849048,124894.0282,1742849068,104894.0282,Rabbit
67e1c4e0ca61a52a92a66e28,1742849048,124895.4767,1742849068,104895.4767,Rabbit
67e1c4e0ca61a52a92a66e29,1742849048,124896.9323,1742849068,104896.9323,Rabbit
67e1c4e0ca61a52a92a66e2a,1742849048,124960.7267,1742849068,104960.7267,Rabbit
67e1c4e0ca61a52a92a66e2b,1742849048,124963.0425,1742849068,104963.0425,Rabbit
67e1c4e0ca61a52a92a66e2c,1742849048,124965.012,1742849068,104965.012,Rabbit
67e1c4e0ca61a52a92a66e2d,1742849048,125022.4036,1742849068,105022.4036,Rabbit
67e1c4e0ca61a52a92a66e2f,1742849048,125057.741,1742849068,105057.741,Rabbit
67e1c4e0ca61a52a92a66e30,1742849048,125085.794,1742849068,105085.794,Rabbit
67e1c4e0ca61a52a92a66e31,1742849048,125117.0321,1742849068,105117.0321,Rabbit
67e1c4e0ca61a52a92a66e33,1742849048,125120.3783,1742849068,105120.3783,Rabbit
67e1c4e0ca61a52a92a66e34,1742849048,125146.6103,1742849068,105146.6103,Rabbit
67e1c4e0ca61a52a92a66e35,1742849048,125208.4955,1742849068,105208.4955,Rabbit
67e1c4e0ca61a52a92a66e37,1742849048,125212.9031,1742849068,105212.9031,Rabbit
67e1c4e0ca61a52a92a66e38,1742849048,125216.1745,1742849068,105216.1745,Rabbit
67e1c4e0ca61a52a92a66e39,1742849048,125217.8293,1742849068,105217.8293,Rabbit
67e1c4e0ca61a52a92a66e3a,1742849048,125254.704,1742849068,105254.704,Rabbit
67e1c4e0ca61a52a92a66e3b,1742849048,125257.8811,1742849068,105257.8811,Rabbit
67e1c4e0ca61a52a92a66e3c,1742849048,125285.5459,1742849068,105285.5459,Rabbit
67e1c4e0ca61a52a92a66e3d,1742849048,125347.6383,1742849068,105347.6383,Rabbit
67e1c4e0ca61a52a92a66e3f,1742849048,125411.3158,1742849068,105411.3158,Rabbit
67e1c4e0ca61a52a92a66e40,1742849048,125412.8966,1742849068,105412.8966,Rabbit
67e1c4e0ca61a52a92a66e41,1742849048,125414.5314,1742849068,105414.5314,Rabbit
67e1c4e0ca61a52a92a66e43,1742849048,125418.0075,1742849068,105418.0075,Rabbit
67e1c4e0ca61a52a92a66e44,1742849048,125472.9545,1742849068,105472.9545,Rabbit
67e1c4e0ca61a52a92a66e45,1742849048,125474.6458,1742849068,105474.6458,Rabbit
67e1c4e0ca61a52a92a66e47,1742849048,125533.4412,1742849068,105533.4412,Rabbit
67e1c4e0ca61a52a92a66e48,1742849048,125564.5862,1742849068,105564.5862,Rabbit
67e1c4e0ca61a52a92a66e49,1742849048,125595.4789,1742849068,105595.4789,Rabbit
67e1c4e0ca61a52a92a66e4a,1742849048,125627.3492,1742849068,105627.3492,Rabbit
67e1c4e0ca61a52a92a66e4b,1742849048,125628.8813,1742849068,105628.8813,Rabbit
67e1c4e0ca61a52a92a66e4c,1742849048,125658.3076,1742849068,105658.3076,Rabbit
67e1c4e0ca61a52a92a66e4d,1742849048,125688.557,1742849068,105688.557,Rabbit
67e1c4e0ca61a52a92a66e4f,1742849048,125781.0843,1742849068,105781.0843,Rabbit
67e1c4e0ca61a52a92a66e50,1742849048,125783.3076,1742849068,105783.3076,Rabbit
67e1c4e0ca61a52a92a66e51,1742849048,125812.3651,1742849068,105812.3651,Rabbit
67e1c4e0ca61a52a92a66e53,1742849048,125845.0958,1742849068,105845.0958,Rabbit
67e1c4e0ca61a52a92a66e54,1742849048,125846.7,1742849068,105846.7,Rabbit
67e1c4e0ca61a52a92a66e55,1742849048,125848.967,1742849068,105848.967,Rabbit
67e1c4e0ca61a52a92a66e57,1742849048,125890.7458,1742849068,105890.7458,Rabbit
67e1c4e0ca61a52a92a66e58,1742849048,125919.8929,1742849068,105919.8929,Rabbit
67e1c4e0ca61a52a92a66e59,1742849048,125921.7725,1742849068,105921.7725,Rabbit
67e1c4e0ca61a52a92a66e5a,1742849048,125981.9407,1742849068,105981.9407,Rabbit
67e1c4e0ca61a52a92a66e5b,1742849048,126044.6244,1742849068,106044.6244,Rabbit
67e1c4e0ca61a52a92a66e5c,1742849048,126074.9367,1742849068,106074.9367,Rabbit
67e1c4e0ca61a52a92a66e5d,1742849048,126106.0388,1742849068,106106.0388,Rabbit
67e1c4e0ca61a52a92a66e5f,1742849048,126139.7395,1742849068,106139.7395,Rabbit
67e1c4e0ca61a52a92a66e60,1742849048,126141.9439,1742849068,106141.9439,Rabbit
67e1c4e0ca61a52a92a66e61,1742849048,126168.0024,1742849068,106168.0024,Rabbit
67e1c4e0ca61a52a92a66e63,1742849048,126232.808,1742849068,106232.808,Rabbit
67e1c4e0ca61a52a92a66e64,1742849048,126235.1238,1742849068,106235.1238,Rabbit
67e1c4e0ca61a52a92a66e65,1742849048,126262.025,1742849068,106262.025,Rabbit
67e1c4e0ca61a52a92a66e67,1742849048,126265.4255,1742849068,106265.4255,Rabbit
67e1c4e0ca61a52a92a66e68,1742849048,126291.9841,1742849068,106291.9841,Rabbit
67e1c4e0ca61a52a92a66e69,1742849048,126323.5361,1742849068,106323.5361,Rabbit
67e1c4e0ca61a52a92a66e6a,1742849048,126325.8355,1742849068,106325.8355,Rabbit
67e1c4e0ca61a52a92a66e6b,1742849048,126327.8727,1742849068,106327.8727,Rabbit
67e1c4e0ca61a52a92a66e6c,1742849048,126353.9815,1742849068,106353.9815,Rabbit
67e1c4e0ca61a52a92a66e6d,1742849048,126416.0212,1742849068,106416.0212,Rabbit
67e1c4e0ca61a52a92a66e6f,1742849048,126419.2839,1742849068,106419.2839,Rabbit
67e1c4e0ca61a52a92a66e70,1742849048,126451.8131,1742849068,106451.8131,Rabbit
67e1c4e0ca61a52a92a66e71,1742849048,126454.5229,1742849068,106454.5229,Rabbit
67e1c4e0ca61a52a92a66e73,1742849048,126510.8742,1742849068,106510.8742,Rabbit
67e1c4e0ca61a52a92a66e74,1742849048,126512.4317,1742849068,106512.4317,Rabbit
67e1c4e0ca61a52a92a66e75,1742849048,126571.025,1742849068,106571.025,Rabbit
67e1c4e0ca61a52a92a66e77,1742849048,126604.666,1742849068,106604.666,Rabbit
67e1c4e0ca61a52a92a66e78,1742849048,126606.1409,1742849068,106606.1409,Rabbit
67e1c4e0ca61a52a92a66e79,1742849048,126607.6638,1742849068,106607.6638,Rabbit
67e1c4e0ca61a52a92a66e7a,1742849048,126609.1249,1742849068,106609.1249,Rabbit
67e1c4e0ca61a52a92a66e7b,1742849048,126610.8308,1742849068,106610.8308,Rabbit
67e1c4e0ca61a52a92a66e7c,1742849048,126612.6403,1742849068,106612.6403,Rabbit
67e1c4e0ca61a52a92a66e7d,1742849048,126648.9173,1742849068,106648.9173,Rabbit
67e1c4e0ca61a52a92a66e7f,1742849048,126711.8494,1742849068,106711.8494,Rabbit
67e1c4e0ca61a52a92a66e80,1742849048,126741.7752,1742849068,106741.7752,Rabbit
67e1c4e0ca61a52a92a66e81,1742849048,126743.9124,1742849068,106743.9124,Rabbit
67e1c4e0ca61a52a92a66e83,1742849048,126774.2393,1742849068,106774.2393,Rabbit
67e1c4e0ca61a52a92a66e84,1742849048,126803.792,1742849068,106803.792,Rabbit
67e1c4e0ca61a52a92a66e85,1742849048,126835.5032,1742849068,106835.5032,Rabbit
67e1c4e0ca61a52a92a66e87,1742849048,126898.0835,1742849068,106898.0835,Rabbit
67e1c4e0ca61a52a92a66e88,1742849048,126899.5652,1742849068,106899.5652,Rabbit
67e1c4e0ca61a52a92a66e89,1742849048,126929.6309,1742849068,106929.6309,Rabbit
67e1c4e0ca61a52a92a66e8a,1742849048,126958.7018,1742849068,106958.7018,Rabbit
67e1c4e0ca61a52a92a66e8b,1742849048,127021.1646,1742849068,107021.1646,Rabbit
67e1c4e0ca61a52a92a66e8c,1742849048,127051.9206,1742849068,107051.9206,Rabbit
67e1c4e0ca61a52a92a66e8d,1742849048,127053.634,1742849068,107053.634,Rabbit
67e1c4e0ca61a52a92a66e8f,1742849048,127084.7349,1742849068,107084.7349,Rabbit
67e1c4e0ca61a52a92a66e90,1742849048,127114.7139,1742849068,107114.7139,Rabbit
67e1c4e0ca61a52a92a66e91,1742849048,127116.2982,1742849068,107116.2982,Rabbit
67e1c4e0ca61a52a92a66e93,1742849048,127147.3071,1742849068,107147.3071,Rabbit
67e1c4e0ca61a52a92a66e94,1742849048,127176.6146,1742849068,107176.6146,Rabbit
67e1c4e0ca61a52a92a66e95,1742849048,127207.9669,1742849068,107207.9669,Rabbit
67e1c4e0ca61a52a92a66e97,1742849048,127270.2953,1742849068,107270.2953,Rabbit
67e1c4e0ca61a52a92a66e98,1742849048,127331.1355,1742849068,107331.1355,Rabbit
67e1c4e0ca61a52a92a66e99,1742849048,127362.7523,1742849068,107362.7523,Rabbit
67e1c4e0ca61a52a92a66e9a,1742849048,127423.8508,1742849068,107423.8508,Rabbit
67e1c4e0ca61a52a92a66e9b,1742849048,127455.9222,1742849068,107455.9222,Rabbit
67e1c4e0ca61a52a92a66e9c,1742849048,127458.0646,1742849068,107458.0646,Rabbit
67e1c4e0ca61a52a92a66e9d,1742849048,127459.6316,1742849068,107459.6316,Rabbit
67e1c4e0ca61a52a92a66e9f,1742849048,127578.4833,1742849068,107578.4833,Rabbit
67e1c4e0ca61a52a92a66ea0,1742849048,127610.6762,1742849068,107610.6762,Rabbit
67e1c4e0ca61a52a92a66ea1,1742849048,127612.4446,1742849068,107612.4446,Rabbit
67e1c4e0ca61a52a92a66ea3,1742849048,127615.9794,1742849068,107615.9794,Rabbit
67e1c4e0ca61a52a92a66ea4,1742849048,127617.42,1742849068,107617.42,Rabbit
67e1c4e0ca61a52a92a66ea5,1742849048,127619.1344,1742849068,107619.1344,Rabbit
67e1c4e0ca61a52a92a66ea7,1742849048,127624.8434,1742849068,107624.8434,Rabbit
67e1c4e0ca61a52a92a66ea8,1742849048,127626.58,1742849068,107626.58,Rabbit
67e1c4e0ca61a52a92a66ea9,1742849048,127628.2199,1742849068,107628.2199,Rabbit
67e1c4e0ca61a52a92a66eaa,1742849048,127657.1291,1742849068,107657.1291,Rabbit
67e1c4e0ca61a52a92a66eab,1742849048,127689.0797,1742849068,107689.0797,Rabbit
67e1c4e0ca61a52a92a66eac,1742849048,127692.793,1742849068,107692.793,Rabbit
67e1c4e0ca61a52a92a66ead,1742849048,127695.6082,1742849068,107695.6082,Rabbit
67e1c4e0ca61a52a92a66eaf,1742849048,127701.4422,1742849068,107701.4422,Rabbit
67e1c4e0ca61a52a92a66eb0,1742849048,127734.4049,1742849068,107734.4049,Rabbit
67e1c4e0ca61a52a92a66eb1,1742849048,127736.0038,1742849068,107736.0038,Rabbit
67e1c4e0ca61a52a92a66eb3,1742849048,127765.0674,1742849068,107765.0674,Rabbit
67e1c4e0ca61a52a92a66eb4,1742849048,127797.286,1742849068,107797.286,Rabbit
67e1c4e0ca61a52a92a66eb5,1742849048,127799.2019,1742849068,107799.2019,Rabbit
67e1c4e0ca61a52a92a66eb7,1742849048,127827.8949,1742849068,107827.8949,Rabbit
67e1c4e0ca61a52a92a66eb8,1742849048,127829.3946,1742849068,107829.3946,Rabbit
67e1c4e0ca61a52a92a66eb9,1742849048,127830.8483,1742849068,107830.8483,Rabbit
67e1c4e0ca61a52a92a66eba,1742849048,127857.3372,1742849068,107857.3372,Rabbit
67e1c4e0ca61a52a92a66ebb,1742849048,127888.4453,1742849068,107888.4453,Rabbit
67e1c4e0ca61a52a92a66ebc,1742849048,127891.0769,1742849068,107891.0769,Rabbit
67e1c4e0ca61a52a92a66ebd,1742849048,127892.9252,1742849068,107892.9252,Rabbit
67e1c4e0ca61a52a92a66ebf,1742849048,127920.1324,1742849068,107920.1324,Rabbit
67e1c4e0ca61a52a92a66ec0,1742849048,127951.6447,1742849068,107951.6447,Rabbit
67e1c4e0ca61a52a92a66ec1,1742849048,127954.0831,1742849068,107954.0831,Rabbit
67e1c4e0ca61a52a92a66ec3,1742849048,128043.3508,1742849068,108043.3508,Rabbit
67e1c4e0ca61a52a92a66ec4,1742849048,128045.359,1742849068,108045.359,Rabbit
67e1c4e0ca61a52a92a66ec5,1742849048,128047.1273,1742849068,108047.1273,Rabbit
67e1c4e0ca61a52a92a66ec7,1742849048,128050.147,1742849068,108050.147,Rabbit
67e1c4e0ca61a52a92a66ec8,1742849048,128105.7147,1742849068,108105.7147,Rabbit
67e1c4e0ca61a52a92a66ec9,1742849048,128138.8743,1742849068,108138.8743,Rabbit
67e1c4e0ca61a52a92a66eca,1742849048,128141.4308,1742849068,108141.4308,Rabbit
67e1c4e0ca61a52a92a66ecb,1742849048,128143.6618,1742849068,108143.6618,Rabbit
67e1c4e0ca61a52a92a66ecc,1742849048,128145.4081,1742849068,108145.4081,Rabbit
67e1c4e0ca61a52a92a66ecd,1742849048,128167.2957,1742849068,108167.2957,Rabbit
67e1c4e0ca61a52a92a66ece,1742849048,128199.4744,1742849068,108199.4744,Rabbit
67e1c4e0ca61a52a92a66ecf,1742849048,128201.1879,1742849068,108201.1879,Rabbit
67e1c4e0ca61a52a92a66ed0,1742849048,128202.8161,1742849068,108202.8161,Rabbit
67e1c4e0ca61a52a92a66ed1,1742849048,128204.1934,1742849068,108204.1934,Rabbit
67e1c4e0ca61a52a92a66e76,1742849048,126603.0911,1742849068,106603.0911,Rabbit
67e1c4e0ca61a52a92a66e7e,1742849048,126679.6205,1742849068,106679.6205,Rabbit
67e1c4e0ca61a52a92a66e82,1742849048,126772.6486,1742849068,106772.6486,Rabbit
67e1c4e0ca61a52a92a66e86,1742849048,126865.6208,1742849068,106865.6208,Rabbit
67e1c4e0ca61a52a92a66e8e,1742849048,127082.8144,1742849068,107082.8144,Rabbit
67e1c4e0ca61a52a92a66e92,1742849048,127145.7082,1742849068,107145.7082,Rabbit
67e1c4e0ca61a52a92a66e96,1742849048,127238.0025,1742849068,107238.0025,Rabbit
67e1c4e0ca61a52a92a66e9e,1742849048,127516.9941,1742849068,107516.9941,Rabbit
67e1c4e0ca61a52a92a66ea2,1742849048,127613.8757,1742849068,107613.8757,Rabbit
67e1c4e0ca61a52a92a66ea6,1742849048,127621.5938,1742849068,107621.5938,Rabbit
67e1c4e0ca61a52a92a66eae,1742849048,127699.019,1742849068,107699.019,Rabbit
67e1c4e0ca61a52a92a66eb2,1742849048,127737.6068,1742849068,107737.6068,Rabbit
67e1c4e0ca61a52a92a66eb6,1742849048,127826.2689,1742849068,107826.2689,Rabbit
67e1c4e0ca61a52a92a66ebe,1742849048,127894.5451,1742849068,107894.5451,Rabbit
67e1c4e0ca61a52a92a66ec2,1742849048,127981.4262,1742849068,107981.4262,Rabbit
67e1c4e0ca61a52a92a66ec6,1742849048,128048.6887,1742849068,108048.6887,Rabbit
67e1c4e0ca61a52a92a66d56,1742849048,120019.0945,1742849068,100019.0945,Rabbit
67e1c4e0ca61a52a92a66d5e,1742849048,120172.2695,1742849068,100172.2695,Rabbit
67e1c4e0ca61a52a92a66d62,1742849048,120234.8853,1742849068,100234.8853,Rabbit
67e1c4e0ca61a52a92a66d6e,1742849048,120546.2914,1742849068,100546.2914,Rabbit
67e1c4e0ca61a52a92a66d72,1742849048,120729.1452,1742849068,100729.1452,Rabbit
67e1c4e0ca61a52a92a66d76,1742849048,120763.3598,1742849068,100763.3598,Rabbit
67e1c4e0ca61a52a92a66d66,1742849048,120358.1357,1742849068,100358.1357,Rabbit
67e1c4e0ca61a52a92a66d7e,1742849048,121070.2775,1742849068,101070.2775,Rabbit
67e1c4e0ca61a52a92a66e72,1742849048,126509.1216,1742849068,106509.1216,Rabbit
67e1c4e0ca61a52a92a66d8e,1742849048,121506.2567,1742849068,101506.2567,Rabbit
67e1c4e0ca61a52a92a66d92,1742849048,121596.9401,1742849068,101596.9401,Rabbit
67e1c4e0ca61a52a92a66d96,1742849048,121783.3924,1742849068,101783.3924,Rabbit
67e1c4e0ca61a52a92a66d86,1742849048,121287.2817,1742849068,101287.2817,Rabbit
67e1c4e0ca61a52a92a66d9e,1742849048,122031.9529,1742849068,102031.9529,Rabbit
67e1c4e0ca61a52a92a66da2,1742849048,122186.3109,1742849068,102186.3109,Rabbit
67e1c4e0ca61a52a92a66dae,1742849048,122372.9551,1742849068,102372.9551,Rabbit
67e1c4e0ca61a52a92a66db2,1742849048,122378.9376,1742849068,102378.9376,Rabbit
67e1c4e0ca61a52a92a66db6,1742849048,122405.6257,1742849068,102405.6257,Rabbit
67e1c4e0ca61a52a92a66da6,1742849048,122251.4649,1742849068,102251.4649,Rabbit
67e1c4e0ca61a52a92a66dbe,1742849048,122563.7463,1742849068,102563.7463,Rabbit
67e1c4e0ca61a52a92a66dc2,1742849048,122682.2393,1742849068,102682.2393,Rabbit
67e1c4e0ca61a52a92a66dce,1742849048,123178.4361,1742849068,103178.4361,Rabbit
67e1c4e0ca61a52a92a66dd2,1742849048,123395.6037,1742849068,103395.6037,Rabbit
67e1c4e0ca61a52a92a66dd6,1742849048,123490.926,1742849068,103490.926,Rabbit
67e1c4e0ca61a52a92a66dc6,1742849048,122807.0917,1742849068,102807.0917,Rabbit
67e1c4e0ca61a52a92a66dde,1742849048,123583.3048,1742849068,103583.3048,Rabbit
67e1c4e0ca61a52a92a66de2,1742849048,123646.5638,1742849068,103646.5638,Rabbit
67e1c4e0ca61a52a92a66dee,1742849048,123831.0978,1742849068,103831.0978,Rabbit
67e1c4e0ca61a52a92a66df2,1742849048,123864.0481,1742849068,103864.0481,Rabbit
67e1c4e0ca61a52a92a66df6,1742849048,123870.4199,1742849068,103870.4199,Rabbit
67e1c4e0ca61a52a92a66de6,1742849048,123679.4619,1742849068,103679.4619,Rabbit
67e1c4e0ca61a52a92a66dfe,1742849048,124000.0052,1742849068,104000.0052,Rabbit
67e1c4e0ca61a52a92a66e02,1742849048,124095.353,1742849068,104095.353,Rabbit
67e1c4e0ca61a52a92a66e0e,1742849048,124265.4848,1742849068,104265.4848,Rabbit
67e1c4e0ca61a52a92a66e12,1742849048,124419.1046,1742849068,104419.1046,Rabbit
67e1c4e0ca61a52a92a66e16,1742849048,124604.2488,1742849068,104604.2488,Rabbit
67e1c4e0ca61a52a92a66e06,1742849048,124157.8549,1742849068,104157.8549,Rabbit
67e1c4e0ca61a52a92a66e1e,1742849048,124758.8507,1742849068,104758.8507,Rabbit
67e1c4e0ca61a52a92a66e22,1742849048,124884.2398,1742849068,104884.2398,Rabbit
67e1c4e0ca61a52a92a66e2e,1742849048,125055.4837,1742849068,105055.4837,Rabbit
67e1c4e0ca61a52a92a66e32,1742849048,125118.5245,1742849068,105118.5245,Rabbit
67e1c4e0ca61a52a92a66e36,1742849048,125211.2794,1742849068,105211.2794,Rabbit
67e1c4e0ca61a52a92a66e26,1742849048,124892.3008,1742849068,104892.3008,Rabbit
67e1c4e0ca61a52a92a66e3e,1742849048,125409.6629,1742849068,105409.6629,Rabbit
67e1c4e0ca61a52a92a66e42,1742849048,125416.5133,1742849068,105416.5133,Rabbit
67e1c4e0ca61a52a92a66e4e,1742849048,125720.245,1742849068,105720.245,Rabbit
67e1c4e0ca61a52a92a66e52,1742849048,125843.04,1742849068,105843.04,Rabbit
67e1c4e0ca61a52a92a66e56,1742849048,125888.9845,1742849068,105888.9845,Rabbit
67e1c4e0ca61a52a92a66e46,1742849048,125502.9607,1742849068,105502.9607,Rabbit
67e1c4e0ca61a52a92a66e5e,1742849048,126137.3343,1742849068,106137.3343,Rabbit
67e1c4e0ca61a52a92a66e62,1742849048,126230.3986,1742849068,106230.3986,Rabbit
67e1c4e0ca61a52a92a66e6e,1742849048,126417.7015,1742849068,106417.7015,Rabbit
67e1c4e0ca61a52a92a66e66,1742849048,126263.7002,1742849068,106263.7002,Rabbit
67e1c4e0ca61a52a92a66d82,1742849048,121164.0594,1742849068,101164.0594,Rabbit
67e1c4e0ca61a52a92a66c67,1742849048,115182.1087,1742849067,96182.1087,Rabbit
67e1c4e0ca61a52a92a66c68,1742849048,115242.7773,1742849067,96242.7773,Rabbit
67e1c4e0ca61a52a92a66c69,1742849048,115273.8487,1742849067,96273.8487,Rabbit
67e1c4e0ca61a52a92a66c6b,1742849048,115304.0294,1742849067,96304.0294,Rabbit
67e1c4e0ca61a52a92a66c6c,1742849048,115305.6331,1742849067,96305.6331,Rabbit
67e1c4e0ca61a52a92a66c6d,1742849048,115365.9889,1742849067,96365.9889,Rabbit
67e1c4e0ca61a52a92a66c6f,1742849048,115460.4561,1742849067,96460.4561,Rabbit
67e1c4e0ca61a52a92a66c70,1742849048,115523.5652,1742849067,96523.5652,Rabbit
67e1c4e0ca61a52a92a66c71,1742849048,115582.8042,1742849067,96582.8042,Rabbit
67e1c4e0ca61a52a92a66c73,1742849048,115677.015,1742849067,96677.015,Rabbit
67e1c4e0ca61a52a92a66c74,1742849048,115678.8528,1742849067,96678.8528,Rabbit
67e1c4e0ca61a52a92a66c75,1742849048,115680.4649,1742849067,96680.4649,Rabbit
67e1c4e0ca61a52a92a66c77,1742849048,115683.793,1742849067,96683.793,Rabbit
67e1c4e0ca61a52a92a66c78,1742849048,115685.5411,1742849067,96685.5411,Rabbit
67e1c4e0ca61a52a92a66c79,1742849048,115688.0651,1742849067,96688.0651,Rabbit
67e1c4e0ca61a52a92a66c7a,1742849048,115690.1543,1742849067,96690.1543,Rabbit
67e1c4e0ca61a52a92a66c7b,1742849048,115692.6991,1742849067,96692.6991,Rabbit
67e1c4e0ca61a52a92a66c7c,1742849048,115694.6018,1742849067,96694.6018,Rabbit
67e1c4e0ca61a52a92a66c7d,1742849048,115696.567,1742849067,96696.567,Rabbit
67e1c4e0ca61a52a92a66c7f,1742849048,115722.5644,1742849067,96722.5644,Rabbit
67e1c4e0ca61a52a92a66c80,1742849048,115754.2975,1742849067,96754.2975,Rabbit
67e1c4e0ca61a52a92a66c81,1742849048,115786.2312,1742849067,96786.2312,Rabbit
67e1c4e0ca61a52a92a66c83,1742849048,115789.5995,1742849067,96789.5995,Rabbit
67e1c4e0ca61a52a92a66c84,1742849048,115846.8355,1742849067,96846.8355,Rabbit
67e1c4e0ca61a52a92a66c85,1742849048,115877.4167,1742849067,96877.4167,Rabbit
67e1c4e0ca61a52a92a66c87,1742849048,115939.5891,1742849067,96939.5891,Rabbit
67e1c4e0ca61a52a92a66c88,1742849048,115942.1394,1742849067,96942.1394,Rabbit
67e1c4e0ca61a52a92a66c89,1742849048,115943.7136,1742849067,96943.7136,Rabbit
67e1c4e0ca61a52a92a66c8a,1742849048,115946.4193,1742849067,96946.4193,Rabbit
67e1c4e0ca61a52a92a66c8b,1742849048,116001.8153,1742849067,97001.8153,Rabbit
67e1c4e0ca61a52a92a66c8c,1742849048,116003.7669,1742849067,97003.7669,Rabbit
67e1c4e0ca61a52a92a66c8d,1742849048,116005.2916,1742849067,97005.2916,Rabbit
67e1c4e0ca61a52a92a66c8f,1742849048,116008.3081,1742849067,97008.3081,Rabbit
67e1c4e0ca61a52a92a66c90,1742849048,116010.152,1742849067,97010.152,Rabbit
67e1c4e0ca61a52a92a66c91,1742849048,116011.801,1742849067,97011.801,Rabbit
67e1c4e0ca61a52a92a66c93,1742849048,116049.736,1742849067,97049.736,Rabbit
67e1c4e0ca61a52a92a66c94,1742849048,116079.1589,1742849067,97079.1589,Rabbit
67e1c4e0ca61a52a92a66c95,1742849048,116081.4058,1742849067,97081.4058,Rabbit
67e1c4e0ca61a52a92a66c97,1742849048,116111.4955,1742849067,97111.4955,Rabbit
67e1c4e0ca61a52a92a66c98,1742849048,116141.1134,1742849067,97141.1134,Rabbit
67e1c4e0ca61a52a92a66c99,1742849048,116203.4105,1742849067,97203.4105,Rabbit
67e1c4e0ca61a52a92a66c9a,1742849048,116235.499,1742849067,97235.499,Rabbit
67e1c4e0ca61a52a92a66c9b,1742849048,116296.4087,1742849067,97296.4087,Rabbit
67e1c4e0ca61a52a92a66c9c,1742849048,116298.4123,1742849067,97298.4123,Rabbit
67e1c4e0ca61a52a92a66c9d,1742849048,116299.9806,1742849067,97299.9806,Rabbit
67e1c4e0ca61a52a92a66c9f,1742849048,116359.1542,1742849067,97359.1542,Rabbit
67e1c4e0ca61a52a92a66ca0,1742849048,116389.6736,1742849067,97389.6736,Rabbit
67e1c4e0ca61a52a92a66ca1,1742849048,116451.3402,1742849067,97451.3402,Rabbit
67e1c4e0ca61a52a92a66ca3,1742849048,116514.6408,1742849067,97514.6408,Rabbit
67e1c4e0ca61a52a92a66ca4,1742849048,116575.4507,1742849067,97575.4507,Rabbit
67e1c4e0ca61a52a92a66ca5,1742849048,116608.1648,1742849067,97608.1648,Rabbit
67e1c4e0ca61a52a92a66ca7,1742849048,116612.6366,1742849067,97612.6366,Rabbit
67e1c4e0ca61a52a92a66ca8,1742849048,116668.7423,1742849067,97668.7423,Rabbit
67e1c4e0ca61a52a92a66ca9,1742849048,116670.8043,1742849067,97670.8043,Rabbit
67e1c4e0ca61a52a92a66caa,1742849048,116672.8721,1742849067,97672.8721,Rabbit
67e1c4e0ca61a52a92a66cab,1742849048,116674.9916,1742849067,97674.9916,Rabbit
67e1c4e0ca61a52a92a66cac,1742849048,116676.9973,1742849067,97676.9973,Rabbit
67e1c4e0ca61a52a92a66cad,1742849048,116699.5598,1742849067,97699.5598,Rabbit
67e1c4e0ca61a52a92a66caf,1742849048,116792.4649,1742849067,97792.4649,Rabbit
67e1c4e0ca61a52a92a66cb0,1742849048,116794.1695,1742849067,97794.1695,Rabbit
67e1c4e0ca61a52a92a66cb1,1742849048,116854.8039,1742849067,97854.8039,Rabbit
67e1c4e0ca61a52a92a66cb3,1742849048,116885.4118,1742849067,97885.4118,Rabbit
67e1c4e0ca61a52a92a66cb4,1742849048,116947.485,1742849067,97947.485,Rabbit
67e1c4e0ca61a52a92a66cb5,1742849048,116979.5774,1742849067,97979.5774,Rabbit
67e1c4e0ca61a52a92a66cb7,1742849048,117041.0988,1742849067,98041.0988,Rabbit
67e1c4e0ca61a52a92a66cb8,1742849048,117073.4453,1742849067,98073.4453,Rabbit
67e1c4e0ca61a52a92a66cb9,1742849048,117075.9156,1742849067,98075.9156,Rabbit
67e1c4e0ca61a52a92a66cba,1742849048,117102.6051,1742849067,98102.6051,Rabbit
67e1c4e0ca61a52a92a66cbb,1742849048,117104.2684,1742849067,98104.2684,Rabbit
67e1c4e0ca61a52a92a66cbc,1742849048,117105.8068,1742849067,98105.8068,Rabbit
67e1c4e0ca61a52a92a66cbd,1742849048,117107.4085,1742849067,98107.4085,Rabbit
67e1c4e0ca61a52a92a66cbf,1742849048,117164.5999,1742849067,98164.5999,Rabbit
67e1c4e0ca61a52a92a66cc0,1742849048,117195.6101,1742849067,98195.6101,Rabbit
67e1c4e0ca61a52a92a66cc1,1742849048,117226.4227,1742849067,98226.4227,Rabbit
67e1c4e0ca61a52a92a66cc3,1742849048,117288.7749,1742849067,98288.7749,Rabbit
67e1c4e0ca61a52a92a66cc4,1742849048,117350.622,1742849067,98350.622,Rabbit
67e1c4e0ca61a52a92a66cc5,1742849048,117383.0393,1742849067,98383.0393,Rabbit
67e1c4e0ca61a52a92a66cc7,1742849048,117412.4846,1742849067,98412.4846,Rabbit
67e1c4e0ca61a52a92a66cc8,1742849048,117443.6283,1742849067,98443.6283,Rabbit
67e1c4e0ca61a52a92a66cc9,1742849048,117445.3507,1742849067,98445.3507,Rabbit
67e1c4e0ca61a52a92a66cca,1742849048,117446.8241,1742849067,98446.8241,Rabbit
67e1c4e0ca61a52a92a66ccb,1742849048,117474.4419,1742849067,98474.4419,Rabbit
67e1c4e0ca61a52a92a66ccc,1742849048,117506.3179,1742849067,98506.3179,Rabbit
67e1c4e0ca61a52a92a66ccd,1742849048,117507.8158,1742849067,98507.8158,Rabbit
67e1c4e0ca61a52a92a66ccf,1742849048,117598.4214,1742849067,98598.4214,Rabbit
67e1c4e0ca61a52a92a66cd0,1742849048,117660.4901,1742849067,98660.4901,Rabbit
67e1c4e0ca61a52a92a66cd1,1742849048,117722.5429,1742849067,98722.5429,Rabbit
67e1c4e0ca61a52a92a66cd3,1742849048,117753.4712,1742849067,98753.4712,Rabbit
67e1c4e0ca61a52a92a66cd4,1742849048,117785.3387,1742849067,98785.3387,Rabbit
67e1c4e0ca61a52a92a66cd5,1742849048,117846.5083,1742849067,98846.5083,Rabbit
67e1c4e0ca61a52a92a66cd7,1742849048,117879.0588,1742849067,98879.0588,Rabbit
67e1c4e0ca61a52a92a66cd8,1742849048,117939.5536,1742849067,98939.5536,Rabbit
67e1c4e0ca61a52a92a66cd9,1742849048,118001.54,1742849067,99001.54,Rabbit
67e1c4e0ca61a52a92a66cda,1742849048,118063.6908,1742849067,99063.6908,Rabbit
67e1c4e0ca61a52a92a66cdb,1742849048,118066.9035,1742849067,99066.9035,Rabbit
67e1c4e0ca61a52a92a66cdc,1742849048,118069.6651,1742849067,99069.6651,Rabbit
67e1c4e0ca61a52a92a66cdd,1742849048,118071.226,1742849067,99071.226,Rabbit
67e1c4e0ca61a52a92a66cdf,1742849048,118074.1915,1742849067,99074.1915,Rabbit
67e1c4e0ca61a52a92a66ce0,1742849048,118076.0616,1742849067,99076.0616,Rabbit
67e1c4e0ca61a52a92a66ce1,1742849048,118078.2965,1742849067,99078.2965,Rabbit
67e1c4e0ca61a52a92a66ce3,1742849048,118172.054,1742849067,99172.054,Rabbit
67e1c4e0ca61a52a92a66ce4,1742849048,118233.8152,1742849067,99233.8152,Rabbit
67e1c4e0ca61a52a92a66ce5,1742849048,118265.9038,1742849067,99265.9038,Rabbit
67e1c4e0ca61a52a92a66ce7,1742849048,118299.3087,1742849067,99299.3087,Rabbit
67e1c4e0ca61a52a92a66ce8,1742849048,118301.1221,1742849067,99301.1221,Rabbit
67e1c4e0ca61a52a92a66ce9,1742849048,118303.2192,1742849067,99303.2192,Rabbit
67e1c4e0ca61a52a92a66cea,1742849048,118326.9193,1742849067,99326.9193,Rabbit
67e1c4e0ca61a52a92a66ceb,1742849048,118388.8032,1742849067,99388.8032,Rabbit
67e1c4e0ca61a52a92a66cec,1742849048,118390.3968,1742849067,99390.3968,Rabbit
67e1c4e0ca61a52a92a66ced,1742849048,118420.5935,1742849067,99420.5935,Rabbit
67e1c4e0ca61a52a92a66cef,1742849048,118423.5831,1742849067,99423.5831,Rabbit
67e1c4e0ca61a52a92a66cf0,1742849048,118424.9696,1742849067,99424.9696,Rabbit
67e1c4e0ca61a52a92a66cf1,1742849048,118451.6279,1742849067,99451.6279,Rabbit
67e1c4e0ca61a52a92a66cf3,1742849048,118482.956,1742849067,99482.956,Rabbit
67e1c4e0ca61a52a92a66cf4,1742849048,118512.8245,1742849067,99512.8245,Rabbit
67e1c4e0ca61a52a92a66cf5,1742849048,118543.8461,1742849067,99543.8461,Rabbit
67e1c4e0ca61a52a92a66cf7,1742849048,118606.9695,1742849067,99606.9695,Rabbit
67e1c4e0ca61a52a92a66cf8,1742849048,118608.8752,1742849067,99608.8752,Rabbit
67e1c4e0ca61a52a92a66cf9,1742849048,118610.8799,1742849067,99610.8799,Rabbit
67e1c4e0ca61a52a92a66cfa,1742849048,118612.6305,1742849067,99612.6305,Rabbit
67e1c4e0ca61a52a92a66cfb,1742849048,118637.9965,1742849067,99637.9965,Rabbit
67e1c4e0ca61a52a92a66cfc,1742849048,118667.859,1742849067,99667.859,Rabbit
67e1c4e0ca61a52a92a66cfd,1742849048,118669.7352,1742849067,99669.7352,Rabbit
67e1c4e0ca61a52a92a66cff,1742849048,118729.9019,1742849067,99729.9019,Rabbit
67e1c4e0ca61a52a92a66d00,1742849048,118731.7913,1742849067,99731.7913,Rabbit
67e1c4e0ca61a52a92a66d01,1742849048,118733.2308,1742849067,99733.2308,Rabbit
67e1c4e0ca61a52a92a66d03,1742849048,118791.939,1742849067,99791.939,Rabbit
67e1c4e0ca61a52a92a66d04,1742849048,118793.8793,1742849067,99793.8793,Rabbit
67e1c4e0ca61a52a92a66d05,1742849048,118823.8464,1742849067,99823.8464,Rabbit
67e1c4e0ca61a52a92a66d07,1742849048,118884.9582,1742849067,99884.9582,Rabbit
67e1c4e0ca61a52a92a66d08,1742849048,118916.9339,1742849067,99916.9339,Rabbit
67e1c4e0ca61a52a92a66d09,1742849048,118918.6413,1742849067,99918.6413,Rabbit
67e1c4e0ca61a52a92a66d0a,1742849048,118920.1625,1742849067,99920.1625,Rabbit
67e1c4e0ca61a52a92a66d0b,1742849048,118921.7392,1742849067,99921.7392,Rabbit
67e1c4e0ca61a52a92a66d0c,1742849048,118923.4731,1742849067,99923.4731,Rabbit
67e1c4e0ca61a52a92a66d0d,1742849048,118948.3617,1742849067,99948.3617,Rabbit
67e1c4e0ca61a52a92a66d0f,1742849048,119009.0071,1742849067,100009.0071,Rabbit
67e1c4e0ca61a52a92a66d10,1742849048,119070.9971,1742849067,100070.9971,Rabbit
67e1c4e0ca61a52a92a66d11,1742849048,119103.5769,1742849067,100103.5769,Rabbit
67e1c4e0ca61a52a92a66d13,1742849048,119165.4197,1742849067,100165.4197,Rabbit
67e1c4e0ca61a52a92a66d14,1742849048,119167.1125,1742849067,100167.1125,Rabbit
67e1c4e0ca61a52a92a66d15,1742849048,119169.3453,1742849067,100169.3453,Rabbit
67e1c4e0ca61a52a92a66d17,1742849048,119173.4558,1742849067,100173.4558,Rabbit
67e1c4e0ca61a52a92a66d18,1742849048,119175.0684,1742849067,100175.0684,Rabbit
67e1c4e0ca61a52a92a66d19,1742849048,119211.6338,1742849067,100211.6338,Rabbit
67e1c4e0ca61a52a92a66d1a,1742849048,119242.5858,1742849067,100242.5858,Rabbit
67e1c4e0ca61a52a92a66d1b,1742849048,119245.1087,1742849067,100245.1087,Rabbit
67e1c4e0ca61a52a92a66d1c,1742849048,119247.4737,1742849067,100247.4737,Rabbit
67e1c4e0ca61a52a92a66d1d,1742849048,119249.2833,1742849067,100249.2833,Rabbit
67e1c4e0ca61a52a92a66d1f,1742849048,119253.3154,1742849067,100253.3154,Rabbit
67e1c4e0ca61a52a92a66d20,1742849048,119254.9926,1742849067,100254.9926,Rabbit
67e1c4e0ca61a52a92a66d21,1742849048,119287.91,1742849067,100287.91,Rabbit
67e1c4e0ca61a52a92a66d23,1742849048,119291.4809,1742849067,100291.4809,Rabbit
67e1c4e0ca61a52a92a66d24,1742849048,119292.8604,1742849067,100292.8604,Rabbit
67e1c4e0ca61a52a92a66d25,1742849048,119294.2897,1742849067,100294.2897,Rabbit
67e1c4e0ca61a52a92a66d27,1742849048,119351.8989,1742849067,100351.8989,Rabbit
67e1c4e0ca61a52a92a66d28,1742849048,119380.9785,1742849067,100380.9785,Rabbit
67e1c4e0ca61a52a92a66d29,1742849048,119443.1779,1742849067,100443.1779,Rabbit
67e1c4e0ca61a52a92a66d2a,1742849048,119445.7273,1742849067,100445.7273,Rabbit
67e1c4e0ca61a52a92a66d2b,1742849048,119447.8386,1742849067,100447.8386,Rabbit
67e1c4e0ca61a52a92a66d2c,1742849048,119449.9266,1742849067,100449.9266,Rabbit
67e1c4e0ca61a52a92a66d2d,1742849048,119451.7556,1742849067,100451.7556,Rabbit
67e1c4e0ca61a52a92a66d2f,1742849048,119455.4367,1742849067,100455.4367,Rabbit
67e1c4e0ca61a52a92a66d30,1742849048,119457.0178,1742849067,100457.0178,Rabbit
67e1c4e0ca61a52a92a66d31,1742849048,119489.5125,1742849067,100489.5125,Rabbit
67e1c4e0ca61a52a92a66d33,1742849048,119554.1551,1742849067,100554.1551,Rabbit
67e1c4e0ca61a52a92a66d34,1742849048,119555.709,1742849067,100555.709,Rabbit
67e1c4e0ca61a52a92a66d35,1742849048,119557.757,1742849067,100557.757,Rabbit
67e1c4e0ca61a52a92a66d37,1742849048,119646.2225,1742849067,100646.2225,Rabbit
67e1c4e0ca61a52a92a66d38,1742849048,119648.8533,1742849067,100648.8533,Rabbit
67e1c4e0ca61a52a92a66d39,1742849048,119651.2068,1742849067,100651.2068,Rabbit
67e1c4e0ca61a52a92a66d3a,1742849048,119662.3224,1742849067,100662.3224,Rabbit
67e1c4e0ca61a52a92a66d3b,1742849048,119692.0942,1742849067,100692.0942,Rabbit
67e1c4e0ca61a52a92a66d3c,1742849048,119723.2034,1742849067,100723.2034,Rabbit
67e1c4e0ca61a52a92a66d3d,1742849048,119725.3777,1742849067,100725.3777,Rabbit
67e1c4e0ca61a52a92a66d3f,1742849048,119729.7132,1742849067,100729.7132,Rabbit
67e1c4e0ca61a52a92a66d40,1742849048,119732.0396,1742849067,100732.0396,Rabbit
67e1c4e0ca61a52a92a66d41,1742849048,119734.7922,1742849067,100734.7922,Rabbit
67e1c4e0ca61a52a92a66d43,1742849048,119768.4737,1742849067,100768.4737,Rabbit
67e1c4e0ca61a52a92a66d44,1742849048,119770.6739,1742849067,100770.6739,Rabbit
67e1c4e0ca61a52a92a66d45,1742849048,119772.1956,1742849067,100772.1956,Rabbit
67e1c4e0ca61a52a92a66d47,1742849048,119799.7695,1742849067,100799.7695,Rabbit
67e1c4e0ca61a52a92a66d48,1742849048,119801.9553,1742849067,100801.9553,Rabbit
67e1c4e0ca61a52a92a66d49,1742849048,119830.5098,1742849067,100830.5098,Rabbit
67e1c4e0ca61a52a92a66d4a,1742849048,119832.0734,1742849067,100832.0734,Rabbit
67e1c4e0ca61a52a92a66d4b,1742849048,119833.4483,1742849067,100833.4483,Rabbit
67e1c4e0ca61a52a92a66d4c,1742849048,119834.8313,1742849067,100834.8313,Rabbit
67e1c4e0ca61a52a92a66d4d,1742849048,119836.3059,1742849067,100836.3059,Rabbit
67e1c4e0ca61a52a92a66d4e,1742849048,119837.6294,1742849067,100837.6294,Rabbit
67e1c4e0ca61a52a92a66d4f,1742849048,119862.4331,1742849067,100862.4331,Rabbit
67e1c4e0ca61a52a92a66d50,1742849048,119892.0383,1742849067,100892.0383,Rabbit
67e1c4e0ca61a52a92a66d51,1742849048,119893.5953,1742849067,100893.5953,Rabbit
67e1c4e0ca61a52a92a66d52,1742849048,119954.0919,1742849067,100954.0919,Rabbit
67e1c4e0ca61a52a92a66d42,1742849048,119737.7835,1742849067,100737.7835,Rabbit
67e1c4e0ca61a52a92a66d46,1742849048,119774.2107,1742849067,100774.2107,Rabbit
67e1c4e0ca61a52a92a66c6a,1742849048,115275.3515,1742849067,96275.3515,Rabbit
67e1c4e0ca61a52a92a66c6e,1742849048,115427.9802,1742849067,96427.9802,Rabbit
67e1c4e0ca61a52a92a66c72,1742849048,115645.3691,1742849067,96645.3691,Rabbit
67e1c4e0ca61a52a92a66c76,1742849048,115682.2214,1742849067,96682.2214,Rabbit
67e1c4e0ca61a52a92a66c7e,1742849048,115698.1535,1742849067,96698.1535,Rabbit
67e1c4e0ca61a52a92a66c82,1742849048,115787.8908,1742849067,96787.8908,Rabbit
67e1c4e0ca61a52a92a66c8e,1742849048,116006.8875,1742849067,97006.8875,Rabbit
67e1c4e0ca61a52a92a66c92,1742849048,116048.181,1742849067,97048.181,Rabbit
67e1c4e0ca61a52a92a66c96,1742849048,116083.1925,1742849067,97083.1925,Rabbit
67e1c4e0ca61a52a92a66c86,1742849048,115908.9079,1742849067,96908.9079,Rabbit
67e1c4e0ca61a52a92a66c9e,1742849048,116327.403,1742849067,97327.403,Rabbit
67e1c4e0ca61a52a92a66ca2,1742849048,116482.4299,1742849067,97482.4299,Rabbit
67e1c4e0ca61a52a92a66cae,1742849048,116761.3082,1742849067,97761.3082,Rabbit
67e1c4e0ca61a52a92a66cb2,1742849048,116857.68,1742849067,97857.68,Rabbit
67e1c4e0ca61a52a92a66cb6,1742849048,116981.2784,1742849067,97981.2784,Rabbit
67e1c4e0ca61a52a92a66ca6,1742849048,116610.6019,1742849067,97610.6019,Rabbit
67e1c4e0ca61a52a92a66cbe,1742849048,117109.0246,1742849067,98109.0246,Rabbit
67e1c4e0ca61a52a92a66cc2,1742849048,117257.8486,1742849067,98257.8486,Rabbit
67e1c4e0ca61a52a92a66cce,1742849048,117537.5037,1742849067,98537.5037,Rabbit
67e1c4e0ca61a52a92a66cd2,1742849048,117724.1799,1742849067,98724.1799,Rabbit
67e1c4e0ca61a52a92a66cd6,1742849048,117877.4923,1742849067,98877.4923,Rabbit
67e1c4e0ca61a52a92a66cc6,1742849048,117384.6321,1742849067,98384.6321,Rabbit
67e1c4e0ca61a52a92a66cde,1742849048,118072.7035,1742849067,99072.7035,Rabbit
67e1c4e0ca61a52a92a66ce2,1742849048,118109.821,1742849067,99109.821,Rabbit
67e1c4e0ca61a52a92a66cee,1742849048,118422.0378,1742849067,99422.0378,Rabbit
67e1c4e0ca61a52a92a66cf2,1742849048,118453.1176,1742849067,99453.1176,Rabbit
67e1c4e0ca61a52a92a66cf6,1742849048,118574.756,1742849067,99574.756,Rabbit
67e1c4e0ca61a52a92a66ce6,1742849048,118296.9247,1742849067,99296.9247,Rabbit
67e1c4e0ca61a52a92a66cfe,1742849048,118698.9211,1742849067,99698.9211,Rabbit
67e1c4e0ca61a52a92a66d02,1742849048,118760.9569,1742849067,99760.9569,Rabbit
67e1c4e0ca61a52a92a66d0e,1742849048,118949.9262,1742849067,99949.9262,Rabbit
67e1c4e0ca61a52a92a66d12,1742849048,119133.8749,1742849067,100133.8749,Rabbit
67e1c4e0ca61a52a92a66d16,1742849048,119171.1159,1742849067,100171.1159,Rabbit
67e1c4e0ca61a52a92a66d06,1742849048,118855.947,1742849067,99855.947,Rabbit
67e1c4e0ca61a52a92a66d1e,1742849048,119251.4798,1742849067,100251.4798,Rabbit
67e1c4e0ca61a52a92a66d22,1742849048,119290.0572,1742849067,100290.0572,Rabbit
67e1c4e0ca61a52a92a66d2e,1742849048,119453.4771,1742849067,100453.4771,Rabbit
67e1c4e0ca61a52a92a66d32,1742849048,119551.9074,1742849067,100551.9074,Rabbit
67e1c4e0ca61a52a92a66d36,1742849048,119582.7063,1742849067,100582.7063,Rabbit
67e1c4e0ca61a52a92a66d26,1742849048,119350.0951,1742849067,100350.0951,Rabbit
67e1c4e0ca61a52a92a66d3e,1742849048,119727.7189,1742849067,100727.7189,Rabbit
67e1c4e0ca61a52a92a66bd6,1742849048,111817.0046,1742849066,93817.0046,Rabbit
67e1c4e0ca61a52a92a66bd2,1742849048,111693.4323,1742849066,93693.4323,Rabbit
67e1c4e0ca61a52a92a66bde,1742849048,111973.0268,1742849066,93973.0268,Rabbit
67e1c4e0ca61a52a92a66be6,1742849048,112281.5697,1742849066,94281.5697,Rabbit
67e1c4e0ca61a52a92a66be2,1742849048,112065.234,1742849066,94065.234,Rabbit
67e1c4e0ca61a52a92a66bee,1742849048,112377.2155,1742849066,94377.2155,Rabbit
67e1c4e0ca61a52a92a66bf6,1742849048,112623.742,1742849066,94623.742,Rabbit
67e1c4e0ca61a52a92a66bf2,1742849048,112530.9392,1742849066,94530.9392,Rabbit
67e1c4e0ca61a52a92a66bfe,1742849048,112808.9463,1742849066,94808.9463,Rabbit
67e1c4e0ca61a52a92a66c06,1742849048,113027.2494,1742849066,95027.2494,Rabbit
67e1c4e0ca61a52a92a66c02,1742849048,112963.5054,1742849066,94963.5054,Rabbit
67e1c4e0ca61a52a92a66c0e,1742849048,113149.5032,1742849066,95149.5032,Rabbit
67e1c4e0ca61a52a92a66c12,1742849048,113273.7367,1742849066,95273.7367,Rabbit
67e1c4e0ca61a52a92a66c1e,1742849048,113434.4124,1742849066,95434.4124,Rabbit
67e1c4e0ca61a52a92a66c26,1742849048,113506.9538,1742849066,95506.9538,Rabbit
67e1c4e0ca61a52a92a66c22,1742849048,113440.2651,1742849066,95440.2651,Rabbit
67e1c4e0ca61a52a92a66c2e,1742849048,113693.6641,1742849066,95693.6641,Rabbit
67e1c4e0ca61a52a92a66bce,1742849048,111630.2659,1742849066,93630.2659,Rabbit
67e1c4e0ca61a52a92a66af6,1742849048,105961.5014,1742849066,87961.5014,Rabbit
67e1c4e0ca61a52a92a66afe,1742849048,106087.786,1742849066,88087.786,Rabbit
67e1c4e0ca61a52a92a66b02,1742849048,106133.2684,1742849066,88133.2684,Rabbit
67e1c4e0ca61a52a92a66af2,1742849048,105873.7461,1742849066,87873.7461,Rabbit
67e1c4e0ca61a52a92a66b06,1742849048,106165.9049,1742849066,88165.9049,Rabbit
67e1c4e0ca61a52a92a66b0e,1742849048,106438.6084,1742849066,88438.6084,Rabbit
67e1c4e0ca61a52a92a66b16,1742849048,106516.7022,1742849066,88516.7022,Rabbit
67e1c4e0ca61a52a92a66b1e,1742849048,106704.4804,1742849066,88704.4804,Rabbit
67e1c4e0ca61a52a92a66b22,1742849048,106827.0574,1742849066,88827.0574,Rabbit
67e1c4e0ca61a52a92a66b12,1742849048,106452.5624,1742849066,88452.5624,Rabbit
67e1c4e0ca61a52a92a66b26,1742849048,106982.1642,1742849066,88982.1642,Rabbit
67e1c4e0ca61a52a92a66b2e,1742849048,107321.4213,1742849066,89321.4213,Rabbit
67e1c4e0ca61a52a92a66b36,1742849048,107507.2753,1742849066,89507.2753,Rabbit
67e1c4e0ca61a52a92a66b3e,1742849048,107879.2424,1742849066,89879.2424,Rabbit
67e1c4e0ca61a52a92a66b42,1742849048,108065.4015,1742849066,90065.4015,Rabbit
67e1c4e0ca61a52a92a66b32,1742849048,107357.6812,1742849066,89357.6812,Rabbit
67e1c4e0ca61a52a92a66b46,1742849048,108189.5109,1742849066,90189.5109,Rabbit
67e1c4e0ca61a52a92a66b4e,1742849048,108408.1244,1742849066,90408.1244,Rabbit
67e1c4e0ca61a52a92a66b56,1742849048,108563.5034,1742849066,90563.5034,Rabbit
67e1c4e0ca61a52a92a66b5e,1742849048,108840.569,1742849066,90840.569,Rabbit
67e1c4e0ca61a52a92a66b62,1742849048,108876.2067,1742849066,90876.2067,Rabbit
67e1c4e0ca61a52a92a66b52,1742849048,108501.9732,1742849066,90501.9732,Rabbit
67e1c4e0ca61a52a92a66b66,1742849048,108964.6192,1742849066,90964.6192,Rabbit
67e1c4e0ca61a52a92a66b6e,1742849048,109181.2454,1742849066,91181.2454,Rabbit
67e1c4e0ca61a52a92a66b76,1742849048,109367.6871,1742849066,91367.6871,Rabbit
67e1c4e0ca61a52a92a66b7e,1742849048,109708.0179,1742849066,91708.0179,Rabbit
67e1c4e0ca61a52a92a66b82,1742849048,109863.908,1742849066,91863.908,Rabbit
67e1c4e0ca61a52a92a66b72,1742849048,109214.4482,1742849066,91214.4482,Rabbit
67e1c4e0ca61a52a92a66b86,1742849048,109987.0462,1742849066,91987.0462,Rabbit
67e1c4e0ca61a52a92a66b8e,1742849048,110111.0586,1742849066,92111.0586,Rabbit
67e1c4e0ca61a52a92a66b96,1742849048,110389.9736,1742849066,92389.9736,Rabbit
67e1c4e0ca61a52a92a66b9e,1742849048,110518.8907,1742849066,92518.8907,Rabbit
67e1c4e0ca61a52a92a66ba2,1742849048,110576.1496,1742849066,92576.1496,Rabbit
67e1c4e0ca61a52a92a66b92,1742849048,110235.0164,1742849066,92235.0164,Rabbit
67e1c4e0ca61a52a92a66ba6,1742849048,110669.2279,1742849066,92669.2279,Rabbit
67e1c4e0ca61a52a92a66bae,1742849048,110763.0223,1742849066,92763.0223,Rabbit
67e1c4e0ca61a52a92a66bb6,1742849048,111010.3119,1742849066,93010.3119,Rabbit
67e1c4e0ca61a52a92a66bbe,1742849048,111134.2385,1742849066,93134.2385,Rabbit
67e1c4e0ca61a52a92a66bc2,1742849048,111290.0991,1742849066,93290.0991,Rabbit
67e1c4e0ca61a52a92a66bb2,1742849048,110824.146,1742849066,92824.146,Rabbit
67e1c4e0ca61a52a92a66bc6,1742849048,111382.299,1742849066,93382.299,Rabbit
67e1c4e0ca61a52a92a66af0,1742849048,105869.6069,1742849066,87869.6069,Rabbit
67e1c4e0ca61a52a92a66af1,1742849048,105871.6003,1742849066,87871.6003,Rabbit
67e1c4e0ca61a52a92a66af3,1742849048,105897.7533,1742849066,87897.7533,Rabbit
67e1c4e0ca61a52a92a66af4,1742849048,105928.9184,1742849066,87928.9184,Rabbit
67e1c4e0ca61a52a92a66af5,1742849048,105959.1796,1742849066,87959.1796,Rabbit
67e1c4e0ca61a52a92a66af7,1742849048,105992.0421,1742849066,87992.0421,Rabbit
67e1c4e0ca61a52a92a66af8,1742849048,105993.8297,1742849066,87993.8297,Rabbit
67e1c4e0ca61a52a92a66af9,1742849048,106020.8701,1742849066,88020.8701,Rabbit
67e1c4e0ca61a52a92a66afa,1742849048,106053.2325,1742849066,88053.2325,Rabbit
67e1c4e0ca61a52a92a66afb,1742849048,106054.7099,1742849066,88054.7099,Rabbit
67e1c4e0ca61a52a92a66afc,1742849048,106083.5995,1742849066,88083.5995,Rabbit
67e1c4e0ca61a52a92a66afd,1742849048,106085.842,1742849066,88085.842,Rabbit
67e1c4e0ca61a52a92a66aff,1742849048,106095.3453,1742849066,88095.3453,Rabbit
67e1c4e0ca61a52a92a66b00,1742849048,106129.9405,1742849066,88129.9405,Rabbit
67e1c4e0ca61a52a92a66b01,1742849048,106131.7483,1742849066,88131.7483,Rabbit
67e1c4e0ca61a52a92a66b03,1742849048,106160.5903,1742849066,88160.5903,Rabbit
67e1c4e0ca61a52a92a66b04,1742849048,106162.4976,1742849066,88162.4976,Rabbit
67e1c4e0ca61a52a92a66b05,1742849048,106164.2727,1742849066,88164.2727,Rabbit
67e1c4e0ca61a52a92a66b07,1742849048,106191.7117,1742849066,88191.7117,Rabbit
67e1c4e0ca61a52a92a66b08,1742849048,106223.2329,1742849066,88223.2329,Rabbit
67e1c4e0ca61a52a92a66b09,1742849048,106253.3506,1742849066,88253.3506,Rabbit
67e1c4e0ca61a52a92a66b0a,1742849048,106314.5294,1742849066,88314.5294,Rabbit
67e1c4e0ca61a52a92a66b0b,1742849048,106316.0511,1742849066,88316.0511,Rabbit
67e1c4e0ca61a52a92a66b0c,1742849048,106346.484,1742849066,88346.484,Rabbit
67e1c4e0ca61a52a92a66b0d,1742849048,106377.476,1742849066,88377.476,Rabbit
67e1c4e0ca61a52a92a66b0f,1742849048,106442.3207,1742849066,88442.3207,Rabbit
67e1c4e0ca61a52a92a66b10,1742849048,106445.3027,1742849066,88445.3027,Rabbit
67e1c4e0ca61a52a92a66b11,1742849048,106447.0041,1742849066,88447.0041,Rabbit
67e1c4e0ca61a52a92a66b13,1742849048,106455.3243,1742849066,88455.3243,Rabbit
67e1c4e0ca61a52a92a66b14,1742849048,106457.497,1742849066,88457.497,Rabbit
67e1c4e0ca61a52a92a66b15,1742849048,106485.8318,1742849066,88485.8318,Rabbit
67e1c4e0ca61a52a92a66b17,1742849048,106548.3152,1742849066,88548.3152,Rabbit
67e1c4e0ca61a52a92a66b18,1742849048,106609.0898,1742849066,88609.0898,Rabbit
67e1c4e0ca61a52a92a66b19,1742849048,106639.8838,1742849066,88639.8838,Rabbit
67e1c4e0ca61a52a92a66b1a,1742849048,106670.6552,1742849066,88670.6552,Rabbit
67e1c4e0ca61a52a92a66b1b,1742849048,106672.756,1742849066,88672.756,Rabbit
67e1c4e0ca61a52a92a66b1c,1742849048,106674.2638,1742849066,88674.2638,Rabbit
67e1c4e0ca61a52a92a66b1d,1742849048,106702.5432,1742849066,88702.5432,Rabbit
67e1c4e0ca61a52a92a66b1f,1742849048,106732.3746,1742849066,88732.3746,Rabbit
67e1c4e0ca61a52a92a66b20,1742849048,106794.3811,1742849066,88794.3811,Rabbit
67e1c4e0ca61a52a92a66b21,1742849048,106825.3197,1742849066,88825.3197,Rabbit
67e1c4e0ca61a52a92a66b23,1742849048,106887.2986,1742849066,88887.2986,Rabbit
67e1c4e0ca61a52a92a66b24,1742849048,106918.288,1742849066,88918.288,Rabbit
67e1c4e0ca61a52a92a66b25,1742849048,106980.2989,1742849066,88980.2989,Rabbit
67e1c4e0ca61a52a92a66b27,1742849048,107042.2726,1742849066,89042.2726,Rabbit
67e1c4e0ca61a52a92a66b28,1742849048,107074.2695,1742849066,89074.2695,Rabbit
67e1c4e0ca61a52a92a66b29,1742849048,107104.3253,1742849066,89104.3253,Rabbit
67e1c4e0ca61a52a92a66b2a,1742849048,107135.321,1742849066,89135.321,Rabbit
67e1c4e0ca61a52a92a66b2b,1742849048,107197.6493,1742849066,89197.6493,Rabbit
67e1c4e0ca61a52a92a66b2c,1742849048,107229.88,1742849066,89229.88,Rabbit
67e1c4e0ca61a52a92a66b2d,1742849048,107259.469,1742849066,89259.469,Rabbit
67e1c4e0ca61a52a92a66b2f,1742849048,107352.6459,1742849066,89352.6459,Rabbit
67e1c4e0ca61a52a92a66b30,1742849048,107354.4528,1742849066,89354.4528,Rabbit
67e1c4e0ca61a52a92a66b31,1742849048,107356.1767,1742849066,89356.1767,Rabbit
67e1c4e0ca61a52a92a66b33,1742849048,107384.2632,1742849066,89384.2632,Rabbit
67e1c4e0ca61a52a92a66b34,1742849048,107445.4483,1742849066,89445.4483,Rabbit
67e1c4e0ca61a52a92a66b35,1742849048,107479.2364,1742849066,89479.2364,Rabbit
67e1c4e0ca61a52a92a66b37,1742849048,107569.216,1742849066,89569.216,Rabbit
67e1c4e0ca61a52a92a66b38,1742849048,107601.5351,1742849066,89601.5351,Rabbit
67e1c4e0ca61a52a92a66b39,1742849048,107631.1636,1742849066,89631.1636,Rabbit
67e1c4e0ca61a52a92a66b3a,1742849048,107632.6916,1742849066,89632.6916,Rabbit
67e1c4e0ca61a52a92a66b3b,1742849048,107693.3452,1742849066,89693.3452,Rabbit
67e1c4e0ca61a52a92a66b3c,1742849048,107755.3355,1742849066,89755.3355,Rabbit
67e1c4e0ca61a52a92a66b3d,1742849048,107817.294,1742849066,89817.294,Rabbit
67e1c4e0ca61a52a92a66b3f,1742849048,107941.2306,1742849066,89941.2306,Rabbit
67e1c4e0ca61a52a92a66b40,1742849048,107972.3542,1742849066,89972.3542,Rabbit
67e1c4e0ca61a52a92a66b41,1742849048,108004.2195,1742849066,90004.2195,Rabbit
67e1c4e0ca61a52a92a66b43,1742849048,108066.9566,1742849066,90066.9566,Rabbit
67e1c4e0ca61a52a92a66b44,1742849048,108096.5574,1742849066,90096.5574,Rabbit
67e1c4e0ca61a52a92a66b45,1742849048,108127.3078,1742849066,90127.3078,Rabbit
67e1c4e0ca61a52a92a66b47,1742849048,108220.384,1742849066,90220.384,Rabbit
67e1c4e0ca61a52a92a66b48,1742849048,108282.3639,1742849066,90282.3639,Rabbit
67e1c4e0ca61a52a92a66b49,1742849048,108283.8884,1742849066,90283.8884,Rabbit
67e1c4e0ca61a52a92a66b4a,1742849048,108315.3188,1742849066,90315.3188,Rabbit
67e1c4e0ca61a52a92a66b4b,1742849048,108317.0724,1742849066,90317.0724,Rabbit
67e1c4e0ca61a52a92a66b4c,1742849048,108345.491,1742849066,90345.491,Rabbit
67e1c4e0ca61a52a92a66b4d,1742849048,108406.478,1742849066,90406.478,Rabbit
67e1c4e0ca61a52a92a66b4f,1742849048,108438.5238,1742849066,90438.5238,Rabbit
67e1c4e0ca61a52a92a66b50,1742849048,108469.4993,1742849066,90469.4993,Rabbit
67e1c4e0ca61a52a92a66b51,1742849048,108500.4231,1742849066,90500.4231,Rabbit
67e1c4e0ca61a52a92a66b53,1742849048,108531.6318,1742849066,90531.6318,Rabbit
67e1c4e0ca61a52a92a66b54,1742849048,108533.2659,1742849066,90533.2659,Rabbit
67e1c4e0ca61a52a92a66b55,1742849048,108561.944,1742849066,90561.944,Rabbit
67e1c4e0ca61a52a92a66b57,1742849048,108623.5464,1742849066,90623.5464,Rabbit
67e1c4e0ca61a52a92a66b58,1742849048,108655.5413,1742849066,90655.5413,Rabbit
67e1c4e0ca61a52a92a66b59,1742849048,108657.1399,1742849066,90657.1399,Rabbit
67e1c4e0ca61a52a92a66b5a,1742849048,108686.5257,1742849066,90686.5257,Rabbit
67e1c4e0ca61a52a92a66b5b,1742849048,108688.1597,1742849066,90688.1597,Rabbit
67e1c4e0ca61a52a92a66b5c,1742849048,108717.4813,1742849066,90717.4813,Rabbit
67e1c4e0ca61a52a92a66b5d,1742849048,108778.561,1742849066,90778.561,Rabbit
67e1c4e0ca61a52a92a66b5f,1742849048,108871.6316,1742849066,90871.6316,Rabbit
67e1c4e0ca61a52a92a66b60,1742849048,108873.3938,1742849066,90873.3938,Rabbit
67e1c4e0ca61a52a92a66b61,1742849048,108874.8214,1742849066,90874.8214,Rabbit
67e1c4e0ca61a52a92a66b63,1742849048,108877.6123,1742849066,90877.6123,Rabbit
67e1c4e0ca61a52a92a66b64,1742849048,108879.0087,1742849066,90879.0087,Rabbit
67e1c4e0ca61a52a92a66b65,1742849048,108903.5319,1742849066,90903.5319,Rabbit
67e1c4e0ca61a52a92a66b67,1742849048,109026.6535,1742849066,91026.6535,Rabbit
67e1c4e0ca61a52a92a66b68,1742849048,109028.3981,1742849066,91028.3981,Rabbit
67e1c4e0ca61a52a92a66b69,1742849048,109057.6427,1742849066,91057.6427,Rabbit
67e1c4e0ca61a52a92a66b6a,1742849048,109088.5866,1742849066,91088.5866,Rabbit
67e1c4e0ca61a52a92a66b6b,1742849048,109120.6698,1742849066,91120.6698,Rabbit
67e1c4e0ca61a52a92a66b6c,1742849048,109150.3013,1742849066,91150.3013,Rabbit
67e1c4e0ca61a52a92a66b6d,1742849048,109151.7963,1742849066,91151.7963,Rabbit
67e1c4e0ca61a52a92a66b6f,1742849048,109183.0532,1742849066,91183.0532,Rabbit
67e1c4e0ca61a52a92a66b70,1742849048,109184.5475,1742849066,91184.5475,Rabbit
67e1c4e0ca61a52a92a66b71,1742849048,109212.3971,1742849066,91212.3971,Rabbit
67e1c4e0ca61a52a92a66b73,1742849048,109274.0233,1742849066,91274.0233,Rabbit
67e1c4e0ca61a52a92a66b74,1742849048,109275.633,1742849066,91275.633,Rabbit
67e1c4e0ca61a52a92a66b75,1742849048,109336.1083,1742849066,91336.1083,Rabbit
67e1c4e0ca61a52a92a66b77,1742849048,109428.956,1742849066,91428.956,Rabbit
67e1c4e0ca61a52a92a66b78,1742849048,109491.2963,1742849066,91491.2963,Rabbit
67e1c4e0ca61a52a92a66b79,1742849048,109584.2109,1742849066,91584.2109,Rabbit
67e1c4e0ca61a52a92a66b7a,1742849048,109615.0005,1742849066,91615.0005,Rabbit
67e1c4e0ca61a52a92a66b7b,1742849048,109616.7638,1742849066,91616.7638,Rabbit
67e1c4e0ca61a52a92a66b7c,1742849048,109646.71,1742849066,91646.71,Rabbit
67e1c4e0ca61a52a92a66b7d,1742849048,109648.1985,1742849066,91648.1985,Rabbit
67e1c4e0ca61a52a92a66b7f,1742849048,109738.9712,1742849066,91738.9712,Rabbit
67e1c4e0ca61a52a92a66b80,1742849048,109769.9699,1742849066,91769.9699,Rabbit
67e1c4e0ca61a52a92a66b81,1742849048,109832.008,1742849066,91832.008,Rabbit
67e1c4e0ca61a52a92a66b83,1742849048,109894.846,1742849066,91894.846,Rabbit
67e1c4e0ca61a52a92a66b84,1742849048,109896.3096,1742849066,91896.3096,Rabbit
67e1c4e0ca61a52a92a66b85,1742849048,109925.9458,1742849066,91925.9458,Rabbit
67e1c4e0ca61a52a92a66b87,1742849048,109988.6144,1742849066,91988.6144,Rabbit
67e1c4e0ca61a52a92a66b88,1742849048,109990.0779,1742849066,91990.0779,Rabbit
67e1c4e0ca61a52a92a66b89,1742849048,109991.5087,1742849066,91991.5087,Rabbit
67e1c4e0ca61a52a92a66b8a,1742849048,109992.9183,1742849066,91992.9183,Rabbit
67e1c4e0ca61a52a92a66b8b,1742849048,109994.3354,1742849066,91994.3354,Rabbit
67e1c4e0ca61a52a92a66b8c,1742849048,110017.9954,1742849066,92017.9954,Rabbit
67e1c4e0ca61a52a92a66b8d,1742849048,110080.3484,1742849066,92080.3484,Rabbit
67e1c4e0ca61a52a92a66b8f,1742849048,110141.9819,1742849066,92141.9819,Rabbit
67e1c4e0ca61a52a92a66b90,1742849048,110173.0084,1742849066,92173.0084,Rabbit
67e1c4e0ca61a52a92a66b91,1742849048,110204.0694,1742849066,92204.0694,Rabbit
67e1c4e0ca61a52a92a66b93,1742849048,110296.996,1742849066,92296.996,Rabbit
67e1c4e0ca61a52a92a66b94,1742849048,110298.6497,1742849066,92298.6497,Rabbit
67e1c4e0ca61a52a92a66b95,1742849048,110328.926,1742849066,92328.926,Rabbit
67e1c4e0ca61a52a92a66b97,1742849048,110421.8188,1742849066,92421.8188,Rabbit
67e1c4e0ca61a52a92a66b98,1742849048,110453.2295,1742849066,92453.2295,Rabbit
67e1c4e0ca61a52a92a66b99,1742849048,110454.886,1742849066,92454.886,Rabbit
67e1c4e0ca61a52a92a66b9a,1742849048,110456.4086,1742849066,92456.4086,Rabbit
67e1c4e0ca61a52a92a66b9b,1742849048,110483.1184,1742849066,92483.1184,Rabbit
67e1c4e0ca61a52a92a66b9c,1742849048,110515.0695,1742849066,92515.0695,Rabbit
67e1c4e0ca61a52a92a66b9d,1742849048,110517.1647,1742849066,92517.1647,Rabbit
67e1c4e0ca61a52a92a66b9f,1742849048,110520.4625,1742849066,92520.4625,Rabbit
67e1c4e0ca61a52a92a66ba0,1742849048,110545.2248,1742849066,92545.2248,Rabbit
67e1c4e0ca61a52a92a66ba1,1742849048,110547.2232,1742849066,92547.2232,Rabbit
67e1c4e0ca61a52a92a66ba3,1742849048,110577.8304,1742849066,92577.8304,Rabbit
67e1c4e0ca61a52a92a66ba4,1742849048,110607.1381,1742849066,92607.1381,Rabbit
67e1c4e0ca61a52a92a66ba5,1742849048,110638.1804,1742849066,92638.1804,Rabbit
67e1c4e0ca61a52a92a66ba7,1742849048,110670.845,1742849066,92670.845,Rabbit
67e1c4e0ca61a52a92a66ba8,1742849048,110672.8287,1742849066,92672.8287,Rabbit
67e1c4e0ca61a52a92a66ba9,1742849048,110700.0898,1742849066,92700.0898,Rabbit
67e1c4e0ca61a52a92a66baa,1742849048,110701.634,1742849066,92701.634,Rabbit
67e1c4e0ca61a52a92a66bab,1742849048,110703.191,1742849066,92703.191,Rabbit
67e1c4e0ca61a52a92a66bac,1742849048,110704.7096,1742849066,92704.7096,Rabbit
67e1c4e0ca61a52a92a66bad,1742849048,110731.2257,1742849066,92731.2257,Rabbit
67e1c4e0ca61a52a92a66baf,1742849048,110794.1331,1742849066,92794.1331,Rabbit
67e1c4e0ca61a52a92a66bb0,1742849048,110795.6508,1742849066,92795.6508,Rabbit
67e1c4e0ca61a52a92a66bb1,1742849048,110797.072,1742849066,92797.072,Rabbit
67e1c4e0ca61a52a92a66bb3,1742849048,110856.7227,1742849066,92856.7227,Rabbit
67e1c4e0ca61a52a92a66bb4,1742849048,110919.1376,1742849066,92919.1376,Rabbit
67e1c4e0ca61a52a92a66bb5,1742849048,110979.3069,1742849066,92979.3069,Rabbit
67e1c4e0ca61a52a92a66bb7,1742849048,111012.1397,1742849066,93012.1397,Rabbit
67e1c4e0ca61a52a92a66bb8,1742849048,111041.2589,1742849066,93041.2589,Rabbit
67e1c4e0ca61a52a92a66bb9,1742849048,111073.1648,1742849066,93073.1648,Rabbit
67e1c4e0ca61a52a92a66bba,1742849048,111074.6488,1742849066,93074.6488,Rabbit
67e1c4e0ca61a52a92a66bbb,1742849048,111076.3791,1742849066,93076.3791,Rabbit
67e1c4e0ca61a52a92a66bbc,1742849048,111078.0191,1742849066,93078.0191,Rabbit
67e1c4e0ca61a52a92a66bbd,1742849048,111104.0423,1742849066,93104.0423,Rabbit
67e1c4e0ca61a52a92a66bbf,1742849048,111196.2516,1742849066,93196.2516,Rabbit
67e1c4e0ca61a52a92a66bc0,1742849048,111197.9217,1742849066,93197.9217,Rabbit
67e1c4e0ca61a52a92a66bc1,1742849048,111258.4963,1742849066,93258.4963,Rabbit
67e1c4e0ca61a52a92a66bc3,1742849048,111291.5806,1742849066,93291.5806,Rabbit
67e1c4e0ca61a52a92a66bc4,1742849048,111321.4805,1742849066,93321.4805,Rabbit
67e1c4e0ca61a52a92a66bc5,1742849048,111351.5585,1742849066,93351.5585,Rabbit
67e1c4e0ca61a52a92a66bc7,1742849048,111383.663,1742849066,93383.663,Rabbit
67e1c4e0ca61a52a92a66bc8,1742849048,111444.3614,1742849066,93444.3614,Rabbit
67e1c4e0ca61a52a92a66bc9,1742849048,111445.926,1742849066,93445.926,Rabbit
67e1c4e0ca61a52a92a66bca,1742849048,111506.337,1742849066,93506.337,Rabbit
67e1c4e0ca61a52a92a66bcb,1742849048,111537.3168,1742849066,93537.3168,Rabbit
67e1c4e0ca61a52a92a66bcc,1742849048,111568.2606,1742849066,93568.2606,Rabbit
67e1c4e0ca61a52a92a66bcd,1742849048,111600.1059,1742849066,93600.1059,Rabbit
67e1c4e0ca61a52a92a66bcf,1742849048,111631.9219,1742849066,93631.9219,Rabbit
67e1c4e0ca61a52a92a66bd0,1742849048,111662.499,1742849066,93662.499,Rabbit
67e1c4e0ca61a52a92a66bd1,1742849048,111664.4871,1742849066,93664.4871,Rabbit
67e1c4e0ca61a52a92a66bd3,1742849048,111754.2785,1742849066,93754.2785,Rabbit
67e1c4e0ca61a52a92a66bd4,1742849048,111786.1446,1742849066,93786.1446,Rabbit
67e1c4e0ca61a52a92a66bd5,1742849048,111787.7268,1742849066,93787.7268,Rabbit
67e1c4e0ca61a52a92a66bd7,1742849048,111848.8729,1742849066,93848.8729,Rabbit
67e1c4e0ca61a52a92a66bd8,1742849048,111878.3405,1742849066,93878.3405,Rabbit
67e1c4e0ca61a52a92a66bd9,1742849048,111910.1761,1742849066,93910.1761,Rabbit
67e1c4e0ca61a52a92a66bda,1742849048,111912.5333,1742849066,93912.5333,Rabbit
67e1c4e0ca61a52a92a66bdb,1742849048,111942.5743,1742849066,93942.5743,Rabbit
67e1c4e0ca61a52a92a66bdc,1742849048,111945.2114,1742849066,93945.2114,Rabbit
67e1c4e0ca61a52a92a66bdd,1742849048,111971.3309,1742849066,93971.3309,Rabbit
67e1c4e0ca61a52a92a66bdf,1742849048,111974.6584,1742849066,93974.6584,Rabbit
67e1c4e0ca61a52a92a66be0,1742849048,112003.8056,1742849066,94003.8056,Rabbit
67e1c4e0ca61a52a92a66be1,1742849048,112033.288,1742849066,94033.288,Rabbit
67e1c4e0ca61a52a92a66be3,1742849048,112095.293,1742849066,94095.293,Rabbit
67e1c4e0ca61a52a92a66be4,1742849048,112157.2379,1742849066,94157.2379,Rabbit
67e1c4e0ca61a52a92a66be5,1742849048,112219.2816,1742849066,94219.2816,Rabbit
67e1c4e0ca61a52a92a66be7,1742849048,112283.5432,1742849066,94283.5432,Rabbit
67e1c4e0ca61a52a92a66be8,1742849048,112313.2883,1742849066,94313.2883,Rabbit
67e1c4e0ca61a52a92a66be9,1742849048,112314.9841,1742849066,94314.9841,Rabbit
67e1c4e0ca61a52a92a66bea,1742849048,112343.3548,1742849066,94343.3548,Rabbit
67e1c4e0ca61a52a92a66beb,1742849048,112344.8719,1742849066,94344.8719,Rabbit
67e1c4e0ca61a52a92a66bec,1742849048,112346.296,1742849066,94346.296,Rabbit
67e1c4e0ca61a52a92a66bed,1742849048,112375.4923,1742849066,94375.4923,Rabbit
67e1c4e0ca61a52a92a66bef,1742849048,112436.5782,1742849066,94436.5782,Rabbit
67e1c4e0ca61a52a92a66bf0,1742849048,112467.5193,1742849066,94467.5193,Rabbit
67e1c4e0ca61a52a92a66bf1,1742849048,112529.3495,1742849066,94529.3495,Rabbit
67e1c4e0ca61a52a92a66bf3,1742849048,112532.752,1742849066,94532.752,Rabbit
67e1c4e0ca61a52a92a66bf4,1742849048,112560.366,1742849066,94560.366,Rabbit
67e1c4e0ca61a52a92a66bf5,1742849048,112622.31,1742849066,94622.31,Rabbit
67e1c4e0ca61a52a92a66bf7,1742849048,112625.4446,1742849066,94625.4446,Rabbit
67e1c4e0ca61a52a92a66bf8,1742849048,112654.7547,1742849066,94654.7547,Rabbit
67e1c4e0ca61a52a92a66bf9,1742849048,112656.5155,1742849066,94656.5155,Rabbit
67e1c4e0ca61a52a92a66bfa,1742849048,112658.3357,1742849066,94658.3357,Rabbit
67e1c4e0ca61a52a92a66bfb,1742849048,112686.685,1742849066,94686.685,Rabbit
67e1c4e0ca61a52a92a66bfc,1742849048,112716.2196,1742849066,94716.2196,Rabbit
67e1c4e0ca61a52a92a66bfd,1742849048,112777.6341,1742849066,94777.6341,Rabbit
67e1c4e0ca61a52a92a66bff,1742849048,112840.996,1742849066,94840.996,Rabbit
67e1c4e0ca61a52a92a66c00,1742849048,112870.7391,1742849066,94870.7391,Rabbit
67e1c4e0ca61a52a92a66c01,1742849048,112901.9589,1742849066,94901.9589,Rabbit
67e1c4e0ca61a52a92a66c03,1742849048,112965.2601,1742849066,94965.2601,Rabbit
67e1c4e0ca61a52a92a66c04,1742849048,112966.7598,1742849066,94966.7598,Rabbit
67e1c4e0ca61a52a92a66c05,1742849048,113025.5618,1742849066,95025.5618,Rabbit
67e1c4e0ca61a52a92a66c07,1742849048,113057.5471,1742849066,95057.5471,Rabbit
67e1c4e0ca61a52a92a66c08,1742849048,113088.6993,1742849066,95088.6993,Rabbit
67e1c4e0ca61a52a92a66c09,1742849048,113090.4556,1742849066,95090.4556,Rabbit
67e1c4e0ca61a52a92a66c0a,1742849048,113092.0019,1742849066,95092.0019,Rabbit
67e1c4e0ca61a52a92a66c0b,1742849048,113118.9357,1742849066,95118.9357,Rabbit
67e1c4e0ca61a52a92a66c0c,1742849048,113121.5018,1742849066,95121.5018,Rabbit
67e1c4e0ca61a52a92a66c0d,1742849048,113123.3473,1742849066,95123.3473,Rabbit
67e1c4e0ca61a52a92a66c0f,1742849048,113151.1392,1742849066,95151.1392,Rabbit
67e1c4e0ca61a52a92a66c10,1742849048,113180.5356,1742849066,95180.5356,Rabbit
67e1c4e0ca61a52a92a66c11,1742849048,113212.2895,1742849066,95212.2895,Rabbit
67e1c4e0ca61a52a92a66c13,1742849048,113304.4737,1742849066,95304.4737,Rabbit
67e1c4e0ca61a52a92a66c14,1742849048,113335.8273,1742849066,95335.8273,Rabbit
67e1c4e0ca61a52a92a66c15,1742849048,113338.7515,1742849066,95338.7515,Rabbit
67e1c4e0ca61a52a92a66c16,1742849048,113341.0297,1742849066,95341.0297,Rabbit
67e1c4e0ca61a52a92a66c17,1742849048,113367.8133,1742849066,95367.8133,Rabbit
67e1c4e0ca61a52a92a66c18,1742849048,113370.5542,1742849066,95370.5542,Rabbit
67e1c4e0ca61a52a92a66c19,1742849048,113372.9664,1742849066,95372.9664,Rabbit
67e1c4e0ca61a52a92a66c1a,1742849048,113374.6837,1742849066,95374.6837,Rabbit
67e1c4e0ca61a52a92a66c1b,1742849048,113428.5602,1742849066,95428.5602,Rabbit
67e1c4e0ca61a52a92a66c1c,1742849048,113430.5988,1742849066,95430.5988,Rabbit
67e1c4e0ca61a52a92a66c1d,1742849048,113432.7617,1742849066,95432.7617,Rabbit
67e1c4e0ca61a52a92a66c1f,1742849048,113435.9039,1742849066,95435.9039,Rabbit
67e1c4e0ca61a52a92a66c20,1742849048,113437.3628,1742849066,95437.3628,Rabbit
67e1c4e0ca61a52a92a66c21,1742849048,113438.8245,1742849066,95438.8245,Rabbit
67e1c4e0ca61a52a92a66c23,1742849048,113442.2003,1742849066,95442.2003,Rabbit
67e1c4e0ca61a52a92a66c24,1742849048,113443.7921,1742849066,95443.7921,Rabbit
67e1c4e0ca61a52a92a66c25,1742849048,113475.0409,1742849066,95475.0409,Rabbit
67e1c4e0ca61a52a92a66c27,1742849048,113568.001,1742849066,95568.001,Rabbit
67e1c4e0ca61a52a92a66c28,1742849048,113600.1452,1742849066,95600.1452,Rabbit
67e1c4e0ca61a52a92a66c29,1742849048,113601.758,1742849066,95601.758,Rabbit
67e1c4e0ca61a52a92a66c2a,1742849048,113631.7977,1742849066,95631.7977,Rabbit
67e1c4e0ca61a52a92a66c2b,1742849048,113633.5038,1742849066,95633.5038,Rabbit
67e1c4e0ca61a52a92a66c2c,1742849048,113635.1079,1742849066,95635.1079,Rabbit
67e1c4e0ca61a52a92a66c2d,1742849048,113692.0344,1742849066,95692.0344,Rabbit
67e1c4e0ca61a52a92a66c2f,1742849048,113723.1844,1742849066,95723.1844,Rabbit
67e1c4e0ca61a52a92a66c30,1742849048,113725.2882,1742849066,95725.2882,Rabbit
67e1c4e0ca61a52a92a66c31,1742849048,113727.1509,1742849066,95727.1509,Rabbit
67e1c4e0ca61a52a92a66c33,1742849048,113786.3949,1742849066,95786.3949,Rabbit
67e1c4e0ca61a52a92a66c34,1742849048,113847.329,1742849066,95847.329,Rabbit
67e1c4e0ca61a52a92a66c35,1742849048,113850.4466,1742849066,95850.4466,Rabbit
67e1c4e0ca61a52a92a66c37,1742849048,113878.16,1742849066,95878.16,Rabbit
67e1c4e0ca61a52a92a66c38,1742849048,113879.999,1742849066,95879.999,Rabbit
67e1c4e0ca61a52a92a66c39,1742849048,113881.8469,1742849066,95881.8469,Rabbit
67e1c4e0ca61a52a92a66c3a,1742849048,113909.0819,1742849066,95909.0819,Rabbit
67e1c4e0ca61a52a92a66c3b,1742849048,113971.1014,1742849066,95971.1014,Rabbit
67e1c4e0ca61a52a92a66c3c,1742849048,114033.1131,1742849066,96033.1131,Rabbit
67e1c4e0ca61a52a92a66c3d,1742849048,114095.1898,1742849066,96095.1898,Rabbit
67e1c4e0ca61a52a92a66c3f,1742849048,114128.9267,1742849066,96128.9267,Rabbit
67e1c4e0ca61a52a92a66c40,1742849048,114157.1952,1742849066,96157.1952,Rabbit
67e1c4e0ca61a52a92a66c41,1742849048,114188.2529,1742849066,96188.2529,Rabbit
67e1c4e0ca61a52a92a66c43,1742849048,114220.902,1742849066,96220.902,Rabbit
67e1c4e0ca61a52a92a66c44,1742849048,114222.4139,1742849066,96222.4139,Rabbit
67e1c4e0ca61a52a92a66c45,1742849048,114250.1815,1742849066,96250.1815,Rabbit
67e1c4e0ca61a52a92a66c47,1742849048,114253.4305,1742849066,96253.4305,Rabbit
67e1c4e0ca61a52a92a66c48,1742849048,114254.927,1742849066,96254.927,Rabbit
67e1c4e0ca61a52a92a66c49,1742849048,114256.4757,1742849066,96256.4757,Rabbit
67e1c4e0ca61a52a92a66c4a,1742849048,114258.1226,1742849066,96258.1226,Rabbit
67e1c4e0ca61a52a92a66c4b,1742849048,114312.166,1742849066,96312.166,Rabbit
67e1c4e0ca61a52a92a66c4c,1742849048,114343.3015,1742849066,96343.3015,Rabbit
67e1c4e0ca61a52a92a66c4d,1742849048,114405.2474,1742849066,96405.2474,Rabbit
67e1c4e0ca61a52a92a66c4f,1742849048,114469.1659,1742849066,96469.1659,Rabbit
67e1c4e0ca61a52a92a66c50,1742849048,114499.6887,1742849066,96499.6887,Rabbit
67e1c4e0ca61a52a92a66c51,1742849048,114530.1515,1742849066,96530.1515,Rabbit
67e1c4e0ca61a52a92a66c53,1742849048,114623.2357,1742849066,96623.2357,Rabbit
67e1c4e0ca61a52a92a66c54,1742849048,114653.2694,1742849066,96653.2694,Rabbit
67e1c4e0ca61a52a92a66c55,1742849048,114686.4312,1742849066,96686.4312,Rabbit
67e1c4e0ca61a52a92a66c57,1742849048,114746.3119,1742849066,96746.3119,Rabbit
67e1c4e0ca61a52a92a66c58,1742849048,114779.4708,1742849066,96779.4708,Rabbit
67e1c4e0ca61a52a92a66c59,1742849048,114807.9545,1742849066,96807.9545,Rabbit
67e1c4e0ca61a52a92a66c5a,1742849048,114842.327,1742849066,96842.327,Rabbit
67e1c4e0ca61a52a92a66c5b,1742849048,114844.1411,1742849066,96844.1411,Rabbit
67e1c4e0ca61a52a92a66c5c,1742849048,114845.5652,1742849066,96845.5652,Rabbit
67e1c4e0ca61a52a92a66c5d,1742849048,114869.9784,1742849066,96869.9784,Rabbit
67e1c4e0ca61a52a92a66c5e,1742849048,114871.4952,1742849066,96871.4952,Rabbit
67e1c4e0ca61a52a92a66c5f,1742849048,114873.0165,1742849066,96873.0165,Rabbit
67e1c4e0ca61a52a92a66c60,1742849048,114900.9636,1742849066,96900.9636,Rabbit
67e1c4e0ca61a52a92a66c61,1742849048,114962.9331,1742849066,96962.9331,Rabbit
67e1c4e0ca61a52a92a66c62,1742849048,114995.3981,1742849066,96995.3981,Rabbit
67e1c4e0ca61a52a92a66c63,1742849048,115026.2256,1742849066,97026.2256,Rabbit
67e1c4e0ca61a52a92a66c64,1742849048,115087.0593,1742849066,97087.0593,Rabbit
67e1c4e0ca61a52a92a66c65,1742849048,115149.4711,1742849066,97149.4711,Rabbit
67e1c4e0ca61a52a92a66c66,1742849048,115180.0994,1742849066,97180.0994,Rabbit
67e1c4e0ca61a52a92a66c36,1742849048,113853.208,1742849066,95853.208,Rabbit
67e1c4e0ca61a52a92a66c3e,1742849048,114126.3323,1742849066,96126.3323,Rabbit
67e1c4e0ca61a52a92a66c42,1742849048,114219.2506,1742849066,96219.2506,Rabbit
67e1c4e0ca61a52a92a66c32,1742849048,113754.888,1742849066,95754.888,Rabbit
67e1c4e0ca61a52a92a66c4e,1742849048,114467.2879,1742849066,96467.2879,Rabbit
67e1c4e0ca61a52a92a66c46,1742849048,114251.8676,1742849066,96251.8676,Rabbit
67e1c4e0ca61a52a92a66c52,1742849048,114591.2804,1742849066,96591.2804,Rabbit
67e1c4e0ca61a52a92a66c56,1742849048,114688.1959,1742849066,96688.1959,Rabbit
67e1c4e0ca61a52a92a66a36,1742849048,102863.134,1742849065,85863.134,Rabbit
67e1c4e0ca61a52a92a66a3e,1742849048,103015.259,1742849065,86015.259,Rabbit
67e1c4e0ca61a52a92a66a42,1742849048,103112.9315,1742849065,86112.9315,Rabbit
67e1c4e0ca61a52a92a66a46,1742849048,103232.7702,1742849065,86232.7702,Rabbit
67e1c4e0ca61a52a92a66a4e,1742849048,103418.0749,1742849065,86418.0749,Rabbit
67e1c4e0ca61a52a92a66a56,1742849048,103666.7275,1742849065,86666.7275,Rabbit
67e1c4e0ca61a52a92a66a5e,1742849048,103830.7365,1742849065,86830.7365,Rabbit
67e1c4e0ca61a52a92a66a62,1742849048,103868.5351,1742849065,86868.5351,Rabbit
67e1c4e0ca61a52a92a66a52,1742849048,103542.3324,1742849065,86542.3324,Rabbit
67e1c4e0ca61a52a92a66a66,1742849048,103899.6173,1742849065,86899.6173,Rabbit
67e1c4e0ca61a52a92a66a6e,1742849048,103975.4485,1742849065,86975.4485,Rabbit
67e1c4e0ca61a52a92a66a76,1742849048,104132.0662,1742849065,87132.0662,Rabbit
67e1c4e0ca61a52a92a66a7e,1742849048,104199.387,1742849065,87199.387,Rabbit
67e1c4e0ca61a52a92a66a82,1742849048,104410.4684,1742849065,87410.4684,Rabbit
67e1c4e0ca61a52a92a66a72,1742849048,104007.792,1742849065,87007.792,Rabbit
67e1c4e0ca61a52a92a66a86,1742849048,104419.2962,1742849065,87419.2962,Rabbit
67e1c4e0ca61a52a92a66a8e,1742849048,104519.2714,1742849065,87519.2714,Rabbit
67e1c4e0ca61a52a92a66a96,1742849048,104622.5394,1742849065,87622.5394,Rabbit
67e1c4e0ca61a52a92a66a9e,1742849048,104637.2936,1742849065,87637.2936,Rabbit
67e1c4e0ca61a52a92a66aa2,1742849048,104705.5434,1742849065,87705.5434,Rabbit
67e1c4e0ca61a52a92a66a92,1742849048,104613.3255,1742849065,87613.3255,Rabbit
67e1c4e0ca61a52a92a66aa6,1742849048,104828.618,1742849065,87828.618,Rabbit
67e1c4e0ca61a52a92a66aae,1742849048,104908.5037,1742849065,87908.5037,Rabbit
67e1c4e0ca61a52a92a66ab6,1742849048,105033.9878,1742849065,88033.9878,Rabbit
67e1c4e0ca61a52a92a66abe,1742849048,105073.3206,1742849065,88073.3206,Rabbit
67e1c4e0ca61a52a92a66ac2,1742849048,105080.3922,1742849065,88080.3922,Rabbit
67e1c4e0ca61a52a92a66ab2,1742849048,104998.9651,1742849065,87998.9651,Rabbit
67e1c4e0ca61a52a92a66ac6,1742849048,105111.4372,1742849065,88111.4372,Rabbit
67e1c4e0ca61a52a92a66ace,1742849048,105200.3256,1742849065,88200.3256,Rabbit
67e1c4e0ca61a52a92a66ad6,1742849048,105213.977,1742849065,88213.977,Rabbit
67e1c4e0ca61a52a92a66ade,1742849048,105355.0181,1742849065,88355.0181,Rabbit
67e1c4e0ca61a52a92a66ae2,1742849048,105451.9733,1742849065,88451.9733,Rabbit
67e1c4e0ca61a52a92a66ad2,1742849048,105207.2062,1742849065,88207.2062,Rabbit
67e1c4e0ca61a52a92a66ae6,1742849048,105602.9143,1742849065,88602.9143,Rabbit
67e1c4e0ca61a52a92a669ea,1742849048,101000.9114,1742849065,84000.9114,Rabbit
67e1c4e0ca61a52a92a669ee,1742849048,101062.5863,1742849065,84062.5863,Rabbit
67e1c4e0ca61a52a92a669f2,1742849048,101127.5521,1742849065,84127.5521,Rabbit
67e1c4e0ca61a52a92a669f6,1742849048,101219.3531,1742849065,84219.3531,Rabbit
67e1c4e0ca61a52a92a669fe,1742849048,101405.3304,1742849065,84405.3304,Rabbit
67e1c4e0ca61a52a92a66a02,1742849048,101496.6948,1742849065,84496.6948,Rabbit
67e1c4e0ca61a52a92a66a06,1742849048,101591.1592,1742849065,84591.1592,Rabbit
67e1c4e0ca61a52a92a66a0e,1742849048,101899.6285,1742849065,84899.6285,Rabbit
67e1c4e0ca61a52a92a66a12,1742849048,102054.4433,1742849065,85054.4433,Rabbit
67e1c4e0ca61a52a92a66a16,1742849048,102178.4991,1742849065,85178.4991,Rabbit
67e1c4e0ca61a52a92a66a1e,1742849048,102399.7615,1742849065,85399.7615,Rabbit
67e1c4e0ca61a52a92a66a22,1742849048,102426.5217,1742849065,85426.5217,Rabbit
67e1c4e0ca61a52a92a66a2e,1742849048,102649.2763,1742849065,85649.2763,Rabbit
67e1c4e0ca61a52a92a66a32,1742849048,102767.1065,1742849065,85767.1065,Rabbit
67e1c4e0ca61a52a92a66a26,1742849048,102519.4585,1742849065,85519.4585,Rabbit
67e1c4e0ca61a52a92a669e7,1742849048,100965.0105,1742849065,83965.0105,Rabbit
67e1c4e0ca61a52a92a669e8,1742849048,100966.434,1742849065,83966.434,Rabbit
67e1c4e0ca61a52a92a669e9,1742849048,100967.8044,1742849065,83967.8044,Rabbit
67e1c4e0ca61a52a92a669eb,1742849048,101033.3228,1742849065,84033.3228,Rabbit
67e1c4e0ca61a52a92a669ec,1742849048,101035.1285,1742849065,84035.1285,Rabbit
67e1c4e0ca61a52a92a669ed,1742849048,101036.6259,1742849065,84036.6259,Rabbit
67e1c4e0ca61a52a92a669ef,1742849048,101094.414,1742849065,84094.414,Rabbit
67e1c4e0ca61a52a92a669f0,1742849048,101124.4806,1742849065,84124.4806,Rabbit
67e1c4e0ca61a52a92a669f1,1742849048,101126.0035,1742849065,84126.0035,Rabbit
67e1c4e0ca61a52a92a669f3,1742849048,101129.0545,1742849065,84129.0545,Rabbit
67e1c4e0ca61a52a92a669f4,1742849048,101156.4147,1742849065,84156.4147,Rabbit
67e1c4e0ca61a52a92a669f5,1742849048,101186.6528,1742849065,84186.6528,Rabbit
67e1c4e0ca61a52a92a669f7,1742849048,101221.0144,1742849065,84221.0144,Rabbit
67e1c4e0ca61a52a92a669f8,1742849048,101222.5253,1742849065,84222.5253,Rabbit
67e1c4e0ca61a52a92a669f9,1742849048,101224.2206,1742849065,84224.2206,Rabbit
67e1c4e0ca61a52a92a669fa,1742849048,101279.6337,1742849065,84279.6337,Rabbit
67e1c4e0ca61a52a92a669fb,1742849048,101312.4492,1742849065,84312.4492,Rabbit
67e1c4e0ca61a52a92a669fc,1742849048,101342.4136,1742849065,84342.4136,Rabbit
67e1c4e0ca61a52a92a669fd,1742849048,101403.6161,1742849065,84403.6161,Rabbit
67e1c4e0ca61a52a92a669ff,1742849048,101434.8265,1742849065,84434.8265,Rabbit
67e1c4e0ca61a52a92a66a00,1742849048,101436.3893,1742849065,84436.3893,Rabbit
67e1c4e0ca61a52a92a66a01,1742849048,101465.6384,1742849065,84465.6384,Rabbit
67e1c4e0ca61a52a92a66a03,1742849048,101527.6107,1742849065,84527.6107,Rabbit
67e1c4e0ca61a52a92a66a04,1742849048,101560.1609,1742849065,84560.1609,Rabbit
67e1c4e0ca61a52a92a66a05,1742849048,101589.4648,1742849065,84589.4648,Rabbit
67e1c4e0ca61a52a92a66a07,1742849048,101620.7115,1742849065,84620.7115,Rabbit
67e1c4e0ca61a52a92a66a08,1742849048,101651.9688,1742849065,84651.9688,Rabbit
67e1c4e0ca61a52a92a66a09,1742849048,101683.9673,1742849065,84683.9673,Rabbit
67e1c4e0ca61a52a92a66a0a,1742849048,101714.3474,1742849065,84714.3474,Rabbit
67e1c4e0ca61a52a92a66a0b,1742849048,101745.1814,1742849065,84745.1814,Rabbit
67e1c4e0ca61a52a92a66a0c,1742849048,101806.4598,1742849065,84806.4598,Rabbit
67e1c4e0ca61a52a92a66a0d,1742849048,101868.4405,1742849065,84868.4405,Rabbit
67e1c4e0ca61a52a92a66a0f,1742849048,101931.1965,1742849065,84931.1965,Rabbit
67e1c4e0ca61a52a92a66a10,1742849048,101962.5349,1742849065,84962.5349,Rabbit
67e1c4e0ca61a52a92a66a11,1742849048,102023.488,1742849065,85023.488,Rabbit
67e1c4e0ca61a52a92a66a13,1742849048,102056.0476,1742849065,85056.0476,Rabbit
67e1c4e0ca61a52a92a66a14,1742849048,102085.4622,1742849065,85085.4622,Rabbit
67e1c4e0ca61a52a92a66a15,1742849048,102147.4646,1742849065,85147.4646,Rabbit
67e1c4e0ca61a52a92a66a17,1742849048,102209.4198,1742849065,85209.4198,Rabbit
67e1c4e0ca61a52a92a66a18,1742849048,102271.4521,1742849065,85271.4521,Rabbit
67e1c4e0ca61a52a92a66a19,1742849048,102333.4506,1742849065,85333.4506,Rabbit
67e1c4e0ca61a52a92a66a1a,1742849048,102335.2706,1742849065,85335.2706,Rabbit
67e1c4e0ca61a52a92a66a1b,1742849048,102364.6355,1742849065,85364.6355,Rabbit
67e1c4e0ca61a52a92a66a1c,1742849048,102396.4467,1742849065,85396.4467,Rabbit
67e1c4e0ca61a52a92a66a1d,1742849048,102398.1962,1742849065,85398.1962,Rabbit
67e1c4e0ca61a52a92a66a1f,1742849048,102401.3537,1742849065,85401.3537,Rabbit
67e1c4e0ca61a52a92a66a20,1742849048,102403.0324,1742849065,85403.0324,Rabbit
67e1c4e0ca61a52a92a66a21,1742849048,102404.5126,1742849065,85404.5126,Rabbit
67e1c4e0ca61a52a92a66a23,1742849048,102457.481,1742849065,85457.481,Rabbit
67e1c4e0ca61a52a92a66a24,1742849048,102459.184,1742849065,85459.184,Rabbit
67e1c4e0ca61a52a92a66a25,1742849048,102460.8741,1742849065,85460.8741,Rabbit
67e1c4e0ca61a52a92a66a27,1742849048,102550.8649,1742849065,85550.8649,Rabbit
67e1c4e0ca61a52a92a66a28,1742849048,102552.3841,1742849065,85552.3841,Rabbit
67e1c4e0ca61a52a92a66a29,1742849048,102581.796,1742849065,85581.796,Rabbit
67e1c4e0ca61a52a92a66a2a,1742849048,102612.8265,1742849065,85612.8265,Rabbit
67e1c4e0ca61a52a92a66a2b,1742849048,102643.9749,1742849065,85643.9749,Rabbit
67e1c4e0ca61a52a92a66a2c,1742849048,102645.9295,1742849065,85645.9295,Rabbit
67e1c4e0ca61a52a92a66a2d,1742849048,102647.5691,1742849065,85647.5691,Rabbit
67e1c4e0ca61a52a92a66a2f,1742849048,102650.6692,1742849065,85650.6692,Rabbit
67e1c4e0ca61a52a92a66a30,1742849048,102705.076,1742849065,85705.076,Rabbit
67e1c4e0ca61a52a92a66a31,1742849048,102736.9128,1742849065,85736.9128,Rabbit
67e1c4e0ca61a52a92a66a33,1742849048,102768.6851,1742849065,85768.6851,Rabbit
67e1c4e0ca61a52a92a66a34,1742849048,102829.1769,1742849065,85829.1769,Rabbit
67e1c4e0ca61a52a92a66a35,1742849048,102861.401,1742849065,85861.401,Rabbit
67e1c4e0ca61a52a92a66a37,1742849048,102864.7611,1742849065,85864.7611,Rabbit
67e1c4e0ca61a52a92a66a38,1742849048,102866.3438,1742849065,85866.3438,Rabbit
67e1c4e0ca61a52a92a66a39,1742849048,102922.5903,1742849065,85922.5903,Rabbit
67e1c4e0ca61a52a92a66a3a,1742849048,102955.3335,1742849065,85955.3335,Rabbit
67e1c4e0ca61a52a92a66a3b,1742849048,102957.3005,1742849065,85957.3005,Rabbit
67e1c4e0ca61a52a92a66a3c,1742849048,102959.3819,1742849065,85959.3819,Rabbit
67e1c4e0ca61a52a92a66a3d,1742849048,102961.4182,1742849065,85961.4182,Rabbit
67e1c4e0ca61a52a92a66a3f,1742849048,103077.0471,1742849065,86077.0471,Rabbit
67e1c4e0ca61a52a92a66a40,1742849048,103108.3542,1742849065,86108.3542,Rabbit
67e1c4e0ca61a52a92a66a41,1742849048,103111.2125,1742849065,86111.2125,Rabbit
67e1c4e0ca61a52a92a66a43,1742849048,103139.7333,1742849065,86139.7333,Rabbit
67e1c4e0ca61a52a92a66a44,1742849048,103170.6902,1742849065,86170.6902,Rabbit
67e1c4e0ca61a52a92a66a45,1742849048,103202.2919,1742849065,86202.2919,Rabbit
67e1c4e0ca61a52a92a66a47,1742849048,103234.4859,1742849065,86234.4859,Rabbit
67e1c4e0ca61a52a92a66a48,1742849048,103264.3785,1742849065,86264.3785,Rabbit
67e1c4e0ca61a52a92a66a49,1742849048,103265.8886,1742849065,86265.8886,Rabbit
67e1c4e0ca61a52a92a66a4a,1742849048,103267.6912,1742849065,86267.6912,Rabbit
67e1c4e0ca61a52a92a66a4b,1742849048,103293.7556,1742849065,86293.7556,Rabbit
67e1c4e0ca61a52a92a66a4c,1742849048,103355.8388,1742849065,86355.8388,Rabbit
67e1c4e0ca61a52a92a66a4d,1742849048,103386.8745,1742849065,86386.8745,Rabbit
67e1c4e0ca61a52a92a66a4f,1742849048,103419.8963,1742849065,86419.8963,Rabbit
67e1c4e0ca61a52a92a66a50,1742849048,103421.7318,1742849065,86421.7318,Rabbit
67e1c4e0ca61a52a92a66a51,1742849048,103480.2402,1742849065,86480.2402,Rabbit
67e1c4e0ca61a52a92a66a53,1742849048,103573.7884,1742849065,86573.7884,Rabbit
67e1c4e0ca61a52a92a66a54,1742849048,103575.2224,1742849065,86575.2224,Rabbit
67e1c4e0ca61a52a92a66a55,1742849048,103635.0661,1742849065,86635.0661,Rabbit
67e1c4e0ca61a52a92a66a57,1742849048,103727.9577,1742849065,86727.9577,Rabbit
67e1c4e0ca61a52a92a66a58,1742849048,103790.0286,1742849065,86790.0286,Rabbit
67e1c4e0ca61a52a92a66a59,1742849048,103821.0797,1742849065,86821.0797,Rabbit
67e1c4e0ca61a52a92a66a5a,1742849048,103822.8885,1742849065,86822.8885,Rabbit
67e1c4e0ca61a52a92a66a5b,1742849048,103825.6368,1742849065,86825.6368,Rabbit
67e1c4e0ca61a52a92a66a5c,1742849048,103827.1898,1742849065,86827.1898,Rabbit
67e1c4e0ca61a52a92a66a5d,1742849048,103828.9908,1742849065,86828.9908,Rabbit
67e1c4e0ca61a52a92a66a5f,1742849048,103832.1992,1742849065,86832.1992,Rabbit
67e1c4e0ca61a52a92a66a60,1742849048,103833.734,1742849065,86833.734,Rabbit
67e1c4e0ca61a52a92a66a61,1742849048,103835.331,1742849065,86835.331,Rabbit
67e1c4e0ca61a52a92a66a63,1742849048,103870.0575,1742849065,86870.0575,Rabbit
67e1c4e0ca61a52a92a66a64,1742849048,103871.5978,1742849065,86871.5978,Rabbit
67e1c4e0ca61a52a92a66a65,1742849048,103873.0766,1742849065,86873.0766,Rabbit
67e1c4e0ca61a52a92a66a67,1742849048,103930.5293,1742849065,86930.5293,Rabbit
67e1c4e0ca61a52a92a66a68,1742849048,103960.7383,1742849065,86960.7383,Rabbit
67e1c4e0ca61a52a92a66a69,1742849048,103963.1499,1742849065,86963.1499,Rabbit
67e1c4e0ca61a52a92a66a6a,1742849048,103966.2295,1742849065,86966.2295,Rabbit
67e1c4e0ca61a52a92a66a6b,1742849048,103968.4492,1742849065,86968.4492,Rabbit
67e1c4e0ca61a52a92a66a6c,1742849048,103972.5634,1742849065,86972.5634,Rabbit
67e1c4e0ca61a52a92a66a6d,1742849048,103974.0566,1742849065,86974.0566,Rabbit
67e1c4e0ca61a52a92a66a6f,1742849048,103978.1712,1742849065,86978.1712,Rabbit
67e1c4e0ca61a52a92a66a70,1742849048,103979.7775,1742849065,86979.7775,Rabbit
67e1c4e0ca61a52a92a66a71,1742849048,103981.704,1742849065,86981.704,Rabbit
67e1c4e0ca61a52a92a66a73,1742849048,104037.9352,1742849065,87037.9352,Rabbit
67e1c4e0ca61a52a92a66a74,1742849048,104069.9636,1742849065,87069.9636,Rabbit
67e1c4e0ca61a52a92a66a75,1742849048,104100.1566,1742849065,87100.1566,Rabbit
67e1c4e0ca61a52a92a66a77,1742849048,104133.5104,1742849065,87133.5104,Rabbit
67e1c4e0ca61a52a92a66a78,1742849048,104134.9373,1742849065,87134.9373,Rabbit
67e1c4e0ca61a52a92a66a79,1742849048,104138.1923,1742849065,87138.1923,Rabbit
67e1c4e0ca61a52a92a66a7a,1742849048,104163.1125,1742849065,87163.1125,Rabbit
67e1c4e0ca61a52a92a66a7b,1742849048,104193.5853,1742849065,87193.5853,Rabbit
67e1c4e0ca61a52a92a66a7c,1742849048,104195.4503,1742849065,87195.4503,Rabbit
67e1c4e0ca61a52a92a66a7d,1742849048,104197.3993,1742849065,87197.3993,Rabbit
67e1c4e0ca61a52a92a66a7f,1742849048,104255.2918,1742849065,87255.2918,Rabbit
67e1c4e0ca61a52a92a66a80,1742849048,104317.3915,1742849065,87317.3915,Rabbit
67e1c4e0ca61a52a92a66a81,1742849048,104350.9552,1742849065,87350.9552,Rabbit
67e1c4e0ca61a52a92a66a83,1742849048,104412.3109,1742849065,87412.3109,Rabbit
67e1c4e0ca61a52a92a66a84,1742849048,104414.3989,1742849065,87414.3989,Rabbit
67e1c4e0ca61a52a92a66a85,1742849048,104417.5668,1742849065,87417.5668,Rabbit
67e1c4e0ca61a52a92a66a87,1742849048,104421.2153,1742849065,87421.2153,Rabbit
67e1c4e0ca61a52a92a66a88,1742849048,104423.3202,1742849065,87423.3202,Rabbit
67e1c4e0ca61a52a92a66a89,1742849048,104424.9382,1742849065,87424.9382,Rabbit
67e1c4e0ca61a52a92a66a8a,1742849048,104426.9405,1742849065,87426.9405,Rabbit
67e1c4e0ca61a52a92a66a8b,1742849048,104428.4453,1742849065,87428.4453,Rabbit
67e1c4e0ca61a52a92a66a8c,1742849048,104432.644,1742849065,87432.644,Rabbit
67e1c4e0ca61a52a92a66a8d,1742849048,104456.8147,1742849065,87456.8147,Rabbit
67e1c4e0ca61a52a92a66a8f,1742849048,104521.0512,1742849065,87521.0512,Rabbit
67e1c4e0ca61a52a92a66a90,1742849048,104522.8499,1742849065,87522.8499,Rabbit
67e1c4e0ca61a52a92a66a91,1742849048,104581.0531,1742849065,87581.0531,Rabbit
67e1c4e0ca61a52a92a66a93,1742849048,104616.0965,1742849065,87616.0965,Rabbit
67e1c4e0ca61a52a92a66a94,1742849048,104618.5427,1742849065,87618.5427,Rabbit
67e1c4e0ca61a52a92a66a95,1742849048,104620.4868,1742849065,87620.4868,Rabbit
67e1c4e0ca61a52a92a66a97,1742849048,104624.5214,1742849065,87624.5214,Rabbit
67e1c4e0ca61a52a92a66a98,1742849048,104626.5248,1742849065,87626.5248,Rabbit
67e1c4e0ca61a52a92a66a99,1742849048,104629.12,1742849065,87629.12,Rabbit
67e1c4e0ca61a52a92a66a9a,1742849048,104630.8378,1742849065,87630.8378,Rabbit
67e1c4e0ca61a52a92a66a9b,1742849048,104632.6745,1742849065,87632.6745,Rabbit
67e1c4e0ca61a52a92a66a9c,1742849048,104634.2619,1742849065,87634.2619,Rabbit
67e1c4e0ca61a52a92a66a9d,1742849048,104635.6967,1742849065,87635.6967,Rabbit
67e1c4e0ca61a52a92a66a9f,1742849048,104639.0765,1742849065,87639.0765,Rabbit
67e1c4e0ca61a52a92a66aa0,1742849048,104641.4779,1742849065,87641.4779,Rabbit
67e1c4e0ca61a52a92a66aa1,1742849048,104673.6353,1742849065,87673.6353,Rabbit
67e1c4e0ca61a52a92a66aa3,1742849048,104707.2215,1742849065,87707.2215,Rabbit
67e1c4e0ca61a52a92a66aa4,1742849048,104766.5254,1742849065,87766.5254,Rabbit
67e1c4e0ca61a52a92a66aa5,1742849048,104798.8737,1742849065,87798.8737,Rabbit
67e1c4e0ca61a52a92a66aa7,1742849048,104891.1603,1742849065,87891.1603,Rabbit
67e1c4e0ca61a52a92a66aa8,1742849048,104895.5587,1742849065,87895.5587,Rabbit
67e1c4e0ca61a52a92a66aa9,1742849048,104898.0921,1742849065,87898.0921,Rabbit
67e1c4e0ca61a52a92a66aaa,1742849048,104899.9975,1742849065,87899.9975,Rabbit
67e1c4e0ca61a52a92a66aab,1742849048,104902.1914,1742849065,87902.1914,Rabbit
67e1c4e0ca61a52a92a66aac,1742849048,104904.0302,1742849065,87904.0302,Rabbit
67e1c4e0ca61a52a92a66aad,1742849048,104905.7002,1742849065,87905.7002,Rabbit
67e1c4e0ca61a52a92a66aaf,1742849048,104936.8649,1742849065,87936.8649,Rabbit
67e1c4e0ca61a52a92a66ab0,1742849048,104938.4327,1742849065,87938.4327,Rabbit
67e1c4e0ca61a52a92a66ab1,1742849048,104968.6707,1742849065,87968.6707,Rabbit
67e1c4e0ca61a52a92a66ab3,1742849048,105000.7157,1742849065,88000.7157,Rabbit
67e1c4e0ca61a52a92a66ab4,1742849048,105030.4312,1742849065,88030.4312,Rabbit
67e1c4e0ca61a52a92a66ab5,1742849048,105032.2076,1742849065,88032.2076,Rabbit
67e1c4e0ca61a52a92a66ab7,1742849048,105035.6852,1742849065,88035.6852,Rabbit
67e1c4e0ca61a52a92a66ab8,1742849048,105060.931,1742849065,88060.931,Rabbit
67e1c4e0ca61a52a92a66ab9,1742849048,105062.7503,1742849065,88062.7503,Rabbit
67e1c4e0ca61a52a92a66aba,1742849048,105065.5924,1742849065,88065.5924,Rabbit
67e1c4e0ca61a52a92a66abb,1742849048,105067.0762,1742849065,88067.0762,Rabbit
67e1c4e0ca61a52a92a66abc,1742849048,105068.7074,1742849065,88068.7074,Rabbit
67e1c4e0ca61a52a92a66abd,1742849048,105071.059,1742849065,88071.059,Rabbit
67e1c4e0ca61a52a92a66abf,1742849048,105075.1126,1742849065,88075.1126,Rabbit
67e1c4e0ca61a52a92a66ac0,1742849048,105077.1061,1742849065,88077.1061,Rabbit
67e1c4e0ca61a52a92a66ac1,1742849048,105078.8401,1742849065,88078.8401,Rabbit
67e1c4e0ca61a52a92a66ac3,1742849048,105082.0627,1742849065,88082.0627,Rabbit
67e1c4e0ca61a52a92a66ac4,1742849048,105108.1799,1742849065,88108.1799,Rabbit
67e1c4e0ca61a52a92a66ac5,1742849048,105109.618,1742849065,88109.618,Rabbit
67e1c4e0ca61a52a92a66ac7,1742849048,105113.066,1742849065,88113.066,Rabbit
67e1c4e0ca61a52a92a66ac8,1742849048,105115.1372,1742849065,88115.1372,Rabbit
67e1c4e0ca61a52a92a66ac9,1742849048,105138.3743,1742849065,88138.3743,Rabbit
67e1c4e0ca61a52a92a66aca,1742849048,105141.2594,1742849065,88141.2594,Rabbit
67e1c4e0ca61a52a92a66acb,1742849048,105169.0546,1742849065,88169.0546,Rabbit
67e1c4e0ca61a52a92a66acc,1742849048,105170.5348,1742849065,88170.5348,Rabbit
67e1c4e0ca61a52a92a66acd,1742849048,105172.0118,1742849065,88172.0118,Rabbit
67e1c4e0ca61a52a92a66acf,1742849048,105202.2881,1742849065,88202.2881,Rabbit
67e1c4e0ca61a52a92a66ad0,1742849048,105203.8719,1742849065,88203.8719,Rabbit
67e1c4e0ca61a52a92a66ad1,1742849048,105205.4568,1742849065,88205.4568,Rabbit
67e1c4e0ca61a52a92a66ad3,1742849048,105208.7252,1742849065,88208.7252,Rabbit
67e1c4e0ca61a52a92a66ad4,1742849048,105210.5066,1742849065,88210.5066,Rabbit
67e1c4e0ca61a52a92a66ad5,1742849048,105212.0897,1742849065,88212.0897,Rabbit
67e1c4e0ca61a52a92a66ad7,1742849048,105216.0078,1742849065,88216.0078,Rabbit
67e1c4e0ca61a52a92a66ad8,1742849048,105277.8515,1742849065,88277.8515,Rabbit
67e1c4e0ca61a52a92a66ad9,1742849048,105282.2479,1742849065,88282.2479,Rabbit
67e1c4e0ca61a52a92a66ada,1742849048,105285.2005,1742849065,88285.2005,Rabbit
67e1c4e0ca61a52a92a66adb,1742849048,105287.1697,1742849065,88287.1697,Rabbit
67e1c4e0ca61a52a92a66adc,1742849048,105288.9032,1742849065,88288.9032,Rabbit
67e1c4e0ca61a52a92a66add,1742849048,105329.8625,1742849065,88329.8625,Rabbit
67e1c4e0ca61a52a92a66adf,1742849048,105386.6703,1742849065,88386.6703,Rabbit
67e1c4e0ca61a52a92a66ae0,1742849048,105417.0375,1742849065,88417.0375,Rabbit
67e1c4e0ca61a52a92a66ae1,1742849048,105449.6037,1742849065,88449.6037,Rabbit
67e1c4e0ca61a52a92a66ae3,1742849048,105478.8974,1742849065,88478.8974,Rabbit
67e1c4e0ca61a52a92a66ae4,1742849048,105510.7814,1742849065,88510.7814,Rabbit
67e1c4e0ca61a52a92a66ae5,1742849048,105543.4183,1742849065,88543.4183,Rabbit
67e1c4e0ca61a52a92a66ae7,1742849048,105665.3386,1742849065,88665.3386,Rabbit
67e1c4e0ca61a52a92a66ae8,1742849048,105726.9148,1742849065,88726.9148,Rabbit
67e1c4e0ca61a52a92a66ae9,1742849048,105758.7408,1742849065,88758.7408,Rabbit
67e1c4e0ca61a52a92a66aea,1742849048,105790.2727,1742849065,88790.2727,Rabbit
67e1c4e0ca61a52a92a66aeb,1742849048,105820.231,1742849065,88820.231,Rabbit
67e1c4e0ca61a52a92a66aec,1742849048,105859.1511,1742849065,88859.1511,Rabbit
67e1c4e0ca61a52a92a66aed,1742849048,105862.5132,1742849065,88862.5132,Rabbit
67e1c4e0ca61a52a92a66aee,1742849048,105864.7306,1742849065,88864.7306,Rabbit
67e1c4e0ca61a52a92a66aef,1742849048,105867.5111,1742849065,88867.5111,Rabbit
67e1c4dfca61a52a92a668e2,1742849048,97518.9636,1742849064,81518.9636,Rabbit
67e1c4dfca61a52a92a668ee,1742849048,97693.6207,1742849064,81693.6207,Rabbit
67e1c4dfca61a52a92a668f2,1742849048,97781.297,1742849064,81781.297,Rabbit
67e1c4dfca61a52a92a668f6,1742849048,97816.4519,1742849064,81816.4519,Rabbit
67e1c4dfca61a52a92a668fe,1742849048,97905.827,1742849064,81905.827,Rabbit
67e1c4dfca61a52a92a66902,1742849048,97969.4729,1742849064,81969.4729,Rabbit
67e1c4e0ca61a52a92a66906,1742849048,97975.5955,1742849064,81975.5955,Rabbit
67e1c4e0ca61a52a92a6690e,1742849048,98048.8283,1742849064,82048.8283,Rabbit
67e1c4e0ca61a52a92a66912,1742849048,98058.2259,1742849064,82058.2259,Rabbit
67e1c4dfca61a52a92a668e6,1742849048,97614.5863,1742849064,81614.5863,Rabbit
67e1c4e0ca61a52a92a6691e,1742849048,98178.1617,1742849064,82178.1617,Rabbit
67e1c4e0ca61a52a92a66922,1742849048,98293.512,1742849064,82293.512,Rabbit
67e1c4e0ca61a52a92a6692e,1742849048,98510.1419,1742849064,82510.1419,Rabbit
67e1c4e0ca61a52a92a66932,1742849048,98603.808,1742849064,82603.808,Rabbit
67e1c4e0ca61a52a92a66936,1742849048,98610.3847,1742849064,82610.3847,Rabbit
67e1c4e0ca61a52a92a6693e,1742849048,98775.6866,1742849064,82775.6866,Rabbit
67e1c4e0ca61a52a92a66942,1742849048,98865.7555,1742849064,82865.7555,Rabbit
67e1c4e0ca61a52a92a66946,1742849048,98928.731,1742849064,82928.731,Rabbit
67e1c4e0ca61a52a92a6694e,1742849048,99037.6077,1742849064,83037.6077,Rabbit
67e1c4e0ca61a52a92a66952,1742849048,99101.188,1742849064,83101.188,Rabbit
67e1c4e0ca61a52a92a66956,1742849048,99112.7128,1742849064,83112.7128,Rabbit
67e1c4e0ca61a52a92a66926,1742849048,98328.6913,1742849064,82328.6913,Rabbit
67e1c4e0ca61a52a92a6695e,1742849048,99236.2989,1742849064,83236.2989,Rabbit
67e1c4e0ca61a52a92a66962,1742849048,99330.153,1742849064,83330.153,Rabbit
67e1c4e0ca61a52a92a6696e,1742849048,99576.3238,1742849064,83576.3238,Rabbit
67e1c4e0ca61a52a92a66972,1742849048,99615.2793,1742849064,83615.2793,Rabbit
67e1c4e0ca61a52a92a66976,1742849048,99621.9903,1742849064,83621.9903,Rabbit
67e1c4e0ca61a52a92a6697e,1742849048,99751.9786,1742849064,83751.9786,Rabbit
67e1c4e0ca61a52a92a66982,1742849048,99760.1924,1742849064,83760.1924,Rabbit
67e1c4e0ca61a52a92a66986,1742849048,99767.9695,1742849064,83767.9695,Rabbit
67e1c4e0ca61a52a92a6698e,1742849048,99843.9166,1742849064,83843.9166,Rabbit
67e1c4e0ca61a52a92a66992,1742849048,99850.9521,1742849064,83850.9521,Rabbit
67e1c4e0ca61a52a92a66996,1742849048,99858.2289,1742849064,83858.2289,Rabbit
67e1c4e0ca61a52a92a66966,1742849048,99454.222,1742849064,83454.222,Rabbit
67e1c4e0ca61a52a92a6699e,1742849048,99959.2027,1742849064,83959.2027,Rabbit
67e1c4e0ca61a52a92a669a2,1742849048,100026.5602,1742849064,84026.5602,Rabbit
67e1c4e0ca61a52a92a669ae,1742849048,100304.7948,1742849064,84304.7948,Rabbit
67e1c4e0ca61a52a92a669b2,1742849048,100340.0241,1742849064,84340.0241,Rabbit
67e1c4e0ca61a52a92a669b6,1742849048,100345.9661,1742849064,84345.9661,Rabbit
67e1c4e0ca61a52a92a669be,1742849048,100454.2831,1742849064,84454.2831,Rabbit
67e1c4e0ca61a52a92a669c2,1742849048,100554.065,1742849064,84554.065,Rabbit
67e1c4e0ca61a52a92a669c6,1742849048,100620.2342,1742849064,84620.2342,Rabbit
67e1c4e0ca61a52a92a669a6,1742849048,100122.5417,1742849064,84122.5417,Rabbit
67e1c4e0ca61a52a92a669ce,1742849048,100691.4994,1742849064,84691.4994,Rabbit
67e1c4e0ca61a52a92a669d2,1742849048,100817.1321,1742849064,84817.1321,Rabbit
67e1c4e0ca61a52a92a669d6,1742849048,100823.4642,1742849064,84823.4642,Rabbit
67e1c4dfca61a52a92a6686f,1742849048,95537.1083,1742849064,79537.1083,Rabbit
67e1c4dfca61a52a92a66870,1742849048,95538.5943,1742849064,79538.5943,Rabbit
67e1c4dfca61a52a92a66871,1742849048,95565.816,1742849064,79565.816,Rabbit
67e1c4dfca61a52a92a66873,1742849048,95689.4815,1742849064,79689.4815,Rabbit
67e1c4dfca61a52a92a66874,1742849048,95751.531,1742849064,79751.531,Rabbit
67e1c4dfca61a52a92a66875,1742849048,95782.6956,1742849064,79782.6956,Rabbit
67e1c4dfca61a52a92a66877,1742849048,95815.9853,1742849064,79815.9853,Rabbit
67e1c4dfca61a52a92a66878,1742849048,95876.4036,1742849064,79876.4036,Rabbit
67e1c4dfca61a52a92a66879,1742849048,95907.7804,1742849064,79907.7804,Rabbit
67e1c4dfca61a52a92a6687a,1742849048,95909.4265,1742849064,79909.4265,Rabbit
67e1c4dfca61a52a92a6687b,1742849048,95911.1093,1742849064,79911.1093,Rabbit
67e1c4dfca61a52a92a6687c,1742849048,95912.7927,1742849064,79912.7927,Rabbit
67e1c4dfca61a52a92a6687d,1742849048,95968.9212,1742849064,79968.9212,Rabbit
67e1c4dfca61a52a92a6687f,1742849048,96061.6997,1742849064,80061.6997,Rabbit
67e1c4dfca61a52a92a66880,1742849048,96123.622,1742849064,80123.622,Rabbit
67e1c4dfca61a52a92a66881,1742849048,96155.7142,1742849064,80155.7142,Rabbit
67e1c4dfca61a52a92a66883,1742849048,96186.6148,1742849064,80186.6148,Rabbit
67e1c4dfca61a52a92a66884,1742849048,96188.9973,1742849064,80188.9973,Rabbit
67e1c4dfca61a52a92a66885,1742849048,96190.863,1742849064,80190.863,Rabbit
67e1c4dfca61a52a92a66887,1742849048,96194.0293,1742849064,80194.0293,Rabbit
67e1c4dfca61a52a92a66888,1742849048,96195.6331,1742849064,80195.6331,Rabbit
67e1c4dfca61a52a92a66889,1742849048,96197.4081,1742849064,80197.4081,Rabbit
67e1c4dfca61a52a92a6688a,1742849048,96199.1893,1742849064,80199.1893,Rabbit
67e1c4dfca61a52a92a6688b,1742849048,96200.7103,1742849064,80200.7103,Rabbit
67e1c4dfca61a52a92a6688c,1742849048,96202.383,1742849064,80202.383,Rabbit
67e1c4dfca61a52a92a6688d,1742849048,96203.8243,1742849064,80203.8243,Rabbit
67e1c4dfca61a52a92a6688f,1742849048,96232.8885,1742849064,80232.8885,Rabbit
67e1c4dfca61a52a92a66890,1742849048,96234.6635,1742849064,80234.6635,Rabbit
67e1c4dfca61a52a92a66891,1742849048,96263.0801,1742849064,80263.0801,Rabbit
67e1c4dfca61a52a92a66893,1742849048,96325.0777,1742849064,80325.0777,Rabbit
67e1c4dfca61a52a92a66894,1742849048,96356.0073,1742849064,80356.0073,Rabbit
67e1c4dfca61a52a92a66895,1742849048,96388.5288,1742849064,80388.5288,Rabbit
67e1c4dfca61a52a92a66897,1742849048,96511.0484,1742849064,80511.0484,Rabbit
67e1c4dfca61a52a92a66898,1742849048,96512.8421,1742849064,80512.8421,Rabbit
67e1c4dfca61a52a92a66899,1742849048,96514.5349,1742849064,80514.5349,Rabbit
67e1c4dfca61a52a92a6689a,1742849048,96543.9526,1742849064,80543.9526,Rabbit
67e1c4dfca61a52a92a6689b,1742849048,96572.9808,1742849064,80572.9808,Rabbit
67e1c4dfca61a52a92a6689c,1742849048,96574.5496,1742849064,80574.5496,Rabbit
67e1c4dfca61a52a92a6689d,1742849048,96576.1776,1742849064,80576.1776,Rabbit
67e1c4dfca61a52a92a6689f,1742849048,96666.0158,1742849064,80666.0158,Rabbit
67e1c4dfca61a52a92a668a0,1742849048,96698.3001,1742849064,80698.3001,Rabbit
67e1c4dfca61a52a92a668a1,1742849048,96759.2079,1742849064,80759.2079,Rabbit
67e1c4dfca61a52a92a668a3,1742849048,96821.3623,1742849064,80821.3623,Rabbit
67e1c4dfca61a52a92a668a4,1742849048,96823.258,1742849064,80823.258,Rabbit
67e1c4dfca61a52a92a668a5,1742849048,96824.8126,1742849064,80824.8126,Rabbit
67e1c4dfca61a52a92a668a7,1742849048,96828.0029,1742849064,80828.0029,Rabbit
67e1c4dfca61a52a92a668a8,1742849048,96829.6379,1742849064,80829.6379,Rabbit
67e1c4dfca61a52a92a668a9,1742849048,96831.3432,1742849064,80831.3432,Rabbit
67e1c4dfca61a52a92a668aa,1742849048,96832.8711,1742849064,80832.8711,Rabbit
67e1c4dfca61a52a92a668ab,1742849048,96834.9612,1742849064,80834.9612,Rabbit
67e1c4dfca61a52a92a668ac,1742849048,96840.4878,1742849064,80840.4878,Rabbit
67e1c4dfca61a52a92a668ad,1742849048,96842.6333,1742849064,80842.6333,Rabbit
67e1c4dfca61a52a92a668af,1742849048,96900.4179,1742849064,80900.4179,Rabbit
67e1c4dfca61a52a92a668b0,1742849048,96901.9387,1742849064,80901.9387,Rabbit
67e1c4dfca61a52a92a668b1,1742849048,96903.4532,1742849064,80903.4532,Rabbit
67e1c4dfca61a52a92a668b3,1742849048,96906.3917,1742849064,80906.3917,Rabbit
67e1c4dfca61a52a92a668b4,1742849048,96929.7085,1742849064,80929.7085,Rabbit
67e1c4dfca61a52a92a668b5,1742849048,96931.9018,1742849064,80931.9018,Rabbit
67e1c4dfca61a52a92a668b7,1742849048,96937.0602,1742849064,80937.0602,Rabbit
67e1c4dfca61a52a92a668b8,1742849048,96961.2343,1742849064,80961.2343,Rabbit
67e1c4dfca61a52a92a668b9,1742849048,96963.2578,1742849064,80963.2578,Rabbit
67e1c4dfca61a52a92a668ba,1742849048,96991.5845,1742849064,80991.5845,Rabbit
67e1c4dfca61a52a92a668bb,1742849048,97023.9886,1742849064,81023.9886,Rabbit
67e1c4dfca61a52a92a668bc,1742849048,97026.2099,1742849064,81026.2099,Rabbit
67e1c4dfca61a52a92a668bd,1742849048,97028.0432,1742849064,81028.0432,Rabbit
67e1c4dfca61a52a92a668bf,1742849048,97055.9228,1742849064,81055.9228,Rabbit
67e1c4dfca61a52a92a668c0,1742849048,97057.7596,1742849064,81057.7596,Rabbit
67e1c4dfca61a52a92a668c1,1742849048,97059.3059,1742849064,81059.3059,Rabbit
67e1c4dfca61a52a92a668c3,1742849048,97116.2232,1742849064,81116.2232,Rabbit
67e1c4dfca61a52a92a668c4,1742849048,97118.5217,1742849064,81118.5217,Rabbit
67e1c4dfca61a52a92a668c5,1742849048,97121.1999,1742849064,81121.1999,Rabbit
67e1c4dfca61a52a92a668c7,1742849048,97128.0268,1742849064,81128.0268,Rabbit
67e1c4dfca61a52a92a668c8,1742849048,97129.638,1742849064,81129.638,Rabbit
67e1c4dfca61a52a92a668c9,1742849048,97131.6285,1742849064,81131.6285,Rabbit
67e1c4dfca61a52a92a668ca,1742849048,97133.2353,1742849064,81133.2353,Rabbit
67e1c4dfca61a52a92a668cb,1742849048,97163.9948,1742849064,81163.9948,Rabbit
67e1c4dfca61a52a92a668cc,1742849048,97166.2029,1742849064,81166.2029,Rabbit
67e1c4dfca61a52a92a668cd,1742849048,97168.2163,1742849064,81168.2163,Rabbit
67e1c4dfca61a52a92a668cf,1742849048,97172.2842,1742849064,81172.2842,Rabbit
67e1c4dfca61a52a92a668d0,1742849048,97209.3788,1742849064,81209.3788,Rabbit
67e1c4dfca61a52a92a668d1,1742849048,97211.0113,1742849064,81211.0113,Rabbit
67e1c4dfca61a52a92a668d3,1742849048,97242.1631,1742849064,81242.1631,Rabbit
67e1c4dfca61a52a92a668d4,1742849048,97244.9303,1742849064,81244.9303,Rabbit
67e1c4dfca61a52a92a668d5,1742849048,97246.7682,1742849064,81246.7682,Rabbit
67e1c4dfca61a52a92a668d7,1742849048,97274.0258,1742849064,81274.0258,Rabbit
67e1c4dfca61a52a92a668d8,1742849048,97275.8691,1742849064,81275.8691,Rabbit
67e1c4dfca61a52a92a668d9,1742849048,97332.2587,1742849064,81332.2587,Rabbit
67e1c4dfca61a52a92a668da,1742849048,97333.753,1742849064,81333.753,Rabbit
67e1c4dfca61a52a92a668db,1742849048,97363.3109,1742849064,81363.3109,Rabbit
67e1c4dfca61a52a92a668dc,1742849048,97365.0326,1742849064,81365.0326,Rabbit
67e1c4dfca61a52a92a668dd,1742849048,97366.5097,1742849064,81366.5097,Rabbit
67e1c4dfca61a52a92a668df,1742849048,97426.232,1742849064,81426.232,Rabbit
67e1c4dfca61a52a92a668e0,1742849048,97457.0434,1742849064,81457.0434,Rabbit
67e1c4dfca61a52a92a668e1,1742849048,97487.2735,1742849064,81487.2735,Rabbit
67e1c4dfca61a52a92a668e3,1742849048,97580.0013,1742849064,81580.0013,Rabbit
67e1c4dfca61a52a92a668e4,1742849048,97611.7302,1742849064,81611.7302,Rabbit
67e1c4dfca61a52a92a668e5,1742849048,97613.198,1742849064,81613.198,Rabbit
67e1c4dfca61a52a92a668e7,1742849048,97642.1292,1742849064,81642.1292,Rabbit
67e1c4dfca61a52a92a668e8,1742849048,97645.3499,1742849064,81645.3499,Rabbit
67e1c4dfca61a52a92a668e9,1742849048,97647.5364,1742849064,81647.5364,Rabbit
67e1c4dfca61a52a92a668ea,1742849048,97649.4389,1742849064,81649.4389,Rabbit
67e1c4dfca61a52a92a668eb,1742849048,97653.5479,1742849064,81653.5479,Rabbit
67e1c4dfca61a52a92a668ec,1742849048,97688.7385,1742849064,81688.7385,Rabbit
67e1c4dfca61a52a92a668ed,1742849048,97691.1254,1742849064,81691.1254,Rabbit
67e1c4dfca61a52a92a668ef,1742849048,97695.7544,1742849064,81695.7544,Rabbit
67e1c4dfca61a52a92a668f0,1742849048,97719.4664,1742849064,81719.4664,Rabbit
67e1c4dfca61a52a92a668f1,1742849048,97750.27,1742849064,81750.27,Rabbit
67e1c4dfca61a52a92a668f3,1742849048,97783.0175,1742849064,81783.0175,Rabbit
67e1c4dfca61a52a92a668f4,1742849048,97812.7604,1742849064,81812.7604,Rabbit
67e1c4dfca61a52a92a668f5,1742849048,97814.8671,1742849064,81814.8671,Rabbit
67e1c4dfca61a52a92a668f7,1742849048,97818.1897,1742849064,81818.1897,Rabbit
67e1c4dfca61a52a92a668f8,1742849048,97819.7633,1742849064,81819.7633,Rabbit
67e1c4dfca61a52a92a668f9,1742849048,97821.3517,1742849064,81821.3517,Rabbit
67e1c4dfca61a52a92a668fa,1742849048,97823.0172,1742849064,81823.0172,Rabbit
67e1c4dfca61a52a92a668fb,1742849048,97844.7762,1742849064,81844.7762,Rabbit
67e1c4dfca61a52a92a668fc,1742849048,97846.5782,1742849064,81846.5782,Rabbit
67e1c4dfca61a52a92a668fd,1742849048,97848.3185,1742849064,81848.3185,Rabbit
67e1c4dfca61a52a92a668ff,1742849048,97936.5417,1742849064,81936.5417,Rabbit
67e1c4dfca61a52a92a66900,1742849048,97938.2544,1742849064,81938.2544,Rabbit
67e1c4dfca61a52a92a66901,1742849048,97967.549,1742849064,81967.549,Rabbit
67e1c4e0ca61a52a92a66903,1742849048,97970.9921,1742849064,81970.9921,Rabbit
67e1c4e0ca61a52a92a66904,1742849048,97972.5623,1742849064,81972.5623,Rabbit
67e1c4e0ca61a52a92a66905,1742849048,97973.9873,1742849064,81973.9873,Rabbit
67e1c4e0ca61a52a92a66907,1742849048,97977.1194,1742849064,81977.1194,Rabbit
67e1c4e0ca61a52a92a66908,1742849048,97978.691,1742849064,81978.691,Rabbit
67e1c4e0ca61a52a92a66909,1742849048,97980.3614,1742849064,81980.3614,Rabbit
67e1c4e0ca61a52a92a6690a,1742849048,97982.3964,1742849064,81982.3964,Rabbit
67e1c4e0ca61a52a92a6690b,1742849048,98014.8047,1742849064,82014.8047,Rabbit
67e1c4e0ca61a52a92a6690c,1742849048,98016.3153,1742849064,82016.3153,Rabbit
67e1c4e0ca61a52a92a6690d,1742849048,98045.4987,1742849064,82045.4987,Rabbit
67e1c4e0ca61a52a92a6690f,1742849048,98051.5243,1742849064,82051.5243,Rabbit
67e1c4e0ca61a52a92a66910,1742849048,98053.1395,1742849064,82053.1395,Rabbit
67e1c4e0ca61a52a92a66911,1742849048,98055.1453,1742849064,82055.1453,Rabbit
67e1c4e0ca61a52a92a66913,1742849048,98060.5881,1742849064,82060.5881,Rabbit
67e1c4e0ca61a52a92a66914,1742849048,98067.9859,1742849064,82067.9859,Rabbit
67e1c4e0ca61a52a92a66915,1742849048,98069.6388,1742849064,82069.6388,Rabbit
67e1c4e0ca61a52a92a66916,1742849048,98123.8442,1742849064,82123.8442,Rabbit
67e1c4e0ca61a52a92a66917,1742849048,98126.4463,1742849064,82126.4463,Rabbit
67e1c4e0ca61a52a92a66918,1742849048,98128.3816,1742849064,82128.3816,Rabbit
67e1c4e0ca61a52a92a66919,1742849048,98130.631,1742849064,82130.631,Rabbit
67e1c4e0ca61a52a92a6691a,1742849048,98133.8951,1742849064,82133.8951,Rabbit
67e1c4e0ca61a52a92a6691b,1742849048,98135.8111,1742849064,82135.8111,Rabbit
67e1c4e0ca61a52a92a6691c,1742849048,98172.2279,1742849064,82172.2279,Rabbit
67e1c4e0ca61a52a92a6691d,1742849048,98176.1549,1742849064,82176.1549,Rabbit
67e1c4e0ca61a52a92a6691f,1742849048,98230.8,1742849064,82230.8,Rabbit
67e1c4e0ca61a52a92a66920,1742849048,98232.3349,1742849064,82232.3349,Rabbit
67e1c4e0ca61a52a92a66921,1742849048,98262.7848,1742849064,82262.7848,Rabbit
67e1c4e0ca61a52a92a66923,1742849048,98294.9807,1742849064,82294.9807,Rabbit
67e1c4e0ca61a52a92a66924,1742849048,98324.3911,1742849064,82324.3911,Rabbit
67e1c4e0ca61a52a92a66925,1742849048,98326.952,1742849064,82326.952,Rabbit
67e1c4e0ca61a52a92a66927,1742849048,98355.77,1742849064,82355.77,Rabbit
67e1c4e0ca61a52a92a66928,1742849048,98385.8588,1742849064,82385.8588,Rabbit
67e1c4e0ca61a52a92a66929,1742849048,98387.4156,1742849064,82387.4156,Rabbit
67e1c4e0ca61a52a92a6692a,1742849048,98447.8909,1742849064,82447.8909,Rabbit
67e1c4e0ca61a52a92a6692b,1742849048,98479.0826,1742849064,82479.0826,Rabbit
67e1c4e0ca61a52a92a6692c,1742849048,98481.6088,1742849064,82481.6088,Rabbit
67e1c4e0ca61a52a92a6692d,1742849048,98483.5763,1742849064,82483.5763,Rabbit
67e1c4e0ca61a52a92a6692f,1742849048,98511.8425,1742849064,82511.8425,Rabbit
67e1c4e0ca61a52a92a66930,1742849048,98570.9673,1742849064,82570.9673,Rabbit
67e1c4e0ca61a52a92a66931,1742849048,98572.4123,1742849064,82572.4123,Rabbit
67e1c4e0ca61a52a92a66933,1742849048,98605.8007,1742849064,82605.8007,Rabbit
67e1c4e0ca61a52a92a66934,1742849048,98607.3461,1742849064,82607.3461,Rabbit
67e1c4e0ca61a52a92a66935,1742849048,98608.8183,1742849064,82608.8183,Rabbit
67e1c4e0ca61a52a92a66937,1742849048,98612.0156,1742849064,82612.0156,Rabbit
67e1c4e0ca61a52a92a66938,1742849048,98613.8135,1742849064,82613.8135,Rabbit
67e1c4e0ca61a52a92a66939,1742849048,98615.3641,1742849064,82615.3641,Rabbit
67e1c4e0ca61a52a92a6693a,1742849048,98649.6532,1742849064,82649.6532,Rabbit
67e1c4e0ca61a52a92a6693b,1742849048,98680.3554,1742849064,82680.3554,Rabbit
67e1c4e0ca61a52a92a6693c,1742849048,98741.4594,1742849064,82741.4594,Rabbit
67e1c4e0ca61a52a92a6693d,1742849048,98773.6811,1742849064,82773.6811,Rabbit
67e1c4e0ca61a52a92a6693f,1742849048,98778.4188,1742849064,82778.4188,Rabbit
67e1c4e0ca61a52a92a66940,1742849048,98805.0556,1742849064,82805.0556,Rabbit
67e1c4e0ca61a52a92a66941,1742849048,98834.6008,1742849064,82834.6008,Rabbit
67e1c4e0ca61a52a92a66943,1742849048,98896.9259,1742849064,82896.9259,Rabbit
67e1c4e0ca61a52a92a66944,1742849048,98898.3877,1742849064,82898.3877,Rabbit
67e1c4e0ca61a52a92a66945,1742849048,98927.1481,1742849064,82927.1481,Rabbit
67e1c4e0ca61a52a92a66947,1742849048,98989.3166,1742849064,82989.3166,Rabbit
67e1c4e0ca61a52a92a66948,1742849048,98991.3594,1742849064,82991.3594,Rabbit
67e1c4e0ca61a52a92a66949,1742849048,98993.2049,1742849064,82993.2049,Rabbit
67e1c4e0ca61a52a92a6694a,1742849048,98994.7318,1742849064,82994.7318,Rabbit
67e1c4e0ca61a52a92a6694b,1742849048,98996.4471,1742849064,82996.4471,Rabbit
67e1c4e0ca61a52a92a6694c,1742849048,98998.4571,1742849064,82998.4571,Rabbit
67e1c4e0ca61a52a92a6694d,1742849048,99035.4443,1742849064,83035.4443,Rabbit
67e1c4e0ca61a52a92a6694f,1742849048,99039.5326,1742849064,83039.5326,Rabbit
67e1c4e0ca61a52a92a66950,1742849048,99066.1379,1742849064,83066.1379,Rabbit
67e1c4e0ca61a52a92a66951,1742849048,99067.686,1742849064,83067.686,Rabbit
67e1c4e0ca61a52a92a66953,1742849048,99104.7513,1742849064,83104.7513,Rabbit
67e1c4e0ca61a52a92a66954,1742849048,99107.1438,1742849064,83107.1438,Rabbit
67e1c4e0ca61a52a92a66955,1742849048,99110.2396,1742849064,83110.2396,Rabbit
67e1c4e0ca61a52a92a66957,1742849048,99114.9525,1742849064,83114.9525,Rabbit
67e1c4e0ca61a52a92a66958,1742849048,99116.7104,1742849064,83116.7104,Rabbit
67e1c4e0ca61a52a92a66959,1742849048,99118.5158,1742849064,83118.5158,Rabbit
67e1c4e0ca61a52a92a6695a,1742849048,99120.1775,1742849064,83120.1775,Rabbit
67e1c4e0ca61a52a92a6695b,1742849048,99144.4522,1742849064,83144.4522,Rabbit
67e1c4e0ca61a52a92a6695c,1742849048,99146.1409,1742849064,83146.1409,Rabbit
67e1c4e0ca61a52a92a6695d,1742849048,99175.8453,1742849064,83175.8453,Rabbit
67e1c4e0ca61a52a92a6695f,1742849048,99267.43,1742849064,83267.43,Rabbit
67e1c4e0ca61a52a92a66960,1742849048,99270.3454,1742849064,83270.3454,Rabbit
67e1c4e0ca61a52a92a66961,1742849048,99298.5297,1742849064,83298.5297,Rabbit
67e1c4e0ca61a52a92a66963,1742849048,99391.4831,1742849064,83391.4831,Rabbit
67e1c4e0ca61a52a92a66964,1742849048,99393.5628,1742849064,83393.5628,Rabbit
67e1c4e0ca61a52a92a66965,1742849048,99422.6132,1742849064,83422.6132,Rabbit
67e1c4e0ca61a52a92a66967,1742849048,99455.8157,1742849064,83455.8157,Rabbit
67e1c4e0ca61a52a92a66968,1742849048,99485.0412,1742849064,83485.0412,Rabbit
67e1c4e0ca61a52a92a66969,1742849048,99487.5772,1742849064,83487.5772,Rabbit
67e1c4e0ca61a52a92a6696a,1742849048,99490.4841,1742849064,83490.4841,Rabbit
67e1c4e0ca61a52a92a6696b,1742849048,99492.5294,1742849064,83492.5294,Rabbit
67e1c4e0ca61a52a92a6696c,1742849048,99514.8466,1742849064,83514.8466,Rabbit
67e1c4e0ca61a52a92a6696d,1742849048,99516.3913,1742849064,83516.3913,Rabbit
67e1c4dfca61a52a92a66872,1742849048,95627.5267,1742849064,79627.5267,Rabbit
67e1c4e0ca61a52a92a6696f,1742849048,99610.0193,1742849064,83610.0193,Rabbit
67e1c4e0ca61a52a92a66970,1742849048,99611.7899,1742849064,83611.7899,Rabbit
67e1c4e0ca61a52a92a66971,1742849048,99613.5952,1742849064,83613.5952,Rabbit
67e1c4dfca61a52a92a66876,1742849048,95814.4337,1742849064,79814.4337,Rabbit
67e1c4e0ca61a52a92a66973,1742849048,99616.8838,1742849064,83616.8838,Rabbit
67e1c4e0ca61a52a92a66974,1742849048,99618.7754,1742849064,83618.7754,Rabbit
67e1c4e0ca61a52a92a66975,1742849048,99620.477,1742849064,83620.477,Rabbit
67e1c4e0ca61a52a92a66977,1742849048,99653.9134,1742849064,83653.9134,Rabbit
67e1c4e0ca61a52a92a66978,1742849048,99655.7822,1742849064,83655.7822,Rabbit
67e1c4e0ca61a52a92a66979,1742849048,99685.0991,1742849064,83685.0991,Rabbit
67e1c4e0ca61a52a92a6697a,1742849048,99686.6485,1742849064,83686.6485,Rabbit
67e1c4e0ca61a52a92a6697b,1742849048,99715.8874,1742849064,83715.8874,Rabbit
67e1c4e0ca61a52a92a6697c,1742849048,99747.0296,1742849064,83747.0296,Rabbit
67e1c4e0ca61a52a92a6697d,1742849048,99749.6311,1742849064,83749.6311,Rabbit
67e1c4dfca61a52a92a6687e,1742849048,96030.811,1742849064,80030.811,Rabbit
67e1c4dfca61a52a92a66882,1742849048,96157.6889,1742849064,80157.6889,Rabbit
67e1c4e0ca61a52a92a6697f,1742849048,99753.8825,1742849064,83753.8825,Rabbit
67e1c4e0ca61a52a92a66980,1742849048,99755.659,1742849064,83755.659,Rabbit
67e1c4e0ca61a52a92a66981,1742849048,99757.6314,1742849064,83757.6314,Rabbit
67e1c4dfca61a52a92a66886,1742849048,96192.408,1742849064,80192.408,Rabbit
67e1c4e0ca61a52a92a66983,1742849048,99761.8448,1742849064,83761.8448,Rabbit
67e1c4e0ca61a52a92a66984,1742849048,99763.9729,1742849064,83763.9729,Rabbit
67e1c4e0ca61a52a92a66985,1742849048,99765.7725,1742849064,83765.7725,Rabbit
67e1c4e0ca61a52a92a66987,1742849048,99769.6959,1742849064,83769.6959,Rabbit
67e1c4e0ca61a52a92a66988,1742849048,99771.218,1742849064,83771.218,Rabbit
67e1c4e0ca61a52a92a66989,1742849048,99772.7648,1742849064,83772.7648,Rabbit
67e1c4e0ca61a52a92a6698a,1742849048,99774.2077,1742849064,83774.2077,Rabbit
67e1c4e0ca61a52a92a6698b,1742849048,99775.72,1742849064,83775.72,Rabbit
67e1c4e0ca61a52a92a6698c,1742849048,99777.1521,1742849064,83777.1521,Rabbit
67e1c4e0ca61a52a92a6698d,1742849048,99810.0662,1742849064,83810.0662,Rabbit
67e1c4dfca61a52a92a6688e,1742849048,96205.1816,1742849064,80205.1816,Rabbit
67e1c4dfca61a52a92a66892,1742849048,96294.1002,1742849064,80294.1002,Rabbit
67e1c4e0ca61a52a92a6698f,1742849048,99845.7801,1742849064,83845.7801,Rabbit
67e1c4e0ca61a52a92a66990,1742849048,99847.7335,1742849064,83847.7335,Rabbit
67e1c4e0ca61a52a92a66991,1742849048,99849.4371,1742849064,83849.4371,Rabbit
67e1c4dfca61a52a92a66896,1742849048,96449.086,1742849064,80449.086,Rabbit
67e1c4e0ca61a52a92a66993,1742849048,99852.8644,1742849064,83852.8644,Rabbit
67e1c4e0ca61a52a92a66994,1742849048,99854.4884,1742849064,83854.4884,Rabbit
67e1c4e0ca61a52a92a66995,1742849048,99856.5851,1742849064,83856.5851,Rabbit
67e1c4e0ca61a52a92a66997,1742849048,99860.0975,1742849064,83860.0975,Rabbit
67e1c4e0ca61a52a92a66998,1742849048,99887.4584,1742849064,83887.4584,Rabbit
67e1c4e0ca61a52a92a66999,1742849048,99948.3328,1742849064,83948.3328,Rabbit
67e1c4e0ca61a52a92a6699a,1742849048,99950.7096,1742849064,83950.7096,Rabbit
67e1c4e0ca61a52a92a6699b,1742849048,99952.8035,1742849064,83952.8035,Rabbit
67e1c4e0ca61a52a92a6699c,1742849048,99954.9311,1742849064,83954.9311,Rabbit
67e1c4e0ca61a52a92a6699d,1742849048,99957.2886,1742849064,83957.2886,Rabbit
67e1c4dfca61a52a92a6689e,1742849048,96604.7724,1742849064,80604.7724,Rabbit
67e1c4dfca61a52a92a668a2,1742849048,96791.3,1742849064,80791.3,Rabbit
67e1c4e0ca61a52a92a6699f,1742849048,99961.3087,1742849064,83961.3087,Rabbit
67e1c4e0ca61a52a92a669a0,1742849048,99963.5503,1742849064,83963.5503,Rabbit
67e1c4e0ca61a52a92a669a1,1742849048,99994.5719,1742849064,83994.5719,Rabbit
67e1c4dfca61a52a92a668a6,1742849048,96826.4554,1742849064,80826.4554,Rabbit
67e1c4e0ca61a52a92a669a3,1742849048,100056.7897,1742849064,84056.7897,Rabbit
67e1c4e0ca61a52a92a669a4,1742849048,100118.7755,1742849064,84118.7755,Rabbit
67e1c4e0ca61a52a92a669a5,1742849048,100120.9809,1742849064,84120.9809,Rabbit
67e1c4e0ca61a52a92a669a7,1742849048,100149.7349,1742849064,84149.7349,Rabbit
67e1c4e0ca61a52a92a669a8,1742849048,100180.9918,1742849064,84180.9918,Rabbit
67e1c4e0ca61a52a92a669a9,1742849048,100183.1609,1742849064,84183.1609,Rabbit
67e1c4e0ca61a52a92a669aa,1742849048,100184.958,1742849064,84184.958,Rabbit
67e1c4e0ca61a52a92a669ab,1742849048,100242.7017,1742849064,84242.7017,Rabbit
67e1c4e0ca61a52a92a669ac,1742849048,100273.8548,1742849064,84273.8548,Rabbit
67e1c4e0ca61a52a92a669ad,1742849048,100275.7935,1742849064,84275.7935,Rabbit
67e1c4dfca61a52a92a668ae,1742849048,96898.6737,1742849064,80898.6737,Rabbit
67e1c4dfca61a52a92a668b2,1742849048,96904.9379,1742849064,80904.9379,Rabbit
67e1c4e0ca61a52a92a669af,1742849048,100306.716,1742849064,84306.716,Rabbit
67e1c4e0ca61a52a92a669b0,1742849048,100336.544,1742849064,84336.544,Rabbit
67e1c4e0ca61a52a92a669b1,1742849048,100338.023,1742849064,84338.023,Rabbit
67e1c4dfca61a52a92a668b6,1742849048,96935.1772,1742849064,80935.1772,Rabbit
67e1c4e0ca61a52a92a669b3,1742849048,100341.6793,1742849064,84341.6793,Rabbit
67e1c4e0ca61a52a92a669b4,1742849048,100343.1134,1742849064,84343.1134,Rabbit
67e1c4e0ca61a52a92a669b5,1742849048,100344.5391,1742849064,84344.5391,Rabbit
67e1c4e0ca61a52a92a669b7,1742849048,100383.5041,1742849064,84383.5041,Rabbit
67e1c4e0ca61a52a92a669b8,1742849048,100444.2162,1742849064,84444.2162,Rabbit
67e1c4e0ca61a52a92a669b9,1742849048,100446.1122,1742849064,84446.1122,Rabbit
67e1c4e0ca61a52a92a669ba,1742849048,100447.9528,1742849064,84447.9528,Rabbit
67e1c4e0ca61a52a92a669bb,1742849048,100449.5668,1742849064,84449.5668,Rabbit
67e1c4e0ca61a52a92a669bc,1742849048,100451.0392,1742849064,84451.0392,Rabbit
67e1c4e0ca61a52a92a669bd,1742849048,100452.6773,1742849064,84452.6773,Rabbit
67e1c4dfca61a52a92a668be,1742849048,97053.6675,1742849064,81053.6675,Rabbit
67e1c4dfca61a52a92a668c2,1742849048,97060.9175,1742849064,81060.9175,Rabbit
67e1c4e0ca61a52a92a669bf,1742849048,100455.916,1742849064,84455.916,Rabbit
67e1c4e0ca61a52a92a669c0,1742849048,100490.9124,1742849064,84490.9124,Rabbit
67e1c4e0ca61a52a92a669c1,1742849048,100521.8381,1742849064,84521.8381,Rabbit
67e1c4dfca61a52a92a668c6,1742849048,97124.3267,1742849064,81124.3267,Rabbit
67e1c4e0ca61a52a92a669c3,1742849048,100614.9881,1742849064,84614.9881,Rabbit
67e1c4e0ca61a52a92a669c4,1742849048,100617.0803,1742849064,84617.0803,Rabbit
67e1c4e0ca61a52a92a669c5,1742849048,100618.6843,1742849064,84618.6843,Rabbit
67e1c4e0ca61a52a92a669c7,1742849048,100621.6649,1742849064,84621.6649,Rabbit
67e1c4e0ca61a52a92a669c8,1742849048,100623.3527,1742849064,84623.3527,Rabbit
67e1c4e0ca61a52a92a669c9,1742849048,100625.2354,1742849064,84625.2354,Rabbit
67e1c4e0ca61a52a92a669ca,1742849048,100633.026,1742849064,84633.026,Rabbit
67e1c4e0ca61a52a92a669cb,1742849048,100635.8944,1742849064,84635.8944,Rabbit
67e1c4e0ca61a52a92a669cc,1742849048,100637.9653,1742849064,84637.9653,Rabbit
67e1c4e0ca61a52a92a669cd,1742849048,100661.1242,1742849064,84661.1242,Rabbit
67e1c4dfca61a52a92a668ce,1742849048,97169.9676,1742849064,81169.9676,Rabbit
67e1c4dfca61a52a92a668d2,1742849048,97212.4238,1742849064,81212.4238,Rabbit
67e1c4e0ca61a52a92a669cf,1742849048,100693.0031,1742849064,84693.0031,Rabbit
67e1c4e0ca61a52a92a669d0,1742849048,100753.4693,1742849064,84753.4693,Rabbit
67e1c4e0ca61a52a92a669d1,1742849048,100815.4737,1742849064,84815.4737,Rabbit
67e1c4dfca61a52a92a668d6,1742849048,97272.2438,1742849064,81272.2438,Rabbit
67e1c4e0ca61a52a92a669d3,1742849048,100818.9218,1742849064,84818.9218,Rabbit
67e1c4e0ca61a52a92a669d4,1742849048,100820.4604,1742849064,84820.4604,Rabbit
67e1c4e0ca61a52a92a669d5,1742849048,100821.951,1742849064,84821.951,Rabbit
67e1c4e0ca61a52a92a669d7,1742849048,100825.1473,1742849064,84825.1473,Rabbit
67e1c4e0ca61a52a92a669d8,1742849048,100826.6898,1742849064,84826.6898,Rabbit
67e1c4e0ca61a52a92a669d9,1742849048,100828.1129,1742849064,84828.1129,Rabbit
67e1c4e0ca61a52a92a669da,1742849048,100829.7641,1742849064,84829.7641,Rabbit
67e1c4e0ca61a52a92a669db,1742849048,100831.6385,1742849064,84831.6385,Rabbit
67e1c4e0ca61a52a92a669dc,1742849048,100833.1079,1742849064,84833.1079,Rabbit
67e1c4e0ca61a52a92a669dd,1742849048,100834.44,1742849064,84834.44,Rabbit
67e1c4dfca61a52a92a668de,1742849048,97395.0743,1742849064,81395.0743,Rabbit
67e1c4e0ca61a52a92a669de,1742849048,100836.154,1742849064,84836.154,Rabbit
67e1c4e0ca61a52a92a669df,1742849048,100837.5871,1742849064,84837.5871,Rabbit
67e1c4e0ca61a52a92a669e0,1742849048,100839.6109,1742849064,84839.6109,Rabbit
67e1c4e0ca61a52a92a669e1,1742849048,100861.8114,1742849064,84861.8114,Rabbit
67e1c4e0ca61a52a92a669e2,1742849048,100923.3862,1742849064,84923.3862,Rabbit
67e1c4e0ca61a52a92a669e3,1742849048,100956.2063,1742849064,84956.2063,Rabbit
67e1c4e0ca61a52a92a669e4,1742849048,100958.3273,1742849064,84958.3273,Rabbit
67e1c4e0ca61a52a92a669e5,1742849048,100961.3629,1742849064,84961.3629,Rabbit
67e1c4e0ca61a52a92a669e6,1742849048,100963.5297,1742849064,84963.5297,Rabbit
67e1c4dfca61a52a92a6671d,1742849048,89417.9031,1742849063,74417.9031,Rabbit
67e1c4dfca61a52a92a6671e,1742849048,89419.54,1742849063,74419.54,Rabbit
67e1c4dfca61a52a92a6671f,1742849048,89475.9107,1742849063,74475.9107,Rabbit
67e1c4dfca61a52a92a66720,1742849048,89481.8562,1742849063,74481.8562,Rabbit
67e1c4dfca61a52a92a66721,1742849048,89483.8432,1742849063,74483.8432,Rabbit
67e1c4dfca61a52a92a66722,1742849048,89485.7599,1742849063,74485.7599,Rabbit
67e1c4dfca61a52a92a66723,1742849048,89487.5185,1742849063,74487.5185,Rabbit
67e1c4dfca61a52a92a66724,1742849048,89489.5006,1742849063,74489.5006,Rabbit
67e1c4dfca61a52a92a66725,1742849048,89492.5054,1742849063,74492.5054,Rabbit
67e1c4dfca61a52a92a66726,1742849048,89494.4471,1742849063,74494.4471,Rabbit
67e1c4dfca61a52a92a66727,1742849048,89522.5218,1742849063,74522.5218,Rabbit
67e1c4dfca61a52a92a66728,1742849048,89552.9734,1742849063,74552.9734,Rabbit
67e1c4dfca61a52a92a66729,1742849048,89583.904,1742849063,74583.904,Rabbit
67e1c4dfca61a52a92a6672a,1742849048,89645.9499,1742849063,74645.9499,Rabbit
67e1c4dfca61a52a92a6672b,1742849048,89707.9063,1742849063,74707.9063,Rabbit
67e1c4dfca61a52a92a6672c,1742849048,89709.4573,1742849063,74709.4573,Rabbit
67e1c4dfca61a52a92a6672d,1742849048,89739.1457,1742849063,74739.1457,Rabbit
67e1c4dfca61a52a92a6672e,1742849048,89800.8678,1742849063,74800.8678,Rabbit
67e1c4dfca61a52a92a6672f,1742849048,89802.4016,1742849063,74802.4016,Rabbit
67e1c4dfca61a52a92a66730,1742849048,89833.5723,1742849063,74833.5723,Rabbit
67e1c4dfca61a52a92a66731,1742849048,89835.3918,1742849063,74835.3918,Rabbit
67e1c4dfca61a52a92a66732,1742849048,89893.9474,1742849063,74893.9474,Rabbit
67e1c4dfca61a52a92a66733,1742849048,89895.7338,1742849063,74895.7338,Rabbit
67e1c4dfca61a52a92a66734,1742849048,89897.6694,1742849063,74897.6694,Rabbit
67e1c4dfca61a52a92a66735,1742849048,89924.8973,1742849063,74924.8973,Rabbit
67e1c4dfca61a52a92a66736,1742849048,89987.1794,1742849063,74987.1794,Rabbit
67e1c4dfca61a52a92a66737,1742849048,90018.9194,1742849063,75018.9194,Rabbit
67e1c4dfca61a52a92a66738,1742849048,90049.0927,1742849063,75049.0927,Rabbit
67e1c4dfca61a52a92a66739,1742849048,90111.2769,1742849063,75111.2769,Rabbit
67e1c4dfca61a52a92a6673a,1742849048,90142.2367,1742849063,75142.2367,Rabbit
67e1c4dfca61a52a92a6673b,1742849048,90204.3829,1742849063,75204.3829,Rabbit
67e1c4dfca61a52a92a6673c,1742849048,90235.9251,1742849063,75235.9251,Rabbit
67e1c4dfca61a52a92a6673d,1742849048,90267.8247,1742849063,75267.8247,Rabbit
67e1c4dfca61a52a92a6673e,1742849048,90297.8654,1742849063,75297.8654,Rabbit
67e1c4dfca61a52a92a6673f,1742849048,90328.147,1742849063,75328.147,Rabbit
67e1c4dfca61a52a92a66740,1742849048,90359.1957,1742849063,75359.1957,Rabbit
67e1c4dfca61a52a92a66741,1742849048,90391.0425,1742849063,75391.0425,Rabbit
67e1c4dfca61a52a92a66742,1742849048,90422.4067,1742849063,75422.4067,Rabbit
67e1c4dfca61a52a92a66743,1742849048,90424.1572,1742849063,75424.1572,Rabbit
67e1c4dfca61a52a92a66744,1742849048,90425.5405,1742849063,75425.5405,Rabbit
67e1c4dfca61a52a92a66745,1742849048,90427.3441,1742849063,75427.3441,Rabbit
67e1c4dfca61a52a92a66746,1742849048,90428.8025,1742849063,75428.8025,Rabbit
67e1c4dfca61a52a92a66747,1742849048,90431.2356,1742849063,75431.2356,Rabbit
67e1c4dfca61a52a92a66748,1742849048,90433.9202,1742849063,75433.9202,Rabbit
67e1c4dfca61a52a92a66749,1742849048,90437.1645,1742849063,75437.1645,Rabbit
67e1c4dfca61a52a92a6674a,1742849048,90439.1752,1742849063,75439.1752,Rabbit
67e1c4dfca61a52a92a6674b,1742849048,90440.9046,1742849063,75440.9046,Rabbit
67e1c4dfca61a52a92a6674c,1742849048,90442.5473,1742849063,75442.5473,Rabbit
67e1c4dfca61a52a92a6674d,1742849048,90444.1448,1742849063,75444.1448,Rabbit
67e1c4dfca61a52a92a6674e,1742849048,90498.8517,1742849063,75498.8517,Rabbit
67e1c4dfca61a52a92a6674f,1742849048,90501.1234,1742849063,75501.1234,Rabbit
67e1c4dfca61a52a92a66750,1742849048,90503.1957,1742849063,75503.1957,Rabbit
67e1c4dfca61a52a92a66751,1742849048,90531.0872,1742849063,75531.0872,Rabbit
67e1c4dfca61a52a92a66752,1742849048,90560.9183,1742849063,75560.9183,Rabbit
67e1c4dfca61a52a92a66753,1742849048,90562.9554,1742849063,75562.9554,Rabbit
67e1c4dfca61a52a92a66754,1742849048,90564.7795,1742849063,75564.7795,Rabbit
67e1c4dfca61a52a92a66755,1742849048,90566.15,1742849063,75566.15,Rabbit
67e1c4dfca61a52a92a66756,1742849048,90591.6616,1742849063,75591.6616,Rabbit
67e1c4dfca61a52a92a66757,1742849048,90623.3494,1742849063,75623.3494,Rabbit
67e1c4dfca61a52a92a66758,1742849048,90653.4115,1742849063,75653.4115,Rabbit
67e1c4dfca61a52a92a66759,1742849048,90685.9799,1742849063,75685.9799,Rabbit
67e1c4dfca61a52a92a6675a,1742849048,90687.9476,1742849063,75687.9476,Rabbit
67e1c4dfca61a52a92a6675b,1742849048,90715.4065,1742849063,75715.4065,Rabbit
67e1c4dfca61a52a92a6675c,1742849048,90777.5093,1742849063,75777.5093,Rabbit
67e1c4dfca61a52a92a6675d,1742849048,90779.3158,1742849063,75779.3158,Rabbit
67e1c4dfca61a52a92a6675e,1742849048,90808.3347,1742849063,75808.3347,Rabbit
67e1c4dfca61a52a92a6675f,1742849048,90809.9658,1742849063,75809.9658,Rabbit
67e1c4dfca61a52a92a66760,1742849048,90811.3868,1742849063,75811.3868,Rabbit
67e1c4dfca61a52a92a66761,1742849048,90844.3829,1742849063,75844.3829,Rabbit
67e1c4dfca61a52a92a66762,1742849048,90846.7122,1742849063,75846.7122,Rabbit
67e1c4dfca61a52a92a66763,1742849048,90854.1778,1742849063,75854.1778,Rabbit
67e1c4dfca61a52a92a66764,1742849048,90856.897,1742849063,75856.897,Rabbit
67e1c4dfca61a52a92a66765,1742849048,90885.6176,1742849063,75885.6176,Rabbit
67e1c4dfca61a52a92a66766,1742849048,90887.1698,1742849063,75887.1698,Rabbit
67e1c4dfca61a52a92a66767,1742849048,90888.6383,1742849063,75888.6383,Rabbit
67e1c4dfca61a52a92a66768,1742849048,90947.7872,1742849063,75947.7872,Rabbit
67e1c4dfca61a52a92a66769,1742849048,90949.5131,1742849063,75949.5131,Rabbit
67e1c4dfca61a52a92a6676a,1742849048,90951.2844,1742849063,75951.2844,Rabbit
67e1c4dfca61a52a92a6676b,1742849048,90952.9842,1742849063,75952.9842,Rabbit
67e1c4dfca61a52a92a6676c,1742849048,90954.5699,1742849063,75954.5699,Rabbit
67e1c4dfca61a52a92a6676d,1742849048,90956.4719,1742849063,75956.4719,Rabbit
67e1c4dfca61a52a92a6676e,1742849048,90957.9336,1742849063,75957.9336,Rabbit
67e1c4dfca61a52a92a6676f,1742849048,90959.4038,1742849063,75959.4038,Rabbit
67e1c4dfca61a52a92a66770,1742849048,90961.0405,1742849063,75961.0405,Rabbit
67e1c4dfca61a52a92a66771,1742849048,90962.5696,1742849063,75962.5696,Rabbit
67e1c4dfca61a52a92a66772,1742849048,90976.0498,1742849063,75976.0498,Rabbit
67e1c4dfca61a52a92a66773,1742849048,91009.7619,1742849063,76009.7619,Rabbit
67e1c4dfca61a52a92a66774,1742849048,91041.6011,1742849063,76041.6011,Rabbit
67e1c4dfca61a52a92a66775,1742849048,91102.7993,1742849063,76102.7993,Rabbit
67e1c4dfca61a52a92a66776,1742849048,91134.7768,1742849063,76134.7768,Rabbit
67e1c4dfca61a52a92a66777,1742849048,91136.3116,1742849063,76136.3116,Rabbit
67e1c4dfca61a52a92a66778,1742849048,91137.8716,1742849063,76137.8716,Rabbit
67e1c4dfca61a52a92a66779,1742849048,91165.4981,1742849063,76165.4981,Rabbit
67e1c4dfca61a52a92a6677a,1742849048,91166.9112,1742849063,76166.9112,Rabbit
67e1c4dfca61a52a92a6677b,1742849048,91168.3884,1742849063,76168.3884,Rabbit
67e1c4dfca61a52a92a6677c,1742849048,91169.815,1742849063,76169.815,Rabbit
67e1c4dfca61a52a92a6677d,1742849048,91196.6546,1742849063,76196.6546,Rabbit
67e1c4dfca61a52a92a6677e,1742849048,91226.7771,1742849063,76226.7771,Rabbit
67e1c4dfca61a52a92a6677f,1742849048,91228.5959,1742849063,76228.5959,Rabbit
67e1c4dfca61a52a92a66780,1742849048,91289.4554,1742849063,76289.4554,Rabbit
67e1c4dfca61a52a92a66781,1742849048,91320.4737,1742849063,76320.4737,Rabbit
67e1c4dfca61a52a92a66782,1742849048,91381.8769,1742849063,76381.8769,Rabbit
67e1c4dfca61a52a92a66783,1742849048,91413.668,1742849063,76413.668,Rabbit
67e1c4dfca61a52a92a66784,1742849048,91415.1445,1742849063,76415.1445,Rabbit
67e1c4dfca61a52a92a66785,1742849048,91444.2472,1742849063,76444.2472,Rabbit
67e1c4dfca61a52a92a66786,1742849048,91505.4547,1742849063,76505.4547,Rabbit
67e1c4dfca61a52a92a66787,1742849048,91536.4671,1742849063,76536.4671,Rabbit
67e1c4dfca61a52a92a66788,1742849048,91567.3666,1742849063,76567.3666,Rabbit
67e1c4dfca61a52a92a66789,1742849048,91629.4651,1742849063,76629.4651,Rabbit
67e1c4dfca61a52a92a6678a,1742849048,91662.2313,1742849063,76662.2313,Rabbit
67e1c4dfca61a52a92a6678b,1742849048,91664.2201,1742849063,76664.2201,Rabbit
67e1c4dfca61a52a92a6678c,1742849048,91692.3995,1742849063,76692.3995,Rabbit
67e1c4dfca61a52a92a6678d,1742849048,91694.0107,1742849063,76694.0107,Rabbit
67e1c4dfca61a52a92a6678e,1742849048,91753.6556,1742849063,76753.6556,Rabbit
67e1c4dfca61a52a92a6678f,1742849048,91755.0411,1742849063,76755.0411,Rabbit
67e1c4dfca61a52a92a66790,1742849048,91757.086,1742849063,76757.086,Rabbit
67e1c4dfca61a52a92a66791,1742849048,91785.3761,1742849063,76785.3761,Rabbit
67e1c4dfca61a52a92a66792,1742849048,91787.1928,1742849063,76787.1928,Rabbit
67e1c4dfca61a52a92a66793,1742849048,91816.4808,1742849063,76816.4808,Rabbit
67e1c4dfca61a52a92a66794,1742849048,91846.5071,1742849063,76846.5071,Rabbit
67e1c4dfca61a52a92a66795,1742849048,91848.2668,1742849063,76848.2668,Rabbit
67e1c4dfca61a52a92a66796,1742849048,91850.2623,1742849063,76850.2623,Rabbit
67e1c4dfca61a52a92a66797,1742849048,91877.6838,1742849063,76877.6838,Rabbit
67e1c4dfca61a52a92a66798,1742849048,91939.6797,1742849063,76939.6797,Rabbit
67e1c4dfca61a52a92a66799,1742849048,91941.8249,1742849063,76941.8249,Rabbit
67e1c4dfca61a52a92a6679a,1742849048,91971.2237,1742849063,76971.2237,Rabbit
67e1c4dfca61a52a92a6679b,1742849048,91972.75,1742849063,76972.75,Rabbit
67e1c4dfca61a52a92a6679c,1742849048,91974.9783,1742849063,76974.9783,Rabbit
67e1c4dfca61a52a92a6679d,1742849048,92002.474,1742849063,77002.474,Rabbit
67e1c4dfca61a52a92a6679e,1742849048,92063.7042,1742849063,77063.7042,Rabbit
67e1c4dfca61a52a92a6679f,1742849048,92065.4304,1742849063,77065.4304,Rabbit
67e1c4dfca61a52a92a667a0,1742849048,92097.0448,1742849063,77097.0448,Rabbit
67e1c4dfca61a52a92a667a1,1742849048,92156.4417,1742849063,77156.4417,Rabbit
67e1c4dfca61a52a92a667a2,1742849048,92189.3799,1742849063,77189.3799,Rabbit
67e1c4dfca61a52a92a667a3,1742849048,92191.8166,1742849063,77191.8166,Rabbit
67e1c4dfca61a52a92a667a4,1742849048,92194.302,1742849063,77194.302,Rabbit
67e1c4dfca61a52a92a667a5,1742849048,92196.0076,1742849063,77196.0076,Rabbit
67e1c4dfca61a52a92a667a6,1742849048,92197.8202,1742849063,77197.8202,Rabbit
67e1c4dfca61a52a92a667a7,1742849048,92199.3909,1742849063,77199.3909,Rabbit
67e1c4dfca61a52a92a667a8,1742849048,92200.8215,1742849063,77200.8215,Rabbit
67e1c4dfca61a52a92a667a9,1742849048,92202.7622,1742849063,77202.7622,Rabbit
67e1c4dfca61a52a92a667aa,1742849048,92205.2185,1742849063,77205.2185,Rabbit
67e1c4dfca61a52a92a667ab,1742849048,92206.8782,1742849063,77206.8782,Rabbit
67e1c4dfca61a52a92a667ac,1742849048,92234.1732,1742849063,77234.1732,Rabbit
67e1c4dfca61a52a92a667ad,1742849048,92265.8882,1742849063,77265.8882,Rabbit
67e1c4dfca61a52a92a667ae,1742849048,92295.6798,1742849063,77295.6798,Rabbit
67e1c4dfca61a52a92a667af,1742849048,92297.4701,1742849063,77297.4701,Rabbit
67e1c4dfca61a52a92a667b0,1742849048,92298.9872,1742849063,77298.9872,Rabbit
67e1c4dfca61a52a92a667b1,1742849048,92326.7386,1742849063,77326.7386,Rabbit
67e1c4dfca61a52a92a667b2,1742849048,92328.3663,1742849063,77328.3663,Rabbit
67e1c4dfca61a52a92a667b3,1742849048,92388.7508,1742849063,77388.7508,Rabbit
67e1c4dfca61a52a92a667b4,1742849048,92421.0913,1742849063,77421.0913,Rabbit
67e1c4dfca61a52a92a667b5,1742849048,92423.8402,1742849063,77423.8402,Rabbit
67e1c4dfca61a52a92a667b6,1742849048,92425.6145,1742849063,77425.6145,Rabbit
67e1c4dfca61a52a92a667b7,1742849048,92427.3553,1742849063,77427.3553,Rabbit
67e1c4dfca61a52a92a667b8,1742849048,92452.1195,1742849063,77452.1195,Rabbit
67e1c4dfca61a52a92a667b9,1742849048,92453.7274,1742849063,77453.7274,Rabbit
67e1c4dfca61a52a92a667ba,1742849048,92455.4659,1742849063,77455.4659,Rabbit
67e1c4dfca61a52a92a667bb,1742849048,92456.9132,1742849063,77456.9132,Rabbit
67e1c4dfca61a52a92a667bc,1742849048,92459.6706,1742849063,77459.6706,Rabbit
67e1c4dfca61a52a92a667bd,1742849048,92461.3128,1742849063,77461.3128,Rabbit
67e1c4dfca61a52a92a667be,1742849048,92462.8291,1742849063,77462.8291,Rabbit
67e1c4dfca61a52a92a667bf,1742849048,92496.9634,1742849063,77496.9634,Rabbit
67e1c4dfca61a52a92a667c0,1742849048,92528.9636,1742849063,77528.9636,Rabbit
67e1c4dfca61a52a92a667c1,1742849048,92560.0874,1742849063,77560.0874,Rabbit
67e1c4dfca61a52a92a667c2,1742849048,92589.868,1742849063,77589.868,Rabbit
67e1c4dfca61a52a92a667c3,1742849048,92591.3807,1742849063,77591.3807,Rabbit
67e1c4dfca61a52a92a667c4,1742849048,92652.7797,1742849063,77652.7797,Rabbit
67e1c4dfca61a52a92a667c5,1742849048,92654.7596,1742849063,77654.7596,Rabbit
67e1c4dfca61a52a92a667c6,1742849048,92656.7177,1742849063,77656.7177,Rabbit
67e1c4dfca61a52a92a667c7,1742849048,92658.7704,1742849063,77658.7704,Rabbit
67e1c4dfca61a52a92a667c8,1742849048,92683.1394,1742849063,77683.1394,Rabbit
67e1c4dfca61a52a92a667c9,1742849048,92714.0992,1742849063,77714.0992,Rabbit
67e1c4dfca61a52a92a667ca,1742849048,92745.1422,1742849063,77745.1422,Rabbit
67e1c4dfca61a52a92a667cb,1742849048,92746.7827,1742849063,77746.7827,Rabbit
67e1c4dfca61a52a92a667cc,1742849048,92776.5808,1742849063,77776.5808,Rabbit
67e1c4dfca61a52a92a667cd,1742849048,92778.6114,1742849063,77778.6114,Rabbit
67e1c4dfca61a52a92a667ce,1742849048,92780.3855,1742849063,77780.3855,Rabbit
67e1c4dfca61a52a92a667cf,1742849048,92781.8021,1742849063,77781.8021,Rabbit
67e1c4dfca61a52a92a667d0,1742849048,92783.2005,1742849063,77783.2005,Rabbit
67e1c4dfca61a52a92a667d1,1742849048,92784.6974,1742849063,77784.6974,Rabbit
67e1c4dfca61a52a92a667d2,1742849048,92786.1086,1742849063,77786.1086,Rabbit
67e1c4dfca61a52a92a667d3,1742849048,92787.4362,1742849063,77787.4362,Rabbit
67e1c4dfca61a52a92a667d4,1742849048,92823.2693,1742849063,77823.2693,Rabbit
67e1c4dfca61a52a92a667d5,1742849048,92854.0606,1742849063,77854.0606,Rabbit
67e1c4dfca61a52a92a667d6,1742849048,92886.1309,1742849063,77886.1309,Rabbit
67e1c4dfca61a52a92a667d7,1742849048,92915.5214,1742849063,77915.5214,Rabbit
67e1c4dfca61a52a92a667d8,1742849048,92917.1199,1742849063,77917.1199,Rabbit
67e1c4dfca61a52a92a667d9,1742849048,92919.8123,1742849063,77919.8123,Rabbit
67e1c4dfca61a52a92a667da,1742849048,92978.6354,1742849063,77978.6354,Rabbit
67e1c4dfca61a52a92a667db,1742849048,93008.9125,1742849063,78008.9125,Rabbit
67e1c4dfca61a52a92a667dc,1742849048,93010.5059,1742849063,78010.5059,Rabbit
67e1c4dfca61a52a92a667dd,1742849048,93070.1761,1742849063,78070.1761,Rabbit
67e1c4dfca61a52a92a667de,1742849048,93131.9872,1742849063,78131.9872,Rabbit
67e1c4dfca61a52a92a667df,1742849048,93133.7349,1742849063,78133.7349,Rabbit
67e1c4dfca61a52a92a667e0,1742849048,93135.2206,1742849063,78135.2206,Rabbit
67e1c4dfca61a52a92a667e1,1742849048,93163.0758,1742849063,78163.0758,Rabbit
67e1c4dfca61a52a92a667e2,1742849048,93224.9457,1742849063,78224.9457,Rabbit
67e1c4dfca61a52a92a667e3,1742849048,93255.6035,1742849063,78255.6035,Rabbit
67e1c4dfca61a52a92a667e4,1742849048,93257.3237,1742849063,78257.3237,Rabbit
67e1c4dfca61a52a92a667e5,1742849048,93286.5265,1742849063,78286.5265,Rabbit
67e1c4dfca61a52a92a667e6,1742849048,93317.601,1742849063,78317.601,Rabbit
67e1c4dfca61a52a92a667e7,1742849048,93348.7139,1742849063,78348.7139,Rabbit
67e1c4dfca61a52a92a667e8,1742849048,93380.6846,1742849063,78380.6846,Rabbit
67e1c4dfca61a52a92a667e9,1742849048,93411.323,1742849063,78411.323,Rabbit
67e1c4dfca61a52a92a667ea,1742849048,93442.4785,1742849063,78442.4785,Rabbit
67e1c4dfca61a52a92a667eb,1742849048,93444.01,1742849063,78444.01,Rabbit
67e1c4dfca61a52a92a667ec,1742849048,93472.5305,1742849063,78472.5305,Rabbit
67e1c4dfca61a52a92a667ed,1742849048,93504.3967,1742849063,78504.3967,Rabbit
67e1c4dfca61a52a92a667ee,1742849048,93506.2952,1742849063,78506.2952,Rabbit
67e1c4dfca61a52a92a667ef,1742849048,93507.8216,1742849063,78507.8216,Rabbit
67e1c4dfca61a52a92a667f0,1742849048,93535.4198,1742849063,78535.4198,Rabbit
67e1c4dfca61a52a92a667f1,1742849048,93537.325,1742849063,78537.325,Rabbit
67e1c4dfca61a52a92a667f2,1742849048,93539.6442,1742849063,78539.6442,Rabbit
67e1c4dfca61a52a92a667f3,1742849048,93541.5208,1742849063,78541.5208,Rabbit
67e1c4dfca61a52a92a667f4,1742849048,93543.3484,1742849063,78543.3484,Rabbit
67e1c4dfca61a52a92a667f5,1742849048,93565.9749,1742849063,78565.9749,Rabbit
67e1c4dfca61a52a92a667f6,1742849048,93597.528,1742849063,78597.528,Rabbit
67e1c4dfca61a52a92a667f7,1742849048,93658.7769,1742849063,78658.7769,Rabbit
67e1c4dfca61a52a92a667f8,1742849048,93690.7361,1742849063,78690.7361,Rabbit
67e1c4dfca61a52a92a667f9,1742849048,93751.8312,1742849063,78751.8312,Rabbit
67e1c4dfca61a52a92a667fa,1742849048,93753.5265,1742849063,78753.5265,Rabbit
67e1c4dfca61a52a92a667fb,1742849048,93814.31,1742849063,78814.31,Rabbit
67e1c4dfca61a52a92a667fc,1742849048,93815.9556,1742849063,78815.9556,Rabbit
67e1c4dfca61a52a92a667fd,1742849048,93817.5366,1742849063,78817.5366,Rabbit
67e1c4dfca61a52a92a667fe,1742849048,93819.0636,1742849063,78819.0636,Rabbit
67e1c4dfca61a52a92a667ff,1742849048,93820.6325,1742849063,78820.6325,Rabbit
67e1c4dfca61a52a92a66800,1742849048,93822.2611,1742849063,78822.2611,Rabbit
67e1c4dfca61a52a92a66801,1742849048,93823.7914,1742849063,78823.7914,Rabbit
67e1c4dfca61a52a92a66802,1742849048,93845.9336,1742849063,78845.9336,Rabbit
67e1c4dfca61a52a92a66803,1742849048,93848.0609,1742849063,78848.0609,Rabbit
67e1c4dfca61a52a92a66804,1742849048,93850.1595,1742849063,78850.1595,Rabbit
67e1c4dfca61a52a92a66805,1742849048,93852.1465,1742849063,78852.1465,Rabbit
67e1c4dfca61a52a92a66806,1742849048,93907.077,1742849063,78907.077,Rabbit
67e1c4dfca61a52a92a66807,1742849048,93969.3197,1742849063,78969.3197,Rabbit
67e1c4dfca61a52a92a66808,1742849048,94000.0949,1742849063,79000.0949,Rabbit
67e1c4dfca61a52a92a66809,1742849048,94031.9187,1742849063,79031.9187,Rabbit
67e1c4dfca61a52a92a6680a,1742849048,94063.27,1742849063,79063.27,Rabbit
67e1c4dfca61a52a92a6680b,1742849048,94094.1156,1742849063,79094.1156,Rabbit
67e1c4dfca61a52a92a6680c,1742849048,94095.8965,1742849063,79095.8965,Rabbit
67e1c4dfca61a52a92a6680d,1742849048,94097.617,1742849063,79097.617,Rabbit
67e1c4dfca61a52a92a6680e,1742849048,94099.1763,1742849063,79099.1763,Rabbit
67e1c4dfca61a52a92a6680f,1742849048,94125.1411,1742849063,79125.1411,Rabbit
67e1c4dfca61a52a92a66810,1742849048,94187.5599,1742849063,79187.5599,Rabbit
67e1c4dfca61a52a92a66811,1742849048,94216.9057,1742849063,79216.9057,Rabbit
67e1c4dfca61a52a92a66812,1742849048,94248.0486,1742849063,79248.0486,Rabbit
67e1c4dfca61a52a92a66813,1742849048,94250.7168,1742849063,79250.7168,Rabbit
67e1c4dfca61a52a92a66814,1742849048,94252.7139,1742849063,79252.7139,Rabbit
67e1c4dfca61a52a92a66815,1742849048,94254.1269,1742849063,79254.1269,Rabbit
67e1c4dfca61a52a92a66816,1742849048,94256.2259,1742849063,79256.2259,Rabbit
67e1c4dfca61a52a92a66817,1742849048,94258.249,1742849063,79258.249,Rabbit
67e1c4dfca61a52a92a66818,1742849048,94260.0787,1742849063,79260.0787,Rabbit
67e1c4dfca61a52a92a66819,1742849048,94294.3414,1742849063,79294.3414,Rabbit
67e1c4dfca61a52a92a6681a,1742849048,94295.8817,1742849063,79295.8817,Rabbit
67e1c4dfca61a52a92a6681b,1742849048,94325.3601,1742849063,79325.3601,Rabbit
67e1c4dfca61a52a92a6681c,1742849048,94326.9041,1742849063,79326.9041,Rabbit
67e1c4dfca61a52a92a6681d,1742849048,94328.3135,1742849063,79328.3135,Rabbit
67e1c4dfca61a52a92a6681e,1742849048,94387.9773,1742849063,79387.9773,Rabbit
67e1c4dfca61a52a92a6681f,1742849048,94390.3433,1742849063,79390.3433,Rabbit
67e1c4dfca61a52a92a66820,1742849048,94397.3366,1742849063,79397.3366,Rabbit
67e1c4dfca61a52a92a66821,1742849048,94434.0905,1742849063,79434.0905,Rabbit
67e1c4dfca61a52a92a66822,1742849048,94464.887,1742849063,79464.887,Rabbit
67e1c4dfca61a52a92a66823,1742849048,94526.8268,1742849063,79526.8268,Rabbit
67e1c4dfca61a52a92a66824,1742849048,94528.6541,1742849063,79528.6541,Rabbit
67e1c4dfca61a52a92a66825,1742849048,94558.6977,1742849063,79558.6977,Rabbit
67e1c4dfca61a52a92a66826,1742849048,94560.4297,1742849063,79560.4297,Rabbit
67e1c4dfca61a52a92a66827,1742849048,94588.996,1742849063,79588.996,Rabbit
67e1c4dfca61a52a92a66828,1742849048,94590.8593,1742849063,79590.8593,Rabbit
67e1c4dfca61a52a92a66829,1742849048,94592.4409,1742849063,79592.4409,Rabbit
67e1c4dfca61a52a92a6682a,1742849048,94593.9214,1742849063,79593.9214,Rabbit
67e1c4dfca61a52a92a6682b,1742849048,94595.6037,1742849063,79595.6037,Rabbit
67e1c4dfca61a52a92a6682c,1742849048,94597.1839,1742849063,79597.1839,Rabbit
67e1c4dfca61a52a92a6682d,1742849048,94601.0103,1742849063,79601.0103,Rabbit
67e1c4dfca61a52a92a6682e,1742849048,94603.7829,1742849063,79603.7829,Rabbit
67e1c4dfca61a52a92a6682f,1742849048,94606.1583,1742849063,79606.1583,Rabbit
67e1c4dfca61a52a92a66830,1742849048,94607.8634,1742849063,79607.8634,Rabbit
67e1c4dfca61a52a92a66831,1742849048,94609.5614,1742849063,79609.5614,Rabbit
67e1c4dfca61a52a92a66832,1742849048,94611.1837,1742849063,79611.1837,Rabbit
67e1c4dfca61a52a92a66833,1742849048,94612.7078,1742849063,79612.7078,Rabbit
67e1c4dfca61a52a92a66834,1742849048,94614.2344,1742849063,79614.2344,Rabbit
67e1c4dfca61a52a92a66835,1742849048,94651.5657,1742849063,79651.5657,Rabbit
67e1c4dfca61a52a92a66836,1742849048,94681.7822,1742849063,79681.7822,Rabbit
67e1c4dfca61a52a92a66837,1742849048,94683.3044,1742849063,79683.3044,Rabbit
67e1c4dfca61a52a92a66838,1742849048,94712.8188,1742849063,79712.8188,Rabbit
67e1c4dfca61a52a92a66839,1742849048,94714.3791,1742849063,79714.3791,Rabbit
67e1c4dfca61a52a92a6683a,1742849048,94744.8529,1742849063,79744.8529,Rabbit
67e1c4dfca61a52a92a6683b,1742849048,94775.026,1742849063,79775.026,Rabbit
67e1c4dfca61a52a92a6683c,1742849048,94807.8648,1742849063,79807.8648,Rabbit
67e1c4dfca61a52a92a6683d,1742849048,94809.5266,1742849063,79809.5266,Rabbit
67e1c4dfca61a52a92a6683e,1742849048,94811.3813,1742849063,79811.3813,Rabbit
67e1c4dfca61a52a92a6683f,1742849048,94813.4322,1742849063,79813.4322,Rabbit
67e1c4dfca61a52a92a66840,1742849048,94815.2634,1742849063,79815.2634,Rabbit
67e1c4dfca61a52a92a66841,1742849048,94817.0142,1742849063,79817.0142,Rabbit
67e1c4dfca61a52a92a66842,1742849048,94818.5453,1742849063,79818.5453,Rabbit
67e1c4dfca61a52a92a66843,1742849048,94820.0705,1742849063,79820.0705,Rabbit
67e1c4dfca61a52a92a66844,1742849048,94852.5651,1742849063,79852.5651,Rabbit
67e1c4dfca61a52a92a66845,1742849048,94885.3303,1742849063,79885.3303,Rabbit
67e1c4dfca61a52a92a66846,1742849048,94888.1402,1742849063,79888.1402,Rabbit
67e1c4dfca61a52a92a66847,1742849048,94894.4387,1742849063,79894.4387,Rabbit
67e1c4dfca61a52a92a66848,1742849048,94896.7935,1742849063,79896.7935,Rabbit
67e1c4dfca61a52a92a66849,1742849048,94899.3582,1742849063,79899.3582,Rabbit
67e1c4dfca61a52a92a6684a,1742849048,94960.9772,1742849063,79960.9772,Rabbit
67e1c4dfca61a52a92a6684b,1742849048,94962.6225,1742849063,79962.6225,Rabbit
67e1c4dfca61a52a92a6684c,1742849048,94964.9259,1742849063,79964.9259,Rabbit
67e1c4dfca61a52a92a6684d,1742849048,94966.3644,1742849063,79966.3644,Rabbit
67e1c4dfca61a52a92a6684e,1742849048,95023.0174,1742849063,80023.0174,Rabbit
67e1c4dfca61a52a92a6684f,1742849048,95054.0732,1742849063,80054.0732,Rabbit
67e1c4dfca61a52a92a66850,1742849048,95056.0767,1742849063,80056.0767,Rabbit
67e1c4dfca61a52a92a66851,1742849048,95059.2543,1742849063,80059.2543,Rabbit
67e1c4dfca61a52a92a66852,1742849048,95061.8297,1742849063,80061.8297,Rabbit
67e1c4dfca61a52a92a66853,1742849048,95064.0754,1742849063,80064.0754,Rabbit
67e1c4dfca61a52a92a66854,1742849048,95065.593,1742849063,80065.593,Rabbit
67e1c4dfca61a52a92a66855,1742849048,95067.3668,1742849063,80067.3668,Rabbit
67e1c4dfca61a52a92a66856,1742849048,95069.2011,1742849063,80069.2011,Rabbit
67e1c4dfca61a52a92a66857,1742849048,95070.8204,1742849063,80070.8204,Rabbit
67e1c4dfca61a52a92a66858,1742849048,95072.6123,1742849063,80072.6123,Rabbit
67e1c4dfca61a52a92a66859,1742849048,95074.0522,1742849063,80074.0522,Rabbit
67e1c4dfca61a52a92a6685a,1742849048,95131.9474,1742849063,80131.9474,Rabbit
67e1c4dfca61a52a92a6685b,1742849048,95162.3726,1742849063,80162.3726,Rabbit
67e1c4dfca61a52a92a6685c,1742849048,95224.5833,1742849063,80224.5833,Rabbit
67e1c4dfca61a52a92a6685d,1742849048,95227.0672,1742849063,80227.0672,Rabbit
67e1c4dfca61a52a92a6685e,1742849048,95231.7018,1742849063,80231.7018,Rabbit
67e1c4dfca61a52a92a6685f,1742849048,95234.042,1742849063,80234.042,Rabbit
67e1c4dfca61a52a92a66860,1742849048,95271.0221,1742849063,80271.0221,Rabbit
67e1c4dfca61a52a92a66861,1742849048,95302.941,1742849063,80302.941,Rabbit
67e1c4dfca61a52a92a66862,1742849048,95364.158,1742849063,80364.158,Rabbit
67e1c4dfca61a52a92a66863,1742849048,95395.8328,1742849063,80395.8328,Rabbit
67e1c4dfca61a52a92a66864,1742849048,95426.7244,1742849063,80426.7244,Rabbit
67e1c4dfca61a52a92a66865,1742849048,95457.0721,1742849063,80457.0721,Rabbit
67e1c4dfca61a52a92a66866,1742849048,95458.74,1742849063,80458.74,Rabbit
67e1c4dfca61a52a92a66867,1742849048,95460.2928,1742849063,80460.2928,Rabbit
67e1c4dfca61a52a92a66868,1742849048,95461.743,1742849063,80461.743,Rabbit
67e1c4dfca61a52a92a66869,1742849048,95463.4735,1742849063,80463.4735,Rabbit
67e1c4dfca61a52a92a6686a,1742849048,95465.1516,1742849063,80465.1516,Rabbit
67e1c4dfca61a52a92a6686b,1742849048,95466.8374,1742849063,80466.8374,Rabbit
67e1c4dfca61a52a92a6686c,1742849048,95468.2703,1742849063,80468.2703,Rabbit
67e1c4dfca61a52a92a6686d,1742849048,95503.4738,1742849063,80503.4738,Rabbit
67e1c4dfca61a52a92a6686e,1742849048,95535.4252,1742849063,80535.4252,Rabbit
67e1c4dfca61a52a92a66584,1742849048,80937.3745,1742849062,66937.3745,Rabbit
67e1c4dfca61a52a92a66585,1742849048,80968.7777,1742849062,66968.7777,Rabbit
67e1c4dfca61a52a92a66586,1742849048,80970.228,1742849062,66970.228,Rabbit
67e1c4dfca61a52a92a66587,1742849048,80998.4406,1742849062,66998.4406,Rabbit
67e1c4dfca61a52a92a66588,1742849048,81030.5131,1742849062,67030.5131,Rabbit
67e1c4dfca61a52a92a66589,1742849048,81061.8209,1742849062,67061.8209,Rabbit
67e1c4dfca61a52a92a6658a,1742849048,81122.5183,1742849062,67122.5183,Rabbit
67e1c4dfca61a52a92a6658b,1742849048,81124.3954,1742849062,67124.3954,Rabbit
67e1c4dfca61a52a92a6658c,1742849048,81184.9072,1742849062,67184.9072,Rabbit
67e1c4dfca61a52a92a6658d,1742849048,81216.1859,1742849062,67216.1859,Rabbit
67e1c4dfca61a52a92a6658e,1742849048,81246.3967,1742849062,67246.3967,Rabbit
67e1c4dfca61a52a92a6658f,1742849048,81277.2886,1742849062,67277.2886,Rabbit
67e1c4dfca61a52a92a66590,1742849048,81308.3214,1742849062,67308.3214,Rabbit
67e1c4dfca61a52a92a66591,1742849048,81309.9188,1742849062,67309.9188,Rabbit
67e1c4dfca61a52a92a66592,1742849048,81370.5448,1742849062,67370.5448,Rabbit
67e1c4dfca61a52a92a66593,1742849048,81372.0534,1742849062,67372.0534,Rabbit
67e1c4dfca61a52a92a66594,1742849048,81432.3929,1742849062,67432.3929,Rabbit
67e1c4dfca61a52a92a66595,1742849048,81464.4782,1742849062,67464.4782,Rabbit
67e1c4dfca61a52a92a66596,1742849048,81494.4453,1742849062,67494.4453,Rabbit
67e1c4dfca61a52a92a66597,1742849048,81556.3406,1742849062,67556.3406,Rabbit
67e1c4dfca61a52a92a66598,1742849048,81588.1481,1742849062,67588.1481,Rabbit
67e1c4dfca61a52a92a66599,1742849048,81619.3835,1742849062,67619.3835,Rabbit
67e1c4dfca61a52a92a6659a,1742849048,81650.4975,1742849062,67650.4975,Rabbit
67e1c4dfca61a52a92a6659b,1742849048,81711.4821,1742849062,67711.4821,Rabbit
67e1c4dfca61a52a92a6659c,1742849048,81713.2055,1742849062,67713.2055,Rabbit
67e1c4dfca61a52a92a6659d,1742849048,81744.0654,1742849062,67744.0654,Rabbit
67e1c4dfca61a52a92a6659e,1742849048,81773.4939,1742849062,67773.4939,Rabbit
67e1c4dfca61a52a92a6659f,1742849048,81805.3806,1742849062,67805.3806,Rabbit
67e1c4dfca61a52a92a665a0,1742849048,81836.7087,1742849062,67836.7087,Rabbit
67e1c4dfca61a52a92a665a1,1742849048,81838.7931,1742849062,67838.7931,Rabbit
67e1c4dfca61a52a92a665a2,1742849048,81866.5721,1742849062,67866.5721,Rabbit
67e1c4dfca61a52a92a665a3,1742849048,81928.5942,1742849062,67928.5942,Rabbit
67e1c4dfca61a52a92a665a4,1742849048,81960.1375,1742849062,67960.1375,Rabbit
67e1c4dfca61a52a92a665a5,1742849048,81962.1452,1742849062,67962.1452,Rabbit
67e1c4dfca61a52a92a665a6,1742849048,81990.9274,1742849062,67990.9274,Rabbit
67e1c4dfca61a52a92a665a7,1742849048,81993.1909,1742849062,67993.1909,Rabbit
67e1c4dfca61a52a92a665a8,1742849048,82021.7456,1742849062,68021.7456,Rabbit
67e1c4dfca61a52a92a665a9,1742849048,82054.1359,1742849062,68054.1359,Rabbit
67e1c4dfca61a52a92a665aa,1742849048,82083.6334,1742849062,68083.6334,Rabbit
67e1c4dfca61a52a92a665ab,1742849048,82145.6369,1742849062,68145.6369,Rabbit
67e1c4dfca61a52a92a665ac,1742849048,82176.6268,1742849062,68176.6268,Rabbit
67e1c4dfca61a52a92a665ad,1742849048,82178.2062,1742849062,68178.2062,Rabbit
67e1c4dfca61a52a92a665ae,1742849048,82179.7202,1742849062,68179.7202,Rabbit
67e1c4dfca61a52a92a665af,1742849048,82181.2611,1742849062,68181.2611,Rabbit
67e1c4dfca61a52a92a665b0,1742849048,82182.7343,1742849062,68182.7343,Rabbit
67e1c4dfca61a52a92a665b1,1742849048,82207.5613,1742849062,68207.5613,Rabbit
67e1c4dfca61a52a92a665b2,1742849048,82241.0196,1742849062,68241.0196,Rabbit
67e1c4dfca61a52a92a665b3,1742849048,82300.3735,1742849062,68300.3735,Rabbit
67e1c4dfca61a52a92a665b4,1742849048,82362.4993,1742849062,68362.4993,Rabbit
67e1c4dfca61a52a92a665b5,1742849048,82424.5701,1742849062,68424.5701,Rabbit
67e1c4dfca61a52a92a665b6,1742849048,82426.4992,1742849062,68426.4992,Rabbit
67e1c4dfca61a52a92a665b7,1742849048,82486.6812,1742849062,68486.6812,Rabbit
67e1c4dfca61a52a92a665b8,1742849048,82489.1277,1742849062,68489.1277,Rabbit
67e1c4dfca61a52a92a665b9,1742849048,82517.3767,1742849062,68517.3767,Rabbit
67e1c4dfca61a52a92a665ba,1742849048,82518.923,1742849062,68518.923,Rabbit
67e1c4dfca61a52a92a665bb,1742849048,82549.2044,1742849062,68549.2044,Rabbit
67e1c4dfca61a52a92a665bc,1742849048,82579.3526,1742849062,68579.3526,Rabbit
67e1c4dfca61a52a92a665bd,1742849048,82611.3067,1742849062,68611.3067,Rabbit
67e1c4dfca61a52a92a665be,1742849048,82614.9606,1742849062,68614.9606,Rabbit
67e1c4dfca61a52a92a665bf,1742849048,82618.8181,1742849062,68618.8181,Rabbit
67e1c4dfca61a52a92a665c0,1742849048,82622.1485,1742849062,68622.1485,Rabbit
67e1c4dfca61a52a92a665c1,1742849048,82660.0343,1742849062,68660.0343,Rabbit
67e1c4dfca61a52a92a665c2,1742849048,82662.4169,1742849062,68662.4169,Rabbit
67e1c4dfca61a52a92a665c3,1742849048,82665.0123,1742849062,68665.0123,Rabbit
67e1c4dfca61a52a92a665c4,1742849048,82666.52,1742849062,68666.52,Rabbit
67e1c4dfca61a52a92a665c5,1742849048,82668.2017,1742849062,68668.2017,Rabbit
67e1c4dfca61a52a92a665c6,1742849048,82704.1525,1742849062,68704.1525,Rabbit
67e1c4dfca61a52a92a665c7,1742849048,82734.7652,1742849062,68734.7652,Rabbit
67e1c4dfca61a52a92a665c8,1742849048,82765.4851,1742849062,68765.4851,Rabbit
67e1c4dfca61a52a92a665c9,1742849048,82827.5048,1742849062,68827.5048,Rabbit
67e1c4dfca61a52a92a665ca,1742849048,82859.1077,1742849062,68859.1077,Rabbit
67e1c4dfca61a52a92a665cb,1742849048,82889.2224,1742849062,68889.2224,Rabbit
67e1c4dfca61a52a92a665cc,1742849048,82920.5048,1742849062,68920.5048,Rabbit
67e1c4dfca61a52a92a665cd,1742849048,82982.5208,1742849062,68982.5208,Rabbit
67e1c4dfca61a52a92a665ce,1742849048,82985.1388,1742849062,68985.1388,Rabbit
67e1c4dfca61a52a92a665cf,1742849048,83013.0738,1742849062,69013.0738,Rabbit
67e1c4dfca61a52a92a665d0,1742849048,83044.0857,1742849062,69044.0857,Rabbit
67e1c4dfca61a52a92a665d1,1742849048,83075.0319,1742849062,69075.0319,Rabbit
67e1c4dfca61a52a92a665d2,1742849048,83106.1802,1742849062,69106.1802,Rabbit
67e1c4dfca61a52a92a665d3,1742849048,83137.1707,1742849062,69137.1707,Rabbit
67e1c4dfca61a52a92a665d4,1742849048,83168.6757,1742849062,69168.6757,Rabbit
67e1c4dfca61a52a92a665d5,1742849048,83200.0944,1742849062,69200.0944,Rabbit
67e1c4dfca61a52a92a665d6,1742849048,83231.1473,1742849062,69231.1473,Rabbit
67e1c4dfca61a52a92a665d7,1742849048,83261.418,1742849062,69261.418,Rabbit
67e1c4dfca61a52a92a665d8,1742849048,83263.6492,1742849062,69263.6492,Rabbit
67e1c4dfca61a52a92a665d9,1742849048,83265.8332,1742849062,69265.8332,Rabbit
67e1c4dfca61a52a92a665da,1742849048,83267.9815,1742849062,69267.9815,Rabbit
67e1c4dfca61a52a92a665db,1742849048,83323.5081,1742849062,69323.5081,Rabbit
67e1c4dfca61a52a92a665dc,1742849048,83326.7957,1742849062,69326.7957,Rabbit
67e1c4dfca61a52a92a665dd,1742849048,83328.6891,1742849062,69328.6891,Rabbit
67e1c4dfca61a52a92a665de,1742849048,83354.5179,1742849062,69354.5179,Rabbit
67e1c4dfca61a52a92a665df,1742849048,83386.3171,1742849062,69386.3171,Rabbit
67e1c4dfca61a52a92a665e0,1742849048,83417.2432,1742849062,69417.2432,Rabbit
67e1c4dfca61a52a92a665e1,1742849048,83419.8161,1742849062,69419.8161,Rabbit
67e1c4dfca61a52a92a665e2,1742849048,83449.7061,1742849062,69449.7061,Rabbit
67e1c4dfca61a52a92a665e3,1742849048,83451.5602,1742849062,69451.5602,Rabbit
67e1c4dfca61a52a92a665e4,1742849048,83453.5507,1742849062,69453.5507,Rabbit
67e1c4dfca61a52a92a665e5,1742849048,83455.4431,1742849062,69455.4431,Rabbit
67e1c4dfca61a52a92a665e6,1742849048,83457.4253,1742849062,69457.4253,Rabbit
67e1c4dfca61a52a92a665e7,1742849048,83460.1734,1742849062,69460.1734,Rabbit
67e1c4dfca61a52a92a665e8,1742849048,83463.9269,1742849062,69463.9269,Rabbit
67e1c4dfca61a52a92a665e9,1742849048,83494.0465,1742849062,69494.0465,Rabbit
67e1c4dfca61a52a92a665ea,1742849048,83527.1981,1742849062,69527.1981,Rabbit
67e1c4dfca61a52a92a665eb,1742849048,83528.9887,1742849062,69528.9887,Rabbit
67e1c4dfca61a52a92a665ec,1742849048,83531.1455,1742849062,69531.1455,Rabbit
67e1c4dfca61a52a92a665ed,1742849048,83532.8545,1742849062,69532.8545,Rabbit
67e1c4dfca61a52a92a665ee,1742849048,83534.5745,1742849062,69534.5745,Rabbit
67e1c4dfca61a52a92a665ef,1742849048,83571.4658,1742849062,69571.4658,Rabbit
67e1c4dfca61a52a92a665f0,1742849048,83603.8961,1742849062,69603.8961,Rabbit
67e1c4dfca61a52a92a665f1,1742849048,83634.595,1742849062,69634.595,Rabbit
67e1c4dfca61a52a92a665f2,1742849048,83695.4025,1742849062,69695.4025,Rabbit
67e1c4dfca61a52a92a665f3,1742849048,83726.3752,1742849062,69726.3752,Rabbit
67e1c4dfca61a52a92a665f4,1742849048,83758.4567,1742849062,69758.4567,Rabbit
67e1c4dfca61a52a92a665f5,1742849048,83819.4282,1742849062,69819.4282,Rabbit
67e1c4dfca61a52a92a665f6,1742849048,83850.3855,1742849062,69850.3855,Rabbit
67e1c4dfca61a52a92a665f7,1742849048,83852.3197,1742849062,69852.3197,Rabbit
67e1c4dfca61a52a92a665f8,1742849048,83854.1328,1742849062,69854.1328,Rabbit
67e1c4dfca61a52a92a665f9,1742849048,83912.3935,1742849062,69912.3935,Rabbit
67e1c4dfca61a52a92a665fa,1742849048,83944.4265,1742849062,69944.4265,Rabbit
67e1c4dfca61a52a92a665fb,1742849048,83975.6268,1742849062,69975.6268,Rabbit
67e1c4dfca61a52a92a665fc,1742849048,83977.9461,1742849062,69977.9461,Rabbit
67e1c4dfca61a52a92a665fd,1742849048,83979.4841,1742849062,69979.4841,Rabbit
67e1c4dfca61a52a92a665fe,1742849048,84008.7688,1742849062,70008.7688,Rabbit
67e1c4dfca61a52a92a665ff,1742849048,84010.9178,1742849062,70010.9178,Rabbit
67e1c4dfca61a52a92a66600,1742849048,84012.5545,1742849062,70012.5545,Rabbit
67e1c4dfca61a52a92a66601,1742849048,84014.2304,1742849062,70014.2304,Rabbit
67e1c4dfca61a52a92a66602,1742849048,84036.3479,1742849062,70036.3479,Rabbit
67e1c4dfca61a52a92a66603,1742849048,84098.473,1742849062,70098.473,Rabbit
67e1c4dfca61a52a92a66604,1742849048,84130.2993,1742849062,70130.2993,Rabbit
67e1c4dfca61a52a92a66605,1742849048,84133.5976,1742849062,70133.5976,Rabbit
67e1c4dfca61a52a92a66606,1742849048,84137.6947,1742849062,70137.6947,Rabbit
67e1c4dfca61a52a92a66607,1742849048,84140.3929,1742849062,70140.3929,Rabbit
67e1c4dfca61a52a92a66608,1742849048,84142.4593,1742849062,70142.4593,Rabbit
67e1c4dfca61a52a92a66609,1742849048,84144.9155,1742849062,70144.9155,Rabbit
67e1c4dfca61a52a92a6660a,1742849048,84178.7063,1742849062,70178.7063,Rabbit
67e1c4dfca61a52a92a6660b,1742849048,84208.1765,1742849062,70208.1765,Rabbit
67e1c4dfca61a52a92a6660c,1742849048,84239.0228,1742849062,70239.0228,Rabbit
67e1c4dfca61a52a92a6660d,1742849048,84240.7615,1742849062,70240.7615,Rabbit
67e1c4dfca61a52a92a6660e,1742849048,84269.3725,1742849062,70269.3725,Rabbit
67e1c4dfca61a52a92a6660f,1742849048,84272.8832,1742849062,70272.8832,Rabbit
67e1c4dfca61a52a92a66610,1742849048,84347.836,1742849062,70347.836,Rabbit
67e1c4dfca61a52a92a66611,1742849048,84349.864,1742849062,70349.864,Rabbit
67e1c4dfca61a52a92a66612,1742849048,84351.5603,1742849062,70351.5603,Rabbit
67e1c4dfca61a52a92a66613,1742849048,84353.3586,1742849062,70353.3586,Rabbit
67e1c4dfca61a52a92a66614,1742849048,84354.9495,1742849062,70354.9495,Rabbit
67e1c4dfca61a52a92a66615,1742849048,84356.6822,1742849062,70356.6822,Rabbit
67e1c4dfca61a52a92a66616,1742849048,84358.1221,1742849062,70358.1221,Rabbit
67e1c4dfca61a52a92a66617,1742849048,84359.7924,1742849062,70359.7924,Rabbit
67e1c4dfca61a52a92a66618,1742849048,84361.4352,1742849062,70361.4352,Rabbit
67e1c4dfca61a52a92a66619,1742849048,84393.402,1742849062,70393.402,Rabbit
67e1c4dfca61a52a92a6661a,1742849048,84424.2486,1742849062,70424.2486,Rabbit
67e1c4dfca61a52a92a6661b,1742849048,84425.7665,1742849062,70425.7665,Rabbit
67e1c4dfca61a52a92a6661c,1742849048,84429.4255,1742849062,70429.4255,Rabbit
67e1c4dfca61a52a92a6661d,1742849048,84455.1641,1742849062,70455.1641,Rabbit
67e1c4dfca61a52a92a6661e,1742849048,84487.6295,1742849062,70487.6295,Rabbit
67e1c4dfca61a52a92a6661f,1742849048,84489.306,1742849062,70489.306,Rabbit
67e1c4dfca61a52a92a66620,1742849048,84517.3457,1742849062,70517.3457,Rabbit
67e1c4dfca61a52a92a66621,1742849048,84550.1517,1742849062,70550.1517,Rabbit
67e1c4dfca61a52a92a66622,1742849048,84552.7268,1742849062,70552.7268,Rabbit
67e1c4dfca61a52a92a66623,1742849048,84554.4242,1742849062,70554.4242,Rabbit
67e1c4dfca61a52a92a66624,1742849048,84579.1679,1742849062,70579.1679,Rabbit
67e1c4dfca61a52a92a66625,1742849048,84610.9577,1742849062,70610.9577,Rabbit
67e1c4dfca61a52a92a66626,1742849048,84672.3078,1742849062,70672.3078,Rabbit
67e1c4dfca61a52a92a66627,1742849048,84703.2728,1742849062,70703.2728,Rabbit
67e1c4dfca61a52a92a66628,1742849048,84765.7183,1742849062,70765.7183,Rabbit
67e1c4dfca61a52a92a66629,1742849048,84768.6104,1742849062,70768.6104,Rabbit
67e1c4dfca61a52a92a6662a,1742849048,84796.1388,1742849062,70796.1388,Rabbit
67e1c4dfca61a52a92a6662b,1742849048,84858.4916,1742849062,70858.4916,Rabbit
67e1c4dfca61a52a92a6662c,1742849048,84889.3314,1742849062,70889.3314,Rabbit
67e1c4dfca61a52a92a6662d,1742849048,84891.2139,1742849062,70891.2139,Rabbit
67e1c4dfca61a52a92a6662e,1742849048,84920.1268,1742849062,70920.1268,Rabbit
67e1c4dfca61a52a92a6662f,1742849048,84951.247,1742849062,70951.247,Rabbit
67e1c4dfca61a52a92a66630,1742849048,84952.7272,1742849062,70952.7272,Rabbit
67e1c4dfca61a52a92a66631,1742849048,84982.3869,1742849062,70982.3869,Rabbit
67e1c4dfca61a52a92a66632,1742849048,85013.2207,1742849062,71013.2207,Rabbit
67e1c4dfca61a52a92a66633,1742849048,85045.2179,1742849062,71045.2179,Rabbit
67e1c4dfca61a52a92a66634,1742849048,85075.25,1742849062,71075.25,Rabbit
67e1c4dfca61a52a92a66635,1742849048,85076.8838,1742849062,71076.8838,Rabbit
67e1c4dfca61a52a92a66636,1742849048,85078.5732,1742849062,71078.5732,Rabbit
67e1c4dfca61a52a92a66637,1742849048,85107.2272,1742849062,71107.2272,Rabbit
67e1c4dfca61a52a92a66638,1742849048,85168.2055,1742849062,71168.2055,Rabbit
67e1c4dfca61a52a92a66639,1742849048,85200.0424,1742849062,71200.0424,Rabbit
67e1c4dfca61a52a92a6663a,1742849048,85231.5394,1742849062,71231.5394,Rabbit
67e1c4dfca61a52a92a6663b,1742849048,85233.4962,1742849062,71233.4962,Rabbit
67e1c4dfca61a52a92a6663c,1742849048,85261.3595,1742849062,71261.3595,Rabbit
67e1c4dfca61a52a92a6663d,1742849048,85292.2916,1742849062,71292.2916,Rabbit
67e1c4dfca61a52a92a6663e,1742849048,85354.539,1742849062,71354.539,Rabbit
67e1c4dfca61a52a92a6663f,1742849048,85356.1739,1742849062,71356.1739,Rabbit
67e1c4dfca61a52a92a66640,1742849048,85386.4081,1742849062,71386.4081,Rabbit
67e1c4dfca61a52a92a66641,1742849048,85417.3439,1742849062,71417.3439,Rabbit
67e1c4dfca61a52a92a66642,1742849048,85419.9537,1742849062,71419.9537,Rabbit
67e1c4dfca61a52a92a66643,1742849048,85448.3903,1742849062,71448.3903,Rabbit
67e1c4dfca61a52a92a66644,1742849048,85449.9732,1742849062,71449.9732,Rabbit
67e1c4dfca61a52a92a66645,1742849048,85480.3346,1742849062,71480.3346,Rabbit
67e1c4dfca61a52a92a66646,1742849048,85482.5021,1742849062,71482.5021,Rabbit
67e1c4dfca61a52a92a66647,1742849048,85541.0831,1742849062,71541.0831,Rabbit
67e1c4dfca61a52a92a66648,1742849048,85543.5717,1742849062,71543.5717,Rabbit
67e1c4dfca61a52a92a66649,1742849048,85545.3647,1742849062,71545.3647,Rabbit
67e1c4dfca61a52a92a6664a,1742849048,85547.7342,1742849062,71547.7342,Rabbit
67e1c4dfca61a52a92a6664b,1742849048,85549.4872,1742849062,71549.4872,Rabbit
67e1c4dfca61a52a92a6664c,1742849048,85551.0736,1742849062,71551.0736,Rabbit
67e1c4dfca61a52a92a6664d,1742849048,85552.7777,1742849062,71552.7777,Rabbit
67e1c4dfca61a52a92a6664e,1742849048,85586.9671,1742849062,71586.9671,Rabbit
67e1c4dfca61a52a92a6664f,1742849048,85618.4334,1742849062,71618.4334,Rabbit
67e1c4dfca61a52a92a66650,1742849048,85621.2084,1742849062,71621.2084,Rabbit
67e1c4dfca61a52a92a66651,1742849048,85652.3731,1742849062,71652.3731,Rabbit
67e1c4dfca61a52a92a66652,1742849048,85711.0191,1742849062,71711.0191,Rabbit
67e1c4dfca61a52a92a66653,1742849048,85742.04,1742849062,71742.04,Rabbit
67e1c4dfca61a52a92a66654,1742849048,85744.0605,1742849062,71744.0605,Rabbit
67e1c4dfca61a52a92a66655,1742849048,85745.6759,1742849062,71745.6759,Rabbit
67e1c4dfca61a52a92a66656,1742849048,85747.133,1742849062,71747.133,Rabbit
67e1c4dfca61a52a92a66657,1742849048,85748.9656,1742849062,71748.9656,Rabbit
67e1c4dfca61a52a92a66658,1742849048,85750.7007,1742849062,71750.7007,Rabbit
67e1c4dfca61a52a92a66659,1742849048,85753.453,1742849062,71753.453,Rabbit
67e1c4dfca61a52a92a6665a,1742849048,85754.8696,1742849062,71754.8696,Rabbit
67e1c4dfca61a52a92a6665b,1742849048,85756.6494,1742849062,71756.6494,Rabbit
67e1c4dfca61a52a92a6665c,1742849048,85758.5256,1742849062,71758.5256,Rabbit
67e1c4dfca61a52a92a6665d,1742849048,85760.0317,1742849062,71760.0317,Rabbit
67e1c4dfca61a52a92a6665e,1742849048,85819.3958,1742849062,71819.3958,Rabbit
67e1c4dfca61a52a92a6665f,1742849048,85821.1999,1742849062,71821.1999,Rabbit
67e1c4dfca61a52a92a66660,1742849048,85822.9859,1742849062,71822.9859,Rabbit
67e1c4dfca61a52a92a66661,1742849048,85850.4109,1742849062,71850.4109,Rabbit
67e1c4dfca61a52a92a66662,1742849048,85852.3659,1742849062,71852.3659,Rabbit
67e1c4dfca61a52a92a66663,1742849048,85883.5448,1742849062,71883.5448,Rabbit
67e1c4dfca61a52a92a66664,1742849048,85886.5707,1742849062,71886.5707,Rabbit
67e1c4dfca61a52a92a66665,1742849048,85889.5142,1742849062,71889.5142,Rabbit
67e1c4dfca61a52a92a66666,1742849048,85891.5491,1742849062,71891.5491,Rabbit
67e1c4dfca61a52a92a66667,1742849048,85928.9632,1742849062,71928.9632,Rabbit
67e1c4dfca61a52a92a66668,1742849048,85941.7314,1742849062,71941.7314,Rabbit
67e1c4dfca61a52a92a66669,1742849048,86005.3765,1742849062,72005.3765,Rabbit
67e1c4dfca61a52a92a6666a,1742849048,86067.8521,1742849062,72067.8521,Rabbit
67e1c4dfca61a52a92a6666b,1742849048,86069.8592,1742849062,72069.8592,Rabbit
67e1c4dfca61a52a92a6666c,1742849048,86071.7102,1742849062,72071.7102,Rabbit
67e1c4dfca61a52a92a6666d,1742849048,86073.8298,1742849062,72073.8298,Rabbit
67e1c4dfca61a52a92a6666e,1742849048,86129.4422,1742849062,72129.4422,Rabbit
67e1c4dfca61a52a92a6666f,1742849048,86160.441,1742849062,72160.441,Rabbit
67e1c4dfca61a52a92a66670,1742849048,86222.7446,1742849062,72222.7446,Rabbit
67e1c4dfca61a52a92a66671,1742849048,86253.4366,1742849062,72253.4366,Rabbit
67e1c4dfca61a52a92a66672,1742849048,86255.1328,1742849062,72255.1328,Rabbit
67e1c4dfca61a52a92a66673,1742849048,86256.7991,1742849062,72256.7991,Rabbit
67e1c4dfca61a52a92a66674,1742849048,86258.5808,1742849062,72258.5808,Rabbit
67e1c4dfca61a52a92a66675,1742849048,86285.2615,1742849062,72285.2615,Rabbit
67e1c4dfca61a52a92a66676,1742849048,86316.4009,1742849062,72316.4009,Rabbit
67e1c4dfca61a52a92a66677,1742849048,86346.4771,1742849062,72346.4771,Rabbit
67e1c4dfca61a52a92a66678,1742849048,86348.3178,1742849062,72348.3178,Rabbit
67e1c4dfca61a52a92a66679,1742849048,86408.7102,1742849062,72408.7102,Rabbit
67e1c4dfca61a52a92a6667a,1742849048,86440.0111,1742849062,72440.0111,Rabbit
67e1c4dfca61a52a92a6667b,1742849048,86470.5262,1742849062,72470.5262,Rabbit
67e1c4dfca61a52a92a6667c,1742849048,86473.6737,1742849062,72473.6737,Rabbit
67e1c4dfca61a52a92a6667d,1742849048,86475.8002,1742849062,72475.8002,Rabbit
67e1c4dfca61a52a92a6667e,1742849048,86477.9101,1742849062,72477.9101,Rabbit
67e1c4dfca61a52a92a6667f,1742849048,86501.9714,1742849062,72501.9714,Rabbit
67e1c4dfca61a52a92a66680,1742849048,86503.5376,1742849062,72503.5376,Rabbit
67e1c4dfca61a52a92a66681,1742849048,86533.254,1742849062,72533.254,Rabbit
67e1c4dfca61a52a92a66682,1742849048,86594.0654,1742849062,72594.0654,Rabbit
67e1c4dfca61a52a92a66683,1742849048,86595.5214,1742849062,72595.5214,Rabbit
67e1c4dfca61a52a92a66684,1742849048,86626.2506,1742849062,72626.2506,Rabbit
67e1c4dfca61a52a92a66685,1742849048,86629.1722,1742849062,72629.1722,Rabbit
67e1c4dfca61a52a92a66686,1742849048,86631.467,1742849062,72631.467,Rabbit
67e1c4dfca61a52a92a66687,1742849048,86633.9164,1742849062,72633.9164,Rabbit
67e1c4dfca61a52a92a66688,1742849048,86640.4551,1742849062,72640.4551,Rabbit
67e1c4dfca61a52a92a66689,1742849048,86702.6457,1742849062,72702.6457,Rabbit
67e1c4dfca61a52a92a6668a,1742849048,86734.2559,1742849062,72734.2559,Rabbit
67e1c4dfca61a52a92a6668b,1742849048,86736.1472,1742849062,72736.1472,Rabbit
67e1c4dfca61a52a92a6668c,1742849048,86795.4242,1742849062,72795.4242,Rabbit
67e1c4dfca61a52a92a6668d,1742849048,86827.2518,1742849062,72827.2518,Rabbit
67e1c4dfca61a52a92a6668e,1742849048,86857.4595,1742849062,72857.4595,Rabbit
67e1c4dfca61a52a92a6668f,1742849048,86888.7676,1742849062,72888.7676,Rabbit
67e1c4dfca61a52a92a66690,1742849048,86919.5525,1742849062,72919.5525,Rabbit
67e1c4dfca61a52a92a66691,1742849048,86981.4404,1742849062,72981.4404,Rabbit
67e1c4dfca61a52a92a66692,1742849048,87044.0728,1742849062,73044.0728,Rabbit
67e1c4dfca61a52a92a66693,1742849048,87045.8924,1742849062,73045.8924,Rabbit
67e1c4dfca61a52a92a66694,1742849048,87047.7146,1742849062,73047.7146,Rabbit
67e1c4dfca61a52a92a66695,1742849048,87074.7809,1742849062,73074.7809,Rabbit
67e1c4dfca61a52a92a66696,1742849048,87105.5665,1742849062,73105.5665,Rabbit
67e1c4dfca61a52a92a66697,1742849048,87107.3772,1742849062,73107.3772,Rabbit
67e1c4dfca61a52a92a66698,1742849048,87110.1975,1742849062,73110.1975,Rabbit
67e1c4dfca61a52a92a66699,1742849048,87136.4048,1742849062,73136.4048,Rabbit
67e1c4dfca61a52a92a6669a,1742849048,87168.5293,1742849062,73168.5293,Rabbit
67e1c4dfca61a52a92a6669b,1742849048,87199.1833,1742849062,73199.1833,Rabbit
67e1c4dfca61a52a92a6669c,1742849048,87260.4704,1742849062,73260.4704,Rabbit
67e1c4dfca61a52a92a6669d,1742849048,87322.6293,1742849062,73322.6293,Rabbit
67e1c4dfca61a52a92a6669e,1742849048,87384.3264,1742849062,73384.3264,Rabbit
67e1c4dfca61a52a92a6669f,1742849048,87387.2387,1742849062,73387.2387,Rabbit
67e1c4dfca61a52a92a666a0,1742849048,87390.7456,1742849062,73390.7456,Rabbit
67e1c4dfca61a52a92a666a1,1742849048,87392.5317,1742849062,73392.5317,Rabbit
67e1c4dfca61a52a92a666a2,1742849048,87396.0545,1742849062,73396.0545,Rabbit
67e1c4dfca61a52a92a666a3,1742849048,87398.2242,1742849062,73398.2242,Rabbit
67e1c4dfca61a52a92a666a4,1742849048,87461.5487,1742849062,73461.5487,Rabbit
67e1c4dfca61a52a92a666a5,1742849048,87523.5645,1742849062,73523.5645,Rabbit
67e1c4dfca61a52a92a666a6,1742849048,87554.5772,1742849062,73554.5772,Rabbit
67e1c4dfca61a52a92a666a7,1742849048,87556.3619,1742849062,73556.3619,Rabbit
67e1c4dfca61a52a92a666a8,1742849048,87586.7327,1742849062,73586.7327,Rabbit
67e1c4dfca61a52a92a666a9,1742849048,87617.2997,1742849062,73617.2997,Rabbit
67e1c4dfca61a52a92a666aa,1742849048,87647.6999,1742849062,73647.6999,Rabbit
67e1c4dfca61a52a92a666ab,1742849048,87650.4104,1742849062,73650.4104,Rabbit
67e1c4dfca61a52a92a666ac,1742849048,87652.454,1742849062,73652.454,Rabbit
67e1c4dfca61a52a92a666ad,1742849048,87654.1739,1742849062,73654.1739,Rabbit
67e1c4dfca61a52a92a666ae,1742849048,87655.8976,1742849062,73655.8976,Rabbit
67e1c4dfca61a52a92a666af,1742849048,87658.1995,1742849062,73658.1995,Rabbit
67e1c4dfca61a52a92a666b0,1742849048,87660.359,1742849062,73660.359,Rabbit
67e1c4dfca61a52a92a666b1,1742849048,87662.1601,1742849062,73662.1601,Rabbit
67e1c4dfca61a52a92a666b2,1742849048,87725.2063,1742849062,73725.2063,Rabbit
67e1c4dfca61a52a92a666b3,1742849048,87727.3373,1742849062,73727.3373,Rabbit
67e1c4dfca61a52a92a666b4,1742849048,87729.0997,1742849062,73729.0997,Rabbit
67e1c4dfca61a52a92a666b5,1742849048,87730.6483,1742849062,73730.6483,Rabbit
67e1c4dfca61a52a92a666b6,1742849048,87732.2075,1742849062,73732.2075,Rabbit
67e1c4dfca61a52a92a666b7,1742849048,87734.0432,1742849062,73734.0432,Rabbit
67e1c4dfca61a52a92a666b8,1742849048,87735.6367,1742849062,73735.6367,Rabbit
67e1c4dfca61a52a92a666b9,1742849048,87737.2947,1742849062,73737.2947,Rabbit
67e1c4dfca61a52a92a666ba,1742849048,87738.9313,1742849062,73738.9313,Rabbit
67e1c4dfca61a52a92a666bb,1742849048,87772.6752,1742849062,73772.6752,Rabbit
67e1c4dfca61a52a92a666bc,1742849048,87774.4359,1742849062,73774.4359,Rabbit
67e1c4dfca61a52a92a666bd,1742849048,87775.9103,1742849062,73775.9103,Rabbit
67e1c4dfca61a52a92a666be,1742849048,87777.5146,1742849062,73777.5146,Rabbit
67e1c4dfca61a52a92a666bf,1742849048,87803.7712,1742849062,73803.7712,Rabbit
67e1c4dfca61a52a92a666c0,1742849048,87805.363,1742849062,73805.363,Rabbit
67e1c4dfca61a52a92a666c1,1742849048,87807.0053,1742849062,73807.0053,Rabbit
67e1c4dfca61a52a92a666c2,1742849048,87834.1816,1742849062,73834.1816,Rabbit
67e1c4dfca61a52a92a666c3,1742849048,87864.489,1742849062,73864.489,Rabbit
67e1c4dfca61a52a92a666c4,1742849048,87895.8659,1742849062,73895.8659,Rabbit
67e1c4dfca61a52a92a666c5,1742849048,87927.4624,1742849062,73927.4624,Rabbit
67e1c4dfca61a52a92a666c6,1742849048,87929.0376,1742849062,73929.0376,Rabbit
67e1c4dfca61a52a92a666c7,1742849048,87957.4412,1742849062,73957.4412,Rabbit
67e1c4dfca61a52a92a666c8,1742849048,87959.1532,1742849062,73959.1532,Rabbit
67e1c4dfca61a52a92a666c9,1742849048,88019.5052,1742849062,74019.5052,Rabbit
67e1c4dfca61a52a92a666ca,1742849048,88051.4641,1742849062,74051.4641,Rabbit
67e1c4dfca61a52a92a666cb,1742849048,88053.2085,1742849062,74053.2085,Rabbit
67e1c4dfca61a52a92a666cc,1742849048,88054.9235,1742849062,74054.9235,Rabbit
67e1c4dfca61a52a92a666cd,1742849048,88056.5727,1742849062,74056.5727,Rabbit
67e1c4dfca61a52a92a666ce,1742849048,88057.9623,1742849062,74057.9623,Rabbit
67e1c4dfca61a52a92a666cf,1742849048,88060.1507,1742849062,74060.1507,Rabbit
67e1c4dfca61a52a92a666d0,1742849048,88061.9698,1742849062,74061.9698,Rabbit
67e1c4dfca61a52a92a666d1,1742849048,88063.9493,1742849062,74063.9493,Rabbit
67e1c4dfca61a52a92a666d2,1742849048,88065.7248,1742849062,74065.7248,Rabbit
67e1c4dfca61a52a92a666d3,1742849048,88128.279,1742849062,74128.279,Rabbit
67e1c4dfca61a52a92a666d4,1742849048,88132.4201,1742849062,74132.4201,Rabbit
67e1c4dfca61a52a92a666d5,1742849048,88135.2202,1742849062,74135.2202,Rabbit
67e1c4dfca61a52a92a666d6,1742849048,88136.8659,1742849062,74136.8659,Rabbit
67e1c4dfca61a52a92a666d7,1742849048,88138.4197,1742849062,74138.4197,Rabbit
67e1c4dfca61a52a92a666d8,1742849048,88174.2661,1742849062,74174.2661,Rabbit
67e1c4dfca61a52a92a666d9,1742849048,88236.2002,1742849062,74236.2002,Rabbit
67e1c4dfca61a52a92a666da,1742849048,88267.1683,1742849062,74267.1683,Rabbit
67e1c4dfca61a52a92a666db,1742849048,88298.1039,1742849062,74298.1039,Rabbit
67e1c4dfca61a52a92a666dc,1742849048,88329.28,1742849062,74329.28,Rabbit
67e1c4dfca61a52a92a666dd,1742849048,88361.1629,1742849062,74361.1629,Rabbit
67e1c4dfca61a52a92a666de,1742849048,88391.9072,1742849062,74391.9072,Rabbit
67e1c4dfca61a52a92a666df,1742849048,88396.3663,1742849062,74396.3663,Rabbit
67e1c4dfca61a52a92a666e0,1742849048,88398.7234,1742849062,74398.7234,Rabbit
67e1c4dfca61a52a92a666e1,1742849048,88400.4811,1742849062,74400.4811,Rabbit
67e1c4dfca61a52a92a666e2,1742849048,88402.2215,1742849062,74402.2215,Rabbit
67e1c4dfca61a52a92a666e3,1742849048,88404.2094,1742849062,74404.2094,Rabbit
67e1c4dfca61a52a92a666e4,1742849048,88437.9874,1742849062,74437.9874,Rabbit
67e1c4dfca61a52a92a666e5,1742849048,88471.7886,1742849062,74471.7886,Rabbit
67e1c4dfca61a52a92a666e6,1742849048,88499.2356,1742849062,74499.2356,Rabbit
67e1c4dfca61a52a92a666e7,1742849048,88531.4488,1742849062,74531.4488,Rabbit
67e1c4dfca61a52a92a666e8,1742849048,88562.2813,1742849062,74562.2813,Rabbit
67e1c4dfca61a52a92a666e9,1742849048,88623.5714,1742849062,74623.5714,Rabbit
67e1c4dfca61a52a92a666ea,1742849048,88625.2168,1742849062,74625.2168,Rabbit
67e1c4dfca61a52a92a666eb,1742849048,88655.6928,1742849062,74655.6928,Rabbit
67e1c4dfca61a52a92a666ec,1742849048,88657.8286,1742849062,74657.8286,Rabbit
67e1c4dfca61a52a92a666ed,1742849048,88686.1553,1742849062,74686.1553,Rabbit
67e1c4dfca61a52a92a666ee,1742849048,88716.1978,1742849062,74716.1978,Rabbit
67e1c4dfca61a52a92a666ef,1742849048,88747.6214,1742849062,74747.6214,Rabbit
67e1c4dfca61a52a92a666f0,1742849048,88750.0091,1742849062,74750.0091,Rabbit
67e1c4dfca61a52a92a666f1,1742849048,88751.9179,1742849062,74751.9179,Rabbit
67e1c4dfca61a52a92a666f2,1742849048,88753.6945,1742849062,74753.6945,Rabbit
67e1c4dfca61a52a92a666f3,1742849048,88755.4768,1742849062,74755.4768,Rabbit
67e1c4dfca61a52a92a666f4,1742849048,88757.3216,1742849062,74757.3216,Rabbit
67e1c4dfca61a52a92a666f5,1742849048,88759.0062,1742849062,74759.0062,Rabbit
67e1c4dfca61a52a92a666f6,1742849048,88794.8867,1742849062,74794.8867,Rabbit
67e1c4dfca61a52a92a666f7,1742849048,88796.3783,1742849062,74796.3783,Rabbit
67e1c4dfca61a52a92a666f8,1742849048,88824.9083,1742849062,74824.9083,Rabbit
67e1c4dfca61a52a92a666f9,1742849048,88826.4999,1742849062,74826.4999,Rabbit
67e1c4dfca61a52a92a666fa,1742849048,88828.115,1742849062,74828.115,Rabbit
67e1c4dfca61a52a92a666fb,1742849048,88829.5594,1742849062,74829.5594,Rabbit
67e1c4dfca61a52a92a666fc,1742849048,88831.3024,1742849062,74831.3024,Rabbit
67e1c4dfca61a52a92a666fd,1742849048,88856.1978,1742849062,74856.1978,Rabbit
67e1c4dfca61a52a92a666fe,1742849048,88886.8064,1742849062,74886.8064,Rabbit
67e1c4dfca61a52a92a666ff,1742849048,88888.5803,1742849062,74888.5803,Rabbit
67e1c4dfca61a52a92a66700,1742849048,88918.6106,1742849062,74918.6106,Rabbit
67e1c4dfca61a52a92a66701,1742849048,88921.5758,1742849062,74921.5758,Rabbit
67e1c4dfca61a52a92a66702,1742849048,88923.914,1742849062,74923.914,Rabbit
67e1c4dfca61a52a92a66703,1742849048,88925.3114,1742849062,74925.3114,Rabbit
67e1c4dfca61a52a92a66704,1742849048,88949.1265,1742849062,74949.1265,Rabbit
67e1c4dfca61a52a92a66705,1742849048,88950.9825,1742849062,74950.9825,Rabbit
67e1c4dfca61a52a92a66706,1742849048,88952.4861,1742849062,74952.4861,Rabbit
67e1c4dfca61a52a92a66707,1742849048,88981.0286,1742849062,74981.0286,Rabbit
67e1c4dfca61a52a92a66708,1742849048,88983.0963,1742849062,74983.0963,Rabbit
67e1c4dfca61a52a92a66709,1742849048,89012.8264,1742849062,75012.8264,Rabbit
67e1c4dfca61a52a92a6670a,1742849048,89014.8651,1742849062,75014.8651,Rabbit
67e1c4dfca61a52a92a6670b,1742849048,89043.0278,1742849062,75043.0278,Rabbit
67e1c4dfca61a52a92a6670c,1742849048,89104.1771,1742849062,75104.1771,Rabbit
67e1c4dfca61a52a92a6670d,1742849048,89134.8452,1742849062,75134.8452,Rabbit
67e1c4dfca61a52a92a6670e,1742849048,89136.3659,1742849062,75136.3659,Rabbit
67e1c4dfca61a52a92a6670f,1742849048,89137.7471,1742849062,75137.7471,Rabbit
67e1c4dfca61a52a92a66710,1742849048,89139.2086,1742849062,75139.2086,Rabbit
67e1c4dfca61a52a92a66711,1742849048,89167.2649,1742849062,75167.2649,Rabbit
67e1c4dfca61a52a92a66712,1742849048,89169.1374,1742849062,75169.1374,Rabbit
67e1c4dfca61a52a92a66713,1742849048,89170.8284,1742849062,75170.8284,Rabbit
67e1c4dfca61a52a92a66714,1742849048,89172.5346,1742849062,75172.5346,Rabbit
67e1c4dfca61a52a92a66715,1742849048,89174.2341,1742849062,75174.2341,Rabbit
67e1c4dfca61a52a92a66716,1742849048,89197.0703,1742849062,75197.0703,Rabbit
67e1c4dfca61a52a92a66717,1742849048,89228.0262,1742849062,75228.0262,Rabbit
67e1c4dfca61a52a92a66718,1742849048,89259.9421,1742849062,75259.9421,Rabbit
67e1c4dfca61a52a92a66719,1742849048,89290.0211,1742849062,75290.0211,Rabbit
67e1c4dfca61a52a92a6671a,1742849048,89321.4986,1742849062,75321.4986,Rabbit
67e1c4dfca61a52a92a6671b,1742849048,89382.6883,1742849062,75382.6883,Rabbit
67e1c4dfca61a52a92a6671c,1742849048,89415.1356,1742849062,75415.1356,Rabbit
67e1c4dfca61a52a92a6651e,1742849048,79356.174,1742849061,66356.174,Rabbit
67e1c4dfca61a52a92a6651f,1742849048,79357.9746,1742849061,66357.9746,Rabbit
67e1c4dfca61a52a92a66520,1742849048,79389.1824,1742849061,66389.1824,Rabbit
67e1c4dfca61a52a92a66521,1742849048,79391.5166,1742849061,66391.5166,Rabbit
67e1c4dfca61a52a92a66522,1742849048,79393.6803,1742849061,66393.6803,Rabbit
67e1c4dfca61a52a92a66523,1742849048,79395.5928,1742849061,66395.5928,Rabbit
67e1c4dfca61a52a92a66524,1742849048,79397.6328,1742849061,66397.6328,Rabbit
67e1c4dfca61a52a92a66525,1742849048,79399.1519,1742849061,66399.1519,Rabbit
67e1c4dfca61a52a92a66526,1742849048,79400.6636,1742849061,66400.6636,Rabbit
67e1c4dfca61a52a92a66527,1742849048,79402.9405,1742849061,66402.9405,Rabbit
67e1c4dfca61a52a92a66528,1742849048,79405.0786,1742849061,66405.0786,Rabbit
67e1c4dfca61a52a92a66529,1742849048,79464.7377,1742849061,66464.7377,Rabbit
67e1c4dfca61a52a92a6652a,1742849048,79527.2733,1742849061,66527.2733,Rabbit
67e1c4dfca61a52a92a6652b,1742849048,79529.3451,1742849061,66529.3451,Rabbit
67e1c4dfca61a52a92a6652c,1742849048,79532.47,1742849061,66532.47,Rabbit
67e1c4dfca61a52a92a6652d,1742849048,79534.4749,1742849061,66534.4749,Rabbit
67e1c4dfca61a52a92a6652e,1742849048,79536.4136,1742849061,66536.4136,Rabbit
67e1c4dfca61a52a92a6652f,1742849048,79538.0974,1742849061,66538.0974,Rabbit
67e1c4dfca61a52a92a66530,1742849048,79573.007,1742849061,66573.007,Rabbit
67e1c4dfca61a52a92a66531,1742849048,79574.835,1742849061,66574.835,Rabbit
67e1c4dfca61a52a92a66532,1742849048,79634.9563,1742849061,66634.9563,Rabbit
67e1c4dfca61a52a92a66533,1742849048,79636.4366,1742849061,66636.4366,Rabbit
67e1c4dfca61a52a92a66534,1742849048,79666.0132,1742849061,66666.0132,Rabbit
67e1c4dfca61a52a92a66535,1742849048,79697.0042,1742849061,66697.0042,Rabbit
67e1c4dfca61a52a92a66536,1742849048,79728.4108,1742849061,66728.4108,Rabbit
67e1c4dfca61a52a92a66537,1742849048,79732.7012,1742849061,66732.7012,Rabbit
67e1c4dfca61a52a92a66538,1742849048,79735.5426,1742849061,66735.5426,Rabbit
67e1c4dfca61a52a92a66539,1742849048,79737.6993,1742849061,66737.6993,Rabbit
67e1c4dfca61a52a92a6653a,1742849048,79739.6796,1742849061,66739.6796,Rabbit
67e1c4dfca61a52a92a6653b,1742849048,79741.6208,1742849061,66741.6208,Rabbit
67e1c4dfca61a52a92a6653c,1742849048,79743.7791,1742849061,66743.7791,Rabbit
67e1c4dfca61a52a92a6653d,1742849048,79745.8699,1742849061,66745.8699,Rabbit
67e1c4dfca61a52a92a6653e,1742849048,79748.05,1742849061,66748.05,Rabbit
67e1c4dfca61a52a92a6653f,1742849048,79749.659,1742849061,66749.659,Rabbit
67e1c4dfca61a52a92a66540,1742849048,79751.4503,1742849061,66751.4503,Rabbit
67e1c4dfca61a52a92a66541,1742849048,79753.0649,1742849061,66753.0649,Rabbit
67e1c4dfca61a52a92a66542,1742849048,79754.4526,1742849061,66754.4526,Rabbit
67e1c4dfca61a52a92a66543,1742849048,79790.784,1742849061,66790.784,Rabbit
67e1c4dfca61a52a92a66544,1742849048,79792.2051,1742849061,66792.2051,Rabbit
67e1c4dfca61a52a92a66545,1742849048,79820.8111,1742849061,66820.8111,Rabbit
67e1c4dfca61a52a92a66546,1742849048,79853.0172,1742849061,66853.0172,Rabbit
67e1c4dfca61a52a92a66547,1742849048,79884.0574,1742849061,66884.0574,Rabbit
67e1c4dfca61a52a92a66548,1742849048,79886.1444,1742849061,66886.1444,Rabbit
67e1c4dfca61a52a92a66549,1742849048,79887.9311,1742849061,66887.9311,Rabbit
67e1c4dfca61a52a92a6654a,1742849048,79889.922,1742849061,66889.922,Rabbit
67e1c4dfca61a52a92a6654b,1742849048,79891.6525,1742849061,66891.6525,Rabbit
67e1c4dfca61a52a92a6654c,1742849048,79893.4868,1742849061,66893.4868,Rabbit
67e1c4dfca61a52a92a6654d,1742849048,79895.2364,1742849061,66895.2364,Rabbit
67e1c4dfca61a52a92a6654e,1742849048,79896.6136,1742849061,66896.6136,Rabbit
67e1c4dfca61a52a92a6654f,1742849048,79899.748,1742849061,66899.748,Rabbit
67e1c4dfca61a52a92a66550,1742849048,79906.4016,1742849061,66906.4016,Rabbit
67e1c4dfca61a52a92a66551,1742849048,79929.1962,1742849061,66929.1962,Rabbit
67e1c4dfca61a52a92a66552,1742849048,79960.3298,1742849061,66960.3298,Rabbit
67e1c4dfca61a52a92a66553,1742849048,79992.1697,1742849061,66992.1697,Rabbit
67e1c4dfca61a52a92a66554,1742849048,80022.4667,1742849061,67022.4667,Rabbit
67e1c4dfca61a52a92a66555,1742849048,80084.4661,1742849061,67084.4661,Rabbit
67e1c4dfca61a52a92a66556,1742849048,80115.5572,1742849061,67115.5572,Rabbit
67e1c4dfca61a52a92a66557,1742849048,80117.6379,1742849061,67117.6379,Rabbit
67e1c4dfca61a52a92a66558,1742849048,80177.3026,1742849061,67177.3026,Rabbit
67e1c4dfca61a52a92a66559,1742849048,80210.2436,1742849061,67210.2436,Rabbit
67e1c4dfca61a52a92a6655a,1742849048,80212.3112,1742849061,67212.3112,Rabbit
67e1c4dfca61a52a92a6655b,1742849048,80214.0866,1742849061,67214.0866,Rabbit
67e1c4dfca61a52a92a6655c,1742849048,80215.9825,1742849061,67215.9825,Rabbit
67e1c4dfca61a52a92a6655d,1742849048,80218.0577,1742849061,67218.0577,Rabbit
67e1c4dfca61a52a92a6655e,1742849048,80220.4095,1742849061,67220.4095,Rabbit
67e1c4dfca61a52a92a6655f,1742849048,80222.2735,1742849061,67222.2735,Rabbit
67e1c4dfca61a52a92a66560,1742849048,80224.3372,1742849061,67224.3372,Rabbit
67e1c4dfca61a52a92a66561,1742849048,80226.1044,1742849061,67226.1044,Rabbit
67e1c4dfca61a52a92a66562,1742849048,80227.9135,1742849061,67227.9135,Rabbit
67e1c4dfca61a52a92a66563,1742849048,80229.548,1742849061,67229.548,Rabbit
67e1c4dfca61a52a92a66564,1742849048,80231.9875,1742849061,67231.9875,Rabbit
67e1c4dfca61a52a92a66565,1742849048,80233.8988,1742849061,67233.8988,Rabbit
67e1c4dfca61a52a92a66566,1742849048,80237.5746,1742849061,67237.5746,Rabbit
67e1c4dfca61a52a92a66567,1742849048,80271.6201,1742849061,67271.6201,Rabbit
67e1c4dfca61a52a92a66568,1742849048,80301.2985,1742849061,67301.2985,Rabbit
67e1c4dfca61a52a92a66569,1742849048,80302.8367,1742849061,67302.8367,Rabbit
67e1c4dfca61a52a92a6656a,1742849048,80364.6423,1742849061,67364.6423,Rabbit
67e1c4dfca61a52a92a6656b,1742849048,80366.7874,1742849061,67366.7874,Rabbit
67e1c4dfca61a52a92a6656c,1742849048,80369.1802,1742849061,67369.1802,Rabbit
67e1c4dfca61a52a92a6656d,1742849048,80371.3125,1742849061,67371.3125,Rabbit
67e1c4dfca61a52a92a6656e,1742849048,80374.1,1742849061,67374.1,Rabbit
67e1c4dfca61a52a92a6656f,1742849048,80375.9152,1742849061,67375.9152,Rabbit
67e1c4dfca61a52a92a66570,1742849048,80410.1582,1742849061,67410.1582,Rabbit
67e1c4dfca61a52a92a66571,1742849048,80442.3928,1742849061,67442.3928,Rabbit
67e1c4dfca61a52a92a66572,1742849048,80446.2324,1742849061,67446.2324,Rabbit
67e1c4dfca61a52a92a66573,1742849048,80448.5221,1742849061,67448.5221,Rabbit
67e1c4dfca61a52a92a66574,1742849048,80502.2337,1742849061,67502.2337,Rabbit
67e1c4dfca61a52a92a66575,1742849048,80533.265,1742849061,67533.265,Rabbit
67e1c4dfca61a52a92a66576,1742849048,80595.2177,1742849061,67595.2177,Rabbit
67e1c4dfca61a52a92a66577,1742849048,80627.1831,1742849061,67627.1831,Rabbit
67e1c4dfca61a52a92a66578,1742849048,80688.3491,1742849061,67688.3491,Rabbit
67e1c4dfca61a52a92a66579,1742849048,80719.2812,1742849061,67719.2812,Rabbit
67e1c4dfca61a52a92a6657a,1742849048,80721.1487,1742849061,67721.1487,Rabbit
67e1c4dfca61a52a92a6657b,1742849048,80722.7337,1742849061,67722.7337,Rabbit
67e1c4dfca61a52a92a6657c,1742849048,80781.303,1742849061,67781.303,Rabbit
67e1c4dfca61a52a92a6657d,1742849048,80843.7912,1742849061,67843.7912,Rabbit
67e1c4dfca61a52a92a6657e,1742849048,80847.8112,1742849061,67847.8112,Rabbit
67e1c4dfca61a52a92a6657f,1742849048,80875.3922,1742849061,67875.3922,Rabbit
67e1c4dfca61a52a92a66580,1742849048,80907.1659,1742849061,67907.1659,Rabbit
67e1c4dfca61a52a92a66581,1742849048,80909.3545,1742849061,67909.3545,Rabbit
67e1c4dfca61a52a92a66582,1742849048,80911.885,1742849061,67911.885,Rabbit
67e1c4dfca61a52a92a66583,1742849048,80914.2805,1742849061,67914.2805,Rabbit
67e1c4dfca61a52a92a6640e,1742849048,74447.3709,1742849061,61447.3709,Rabbit
67e1c4dfca61a52a92a6640f,1742849048,74449.2376,1742849061,61449.2376,Rabbit
67e1c4dfca61a52a92a66410,1742849048,74450.8375,1742849061,61450.8375,Rabbit
67e1c4dfca61a52a92a66411,1742849048,74479.8655,1742849061,61479.8655,Rabbit
67e1c4dfca61a52a92a66412,1742849048,74481.9985,1742849061,61481.9985,Rabbit
67e1c4dfca61a52a92a66413,1742849048,74510.0781,1742849061,61510.0781,Rabbit
67e1c4dfca61a52a92a66414,1742849048,74511.6154,1742849061,61511.6154,Rabbit
67e1c4dfca61a52a92a66415,1742849048,74571.1288,1742849061,61571.1288,Rabbit
67e1c4dfca61a52a92a66416,1742849048,74603.0326,1742849061,61603.0326,Rabbit
67e1c4dfca61a52a92a66417,1742849048,74664.238,1742849061,61664.238,Rabbit
67e1c4dfca61a52a92a66418,1742849048,74726.2139,1742849061,61726.2139,Rabbit
67e1c4dfca61a52a92a66419,1742849048,74788.3488,1742849061,61788.3488,Rabbit
67e1c4dfca61a52a92a6641a,1742849048,74819.3741,1742849061,61819.3741,Rabbit
67e1c4dfca61a52a92a6641b,1742849048,74881.3952,1742849061,61881.3952,Rabbit
67e1c4dfca61a52a92a6641c,1742849048,74883.1384,1742849061,61883.1384,Rabbit
67e1c4dfca61a52a92a6641d,1742849048,74884.9642,1742849061,61884.9642,Rabbit
67e1c4dfca61a52a92a6641e,1742849048,74886.4361,1742849061,61886.4361,Rabbit
67e1c4dfca61a52a92a6641f,1742849048,74887.9403,1742849061,61887.9403,Rabbit
67e1c4dfca61a52a92a66420,1742849048,74889.8325,1742849061,61889.8325,Rabbit
67e1c4dfca61a52a92a66421,1742849048,74891.5149,1742849061,61891.5149,Rabbit
67e1c4dfca61a52a92a66422,1742849048,74893.0191,1742849061,61893.0191,Rabbit
67e1c4dfca61a52a92a66423,1742849048,74927.8653,1742849061,61927.8653,Rabbit
67e1c4dfca61a52a92a66424,1742849048,74929.5881,1742849061,61929.5881,Rabbit
67e1c4dfca61a52a92a66425,1742849048,74958.6347,1742849061,61958.6347,Rabbit
67e1c4dfca61a52a92a66426,1742849048,74989.9273,1742849061,61989.9273,Rabbit
67e1c4dfca61a52a92a66427,1742849048,74993.4567,1742849061,61993.4567,Rabbit
67e1c4dfca61a52a92a66428,1742849048,74996.2541,1742849061,61996.2541,Rabbit
67e1c4dfca61a52a92a66429,1742849048,75051.2072,1742849061,62051.2072,Rabbit
67e1c4dfca61a52a92a6642a,1742849048,75112.4775,1742849061,62112.4775,Rabbit
67e1c4dfca61a52a92a6642b,1742849048,75174.3679,1742849061,62174.3679,Rabbit
67e1c4dfca61a52a92a6642c,1742849048,75206.3984,1742849061,62206.3984,Rabbit
67e1c4dfca61a52a92a6642d,1742849048,75208.5442,1742849061,62208.5442,Rabbit
67e1c4dfca61a52a92a6642e,1742849048,75236.5488,1742849061,62236.5488,Rabbit
67e1c4dfca61a52a92a6642f,1742849048,75238.5954,1742849061,62238.5954,Rabbit
67e1c4dfca61a52a92a66430,1742849048,75240.9681,1742849061,62240.9681,Rabbit
67e1c4dfca61a52a92a66431,1742849048,75243.3614,1742849061,62243.3614,Rabbit
67e1c4dfca61a52a92a66432,1742849048,75245.1934,1742849061,62245.1934,Rabbit
67e1c4dfca61a52a92a66433,1742849048,75247.0478,1742849061,62247.0478,Rabbit
67e1c4dfca61a52a92a66434,1742849048,75248.7369,1742849061,62248.7369,Rabbit
67e1c4dfca61a52a92a66435,1742849048,75314.4678,1742849061,62314.4678,Rabbit
67e1c4dfca61a52a92a66436,1742849048,75344.9457,1742849061,62344.9457,Rabbit
67e1c4dfca61a52a92a66437,1742849048,75375.9035,1742849061,62375.9035,Rabbit
67e1c4dfca61a52a92a66438,1742849048,75407.9018,1742849061,62407.9018,Rabbit
67e1c4dfca61a52a92a66439,1742849048,75438.0428,1742849061,62438.0428,Rabbit
67e1c4dfca61a52a92a6643a,1742849048,75468.8389,1742849061,62468.8389,Rabbit
67e1c4dfca61a52a92a6643b,1742849048,75530.8577,1742849061,62530.8577,Rabbit
67e1c4dfca61a52a92a6643c,1742849048,75592.9356,1742849061,62592.9356,Rabbit
67e1c4dfca61a52a92a6643d,1742849048,75624.8207,1742849061,62624.8207,Rabbit
67e1c4dfca61a52a92a6643e,1742849048,75626.4301,1742849061,62626.4301,Rabbit
67e1c4dfca61a52a92a6643f,1742849048,75655.996,1742849061,62655.996,Rabbit
67e1c4dfca61a52a92a66440,1742849048,75686.9688,1742849061,62686.9688,Rabbit
67e1c4dfca61a52a92a66441,1742849048,75691.8194,1742849061,62691.8194,Rabbit
67e1c4dfca61a52a92a66442,1742849048,75747.9818,1742849061,62747.9818,Rabbit
67e1c4dfca61a52a92a66443,1742849048,75809.6881,1742849061,62809.6881,Rabbit
67e1c4dfca61a52a92a66444,1742849048,75811.6747,1742849061,62811.6747,Rabbit
67e1c4dfca61a52a92a66445,1742849048,75813.535,1742849061,62813.535,Rabbit
67e1c4dfca61a52a92a66446,1742849048,75818.9907,1742849061,62818.9907,Rabbit
67e1c4dfca61a52a92a66447,1742849048,75820.6404,1742849061,62820.6404,Rabbit
67e1c4dfca61a52a92a66448,1742849048,75822.4775,1742849061,62822.4775,Rabbit
67e1c4dfca61a52a92a66449,1742849048,75824.0146,1742849061,62824.0146,Rabbit
67e1c4dfca61a52a92a6644a,1742849048,75826.1445,1742849061,62826.1445,Rabbit
67e1c4dfca61a52a92a6644b,1742849048,75827.7294,1742849061,62827.7294,Rabbit
67e1c4dfca61a52a92a6644c,1742849048,75857.3918,1742849061,62857.3918,Rabbit
67e1c4dfca61a52a92a6644d,1742849048,75917.8727,1742849061,62917.8727,Rabbit
67e1c4dfca61a52a92a6644e,1742849048,75980.074,1742849061,62980.074,Rabbit
67e1c4dfca61a52a92a6644f,1742849048,76011.8995,1742849061,63011.8995,Rabbit
67e1c4dfca61a52a92a66450,1742849048,76013.4692,1742849061,63013.4692,Rabbit
67e1c4dfca61a52a92a66451,1742849048,76072.9592,1742849061,63072.9592,Rabbit
67e1c4dfca61a52a92a66452,1742849048,76104.0279,1742849061,63104.0279,Rabbit
67e1c4dfca61a52a92a66453,1742849048,76166.1703,1742849061,63166.1703,Rabbit
67e1c4dfca61a52a92a66454,1742849048,76167.777,1742849061,63167.777,Rabbit
67e1c4dfca61a52a92a66455,1742849048,76169.4841,1742849061,63169.4841,Rabbit
67e1c4dfca61a52a92a66456,1742849048,76228.1081,1742849061,63228.1081,Rabbit
67e1c4dfca61a52a92a66457,1742849048,76259.8795,1742849061,63259.8795,Rabbit
67e1c4dfca61a52a92a66458,1742849048,76290.0393,1742849061,63290.0393,Rabbit
67e1c4dfca61a52a92a66459,1742849048,76291.5305,1742849061,63291.5305,Rabbit
67e1c4dfca61a52a92a6645a,1742849048,76352.1617,1742849061,63352.1617,Rabbit
67e1c4dfca61a52a92a6645b,1742849048,76384.1364,1742849061,63384.1364,Rabbit
67e1c4dfca61a52a92a6645c,1742849048,76386.4196,1742849061,63386.4196,Rabbit
67e1c4dfca61a52a92a6645d,1742849048,76387.7185,1742849061,63387.7185,Rabbit
67e1c4dfca61a52a92a6645e,1742849048,76413.9688,1742849061,63413.9688,Rabbit
67e1c4dfca61a52a92a6645f,1742849048,76444.9499,1742849061,63444.9499,Rabbit
67e1c4dfca61a52a92a66460,1742849048,76477.6237,1742849061,63477.6237,Rabbit
67e1c4dfca61a52a92a66461,1742849048,76479.7967,1742849061,63479.7967,Rabbit
67e1c4dfca61a52a92a66462,1742849048,76483.583,1742849061,63483.583,Rabbit
67e1c4dfca61a52a92a66463,1742849048,76506.5126,1742849061,63506.5126,Rabbit
67e1c4dfca61a52a92a66464,1742849048,76538.9499,1742849061,63538.9499,Rabbit
67e1c4dfca61a52a92a66465,1742849048,76569.4723,1742849061,63569.4723,Rabbit
67e1c4dfca61a52a92a66466,1742849048,76630.5938,1742849061,63630.5938,Rabbit
67e1c4dfca61a52a92a66467,1742849048,76693.2416,1742849061,63693.2416,Rabbit
67e1c4dfca61a52a92a66468,1742849048,76695.7577,1742849061,63695.7577,Rabbit
67e1c4dfca61a52a92a66469,1742849048,76723.645,1742849061,63723.645,Rabbit
67e1c4dfca61a52a92a6646a,1742849048,76725.2093,1742849061,63725.2093,Rabbit
67e1c4dfca61a52a92a6646b,1742849048,76785.4726,1742849061,63785.4726,Rabbit
67e1c4dfca61a52a92a6646c,1742849048,76787.2074,1742849061,63787.2074,Rabbit
67e1c4dfca61a52a92a6646d,1742849048,76789.1849,1742849061,63789.1849,Rabbit
67e1c4dfca61a52a92a6646e,1742849048,76847.0517,1742849061,63847.0517,Rabbit
67e1c4dfca61a52a92a6646f,1742849048,76848.7292,1742849061,63848.7292,Rabbit
67e1c4dfca61a52a92a66470,1742849048,76878.6695,1742849061,63878.6695,Rabbit
67e1c4dfca61a52a92a66471,1742849048,76881.8419,1742849061,63881.8419,Rabbit
67e1c4dfca61a52a92a66472,1742849048,76883.9099,1742849061,63883.9099,Rabbit
67e1c4dfca61a52a92a66473,1742849048,76885.6212,1742849061,63885.6212,Rabbit
67e1c4dfca61a52a92a66474,1742849048,76887.3593,1742849061,63887.3593,Rabbit
67e1c4dfca61a52a92a66475,1742849048,76889.1588,1742849061,63889.1588,Rabbit
67e1c4dfca61a52a92a66476,1742849048,76890.8782,1742849061,63890.8782,Rabbit
67e1c4dfca61a52a92a66477,1742849048,76892.3304,1742849061,63892.3304,Rabbit
67e1c4dfca61a52a92a66478,1742849048,76894.4853,1742849061,63894.4853,Rabbit
67e1c4dfca61a52a92a66479,1742849048,76955.5986,1742849061,63955.5986,Rabbit
67e1c4dfca61a52a92a6647a,1742849048,76957.0951,1742849061,63957.0951,Rabbit
67e1c4dfca61a52a92a6647b,1742849048,76958.5796,1742849061,63958.5796,Rabbit
67e1c4dfca61a52a92a6647c,1742849048,76986.6009,1742849061,63986.6009,Rabbit
67e1c4dfca61a52a92a6647d,1742849048,77048.8452,1742849061,64048.8452,Rabbit
67e1c4dfca61a52a92a6647e,1742849048,77050.7165,1742849061,64050.7165,Rabbit
67e1c4dfca61a52a92a6647f,1742849048,77052.6923,1742849061,64052.6923,Rabbit
67e1c4dfca61a52a92a66480,1742849048,77054.4074,1742849061,64054.4074,Rabbit
67e1c4dfca61a52a92a66481,1742849048,77057.0276,1742849061,64057.0276,Rabbit
67e1c4dfca61a52a92a66482,1742849048,77058.7356,1742849061,64058.7356,Rabbit
67e1c4dfca61a52a92a66483,1742849048,77060.9093,1742849061,64060.9093,Rabbit
67e1c4dfca61a52a92a66484,1742849048,77063.8025,1742849061,64063.8025,Rabbit
67e1c4dfca61a52a92a66485,1742849048,77126.2415,1742849061,64126.2415,Rabbit
67e1c4dfca61a52a92a66486,1742849048,77127.7853,1742849061,64127.7853,Rabbit
67e1c4dfca61a52a92a66487,1742849048,77129.1953,1742849061,64129.1953,Rabbit
67e1c4dfca61a52a92a66488,1742849048,77130.5919,1742849061,64130.5919,Rabbit
67e1c4dfca61a52a92a66489,1742849048,77132.0448,1742849061,64132.0448,Rabbit
67e1c4dfca61a52a92a6648a,1742849048,77188.062,1742849061,64188.062,Rabbit
67e1c4dfca61a52a92a6648b,1742849048,77221.5254,1742849061,64221.5254,Rabbit
67e1c4dfca61a52a92a6648c,1742849048,77223.5262,1742849061,64223.5262,Rabbit
67e1c4dfca61a52a92a6648d,1742849048,77225.0418,1742849061,64225.0418,Rabbit
67e1c4dfca61a52a92a6648e,1742849048,77281.251,1742849061,64281.251,Rabbit
67e1c4dfca61a52a92a6648f,1742849048,77283.1495,1742849061,64283.1495,Rabbit
67e1c4dfca61a52a92a66490,1742849048,77313.0274,1742849061,64313.0274,Rabbit
67e1c4dfca61a52a92a66491,1742849048,77315.529,1742849061,64315.529,Rabbit
67e1c4dfca61a52a92a66492,1742849048,77317.0268,1742849061,64317.0268,Rabbit
67e1c4dfca61a52a92a66493,1742849048,77320.3785,1742849061,64320.3785,Rabbit
67e1c4dfca61a52a92a66494,1742849048,77322.8293,1742849061,64322.8293,Rabbit
67e1c4dfca61a52a92a66495,1742849048,77324.2867,1742849061,64324.2867,Rabbit
67e1c4dfca61a52a92a66496,1742849048,77325.6921,1742849061,64325.6921,Rabbit
67e1c4dfca61a52a92a66497,1742849048,77358.5664,1742849061,64358.5664,Rabbit
67e1c4dfca61a52a92a66498,1742849048,77389.953,1742849061,64389.953,Rabbit
67e1c4dfca61a52a92a66499,1742849048,77392.1682,1742849061,64392.1682,Rabbit
67e1c4dfca61a52a92a6649a,1742849048,77394.7999,1742849061,64394.7999,Rabbit
67e1c4dfca61a52a92a6649b,1742849048,77397.0181,1742849061,64397.0181,Rabbit
67e1c4dfca61a52a92a6649c,1742849048,77401.6054,1742849061,64401.6054,Rabbit
67e1c4dfca61a52a92a6649d,1742849048,77403.4648,1742849061,64403.4648,Rabbit
67e1c4dfca61a52a92a6649e,1742849048,77406.1451,1742849061,64406.1451,Rabbit
67e1c4dfca61a52a92a6649f,1742849048,77407.885,1742849061,64407.885,Rabbit
67e1c4dfca61a52a92a664a0,1742849048,77436.1737,1742849061,64436.1737,Rabbit
67e1c4dfca61a52a92a664a1,1742849048,77438.0869,1742849061,64438.0869,Rabbit
67e1c4dfca61a52a92a664a2,1742849048,77468.013,1742849061,64468.013,Rabbit
67e1c4dfca61a52a92a664a3,1742849048,77528.8651,1742849061,64528.8651,Rabbit
67e1c4dfca61a52a92a664a4,1742849048,77559.858,1742849061,64559.858,Rabbit
67e1c4dfca61a52a92a664a5,1742849048,77593.3805,1742849061,64593.3805,Rabbit
67e1c4dfca61a52a92a664a6,1742849048,77595.11,1742849061,64595.11,Rabbit
67e1c4dfca61a52a92a664a7,1742849048,77597.0828,1742849061,64597.0828,Rabbit
67e1c4dfca61a52a92a664a8,1742849048,77599.8024,1742849061,64599.8024,Rabbit
67e1c4dfca61a52a92a664a9,1742849048,77653.4411,1742849061,64653.4411,Rabbit
67e1c4dfca61a52a92a664aa,1742849048,77684.0285,1742849061,64684.0285,Rabbit
67e1c4dfca61a52a92a664ab,1742849048,77745.9784,1742849061,64745.9784,Rabbit
67e1c4dfca61a52a92a664ac,1742849048,77778.3511,1742849061,64778.3511,Rabbit
67e1c4dfca61a52a92a664ad,1742849048,77781.0926,1742849061,64781.0926,Rabbit
67e1c4dfca61a52a92a664ae,1742849048,77783.0322,1742849061,64783.0322,Rabbit
67e1c4dfca61a52a92a664af,1742849048,77784.6535,1742849061,64784.6535,Rabbit
67e1c4dfca61a52a92a664b0,1742849048,77786.2276,1742849061,64786.2276,Rabbit
67e1c4dfca61a52a92a664b1,1742849048,77788.0039,1742849061,64788.0039,Rabbit
67e1c4dfca61a52a92a664b2,1742849048,77790.3766,1742849061,64790.3766,Rabbit
67e1c4dfca61a52a92a664b3,1742849048,77792.5726,1742849061,64792.5726,Rabbit
67e1c4dfca61a52a92a664b4,1742849048,77794.1372,1742849061,64794.1372,Rabbit
67e1c4dfca61a52a92a664b5,1742849048,77795.7479,1742849061,64795.7479,Rabbit
67e1c4dfca61a52a92a664b6,1742849048,77824.7256,1742849061,64824.7256,Rabbit
67e1c4dfca61a52a92a664b7,1742849048,77826.369,1742849061,64826.369,Rabbit
67e1c4dfca61a52a92a664b8,1742849048,77828.0299,1742849061,64828.0299,Rabbit
67e1c4dfca61a52a92a664b9,1742849048,77829.6213,1742849061,64829.6213,Rabbit
67e1c4dfca61a52a92a664ba,1742849048,77831.2362,1742849061,64831.2362,Rabbit
67e1c4dfca61a52a92a664bb,1742849048,77833.0071,1742849061,64833.0071,Rabbit
67e1c4dfca61a52a92a664bc,1742849048,77834.5269,1742849061,64834.5269,Rabbit
67e1c4dfca61a52a92a664bd,1742849048,77836.2243,1742849061,64836.2243,Rabbit
67e1c4dfca61a52a92a664be,1742849048,77839.0385,1742849061,64839.0385,Rabbit
67e1c4dfca61a52a92a664bf,1742849048,77841.6136,1742849061,64841.6136,Rabbit
67e1c4dfca61a52a92a664c0,1742849048,77901.1016,1742849061,64901.1016,Rabbit
67e1c4dfca61a52a92a664c1,1742849048,77903.5698,1742849061,64903.5698,Rabbit
67e1c4dfca61a52a92a664c2,1742849048,77905.1799,1742849061,64905.1799,Rabbit
67e1c4dfca61a52a92a664c3,1742849048,77906.7563,1742849061,64906.7563,Rabbit
67e1c4dfca61a52a92a664c4,1742849048,77932.0332,1742849061,64932.0332,Rabbit
67e1c4dfca61a52a92a664c5,1742849048,77964.2721,1742849061,64964.2721,Rabbit
67e1c4dfca61a52a92a664c6,1742849048,77965.8473,1742849061,64965.8473,Rabbit
67e1c4dfca61a52a92a664c7,1742849048,77967.4546,1742849061,64967.4546,Rabbit
67e1c4dfca61a52a92a664c8,1742849048,77969.1845,1742849061,64969.1845,Rabbit
67e1c4dfca61a52a92a664c9,1742849048,77970.6804,1742849061,64970.6804,Rabbit
67e1c4dfca61a52a92a664ca,1742849048,77972.8996,1742849061,64972.8996,Rabbit
67e1c4dfca61a52a92a664cb,1742849048,78025.4411,1742849061,65025.4411,Rabbit
67e1c4dfca61a52a92a664cc,1742849048,78028.0769,1742849061,65028.0769,Rabbit
67e1c4dfca61a52a92a664cd,1742849048,78031.1858,1742849061,65031.1858,Rabbit
67e1c4dfca61a52a92a664ce,1742849048,78034.0561,1742849061,65034.0561,Rabbit
67e1c4dfca61a52a92a664cf,1742849048,78035.5283,1742849061,65035.5283,Rabbit
67e1c4dfca61a52a92a664d0,1742849048,78037.0957,1742849061,65037.0957,Rabbit
67e1c4dfca61a52a92a664d1,1742849048,78102.2999,1742849061,65102.2999,Rabbit
67e1c4dfca61a52a92a664d2,1742849048,78103.9035,1742849061,65103.9035,Rabbit
67e1c4dfca61a52a92a664d3,1742849048,78105.4009,1742849061,65105.4009,Rabbit
67e1c4dfca61a52a92a664d4,1742849048,78164.3676,1742849061,65164.3676,Rabbit
67e1c4dfca61a52a92a664d5,1742849048,78199.8131,1742849061,65199.8131,Rabbit
67e1c4dfca61a52a92a664d6,1742849048,78202.1936,1742849061,65202.1936,Rabbit
67e1c4dfca61a52a92a664d7,1742849048,78204.2794,1742849061,65204.2794,Rabbit
67e1c4dfca61a52a92a664d8,1742849048,78206.6966,1742849061,65206.6966,Rabbit
67e1c4dfca61a52a92a664d9,1742849048,78209.7482,1742849061,65209.7482,Rabbit
67e1c4dfca61a52a92a664da,1742849048,78241.8092,1742849061,65241.8092,Rabbit
67e1c4dfca61a52a92a664db,1742849048,78272.4982,1742849061,65272.4982,Rabbit
67e1c4dfca61a52a92a664dc,1742849048,78304.077,1742849061,65304.077,Rabbit
67e1c4dfca61a52a92a664dd,1742849048,78305.658,1742849061,65305.658,Rabbit
67e1c4dfca61a52a92a664de,1742849048,78307.0359,1742849061,65307.0359,Rabbit
67e1c4dfca61a52a92a664df,1742849048,78308.4051,1742849061,65308.4051,Rabbit
67e1c4dfca61a52a92a664e0,1742849048,78365.355,1742849061,65365.355,Rabbit
67e1c4dfca61a52a92a664e1,1742849048,78396.4875,1742849061,65396.4875,Rabbit
67e1c4dfca61a52a92a664e2,1742849048,78399.871,1742849061,65399.871,Rabbit
67e1c4dfca61a52a92a664e3,1742849048,78427.7228,1742849061,65427.7228,Rabbit
67e1c4dfca61a52a92a664e4,1742849048,78429.188,1742849061,65429.188,Rabbit
67e1c4dfca61a52a92a664e5,1742849048,78458.8569,1742849061,65458.8569,Rabbit
67e1c4dfca61a52a92a664e6,1742849048,78461.0146,1742849061,65461.0146,Rabbit
67e1c4dfca61a52a92a664e7,1742849048,78463.5605,1742849061,65463.5605,Rabbit
67e1c4dfca61a52a92a664e8,1742849048,78465.4264,1742849061,65465.4264,Rabbit
67e1c4dfca61a52a92a664e9,1742849048,78467.0478,1742849061,65467.0478,Rabbit
67e1c4dfca61a52a92a664ea,1742849048,78468.7927,1742849061,65468.7927,Rabbit
67e1c4dfca61a52a92a664eb,1742849048,78505.3396,1742849061,65505.3396,Rabbit
67e1c4dfca61a52a92a664ec,1742849048,78536.1734,1742849061,65536.1734,Rabbit
67e1c4dfca61a52a92a664ed,1742849048,78567.0659,1742849061,65567.0659,Rabbit
67e1c4dfca61a52a92a664ee,1742849048,78597.8988,1742849061,65597.8988,Rabbit
67e1c4dfca61a52a92a664ef,1742849048,78600.1217,1742849061,65600.1217,Rabbit
67e1c4dfca61a52a92a664f0,1742849048,78602.7052,1742849061,65602.7052,Rabbit
67e1c4dfca61a52a92a664f1,1742849048,78604.2325,1742849061,65604.2325,Rabbit
67e1c4dfca61a52a92a664f2,1742849048,78609.7174,1742849061,65609.7174,Rabbit
67e1c4dfca61a52a92a664f3,1742849048,78612.7668,1742849061,65612.7668,Rabbit
67e1c4dfca61a52a92a664f4,1742849048,78644.1812,1742849061,65644.1812,Rabbit
67e1c4dfca61a52a92a664f5,1742849048,78674.2246,1742849061,65674.2246,Rabbit
67e1c4dfca61a52a92a664f6,1742849048,78705.2613,1742849061,65705.2613,Rabbit
67e1c4dfca61a52a92a664f7,1742849048,78706.8401,1742849061,65706.8401,Rabbit
67e1c4dfca61a52a92a664f8,1742849048,78736.3858,1742849061,65736.3858,Rabbit
67e1c4dfca61a52a92a664f9,1742849048,78769.1968,1742849061,65769.1968,Rabbit
67e1c4dfca61a52a92a664fa,1742849048,78770.9306,1742849061,65770.9306,Rabbit
67e1c4dfca61a52a92a664fb,1742849048,78774.1908,1742849061,65774.1908,Rabbit
67e1c4dfca61a52a92a664fc,1742849048,78776.3948,1742849061,65776.3948,Rabbit
67e1c4dfca61a52a92a664fd,1742849048,78778.9499,1742849061,65778.9499,Rabbit
67e1c4dfca61a52a92a664fe,1742849048,78781.0527,1742849061,65781.0527,Rabbit
67e1c4dfca61a52a92a664ff,1742849048,78783.3436,1742849061,65783.3436,Rabbit
67e1c4dfca61a52a92a66500,1742849048,78813.4817,1742849061,65813.4817,Rabbit
67e1c4dfca61a52a92a66501,1742849048,78815.7896,1742849061,65815.7896,Rabbit
67e1c4dfca61a52a92a66502,1742849048,78845.5757,1742849061,65845.5757,Rabbit
67e1c4dfca61a52a92a66503,1742849048,78848.2363,1742849061,65848.2363,Rabbit
67e1c4dfca61a52a92a66504,1742849048,78875.5439,1742849061,65875.5439,Rabbit
67e1c4dfca61a52a92a66505,1742849048,78877.1868,1742849061,65877.1868,Rabbit
67e1c4dfca61a52a92a66506,1742849048,78878.9108,1742849061,65878.9108,Rabbit
67e1c4dfca61a52a92a66507,1742849048,78906.5503,1742849061,65906.5503,Rabbit
67e1c4dfca61a52a92a66508,1742849048,78937.5992,1742849061,65937.5992,Rabbit
67e1c4dfca61a52a92a66509,1742849048,78968.8396,1742849061,65968.8396,Rabbit
67e1c4dfca61a52a92a6650a,1742849048,78971.6022,1742849061,65971.6022,Rabbit
67e1c4dfca61a52a92a6650b,1742849048,78973.7125,1742849061,65973.7125,Rabbit
67e1c4dfca61a52a92a6650c,1742849048,78975.3464,1742849061,65975.3464,Rabbit
67e1c4dfca61a52a92a6650d,1742849048,78977.2491,1742849061,65977.2491,Rabbit
67e1c4dfca61a52a92a6650e,1742849048,78999.5416,1742849061,65999.5416,Rabbit
67e1c4dfca61a52a92a6650f,1742849048,79030.6654,1742849061,66030.6654,Rabbit
67e1c4dfca61a52a92a66510,1742849048,79092.769,1742849061,66092.769,Rabbit
67e1c4dfca61a52a92a66511,1742849048,79095.2199,1742849061,66095.2199,Rabbit
67e1c4dfca61a52a92a66512,1742849048,79124.6469,1742849061,66124.6469,Rabbit
67e1c4dfca61a52a92a66513,1742849048,79154.7096,1742849061,66154.7096,Rabbit
67e1c4dfca61a52a92a66514,1742849048,79156.5103,1742849061,66156.5103,Rabbit
67e1c4dfca61a52a92a66515,1742849048,79185.8275,1742849061,66185.8275,Rabbit
67e1c4dfca61a52a92a66516,1742849048,79187.9807,1742849061,66187.9807,Rabbit
67e1c4dfca61a52a92a66517,1742849048,79247.5886,1742849061,66247.5886,Rabbit
67e1c4dfca61a52a92a66518,1742849048,79310.35,1742849061,66310.35,Rabbit
67e1c4dfca61a52a92a66519,1742849048,79312.2297,1742849061,66312.2297,Rabbit
67e1c4dfca61a52a92a6651a,1742849048,79316.0219,1742849061,66316.0219,Rabbit
67e1c4dfca61a52a92a6651b,1742849048,79318.1505,1742849061,66318.1505,Rabbit
67e1c4dfca61a52a92a6651c,1742849048,79320.8977,1742849061,66320.8977,Rabbit
67e1c4dfca61a52a92a6651d,1742849048,79323.3764,1742849061,66323.3764,Rabbit
67e1c4dfca61a52a92a662de,1742849048,69225.9716,1742849060,57225.9716,Rabbit
67e1c4dfca61a52a92a662df,1742849048,69256.21,1742849060,57256.21,Rabbit
67e1c4dfca61a52a92a662e0,1742849048,69258.0792,1742849060,57258.0792,Rabbit
67e1c4dfca61a52a92a662e1,1742849048,69259.9704,1742849060,57259.9704,Rabbit
67e1c4dfca61a52a92a662e2,1742849048,69261.7176,1742849060,57261.7176,Rabbit
67e1c4dfca61a52a92a662e3,1742849048,69263.2533,1742849060,57263.2533,Rabbit
67e1c4dfca61a52a92a662e4,1742849048,69264.9911,1742849060,57264.9911,Rabbit
67e1c4dfca61a52a92a662e5,1742849048,69266.7067,1742849060,57266.7067,Rabbit
67e1c4dfca61a52a92a662e6,1742849048,69268.8004,1742849060,57268.8004,Rabbit
67e1c4dfca61a52a92a662e7,1742849048,69270.5264,1742849060,57270.5264,Rabbit
67e1c4dfca61a52a92a662e8,1742849048,69302.6172,1742849060,57302.6172,Rabbit
67e1c4dfca61a52a92a662e9,1742849048,69334.5223,1742849060,57334.5223,Rabbit
67e1c4dfca61a52a92a662ea,1742849048,69364.8974,1742849060,57364.8974,Rabbit
67e1c4dfca61a52a92a662eb,1742849048,69366.8786,1742849060,57366.8786,Rabbit
67e1c4dfca61a52a92a662ec,1742849048,69368.6032,1742849060,57368.6032,Rabbit
67e1c4dfca61a52a92a662ed,1742849048,69370.6433,1742849060,57370.6433,Rabbit
67e1c4dfca61a52a92a662ee,1742849048,69372.6147,1742849060,57372.6147,Rabbit
67e1c4dfca61a52a92a662ef,1742849048,69375.6446,1742849060,57375.6446,Rabbit
67e1c4dfca61a52a92a662f0,1742849048,69378.52,1742849060,57378.52,Rabbit
67e1c4dfca61a52a92a662f1,1742849048,69380.8468,1742849060,57380.8468,Rabbit
67e1c4dfca61a52a92a662f2,1742849048,69382.8155,1742849060,57382.8155,Rabbit
67e1c4dfca61a52a92a662f3,1742849048,69384.5268,1742849060,57384.5268,Rabbit
67e1c4dfca61a52a92a662f4,1742849048,69386.2485,1742849060,57386.2485,Rabbit
67e1c4dfca61a52a92a662f5,1742849048,69387.9874,1742849060,57387.9874,Rabbit
67e1c4dfca61a52a92a662f6,1742849048,69389.7768,1742849060,57389.7768,Rabbit
67e1c4dfca61a52a92a662f7,1742849048,69391.3253,1742849060,57391.3253,Rabbit
67e1c4dfca61a52a92a662f8,1742849048,69393.014,1742849060,57393.014,Rabbit
67e1c4dfca61a52a92a662f9,1742849048,69394.7708,1742849060,57394.7708,Rabbit
67e1c4dfca61a52a92a662fa,1742849048,69426.5691,1742849060,57426.5691,Rabbit
67e1c4dfca61a52a92a662fb,1742849048,69458.9827,1742849060,57458.9827,Rabbit
67e1c4dfca61a52a92a662fc,1742849048,69461.7948,1742849060,57461.7948,Rabbit
67e1c4dfca61a52a92a662fd,1742849048,69463.4991,1742849060,57463.4991,Rabbit
67e1c4dfca61a52a92a662fe,1742849048,69465.0846,1742849060,57465.0846,Rabbit
67e1c4dfca61a52a92a662ff,1742849048,69466.7527,1742849060,57466.7527,Rabbit
67e1c4dfca61a52a92a66300,1742849048,69468.494,1742849060,57468.494,Rabbit
67e1c4dfca61a52a92a66301,1742849048,69504.9316,1742849060,57504.9316,Rabbit
67e1c4dfca61a52a92a66302,1742849048,69506.4936,1742849060,57506.4936,Rabbit
67e1c4dfca61a52a92a66303,1742849048,69536.2558,1742849060,57536.2558,Rabbit
67e1c4dfca61a52a92a66304,1742849048,69538.4917,1742849060,57538.4917,Rabbit
67e1c4dfca61a52a92a66305,1742849048,69544.302,1742849060,57544.302,Rabbit
67e1c4dfca61a52a92a66306,1742849048,69581.4422,1742849060,57581.4422,Rabbit
67e1c4dfca61a52a92a66307,1742849048,69613.6316,1742849060,57613.6316,Rabbit
67e1c4dfca61a52a92a66308,1742849048,69617.0907,1742849060,57617.0907,Rabbit
67e1c4dfca61a52a92a66309,1742849048,69621.465,1742849060,57621.465,Rabbit
67e1c4dfca61a52a92a6630a,1742849048,69624.7508,1742849060,57624.7508,Rabbit
67e1c4dfca61a52a92a6630b,1742849048,69627.9005,1742849060,57627.9005,Rabbit
67e1c4dfca61a52a92a6630c,1742849048,69629.5928,1742849060,57629.5928,Rabbit
67e1c4dfca61a52a92a6630d,1742849048,69631.7278,1742849060,57631.7278,Rabbit
67e1c4dfca61a52a92a6630e,1742849048,69633.4373,1742849060,57633.4373,Rabbit
67e1c4dfca61a52a92a6630f,1742849048,69635.0111,1742849060,57635.0111,Rabbit
67e1c4dfca61a52a92a66310,1742849048,69705.5822,1742849060,57705.5822,Rabbit
67e1c4dfca61a52a92a66311,1742849048,69707.2153,1742849060,57707.2153,Rabbit
67e1c4dfca61a52a92a66312,1742849048,69708.7166,1742849060,57708.7166,Rabbit
67e1c4dfca61a52a92a66313,1742849048,69710.1019,1742849060,57710.1019,Rabbit
67e1c4dfca61a52a92a66314,1742849048,69711.5952,1742849060,57711.5952,Rabbit
67e1c4dfca61a52a92a66315,1742849048,69736.4484,1742849060,57736.4484,Rabbit
67e1c4dfca61a52a92a66316,1742849048,69798.7108,1742849060,57798.7108,Rabbit
67e1c4dfca61a52a92a66317,1742849048,69801.7223,1742849060,57801.7223,Rabbit
67e1c4dfca61a52a92a66318,1742849048,69803.9471,1742849060,57803.9471,Rabbit
67e1c4dfca61a52a92a66319,1742849048,69806.192,1742849060,57806.192,Rabbit
67e1c4dfca61a52a92a6631a,1742849048,69807.8387,1742849060,57807.8387,Rabbit
67e1c4dfca61a52a92a6631b,1742849048,69809.7979,1742849060,57809.7979,Rabbit
67e1c4dfca61a52a92a6631c,1742849048,69811.5405,1742849060,57811.5405,Rabbit
67e1c4dfca61a52a92a6631d,1742849048,69813.0594,1742849060,57813.0594,Rabbit
67e1c4dfca61a52a92a6631e,1742849048,69815.2955,1742849060,57815.2955,Rabbit
67e1c4dfca61a52a92a6631f,1742849048,69876.3378,1742849060,57876.3378,Rabbit
67e1c4dfca61a52a92a66320,1742849048,69879.5663,1742849060,57879.5663,Rabbit
67e1c4dfca61a52a92a66321,1742849048,69881.5151,1742849060,57881.5151,Rabbit
67e1c4dfca61a52a92a66322,1742849048,69883.1675,1742849060,57883.1675,Rabbit
67e1c4dfca61a52a92a66323,1742849048,69884.9472,1742849060,57884.9472,Rabbit
67e1c4dfca61a52a92a66324,1742849048,69886.7046,1742849060,57886.7046,Rabbit
67e1c4dfca61a52a92a66325,1742849048,69888.4288,1742849060,57888.4288,Rabbit
67e1c4dfca61a52a92a66326,1742849048,69953.8741,1742849060,57953.8741,Rabbit
67e1c4dfca61a52a92a66327,1742849048,69959.7163,1742849060,57959.7163,Rabbit
67e1c4dfca61a52a92a66328,1742849048,69984.6038,1742849060,57984.6038,Rabbit
67e1c4dfca61a52a92a66329,1742849048,70016.525,1742849060,58016.525,Rabbit
67e1c4dfca61a52a92a6632a,1742849048,70047.7002,1742849060,58047.7002,Rabbit
67e1c4dfca61a52a92a6632b,1742849048,70108.0358,1742849060,58108.0358,Rabbit
67e1c4dfca61a52a92a6632c,1742849048,70143.2647,1742849060,58143.2647,Rabbit
67e1c4dfca61a52a92a6632d,1742849048,70171.0271,1742849060,58171.0271,Rabbit
67e1c4dfca61a52a92a6632e,1742849048,70172.6256,1742849060,58172.6256,Rabbit
67e1c4dfca61a52a92a6632f,1742849048,70200.9907,1742849060,58200.9907,Rabbit
67e1c4dfca61a52a92a66330,1742849048,70231.9962,1742849060,58231.9962,Rabbit
67e1c4dfca61a52a92a66331,1742849048,70263.0234,1742849060,58263.0234,Rabbit
67e1c4dfca61a52a92a66332,1742849048,70325.1217,1742849060,58325.1217,Rabbit
67e1c4dfca61a52a92a66333,1742849048,70387.0327,1742849060,58387.0327,Rabbit
67e1c4dfca61a52a92a66334,1742849048,70418.0504,1742849060,58418.0504,Rabbit
67e1c4dfca61a52a92a66335,1742849048,70449.1368,1742849060,58449.1368,Rabbit
67e1c4dfca61a52a92a66336,1742849048,70511.0403,1742849060,58511.0403,Rabbit
67e1c4dfca61a52a92a66337,1742849048,70573.1685,1742849060,58573.1685,Rabbit
67e1c4dfca61a52a92a66338,1742849048,70604.2069,1742849060,58604.2069,Rabbit
67e1c4dfca61a52a92a66339,1742849048,70636.0711,1742849060,58636.0711,Rabbit
67e1c4dfca61a52a92a6633a,1742849048,70637.59,1742849060,58637.59,Rabbit
67e1c4dfca61a52a92a6633b,1742849048,70641.1785,1742849060,58641.1785,Rabbit
67e1c4dfca61a52a92a6633c,1742849048,70642.7685,1742849060,58642.7685,Rabbit
67e1c4dfca61a52a92a6633d,1742849048,70644.7529,1742849060,58644.7529,Rabbit
67e1c4dfca61a52a92a6633e,1742849048,70646.8963,1742849060,58646.8963,Rabbit
67e1c4dfca61a52a92a6633f,1742849048,70648.904,1742849060,58648.904,Rabbit
67e1c4dfca61a52a92a66340,1742849048,70651.9253,1742849060,58651.9253,Rabbit
67e1c4dfca61a52a92a66341,1742849048,70654.626,1742849060,58654.626,Rabbit
67e1c4dfca61a52a92a66342,1742849048,70656.5217,1742849060,58656.5217,Rabbit
67e1c4dfca61a52a92a66343,1742849048,70658.3044,1742849060,58658.3044,Rabbit
67e1c4dfca61a52a92a66344,1742849048,70660.2926,1742849060,58660.2926,Rabbit
67e1c4dfca61a52a92a66345,1742849048,70661.9611,1742849060,58661.9611,Rabbit
67e1c4dfca61a52a92a66346,1742849048,70664.2907,1742849060,58664.2907,Rabbit
67e1c4dfca61a52a92a66347,1742849048,70698.0713,1742849060,58698.0713,Rabbit
67e1c4dfca61a52a92a66348,1742849048,70727.9974,1742849060,58727.9974,Rabbit
67e1c4dfca61a52a92a66349,1742849048,70759.7984,1742849060,58759.7984,Rabbit
67e1c4dfca61a52a92a6634a,1742849048,70761.3599,1742849060,58761.3599,Rabbit
67e1c4dfca61a52a92a6634b,1742849048,70790.0969,1742849060,58790.0969,Rabbit
67e1c4dfca61a52a92a6634c,1742849048,70821.2504,1742849060,58821.2504,Rabbit
67e1c4dfca61a52a92a6634d,1742849048,70852.0696,1742849060,58852.0696,Rabbit
67e1c4dfca61a52a92a6634e,1742849048,70882.9464,1742849060,58882.9464,Rabbit
67e1c4dfca61a52a92a6634f,1742849048,70914.0205,1742849060,58914.0205,Rabbit
67e1c4dfca61a52a92a66350,1742849048,70945.6934,1742849060,58945.6934,Rabbit
67e1c4dfca61a52a92a66351,1742849048,70948.8888,1742849060,58948.8888,Rabbit
67e1c4dfca61a52a92a66352,1742849048,70950.3139,1742849060,58950.3139,Rabbit
67e1c4dfca61a52a92a66353,1742849048,70951.7862,1742849060,58951.7862,Rabbit
67e1c4dfca61a52a92a66354,1742849048,70953.3507,1742849060,58953.3507,Rabbit
67e1c4dfca61a52a92a66355,1742849048,70954.7608,1742849060,58954.7608,Rabbit
67e1c4dfca61a52a92a66356,1742849048,71007.0218,1742849060,59007.0218,Rabbit
67e1c4dfca61a52a92a66357,1742849048,71039.8483,1742849060,59039.8483,Rabbit
67e1c4dfca61a52a92a66358,1742849048,71069.0187,1742849060,59069.0187,Rabbit
67e1c4dfca61a52a92a66359,1742849048,71100.8425,1742849060,59100.8425,Rabbit
67e1c4dfca61a52a92a6635a,1742849048,71162.0209,1742849060,59162.0209,Rabbit
67e1c4dfca61a52a92a6635b,1742849048,71194.0728,1742849060,59194.0728,Rabbit
67e1c4dfca61a52a92a6635c,1742849048,71195.8583,1742849060,59195.8583,Rabbit
67e1c4dfca61a52a92a6635d,1742849048,71226.4731,1742849060,59226.4731,Rabbit
67e1c4dfca61a52a92a6635e,1742849048,71228.3904,1742849060,59228.3904,Rabbit
67e1c4dfca61a52a92a6635f,1742849048,71255.0765,1742849060,59255.0765,Rabbit
67e1c4dfca61a52a92a66360,1742849048,71287.3233,1742849060,59287.3233,Rabbit
67e1c4dfca61a52a92a66361,1742849048,71289.0414,1742849060,59289.0414,Rabbit
67e1c4dfca61a52a92a66362,1742849048,71290.9286,1742849060,59290.9286,Rabbit
67e1c4dfca61a52a92a66363,1742849048,71292.732,1742849060,59292.732,Rabbit
67e1c4dfca61a52a92a66364,1742849048,71294.5717,1742849060,59294.5717,Rabbit
67e1c4dfca61a52a92a66365,1742849048,71348.8883,1742849060,59348.8883,Rabbit
67e1c4dfca61a52a92a66366,1742849048,71352.7067,1742849060,59352.7067,Rabbit
67e1c4dfca61a52a92a66367,1742849048,71354.7536,1742849060,59354.7536,Rabbit
67e1c4dfca61a52a92a66368,1742849048,71358.2041,1742849060,59358.2041,Rabbit
67e1c4dfca61a52a92a66369,1742849048,71360.7386,1742849060,59360.7386,Rabbit
67e1c4dfca61a52a92a6636a,1742849048,71362.2671,1742849060,59362.2671,Rabbit
67e1c4dfca61a52a92a6636b,1742849048,71364.3634,1742849060,59364.3634,Rabbit
67e1c4dfca61a52a92a6636c,1742849048,71366.976,1742849060,59366.976,Rabbit
67e1c4dfca61a52a92a6636d,1742849048,71426.0672,1742849060,59426.0672,Rabbit
67e1c4dfca61a52a92a6636e,1742849048,71456.7172,1742849060,59456.7172,Rabbit
67e1c4dfca61a52a92a6636f,1742849048,71489.0112,1742849060,59489.0112,Rabbit
67e1c4dfca61a52a92a66370,1742849048,71490.5885,1742849060,59490.5885,Rabbit
67e1c4dfca61a52a92a66371,1742849048,71492.0916,1742849060,59492.0916,Rabbit
67e1c4dfca61a52a92a66372,1742849048,71519.6035,1742849060,59519.6035,Rabbit
67e1c4dfca61a52a92a66373,1742849048,71552.0408,1742849060,59552.0408,Rabbit
67e1c4dfca61a52a92a66374,1742849048,71580.8957,1742849060,59580.8957,Rabbit
67e1c4dfca61a52a92a66375,1742849048,71611.6596,1742849060,59611.6596,Rabbit
67e1c4dfca61a52a92a66376,1742849048,71613.403,1742849060,59613.403,Rabbit
67e1c4dfca61a52a92a66377,1742849048,71615.4944,1742849060,59615.4944,Rabbit
67e1c4dfca61a52a92a66378,1742849048,71643.6358,1742849060,59643.6358,Rabbit
67e1c4dfca61a52a92a66379,1742849048,71673.6863,1742849060,59673.6863,Rabbit
67e1c4dfca61a52a92a6637a,1742849048,71675.2387,1742849060,59675.2387,Rabbit
67e1c4dfca61a52a92a6637b,1742849048,71677.2559,1742849060,59677.2559,Rabbit
67e1c4dfca61a52a92a6637c,1742849048,71678.8068,1742849060,59678.8068,Rabbit
67e1c4dfca61a52a92a6637d,1742849048,71680.5866,1742849060,59680.5866,Rabbit
67e1c4dfca61a52a92a6637e,1742849048,71704.8941,1742849060,59704.8941,Rabbit
67e1c4dfca61a52a92a6637f,1742849048,71767.1922,1742849060,59767.1922,Rabbit
67e1c4dfca61a52a92a66380,1742849048,71769.0728,1742849060,59769.0728,Rabbit
67e1c4dfca61a52a92a66381,1742849048,71770.7458,1742849060,59770.7458,Rabbit
67e1c4dfca61a52a92a66382,1742849048,71772.2859,1742849060,59772.2859,Rabbit
67e1c4dfca61a52a92a66383,1742849048,71773.8156,1742849060,59773.8156,Rabbit
67e1c4dfca61a52a92a66384,1742849048,71777.9005,1742849060,59777.9005,Rabbit
67e1c4dfca61a52a92a66385,1742849048,71844.2048,1742849060,59844.2048,Rabbit
67e1c4dfca61a52a92a66386,1742849048,71845.8761,1742849060,59845.8761,Rabbit
67e1c4dfca61a52a92a66387,1742849048,71877.7276,1742849060,59877.7276,Rabbit
67e1c4dfca61a52a92a66388,1742849048,71879.6772,1742849060,59879.6772,Rabbit
67e1c4dfca61a52a92a66389,1742849048,71881.5842,1742849060,59881.5842,Rabbit
67e1c4dfca61a52a92a6638a,1742849048,71883.2995,1742849060,59883.2995,Rabbit
67e1c4dfca61a52a92a6638b,1742849048,71885.173,1742849060,59885.173,Rabbit
67e1c4dfca61a52a92a6638c,1742849048,71886.7352,1742849060,59886.7352,Rabbit
67e1c4dfca61a52a92a6638d,1742849048,71888.5184,1742849060,59888.5184,Rabbit
67e1c4dfca61a52a92a6638e,1742849048,71953.3062,1742849060,59953.3062,Rabbit
67e1c4dfca61a52a92a6638f,1742849048,71985.2408,1742849060,59985.2408,Rabbit
67e1c4dfca61a52a92a66390,1742849048,72014.7493,1742849060,60014.7493,Rabbit
67e1c4dfca61a52a92a66391,1742849048,72076.8043,1742849060,60076.8043,Rabbit
67e1c4dfca61a52a92a66392,1742849048,72139.3212,1742849060,60139.3212,Rabbit
67e1c4dfca61a52a92a66393,1742849048,72170.0931,1742849060,60170.0931,Rabbit
67e1c4dfca61a52a92a66394,1742849048,72202.4889,1742849060,60202.4889,Rabbit
67e1c4dfca61a52a92a66395,1742849048,72204.4161,1742849060,60204.4161,Rabbit
67e1c4dfca61a52a92a66396,1742849048,72207.3797,1742849060,60207.3797,Rabbit
67e1c4dfca61a52a92a66397,1742849048,72213.9302,1742849060,60213.9302,Rabbit
67e1c4dfca61a52a92a66398,1742849048,72216.0042,1742849060,60216.0042,Rabbit
67e1c4dfca61a52a92a66399,1742849048,72217.7936,1742849060,60217.7936,Rabbit
67e1c4dfca61a52a92a6639a,1742849048,72249.7194,1742849060,60249.7194,Rabbit
67e1c4dfca61a52a92a6639b,1742849048,72309.8252,1742849060,60309.8252,Rabbit
67e1c4dfca61a52a92a6639c,1742849048,72312.0482,1742849060,60312.0482,Rabbit
67e1c4dfca61a52a92a6639d,1742849048,72313.9257,1742849060,60313.9257,Rabbit
67e1c4dfca61a52a92a6639e,1742849048,72315.3489,1742849060,60315.3489,Rabbit
67e1c4dfca61a52a92a6639f,1742849048,72340.5023,1742849060,60340.5023,Rabbit
67e1c4dfca61a52a92a663a0,1742849048,72343.0597,1742849060,60343.0597,Rabbit
67e1c4dfca61a52a92a663a1,1742849048,72344.6048,1742849060,60344.6048,Rabbit
67e1c4dfca61a52a92a663a2,1742849048,72346.1339,1742849060,60346.1339,Rabbit
67e1c4dfca61a52a92a663a3,1742849048,72347.6812,1742849060,60347.6812,Rabbit
67e1c4dfca61a52a92a663a4,1742849048,72372.1862,1742849060,60372.1862,Rabbit
67e1c4dfca61a52a92a663a5,1742849048,72373.7048,1742849060,60373.7048,Rabbit
67e1c4dfca61a52a92a663a6,1742849048,72433.3379,1742849060,60433.3379,Rabbit
67e1c4dfca61a52a92a663a7,1742849048,72495.2902,1742849060,60495.2902,Rabbit
67e1c4dfca61a52a92a663a8,1742849048,72527.189,1742849060,60527.189,Rabbit
67e1c4dfca61a52a92a663a9,1742849048,72557.3978,1742849060,60557.3978,Rabbit
67e1c4dfca61a52a92a663aa,1742849048,72619.5998,1742849060,60619.5998,Rabbit
67e1c4dfca61a52a92a663ab,1742849048,72652.0186,1742849060,60652.0186,Rabbit
67e1c4dfca61a52a92a663ac,1742849048,72653.8755,1742849060,60653.8755,Rabbit
67e1c4dfca61a52a92a663ad,1742849048,72656.545,1742849060,60656.545,Rabbit
67e1c4dfca61a52a92a663ae,1742849048,72658.8192,1742849060,60658.8192,Rabbit
67e1c4dfca61a52a92a663af,1742849048,72682.0596,1742849060,60682.0596,Rabbit
67e1c4dfca61a52a92a663b0,1742849048,72713.3344,1742849060,60713.3344,Rabbit
67e1c4dfca61a52a92a663b1,1742849048,72774.283,1742849060,60774.283,Rabbit
67e1c4dfca61a52a92a663b2,1742849048,72807.0054,1742849060,60807.0054,Rabbit
67e1c4dfca61a52a92a663b3,1742849048,72809.555,1742849060,60809.555,Rabbit
67e1c4dfca61a52a92a663b4,1742849048,72811.5596,1742849060,60811.5596,Rabbit
67e1c4dfca61a52a92a663b5,1742849048,72818.1711,1742849060,60818.1711,Rabbit
67e1c4dfca61a52a92a663b6,1742849048,72819.9646,1742849060,60819.9646,Rabbit
67e1c4dfca61a52a92a663b7,1742849048,72822.1162,1742849060,60822.1162,Rabbit
67e1c4dfca61a52a92a663b8,1742849048,72823.6966,1742849060,60823.6966,Rabbit
67e1c4dfca61a52a92a663b9,1742849048,72825.3585,1742849060,60825.3585,Rabbit
67e1c4dfca61a52a92a663ba,1742849048,72827.2184,1742849060,60827.2184,Rabbit
67e1c4dfca61a52a92a663bb,1742849048,72854.2232,1742849060,60854.2232,Rabbit
67e1c4dfca61a52a92a663bc,1742849048,72858.0908,1742849060,60858.0908,Rabbit
67e1c4dfca61a52a92a663bd,1742849048,72913.6101,1742849060,60913.6101,Rabbit
67e1c4dfca61a52a92a663be,1742849048,72945.27,1742849060,60945.27,Rabbit
67e1c4dfca61a52a92a663bf,1742849048,72946.7776,1742849060,60946.7776,Rabbit
67e1c4dfca61a52a92a663c0,1742849048,72948.6427,1742849060,60948.6427,Rabbit
67e1c4dfca61a52a92a663c1,1742849048,73006.2673,1742849060,61006.2673,Rabbit
67e1c4dfca61a52a92a663c2,1742849048,73007.9591,1742849060,61007.9591,Rabbit
67e1c4dfca61a52a92a663c3,1742849048,73038.4785,1742849060,61038.4785,Rabbit
67e1c4dfca61a52a92a663c4,1742849048,73041.5991,1742849060,61041.5991,Rabbit
67e1c4dfca61a52a92a663c5,1742849048,73044.382,1742849060,61044.382,Rabbit
67e1c4dfca61a52a92a663c6,1742849048,73047.8186,1742849060,61047.8186,Rabbit
67e1c4dfca61a52a92a663c7,1742849048,73050.1122,1742849060,61050.1122,Rabbit
67e1c4dfca61a52a92a663c8,1742849048,73114.7066,1742849060,61114.7066,Rabbit
67e1c4dfca61a52a92a663c9,1742849048,73145.7591,1742849060,61145.7591,Rabbit
67e1c4dfca61a52a92a663ca,1742849048,73147.6439,1742849060,61147.6439,Rabbit
67e1c4dfca61a52a92a663cb,1742849048,73151.3949,1742849060,61151.3949,Rabbit
67e1c4dfca61a52a92a663cc,1742849048,73154.3099,1742849060,61154.3099,Rabbit
67e1c4dfca61a52a92a663cd,1742849048,73156.199,1742849060,61156.199,Rabbit
67e1c4dfca61a52a92a663ce,1742849048,73157.7708,1742849060,61157.7708,Rabbit
67e1c4dfca61a52a92a663cf,1742849048,73192.5551,1742849060,61192.5551,Rabbit
67e1c4dfca61a52a92a663d0,1742849048,73223.1524,1742849060,61223.1524,Rabbit
67e1c4dfca61a52a92a663d1,1742849048,73285.4552,1742849060,61285.4552,Rabbit
67e1c4dfca61a52a92a663d2,1742849048,73316.5276,1742849060,61316.5276,Rabbit
67e1c4dfca61a52a92a663d3,1742849048,73347.3499,1742849060,61347.3499,Rabbit
67e1c4dfca61a52a92a663d4,1742849048,73348.835,1742849060,61348.835,Rabbit
67e1c4dfca61a52a92a663d5,1742849048,73378.6513,1742849060,61378.6513,Rabbit
67e1c4dfca61a52a92a663d6,1742849048,73380.5986,1742849060,61380.5986,Rabbit
67e1c4dfca61a52a92a663d7,1742849048,73382.4034,1742849060,61382.4034,Rabbit
67e1c4dfca61a52a92a663d8,1742849048,73384.311,1742849060,61384.311,Rabbit
67e1c4dfca61a52a92a663d9,1742849048,73386.4965,1742849060,61386.4965,Rabbit
67e1c4dfca61a52a92a663da,1742849048,73388.4054,1742849060,61388.4054,Rabbit
67e1c4dfca61a52a92a663db,1742849048,73455.2082,1742849060,61455.2082,Rabbit
67e1c4dfca61a52a92a663dc,1742849048,73457.5787,1742849060,61457.5787,Rabbit
67e1c4dfca61a52a92a663dd,1742849048,73460.2721,1742849060,61460.2721,Rabbit
67e1c4dfca61a52a92a663de,1742849048,73486.4342,1742849060,61486.4342,Rabbit
67e1c4dfca61a52a92a663df,1742849048,73489.076,1742849060,61489.076,Rabbit
67e1c4dfca61a52a92a663e0,1742849048,73517.1438,1742849060,61517.1438,Rabbit
67e1c4dfca61a52a92a663e1,1742849048,73518.8171,1742849060,61518.8171,Rabbit
67e1c4dfca61a52a92a663e2,1742849048,73523.1639,1742849060,61523.1639,Rabbit
67e1c4dfca61a52a92a663e3,1742849048,73525.2789,1742849060,61525.2789,Rabbit
67e1c4dfca61a52a92a663e4,1742849048,73548.1492,1742849060,61548.1492,Rabbit
67e1c4dfca61a52a92a663e5,1742849048,73549.7962,1742849060,61549.7962,Rabbit
67e1c4dfca61a52a92a663e6,1742849048,73610.1002,1742849060,61610.1002,Rabbit
67e1c4dfca61a52a92a663e7,1742849048,73642.101,1742849060,61642.101,Rabbit
67e1c4dfca61a52a92a663e8,1742849048,73643.9063,1742849060,61643.9063,Rabbit
67e1c4dfca61a52a92a663e9,1742849048,73703.1997,1742849060,61703.1997,Rabbit
67e1c4dfca61a52a92a663ea,1742849048,73765.1786,1742849060,61765.1786,Rabbit
67e1c4dfca61a52a92a663eb,1742849048,73796.9082,1742849060,61796.9082,Rabbit
67e1c4dfca61a52a92a663ec,1742849048,73858.5512,1742849060,61858.5512,Rabbit
67e1c4dfca61a52a92a663ed,1742849048,73892.9298,1742849060,61892.9298,Rabbit
67e1c4dfca61a52a92a663ee,1742849048,73951.8066,1742849060,61951.8066,Rabbit
67e1c4dfca61a52a92a663ef,1742849048,73982.7397,1742849060,61982.7397,Rabbit
67e1c4dfca61a52a92a663f0,1742849048,74013.4539,1742849060,62013.4539,Rabbit
67e1c4dfca61a52a92a663f1,1742849048,74045.8258,1742849060,62045.8258,Rabbit
67e1c4dfca61a52a92a663f2,1742849048,74047.7269,1742849060,62047.7269,Rabbit
67e1c4dfca61a52a92a663f3,1742849048,74050.2681,1742849060,62050.2681,Rabbit
67e1c4dfca61a52a92a663f4,1742849048,74051.9948,1742849060,62051.9948,Rabbit
67e1c4dfca61a52a92a663f5,1742849048,74054.2298,1742849060,62054.2298,Rabbit
67e1c4dfca61a52a92a663f6,1742849048,74056.5121,1742849060,62056.5121,Rabbit
67e1c4dfca61a52a92a663f7,1742849048,74058.3569,1742849060,62058.3569,Rabbit
67e1c4dfca61a52a92a663f8,1742849048,74061.779,1742849060,62061.779,Rabbit
67e1c4dfca61a52a92a663f9,1742849048,74064.4842,1742849060,62064.4842,Rabbit
67e1c4dfca61a52a92a663fa,1742849048,74066.6876,1742849060,62066.6876,Rabbit
67e1c4dfca61a52a92a663fb,1742849048,74068.8422,1742849060,62068.8422,Rabbit
67e1c4dfca61a52a92a663fc,1742849048,74091.0409,1742849060,62091.0409,Rabbit
67e1c4dfca61a52a92a663fd,1742849048,74092.941,1742849060,62092.941,Rabbit
67e1c4dfca61a52a92a663fe,1742849048,74122.7518,1742849060,62122.7518,Rabbit
67e1c4dfca61a52a92a663ff,1742849048,74185.2846,1742849060,62185.2846,Rabbit
67e1c4dfca61a52a92a66400,1742849048,74215.0571,1742849060,62215.0571,Rabbit
67e1c4dfca61a52a92a66401,1742849048,74216.9239,1742849060,62216.9239,Rabbit
67e1c4dfca61a52a92a66402,1742849048,74218.9692,1742849060,62218.9692,Rabbit
67e1c4dfca61a52a92a66403,1742849048,74220.6163,1742849060,62220.6163,Rabbit
67e1c4dfca61a52a92a66404,1742849048,74222.673,1742849060,62222.673,Rabbit
67e1c4dfca61a52a92a66405,1742849048,74277.2222,1742849060,62277.2222,Rabbit
67e1c4dfca61a52a92a66406,1742849048,74308.0931,1742849060,62308.0931,Rabbit
67e1c4dfca61a52a92a66407,1742849048,74370.0408,1742849060,62370.0408,Rabbit
67e1c4dfca61a52a92a66408,1742849048,74432.1164,1742849060,62432.1164,Rabbit
67e1c4dfca61a52a92a66409,1742849048,74437.5725,1742849060,62437.5725,Rabbit
67e1c4dfca61a52a92a6640a,1742849048,74440.0302,1742849060,62440.0302,Rabbit
67e1c4dfca61a52a92a6640b,1742849048,74442.0531,1742849060,62442.0531,Rabbit
67e1c4dfca61a52a92a6640c,1742849048,74443.8598,1742849060,62443.8598,Rabbit
67e1c4dfca61a52a92a6640d,1742849048,74445.5708,1742849060,62445.5708,Rabbit
67e1c4dfca61a52a92a6623c,1742849048,65723.0009,1742849059,54723.0009,Rabbit
67e1c4dfca61a52a92a6623d,1742849048,65755.1318,1742849059,54755.1318,Rabbit
67e1c4dfca61a52a92a6623e,1742849048,65816.0859,1742849059,54816.0859,Rabbit
67e1c4dfca61a52a92a6623f,1742849048,65817.7254,1742849059,54817.7254,Rabbit
67e1c4dfca61a52a92a66240,1742849048,65819.2278,1742849059,54819.2278,Rabbit
67e1c4dfca61a52a92a66241,1742849048,65820.7614,1742849059,54820.7614,Rabbit
67e1c4dfca61a52a92a66242,1742849048,65847.0743,1742849059,54847.0743,Rabbit
67e1c4dfca61a52a92a66243,1742849048,65879.1953,1742849059,54879.1953,Rabbit
67e1c4dfca61a52a92a66244,1742849048,65909.0544,1742849059,54909.0544,Rabbit
67e1c4dfca61a52a92a66245,1742849048,65911.1729,1742849059,54911.1729,Rabbit
67e1c4dfca61a52a92a66246,1742849048,65940.2727,1742849059,54940.2727,Rabbit
67e1c4dfca61a52a92a66247,1742849048,65971.1416,1742849059,54971.1416,Rabbit
67e1c4dfca61a52a92a66248,1742849048,66033.0705,1742849059,55033.0705,Rabbit
67e1c4dfca61a52a92a66249,1742849048,66064.2335,1742849059,55064.2335,Rabbit
67e1c4dfca61a52a92a6624a,1742849048,66066.239,1742849059,55066.239,Rabbit
67e1c4dfca61a52a92a6624b,1742849048,66068.4721,1742849059,55068.4721,Rabbit
67e1c4dfca61a52a92a6624c,1742849048,66070.9135,1742849059,55070.9135,Rabbit
67e1c4dfca61a52a92a6624d,1742849048,66073.8388,1742849059,55073.8388,Rabbit
67e1c4dfca61a52a92a6624e,1742849048,66075.871,1742849059,55075.871,Rabbit
67e1c4dfca61a52a92a6624f,1742849048,66141.6851,1742849059,55141.6851,Rabbit
67e1c4dfca61a52a92a66250,1742849048,66143.468,1742849059,55143.468,Rabbit
67e1c4dfca61a52a92a66251,1742849048,66172.7089,1742849059,55172.7089,Rabbit
67e1c4dfca61a52a92a66252,1742849048,66204.7298,1742849059,55204.7298,Rabbit
67e1c4dfca61a52a92a66253,1742849048,66235.5055,1742849059,55235.5055,Rabbit
67e1c4dfca61a52a92a66254,1742849048,66265.7971,1742849059,55265.7971,Rabbit
67e1c4dfca61a52a92a66255,1742849048,66297.487,1742849059,55297.487,Rabbit
67e1c4dfca61a52a92a66256,1742849048,66298.8861,1742849059,55298.8861,Rabbit
67e1c4dfca61a52a92a66257,1742849048,66358.7408,1742849059,55358.7408,Rabbit
67e1c4dfca61a52a92a66258,1742849048,66390.0406,1742849059,55390.0406,Rabbit
67e1c4dfca61a52a92a66259,1742849048,66457.6359,1742849059,55457.6359,Rabbit
67e1c4dfca61a52a92a6625a,1742849048,66513.7028,1742849059,55513.7028,Rabbit
67e1c4dfca61a52a92a6625b,1742849048,66575.4992,1742849059,55575.4992,Rabbit
67e1c4dfca61a52a92a6625c,1742849048,66608.1266,1742849059,55608.1266,Rabbit
67e1c4dfca61a52a92a6625d,1742849048,66610.7835,1742849059,55610.7835,Rabbit
67e1c4dfca61a52a92a6625e,1742849048,66612.6798,1742849059,55612.6798,Rabbit
67e1c4dfca61a52a92a6625f,1742849048,66616.8854,1742849059,55616.8854,Rabbit
67e1c4dfca61a52a92a66260,1742849048,66620.3604,1742849059,55620.3604,Rabbit
67e1c4dfca61a52a92a66261,1742849048,66624.2995,1742849059,55624.2995,Rabbit
67e1c4dfca61a52a92a66262,1742849048,66627.1106,1742849059,55627.1106,Rabbit
67e1c4dfca61a52a92a66263,1742849048,66628.7688,1742849059,55628.7688,Rabbit
67e1c4dfca61a52a92a66264,1742849048,66630.6469,1742849059,55630.6469,Rabbit
67e1c4dfca61a52a92a66265,1742849048,66653.8306,1742849059,55653.8306,Rabbit
67e1c4dfca61a52a92a66266,1742849048,66656.8291,1742849059,55656.8291,Rabbit
67e1c4dfca61a52a92a66267,1742849048,66683.8901,1742849059,55683.8901,Rabbit
67e1c4dfca61a52a92a66268,1742849048,66685.8661,1742849059,55685.8661,Rabbit
67e1c4dfca61a52a92a66269,1742849048,66715.8028,1742849059,55715.8028,Rabbit
67e1c4dfca61a52a92a6626a,1742849048,66717.5313,1742849059,55717.5313,Rabbit
67e1c4dfca61a52a92a6626b,1742849048,66745.9741,1742849059,55745.9741,Rabbit
67e1c4dfca61a52a92a6626c,1742849048,66777.0478,1742849059,55777.0478,Rabbit
67e1c4dfca61a52a92a6626d,1742849048,66778.7929,1742849059,55778.7929,Rabbit
67e1c4dfca61a52a92a6626e,1742849048,66781.4024,1742849059,55781.4024,Rabbit
67e1c4dfca61a52a92a6626f,1742849048,66808.0207,1742849059,55808.0207,Rabbit
67e1c4dfca61a52a92a66270,1742849048,66870.0822,1742849059,55870.0822,Rabbit
67e1c4dfca61a52a92a66271,1742849048,66872.0805,1742849059,55872.0805,Rabbit
67e1c4dfca61a52a92a66272,1742849048,66873.758,1742849059,55873.758,Rabbit
67e1c4dfca61a52a92a66273,1742849048,66902.0219,1742849059,55902.0219,Rabbit
67e1c4dfca61a52a92a66274,1742849048,66932.1291,1742849059,55932.1291,Rabbit
67e1c4dfca61a52a92a66275,1742849048,66994.0017,1742849059,55994.0017,Rabbit
67e1c4dfca61a52a92a66276,1742849048,67056.0213,1742849059,56056.0213,Rabbit
67e1c4dfca61a52a92a66277,1742849048,67117.9389,1742849059,56117.9389,Rabbit
67e1c4dfca61a52a92a66278,1742849048,67149.0153,1742849059,56149.0153,Rabbit
67e1c4dfca61a52a92a66279,1742849048,67181.3008,1742849059,56181.3008,Rabbit
67e1c4dfca61a52a92a6627a,1742849048,67242.0386,1742849059,56242.0386,Rabbit
67e1c4dfca61a52a92a6627b,1742849048,67274.2197,1742849059,56274.2197,Rabbit
67e1c4dfca61a52a92a6627c,1742849048,67305.0114,1742849059,56305.0114,Rabbit
67e1c4dfca61a52a92a6627d,1742849048,67306.6182,1742849059,56306.6182,Rabbit
67e1c4dfca61a52a92a6627e,1742849048,67335.0164,1742849059,56335.0164,Rabbit
67e1c4dfca61a52a92a6627f,1742849048,67365.9525,1742849059,56365.9525,Rabbit
67e1c4dfca61a52a92a66280,1742849048,67397.0255,1742849059,56397.0255,Rabbit
67e1c4dfca61a52a92a66281,1742849048,67428.6554,1742849059,56428.6554,Rabbit
67e1c4dfca61a52a92a66282,1742849048,67431.0206,1742849059,56431.0206,Rabbit
67e1c4dfca61a52a92a66283,1742849048,67460.4363,1742849059,56460.4363,Rabbit
67e1c4dfca61a52a92a66284,1742849048,67462.1452,1742849059,56462.1452,Rabbit
67e1c4dfca61a52a92a66285,1742849048,67464.1738,1742849059,56464.1738,Rabbit
67e1c4dfca61a52a92a66286,1742849048,67490.1951,1742849059,56490.1951,Rabbit
67e1c4dfca61a52a92a66287,1742849048,67493.342,1742849059,56493.342,Rabbit
67e1c4dfca61a52a92a66288,1742849048,67495.2167,1742849059,56495.2167,Rabbit
67e1c4dfca61a52a92a66289,1742849048,67497.2451,1742849059,56497.2451,Rabbit
67e1c4dfca61a52a92a6628a,1742849048,67499.2453,1742849059,56499.2453,Rabbit
67e1c4dfca61a52a92a6628b,1742849048,67536.3765,1742849059,56536.3765,Rabbit
67e1c4dfca61a52a92a6628c,1742849048,67568.3007,1742849059,56568.3007,Rabbit
67e1c4dfca61a52a92a6628d,1742849048,67599.5488,1742849059,56599.5488,Rabbit
67e1c4dfca61a52a92a6628e,1742849048,67601.4537,1742849059,56601.4537,Rabbit
67e1c4dfca61a52a92a6628f,1742849048,67603.41,1742849059,56603.41,Rabbit
67e1c4dfca61a52a92a66290,1742849048,67605.356,1742849059,56605.356,Rabbit
67e1c4dfca61a52a92a66291,1742849048,67607.1109,1742849059,56607.1109,Rabbit
67e1c4dfca61a52a92a66292,1742849048,67629.5104,1742849059,56629.5104,Rabbit
67e1c4dfca61a52a92a66293,1742849048,67631.167,1742849059,56631.167,Rabbit
67e1c4dfca61a52a92a66294,1742849048,67663.4809,1742849059,56663.4809,Rabbit
67e1c4dfca61a52a92a66295,1742849048,67666.9421,1742849059,56666.9421,Rabbit
67e1c4dfca61a52a92a66296,1742849048,67668.8101,1742849059,56668.8101,Rabbit
67e1c4dfca61a52a92a66297,1742849048,67692.451,1742849059,56692.451,Rabbit
67e1c4dfca61a52a92a66298,1742849048,67694.1468,1742849059,56694.1468,Rabbit
67e1c4dfca61a52a92a66299,1742849048,67753.674,1742849059,56753.674,Rabbit
67e1c4dfca61a52a92a6629a,1742849048,67755.7625,1742849059,56755.7625,Rabbit
67e1c4dfca61a52a92a6629b,1742849048,67785.9481,1742849059,56785.9481,Rabbit
67e1c4dfca61a52a92a6629c,1742849048,67787.5576,1742849059,56787.5576,Rabbit
67e1c4dfca61a52a92a6629d,1742849048,67789.4847,1742849059,56789.4847,Rabbit
67e1c4dfca61a52a92a6629e,1742849048,67815.5635,1742849059,56815.5635,Rabbit
67e1c4dfca61a52a92a6629f,1742849048,67846.7153,1742849059,56846.7153,Rabbit
67e1c4dfca61a52a92a662a0,1742849048,67849.0898,1742849059,56849.0898,Rabbit
67e1c4dfca61a52a92a662a1,1742849048,67908.5101,1742849059,56908.5101,Rabbit
67e1c4dfca61a52a92a662a2,1742849048,67940.522,1742849059,56940.522,Rabbit
67e1c4dfca61a52a92a662a3,1742849048,68002.3163,1742849059,57002.3163,Rabbit
67e1c4dfca61a52a92a662a4,1742849048,68033.222,1742849059,57033.222,Rabbit
67e1c4dfca61a52a92a662a5,1742849048,68065.5946,1742849059,57065.5946,Rabbit
67e1c4dfca61a52a92a662a6,1742849048,68067.3926,1742849059,57067.3926,Rabbit
67e1c4dfca61a52a92a662a7,1742849048,68069.4188,1742849059,57069.4188,Rabbit
67e1c4dfca61a52a92a662a8,1742849048,68071.1528,1742849059,57071.1528,Rabbit
67e1c4dfca61a52a92a662a9,1742849048,68073.96,1742849059,57073.96,Rabbit
67e1c4dfca61a52a92a662aa,1742849048,68075.44,1742849059,57075.44,Rabbit
67e1c4dfca61a52a92a662ab,1742849048,68109.9887,1742849059,57109.9887,Rabbit
67e1c4dfca61a52a92a662ac,1742849048,68142.0772,1742849059,57142.0772,Rabbit
67e1c4dfca61a52a92a662ad,1742849048,68172.2254,1742849059,57172.2254,Rabbit
67e1c4dfca61a52a92a662ae,1742849048,68204.2629,1742849059,57204.2629,Rabbit
67e1c4dfca61a52a92a662af,1742849048,68235.637,1742849059,57235.637,Rabbit
67e1c4dfca61a52a92a662b0,1742849048,68295.992,1742849059,57295.992,Rabbit
67e1c4dfca61a52a92a662b1,1742849048,68327.5019,1742849059,57327.5019,Rabbit
67e1c4dfca61a52a92a662b2,1742849048,68358.05,1742849059,57358.05,Rabbit
67e1c4dfca61a52a92a662b3,1742849048,68360.4327,1742849059,57360.4327,Rabbit
67e1c4dfca61a52a92a662b4,1742849048,68362.4079,1742849059,57362.4079,Rabbit
67e1c4dfca61a52a92a662b5,1742849048,68364.8087,1742849059,57364.8087,Rabbit
67e1c4dfca61a52a92a662b6,1742849048,68366.1611,1742849059,57366.1611,Rabbit
67e1c4dfca61a52a92a662b7,1742849048,68367.6546,1742849059,57367.6546,Rabbit
67e1c4dfca61a52a92a662b8,1742849048,68369.6216,1742849059,57369.6216,Rabbit
67e1c4dfca61a52a92a662b9,1742849048,68371.1147,1742849059,57371.1147,Rabbit
67e1c4dfca61a52a92a662ba,1742849048,68373.2049,1742849059,57373.2049,Rabbit
67e1c4dfca61a52a92a662bb,1742849048,68404.0159,1742849059,57404.0159,Rabbit
67e1c4dfca61a52a92a662bc,1742849048,68405.813,1742849059,57405.813,Rabbit
67e1c4dfca61a52a92a662bd,1742849048,68435.109,1742849059,57435.109,Rabbit
67e1c4dfca61a52a92a662be,1742849048,68437.3474,1742849059,57437.3474,Rabbit
67e1c4dfca61a52a92a662bf,1742849048,68439.2754,1742849059,57439.2754,Rabbit
67e1c4dfca61a52a92a662c0,1742849048,68467.1565,1742849059,57467.1565,Rabbit
67e1c4dfca61a52a92a662c1,1742849048,68469.1547,1742849059,57469.1547,Rabbit
67e1c4dfca61a52a92a662c2,1742849048,68471.0201,1742849059,57471.0201,Rabbit
67e1c4dfca61a52a92a662c3,1742849048,68472.5713,1742849059,57472.5713,Rabbit
67e1c4dfca61a52a92a662c4,1742849048,68474.2864,1742849059,57474.2864,Rabbit
67e1c4dfca61a52a92a662c5,1742849048,68476.1706,1742849059,57476.1706,Rabbit
67e1c4dfca61a52a92a662c6,1742849048,68478.0082,1742849059,57478.0082,Rabbit
67e1c4dfca61a52a92a662c7,1742849048,68479.5778,1742849059,57479.5778,Rabbit
67e1c4dfca61a52a92a662c8,1742849048,68481.6849,1742849059,57481.6849,Rabbit
67e1c4dfca61a52a92a662c9,1742849048,68512.5839,1742849059,57512.5839,Rabbit
67e1c4dfca61a52a92a662ca,1742849048,68574.8371,1742849059,57574.8371,Rabbit
67e1c4dfca61a52a92a662cb,1742849048,68636.5525,1742849059,57636.5525,Rabbit
67e1c4dfca61a52a92a662cc,1742849048,68668.2596,1742849059,57668.2596,Rabbit
67e1c4dfca61a52a92a662cd,1742849048,68729.3057,1742849059,57729.3057,Rabbit
67e1c4dfca61a52a92a662ce,1742849048,68761.1446,1742849059,57761.1446,Rabbit
67e1c4dfca61a52a92a662cf,1742849048,68791.4009,1742849059,57791.4009,Rabbit
67e1c4dfca61a52a92a662d0,1742849048,68822.312,1742849059,57822.312,Rabbit
67e1c4dfca61a52a92a662d1,1742849048,68853.4032,1742849059,57853.4032,Rabbit
67e1c4dfca61a52a92a662d2,1742849048,68855.2575,1742849059,57855.2575,Rabbit
67e1c4dfca61a52a92a662d3,1742849048,68856.7545,1742849059,57856.7545,Rabbit
67e1c4dfca61a52a92a662d4,1742849048,68884.5998,1742849059,57884.5998,Rabbit
67e1c4dfca61a52a92a662d5,1742849048,68917.5139,1742849059,57917.5139,Rabbit
67e1c4dfca61a52a92a662d6,1742849048,68919.3944,1742849059,57919.3944,Rabbit
67e1c4dfca61a52a92a662d7,1742849048,68946.2832,1742849059,57946.2832,Rabbit
67e1c4dfca61a52a92a662d8,1742849048,69008.4686,1742849059,58008.4686,Rabbit
67e1c4dfca61a52a92a662d9,1742849048,69041.6459,1742849059,58041.6459,Rabbit
67e1c4dfca61a52a92a662da,1742849048,69070.291,1742849059,58070.291,Rabbit
67e1c4dfca61a52a92a662db,1742849048,69101.9051,1742849059,58101.9051,Rabbit
67e1c4dfca61a52a92a662dc,1742849048,69132.4811,1742849059,58132.4811,Rabbit
67e1c4dfca61a52a92a662dd,1742849048,69194.2172,1742849059,58194.2172,Rabbit
67e1c4deca61a52a92a660f8,1742849048,58427.8952,1742849058,48427.8952,Rabbit
67e1c4deca61a52a92a660f9,1742849048,58430.5273,1742849058,48430.5273,Rabbit
67e1c4deca61a52a92a660fa,1742849048,58457.9497,1742849058,48457.9497,Rabbit
67e1c4deca61a52a92a660fb,1742849048,58489.328,1742849058,48489.328,Rabbit
67e1c4deca61a52a92a660fc,1742849048,58521.6759,1742849058,48521.6759,Rabbit
67e1c4deca61a52a92a660fd,1742849048,58524.5642,1742849058,48524.5642,Rabbit
67e1c4deca61a52a92a660fe,1742849048,58526.9027,1742849058,48526.9027,Rabbit
67e1c4deca61a52a92a660ff,1742849048,58528.4145,1742849058,48528.4145,Rabbit
67e1c4deca61a52a92a66100,1742849048,58551.9371,1742849058,48551.9371,Rabbit
67e1c4deca61a52a92a66101,1742849048,58581.3681,1742849058,48581.3681,Rabbit
67e1c4deca61a52a92a66102,1742849048,58613.4493,1742849058,48613.4493,Rabbit
67e1c4deca61a52a92a66103,1742849048,58644.2735,1742849058,48644.2735,Rabbit
67e1c4deca61a52a92a66104,1742849048,58705.3602,1742849058,48705.3602,Rabbit
67e1c4deca61a52a92a66105,1742849048,58707.3642,1742849058,48707.3642,Rabbit
67e1c4deca61a52a92a66106,1742849048,58767.9055,1742849058,48767.9055,Rabbit
67e1c4deca61a52a92a66107,1742849048,58771.0339,1742849058,48771.0339,Rabbit
67e1c4deca61a52a92a66108,1742849048,58773.6491,1742849058,48773.6491,Rabbit
67e1c4deca61a52a92a66109,1742849048,58775.9096,1742849058,48775.9096,Rabbit
67e1c4deca61a52a92a6610a,1742849048,58777.7269,1742849058,48777.7269,Rabbit
67e1c4deca61a52a92a6610b,1742849048,58779.3983,1742849058,48779.3983,Rabbit
67e1c4deca61a52a92a6610c,1742849048,58844.8558,1742849058,48844.8558,Rabbit
67e1c4deca61a52a92a6610d,1742849048,58875.7906,1742849058,48875.7906,Rabbit
67e1c4deca61a52a92a6610e,1742849048,58878.0041,1742849058,48878.0041,Rabbit
67e1c4deca61a52a92a6610f,1742849048,58880.128,1742849058,48880.128,Rabbit
67e1c4deca61a52a92a66110,1742849048,58882.4624,1742849058,48882.4624,Rabbit
67e1c4deca61a52a92a66111,1742849048,58907.0823,1742849058,48907.0823,Rabbit
67e1c4deca61a52a92a66112,1742849048,58908.6034,1742849058,48908.6034,Rabbit
67e1c4deca61a52a92a66113,1742849048,58968.2124,1742849058,48968.2124,Rabbit
67e1c4deca61a52a92a66114,1742849048,58969.6472,1742849058,48969.6472,Rabbit
67e1c4deca61a52a92a66115,1742849048,58999.32,1742849058,48999.32,Rabbit
67e1c4deca61a52a92a66116,1742849048,59030.197,1742849058,49030.197,Rabbit
67e1c4deca61a52a92a66117,1742849048,59062.0319,1742849058,49062.0319,Rabbit
67e1c4deca61a52a92a66118,1742849048,59092.2226,1742849058,49092.2226,Rabbit
67e1c4deca61a52a92a66119,1742849048,59124.6986,1742849058,49124.6986,Rabbit
67e1c4deca61a52a92a6611a,1742849048,59127.5914,1742849058,49127.5914,Rabbit
67e1c4deca61a52a92a6611b,1742849048,59129.5994,1742849058,49129.5994,Rabbit
67e1c4deca61a52a92a6611c,1742849048,59154.198,1742849058,49154.198,Rabbit
67e1c4deca61a52a92a6611d,1742849048,59186.3358,1742849058,49186.3358,Rabbit
67e1c4deca61a52a92a6611e,1742849048,59187.8176,1742849058,49187.8176,Rabbit
67e1c4deca61a52a92a6611f,1742849048,59189.9092,1742849058,49189.9092,Rabbit
67e1c4deca61a52a92a66120,1742849048,59191.393,1742849058,49191.393,Rabbit
67e1c4deca61a52a92a66121,1742849048,59193.0889,1742849058,49193.0889,Rabbit
67e1c4deca61a52a92a66122,1742849048,59194.7673,1742849058,49194.7673,Rabbit
67e1c4deca61a52a92a66123,1742849048,59196.286,1742849058,49196.286,Rabbit
67e1c4deca61a52a92a66124,1742849048,59197.8896,1742849058,49197.8896,Rabbit
67e1c4deca61a52a92a66125,1742849048,59231.9187,1742849058,49231.9187,Rabbit
67e1c4deca61a52a92a66126,1742849048,59297.7045,1742849058,49297.7045,Rabbit
67e1c4deca61a52a92a66127,1742849048,59325.9667,1742849058,49325.9667,Rabbit
67e1c4deca61a52a92a66128,1742849048,59356.8079,1742849058,49356.8079,Rabbit
67e1c4deca61a52a92a66129,1742849048,59358.5217,1742849058,49358.5217,Rabbit
67e1c4deca61a52a92a6612a,1742849048,59360.3765,1742849058,49360.3765,Rabbit
67e1c4deca61a52a92a6612b,1742849048,59361.9137,1742849058,49361.9137,Rabbit
67e1c4deca61a52a92a6612c,1742849048,59363.5942,1742849058,49363.5942,Rabbit
67e1c4deca61a52a92a6612d,1742849048,59365.3503,1742849058,49365.3503,Rabbit
67e1c4deca61a52a92a6612e,1742849048,59367.0281,1742849058,49367.0281,Rabbit
67e1c4deca61a52a92a6612f,1742849048,59368.6436,1742849058,49368.6436,Rabbit
67e1c4deca61a52a92a66130,1742849048,59370.0904,1742849058,49370.0904,Rabbit
67e1c4deca61a52a92a66131,1742849048,59402.3444,1742849058,49402.3444,Rabbit
67e1c4deca61a52a92a66132,1742849048,59404.0063,1742849058,49404.0063,Rabbit
67e1c4deca61a52a92a66133,1742849048,59434.1637,1742849058,49434.1637,Rabbit
67e1c4deca61a52a92a66134,1742849048,59465.1711,1742849058,49465.1711,Rabbit
67e1c4deca61a52a92a66135,1742849048,59495.1648,1742849058,49495.1648,Rabbit
67e1c4deca61a52a92a66136,1742849048,59498.2844,1742849058,49498.2844,Rabbit
67e1c4deca61a52a92a66137,1742849048,59501.4489,1742849058,49501.4489,Rabbit
67e1c4deca61a52a92a66138,1742849048,59504.9809,1742849058,49504.9809,Rabbit
67e1c4deca61a52a92a66139,1742849048,59508.0001,1742849058,49508.0001,Rabbit
67e1c4deca61a52a92a6613a,1742849048,59509.833,1742849058,49509.833,Rabbit
67e1c4deca61a52a92a6613b,1742849048,59572.2062,1742849058,49572.2062,Rabbit
67e1c4deca61a52a92a6613c,1742849048,59603.6262,1742849058,49603.6262,Rabbit
67e1c4deca61a52a92a6613d,1742849048,59606.1082,1742849058,49606.1082,Rabbit
67e1c4deca61a52a92a6613e,1742849048,59634.6384,1742849058,49634.6384,Rabbit
67e1c4deca61a52a92a6613f,1742849048,59665.1184,1742849058,49665.1184,Rabbit
67e1c4deca61a52a92a66140,1742849048,59697.3069,1742849058,49697.3069,Rabbit
67e1c4deca61a52a92a66141,1742849048,59727.2064,1742849058,49727.2064,Rabbit
67e1c4deca61a52a92a66142,1742849048,59758.2141,1742849058,49758.2141,Rabbit
67e1c4deca61a52a92a66143,1742849048,59759.9464,1742849058,49759.9464,Rabbit
67e1c4deca61a52a92a66144,1742849048,59820.1432,1742849058,49820.1432,Rabbit
67e1c4deca61a52a92a66145,1742849048,59852.7167,1742849058,49852.7167,Rabbit
67e1c4deca61a52a92a66146,1742849048,59913.342,1742849058,49913.342,Rabbit
67e1c4deca61a52a92a66147,1742849048,59975.2869,1742849058,49975.2869,Rabbit
67e1c4deca61a52a92a66148,1742849048,60007.1386,1742849058,50007.1386,Rabbit
67e1c4deca61a52a92a66149,1742849048,60037.2027,1742849058,50037.2027,Rabbit
67e1c4deca61a52a92a6614a,1742849048,60038.7367,1742849058,50038.7367,Rabbit
67e1c4deca61a52a92a6614b,1742849048,60068.234,1742849058,50068.234,Rabbit
67e1c4deca61a52a92a6614c,1742849048,60130.1949,1742849058,50130.1949,Rabbit
67e1c4deca61a52a92a6614d,1742849048,60161.2062,1742849058,50161.2062,Rabbit
67e1c4deca61a52a92a6614e,1742849048,60192.3137,1742849058,50192.3137,Rabbit
67e1c4deca61a52a92a6614f,1742849048,60223.5612,1742849058,50223.5612,Rabbit
67e1c4deca61a52a92a66150,1742849048,60285.2219,1742849058,50285.2219,Rabbit
67e1c4deca61a52a92a66151,1742849048,60286.8935,1742849058,50286.8935,Rabbit
67e1c4deca61a52a92a66152,1742849048,60316.2896,1742849058,50316.2896,Rabbit
67e1c4deca61a52a92a66153,1742849048,60348.5795,1742849058,50348.5795,Rabbit
67e1c4deca61a52a92a66154,1742849048,60379.1789,1742849058,50379.1789,Rabbit
67e1c4deca61a52a92a66155,1742849048,60381.5747,1742849058,50381.5747,Rabbit
67e1c4deca61a52a92a66156,1742849048,60383.5814,1742849058,50383.5814,Rabbit
67e1c4deca61a52a92a66157,1742849048,60385.7398,1742849058,50385.7398,Rabbit
67e1c4deca61a52a92a66158,1742849048,60387.4632,1742849058,50387.4632,Rabbit
67e1c4deca61a52a92a66159,1742849048,60390.1806,1742849058,50390.1806,Rabbit
67e1c4deca61a52a92a6615a,1742849048,60392.5808,1742849058,50392.5808,Rabbit
67e1c4deca61a52a92a6615b,1742849048,60424.8563,1742849058,50424.8563,Rabbit
67e1c4deca61a52a92a6615c,1742849048,60486.7206,1742849058,50486.7206,Rabbit
67e1c4deca61a52a92a6615d,1742849048,60549.0813,1742849058,50549.0813,Rabbit
67e1c4deca61a52a92a6615e,1742849048,60579.7506,1742849058,50579.7506,Rabbit
67e1c4deca61a52a92a6615f,1742849048,60611.4986,1742849058,50611.4986,Rabbit
67e1c4deca61a52a92a66160,1742849048,60612.918,1742849058,50612.918,Rabbit
67e1c4deca61a52a92a66161,1742849048,60641.724,1742849058,50641.724,Rabbit
67e1c4deca61a52a92a66162,1742849048,60673.7172,1742849058,50673.7172,Rabbit
67e1c4deca61a52a92a66163,1742849048,60737.7108,1742849058,50737.7108,Rabbit
67e1c4deca61a52a92a66164,1742849048,60740.1653,1742849058,50740.1653,Rabbit
67e1c4deca61a52a92a66165,1742849048,60742.3931,1742849058,50742.3931,Rabbit
67e1c4deca61a52a92a66166,1742849048,60744.7528,1742849058,50744.7528,Rabbit
67e1c4deca61a52a92a66167,1742849048,60747.0195,1742849058,50747.0195,Rabbit
67e1c4deca61a52a92a66168,1742849048,60748.9168,1742849058,50748.9168,Rabbit
67e1c4deca61a52a92a66169,1742849048,60750.7514,1742849058,50750.7514,Rabbit
67e1c4deca61a52a92a6616a,1742849048,60752.7866,1742849058,50752.7866,Rabbit
67e1c4deca61a52a92a6616b,1742849048,60812.2544,1742849058,50812.2544,Rabbit
67e1c4deca61a52a92a6616c,1742849048,60874.3398,1742849058,50874.3398,Rabbit
67e1c4deca61a52a92a6616d,1742849048,60906.466,1742849058,50906.466,Rabbit
67e1c4deca61a52a92a6616e,1742849048,60937.4205,1742849058,50937.4205,Rabbit
67e1c4deca61a52a92a6616f,1742849048,60967.4412,1742849058,50967.4412,Rabbit
67e1c4deca61a52a92a66170,1742849048,60998.458,1742849058,50998.458,Rabbit
67e1c4deca61a52a92a66171,1742849048,61060.3604,1742849058,51060.3604,Rabbit
67e1c4deca61a52a92a66172,1742849048,61092.2789,1742849058,51092.2789,Rabbit
67e1c4deca61a52a92a66173,1742849048,61093.8097,1742849058,51093.8097,Rabbit
67e1c4deca61a52a92a66174,1742849048,61122.3592,1742849058,51122.3592,Rabbit
67e1c4deca61a52a92a66175,1742849048,61123.9384,1742849058,51123.9384,Rabbit
67e1c4deca61a52a92a66176,1742849048,61184.2947,1742849058,51184.2947,Rabbit
67e1c4deca61a52a92a66177,1742849048,61246.5009,1742849058,51246.5009,Rabbit
67e1c4deca61a52a92a66178,1742849048,61248.366,1742849058,51248.366,Rabbit
67e1c4deca61a52a92a66179,1742849048,61277.4644,1742849058,51277.4644,Rabbit
67e1c4deca61a52a92a6617a,1742849048,61339.5251,1742849058,51339.5251,Rabbit
67e1c4deca61a52a92a6617b,1742849048,61341.1356,1742849058,51341.1356,Rabbit
67e1c4deca61a52a92a6617c,1742849048,61370.2191,1742849058,51370.2191,Rabbit
67e1c4deca61a52a92a6617d,1742849048,61432.2362,1742849058,51432.2362,Rabbit
67e1c4deca61a52a92a6617e,1742849048,61463.2657,1742849058,51463.2657,Rabbit
67e1c4deca61a52a92a6617f,1742849048,61494.3058,1742849058,51494.3058,Rabbit
67e1c4deca61a52a92a66180,1742849048,61556.412,1742849058,51556.412,Rabbit
67e1c4deca61a52a92a66181,1742849048,61618.7515,1742849058,51618.7515,Rabbit
67e1c4deca61a52a92a66182,1742849048,61620.8619,1742849058,51620.8619,Rabbit
67e1c4deca61a52a92a66183,1742849048,61623.1447,1742849058,51623.1447,Rabbit
67e1c4deca61a52a92a66184,1742849048,61624.6974,1742849058,51624.6974,Rabbit
67e1c4deca61a52a92a66185,1742849048,61649.3086,1742849058,51649.3086,Rabbit
67e1c4deca61a52a92a66186,1742849048,61651.0369,1742849058,51651.0369,Rabbit
67e1c4deca61a52a92a66187,1742849048,61653.0984,1742849058,51653.0984,Rabbit
67e1c4deca61a52a92a66188,1742849048,61656.3503,1742849058,51656.3503,Rabbit
67e1c4deca61a52a92a66189,1742849048,61658.4445,1742849058,51658.4445,Rabbit
67e1c4deca61a52a92a6618a,1742849048,61681.1432,1742849058,51681.1432,Rabbit
67e1c4deca61a52a92a6618b,1742849048,61742.991,1742849058,51742.991,Rabbit
67e1c4deca61a52a92a6618c,1742849048,61745.6375,1742849058,51745.6375,Rabbit
67e1c4deca61a52a92a6618d,1742849048,61747.7874,1742849058,51747.7874,Rabbit
67e1c4deca61a52a92a6618e,1742849048,61749.3868,1742849058,51749.3868,Rabbit
67e1c4deca61a52a92a6618f,1742849048,61751.353,1742849058,51751.353,Rabbit
67e1c4deca61a52a92a66190,1742849048,61752.9976,1742849058,51752.9976,Rabbit
67e1c4deca61a52a92a66191,1742849048,61788.6007,1742849058,51788.6007,Rabbit
67e1c4deca61a52a92a66192,1742849048,61851.0946,1742849058,51851.0946,Rabbit
67e1c4deca61a52a92a66193,1742849048,61853.506,1742849058,51853.506,Rabbit
67e1c4deca61a52a92a66194,1742849048,61858.4966,1742849058,51858.4966,Rabbit
67e1c4deca61a52a92a66195,1742849048,61864.874,1742849058,51864.874,Rabbit
67e1c4deca61a52a92a66196,1742849048,61896.9338,1742849058,51896.9338,Rabbit
67e1c4deca61a52a92a66197,1742849048,61927.8831,1742849058,51927.8831,Rabbit
67e1c4dfca61a52a92a66198,1742849048,61959.9529,1742849058,51959.9529,Rabbit
67e1c4dfca61a52a92a66199,1742849048,61990.2341,1742849058,51990.2341,Rabbit
67e1c4dfca61a52a92a6619a,1742849048,62020.8639,1742849058,52020.8639,Rabbit
67e1c4dfca61a52a92a6619b,1742849048,62082.9516,1742849058,52082.9516,Rabbit
67e1c4dfca61a52a92a6619c,1742849048,62144.9874,1742849058,52144.9874,Rabbit
67e1c4dfca61a52a92a6619d,1742849048,62176.9679,1742849058,52176.9679,Rabbit
67e1c4dfca61a52a92a6619e,1742849048,62208.0957,1742849058,52208.0957,Rabbit
67e1c4dfca61a52a92a6619f,1742849048,62210.2732,1742849058,52210.2732,Rabbit
67e1c4dfca61a52a92a661a0,1742849048,62239.9393,1742849058,52239.9393,Rabbit
67e1c4dfca61a52a92a661a1,1742849048,62241.992,1742849058,52241.992,Rabbit
67e1c4dfca61a52a92a661a2,1742849048,62268.9814,1742849058,52268.9814,Rabbit
67e1c4dfca61a52a92a661a3,1742849048,62301.3191,1742849058,52301.3191,Rabbit
67e1c4dfca61a52a92a661a4,1742849048,62303.2849,1742849058,52303.2849,Rabbit
67e1c4dfca61a52a92a661a5,1742849048,62305.4391,1742849058,52305.4391,Rabbit
67e1c4dfca61a52a92a661a6,1742849048,62308.4357,1742849058,52308.4357,Rabbit
67e1c4dfca61a52a92a661a7,1742849048,62310.6815,1742849058,52310.6815,Rabbit
67e1c4dfca61a52a92a661a8,1742849048,62377.4463,1742849058,52377.4463,Rabbit
67e1c4dfca61a52a92a661a9,1742849048,62409.9748,1742849058,52409.9748,Rabbit
67e1c4dfca61a52a92a661aa,1742849048,62440.1434,1742849058,52440.1434,Rabbit
67e1c4dfca61a52a92a661ab,1742849048,62441.9109,1742849058,52441.9109,Rabbit
67e1c4dfca61a52a92a661ac,1742849048,62470.23,1742849058,52470.23,Rabbit
67e1c4dfca61a52a92a661ad,1742849048,62503.4891,1742849058,52503.4891,Rabbit
67e1c4dfca61a52a92a661ae,1742849048,62505.6186,1742849058,52505.6186,Rabbit
67e1c4dfca61a52a92a661af,1742849048,62531.9103,1742849058,52531.9103,Rabbit
67e1c4dfca61a52a92a661b0,1742849048,62562.5497,1742849058,52562.5497,Rabbit
67e1c4dfca61a52a92a661b1,1742849048,62594.4055,1742849058,52594.4055,Rabbit
67e1c4dfca61a52a92a661b2,1742849048,62595.7994,1742849058,52595.7994,Rabbit
67e1c4dfca61a52a92a661b3,1742849048,62597.2388,1742849058,52597.2388,Rabbit
67e1c4dfca61a52a92a661b4,1742849048,62655.9779,1742849058,52655.9779,Rabbit
67e1c4dfca61a52a92a661b5,1742849048,62717.5712,1742849058,52717.5712,Rabbit
67e1c4dfca61a52a92a661b6,1742849048,62719.1532,1742849058,52719.1532,Rabbit
67e1c4dfca61a52a92a661b7,1742849048,62748.4704,1742849058,52748.4704,Rabbit
67e1c4dfca61a52a92a661b8,1742849048,62749.9978,1742849058,52749.9978,Rabbit
67e1c4dfca61a52a92a661b9,1742849048,62810.8655,1742849058,52810.8655,Rabbit
67e1c4dfca61a52a92a661ba,1742849048,62842.0096,1742849058,52842.0096,Rabbit
67e1c4dfca61a52a92a661bb,1742849048,62905.0827,1742849058,52905.0827,Rabbit
67e1c4dfca61a52a92a661bc,1742849048,62935.5203,1742849058,52935.5203,Rabbit
67e1c4dfca61a52a92a661bd,1742849048,62967.0602,1742849058,52967.0602,Rabbit
67e1c4dfca61a52a92a661be,1742849048,62996.8592,1742849058,52996.8592,Rabbit
67e1c4dfca61a52a92a661bf,1742849048,63058.6809,1742849058,53058.6809,Rabbit
67e1c4dfca61a52a92a661c0,1742849048,63091.0451,1742849058,53091.0451,Rabbit
67e1c4dfca61a52a92a661c1,1742849048,63120.5804,1742849058,53120.5804,Rabbit
67e1c4dfca61a52a92a661c2,1742849048,63152.3166,1742849058,53152.3166,Rabbit
67e1c4dfca61a52a92a661c3,1742849048,63213.798,1742849058,53213.798,Rabbit
67e1c4dfca61a52a92a661c4,1742849048,63215.6513,1742849058,53215.6513,Rabbit
67e1c4dfca61a52a92a661c5,1742849048,63217.59,1742849058,53217.59,Rabbit
67e1c4dfca61a52a92a661c6,1742849048,63219.1289,1742849058,53219.1289,Rabbit
67e1c4dfca61a52a92a661c7,1742849048,63220.8574,1742849058,53220.8574,Rabbit
67e1c4dfca61a52a92a661c8,1742849048,63244.9991,1742849058,53244.9991,Rabbit
67e1c4dfca61a52a92a661c9,1742849048,63247.8862,1742849058,53247.8862,Rabbit
67e1c4dfca61a52a92a661ca,1742849048,63275.3287,1742849058,53275.3287,Rabbit
67e1c4dfca61a52a92a661cb,1742849048,63337.2611,1742849058,53337.2611,Rabbit
67e1c4dfca61a52a92a661cc,1742849048,63368.2879,1742849058,53368.2879,Rabbit
67e1c4dfca61a52a92a661cd,1742849048,63399.3551,1742849058,53399.3551,Rabbit
67e1c4dfca61a52a92a661ce,1742849048,63461.2349,1742849058,53461.2349,Rabbit
67e1c4dfca61a52a92a661cf,1742849048,63523.1922,1742849058,53523.1922,Rabbit
67e1c4dfca61a52a92a661d0,1742849048,63554.2921,1742849058,53554.2921,Rabbit
67e1c4dfca61a52a92a661d1,1742849048,63585.2183,1742849058,53585.2183,Rabbit
67e1c4dfca61a52a92a661d2,1742849048,63617.3233,1742849058,53617.3233,Rabbit
67e1c4dfca61a52a92a661d3,1742849048,63648.1073,1742849058,53648.1073,Rabbit
67e1c4dfca61a52a92a661d4,1742849048,63649.6894,1742849058,53649.6894,Rabbit
67e1c4dfca61a52a92a661d5,1742849048,63709.3699,1742849058,53709.3699,Rabbit
67e1c4dfca61a52a92a661d6,1742849048,63740.301,1742849058,53740.301,Rabbit
67e1c4dfca61a52a92a661d7,1742849048,63771.2605,1742849058,53771.2605,Rabbit
67e1c4dfca61a52a92a661d8,1742849048,63833.5737,1742849058,53833.5737,Rabbit
67e1c4dfca61a52a92a661d9,1742849048,63835.9847,1742849058,53835.9847,Rabbit
67e1c4dfca61a52a92a661da,1742849048,63840.148,1742849058,53840.148,Rabbit
67e1c4dfca61a52a92a661db,1742849048,63843.3077,1742849058,53843.3077,Rabbit
67e1c4dfca61a52a92a661dc,1742849048,63845.9043,1742849058,53845.9043,Rabbit
67e1c4dfca61a52a92a661dd,1742849048,63848.2615,1742849058,53848.2615,Rabbit
67e1c4dfca61a52a92a661de,1742849048,63880.0592,1742849058,53880.0592,Rabbit
67e1c4dfca61a52a92a661df,1742849048,63911.139,1742849058,53911.139,Rabbit
67e1c4dfca61a52a92a661e0,1742849048,63913.1923,1742849058,53913.1923,Rabbit
67e1c4dfca61a52a92a661e1,1742849048,63972.8979,1742849058,53972.8979,Rabbit
67e1c4dfca61a52a92a661e2,1742849048,63974.4814,1742849058,53974.4814,Rabbit
67e1c4dfca61a52a92a661e3,1742849048,64035.0784,1742849058,54035.0784,Rabbit
67e1c4dfca61a52a92a661e4,1742849048,64037.0693,1742849058,54037.0693,Rabbit
67e1c4dfca61a52a92a661e5,1742849048,64065.8535,1742849058,54065.8535,Rabbit
67e1c4dfca61a52a92a661e6,1742849048,64096.974,1742849058,54096.974,Rabbit
67e1c4dfca61a52a92a661e7,1742849048,64127.8074,1742849058,54127.8074,Rabbit
67e1c4dfca61a52a92a661e8,1742849048,64158.8907,1742849058,54158.8907,Rabbit
67e1c4dfca61a52a92a661e9,1742849048,64160.6702,1742849058,54160.6702,Rabbit
67e1c4dfca61a52a92a661ea,1742849048,64189.8516,1742849058,54189.8516,Rabbit
67e1c4dfca61a52a92a661eb,1742849048,64191.3385,1742849058,54191.3385,Rabbit
67e1c4dfca61a52a92a661ec,1742849048,64221.9432,1742849058,54221.9432,Rabbit
67e1c4dfca61a52a92a661ed,1742849048,64223.6378,1742849058,54223.6378,Rabbit
67e1c4dfca61a52a92a661ee,1742849048,64225.1516,1742849058,54225.1516,Rabbit
67e1c4dfca61a52a92a661ef,1742849048,64253.1163,1742849058,54253.1163,Rabbit
67e1c4dfca61a52a92a661f0,1742849048,64284.267,1742849058,54284.267,Rabbit
67e1c4dfca61a52a92a661f1,1742849048,64286.1151,1742849058,54286.1151,Rabbit
67e1c4dfca61a52a92a661f2,1742849048,64344.9564,1742849058,54344.9564,Rabbit
67e1c4dfca61a52a92a661f3,1742849048,64346.8294,1742849058,54346.8294,Rabbit
67e1c4dfca61a52a92a661f4,1742849048,64348.5372,1742849058,54348.5372,Rabbit
67e1c4dfca61a52a92a661f5,1742849048,64377.5753,1742849058,54377.5753,Rabbit
67e1c4dfca61a52a92a661f6,1742849048,64379.9665,1742849058,54379.9665,Rabbit
67e1c4dfca61a52a92a661f7,1742849048,64381.7548,1742849058,54381.7548,Rabbit
67e1c4dfca61a52a92a661f8,1742849048,64383.405,1742849058,54383.405,Rabbit
67e1c4dfca61a52a92a661f9,1742849048,64407.0092,1742849058,54407.0092,Rabbit
67e1c4dfca61a52a92a661fa,1742849048,64442.5755,1742849058,54442.5755,Rabbit
67e1c4dfca61a52a92a661fb,1742849048,64470.0288,1742849058,54470.0288,Rabbit
67e1c4dfca61a52a92a661fc,1742849048,64531.0306,1742849058,54531.0306,Rabbit
67e1c4dfca61a52a92a661fd,1742849048,64532.6934,1742849058,54532.6934,Rabbit
67e1c4dfca61a52a92a661fe,1742849048,64562.9756,1742849058,54562.9756,Rabbit
67e1c4dfca61a52a92a661ff,1742849048,64565.4766,1742849058,54565.4766,Rabbit
67e1c4dfca61a52a92a66200,1742849048,64624.2944,1742849058,54624.2944,Rabbit
67e1c4dfca61a52a92a66201,1742849048,64627.2968,1742849058,54627.2968,Rabbit
67e1c4dfca61a52a92a66202,1742849048,64629.6658,1742849058,54629.6658,Rabbit
67e1c4dfca61a52a92a66203,1742849048,64631.635,1742849058,54631.635,Rabbit
67e1c4dfca61a52a92a66204,1742849048,64633.4749,1742849058,54633.4749,Rabbit
67e1c4dfca61a52a92a66205,1742849048,64635.5204,1742849058,54635.5204,Rabbit
67e1c4dfca61a52a92a66206,1742849048,64637.505,1742849058,54637.505,Rabbit
67e1c4dfca61a52a92a66207,1742849048,64640.2188,1742849058,54640.2188,Rabbit
67e1c4dfca61a52a92a66208,1742849048,64672.0409,1742849058,54672.0409,Rabbit
67e1c4dfca61a52a92a66209,1742849048,64701.9013,1742849058,54701.9013,Rabbit
67e1c4dfca61a52a92a6620a,1742849048,64704.3235,1742849058,54704.3235,Rabbit
67e1c4dfca61a52a92a6620b,1742849048,64706.1445,1742849058,54706.1445,Rabbit
67e1c4dfca61a52a92a6620c,1742849048,64707.6179,1742849058,54707.6179,Rabbit
67e1c4dfca61a52a92a6620d,1742849048,64732.7915,1742849058,54732.7915,Rabbit
67e1c4dfca61a52a92a6620e,1742849048,64763.8953,1742849058,54763.8953,Rabbit
67e1c4dfca61a52a92a6620f,1742849048,64765.9729,1742849058,54765.9729,Rabbit
67e1c4dfca61a52a92a66210,1742849048,64794.7948,1742849058,54794.7948,Rabbit
67e1c4dfca61a52a92a66211,1742849048,64856.8453,1742849058,54856.8453,Rabbit
67e1c4dfca61a52a92a66212,1742849048,64889.4188,1742849058,54889.4188,Rabbit
67e1c4dfca61a52a92a66213,1742849048,64890.8167,1742849058,54890.8167,Rabbit
67e1c4dfca61a52a92a66214,1742849048,64892.6002,1742849058,54892.6002,Rabbit
67e1c4dfca61a52a92a66215,1742849048,64894.3482,1742849058,54894.3482,Rabbit
67e1c4dfca61a52a92a66216,1742849048,64895.981,1742849058,54895.981,Rabbit
67e1c4dfca61a52a92a66217,1742849048,64920.2644,1742849058,54920.2644,Rabbit
67e1c4dfca61a52a92a66218,1742849048,64981.2753,1742849058,54981.2753,Rabbit
67e1c4dfca61a52a92a66219,1742849048,65042.728,1742849058,55042.728,Rabbit
67e1c4dfca61a52a92a6621a,1742849048,65104.6721,1742849058,55104.6721,Rabbit
67e1c4dfca61a52a92a6621b,1742849048,65108.0995,1742849058,55108.0995,Rabbit
67e1c4dfca61a52a92a6621c,1742849048,65111.485,1742849058,55111.485,Rabbit
67e1c4dfca61a52a92a6621d,1742849048,65113.7487,1742849058,55113.7487,Rabbit
67e1c4dfca61a52a92a6621e,1742849048,65115.711,1742849058,55115.711,Rabbit
67e1c4dfca61a52a92a6621f,1742849048,65117.8428,1742849058,55117.8428,Rabbit
67e1c4dfca61a52a92a66220,1742849048,65120.3511,1742849058,55120.3511,Rabbit
67e1c4dfca61a52a92a66221,1742849048,65122.6837,1742849058,55122.6837,Rabbit
67e1c4dfca61a52a92a66222,1742849048,65124.4378,1742849058,55124.4378,Rabbit
67e1c4dfca61a52a92a66223,1742849048,65152.3095,1742849058,55152.3095,Rabbit
67e1c4dfca61a52a92a66224,1742849048,65154.6682,1742849058,55154.6682,Rabbit
67e1c4dfca61a52a92a66225,1742849048,65156.4875,1742849058,55156.4875,Rabbit
67e1c4dfca61a52a92a66226,1742849048,65158.5805,1742849058,55158.5805,Rabbit
67e1c4dfca61a52a92a66227,1742849048,65212.8086,1742849058,55212.8086,Rabbit
67e1c4dfca61a52a92a66228,1742849048,65215.1842,1742849058,55215.1842,Rabbit
67e1c4dfca61a52a92a66229,1742849048,65217.0836,1742849058,55217.0836,Rabbit
67e1c4dfca61a52a92a6622a,1742849048,65244.3662,1742849058,55244.3662,Rabbit
67e1c4dfca61a52a92a6622b,1742849048,65305.2694,1742849058,55305.2694,Rabbit
67e1c4dfca61a52a92a6622c,1742849048,65336.636,1742849058,55336.636,Rabbit
67e1c4dfca61a52a92a6622d,1742849048,65338.6516,1742849058,55338.6516,Rabbit
67e1c4dfca61a52a92a6622e,1742849048,65340.2197,1742849058,55340.2197,Rabbit
67e1c4dfca61a52a92a6622f,1742849048,65342.5524,1742849058,55342.5524,Rabbit
67e1c4dfca61a52a92a66230,1742849048,65344.2215,1742849058,55344.2215,Rabbit
67e1c4dfca61a52a92a66231,1742849048,65345.7674,1742849058,55345.7674,Rabbit
67e1c4dfca61a52a92a66232,1742849048,65347.2937,1742849058,55347.2937,Rabbit
67e1c4dfca61a52a92a66233,1742849048,65413.6367,1742849058,55413.6367,Rabbit
67e1c4dfca61a52a92a66234,1742849048,65445.7334,1742849058,55445.7334,Rabbit
67e1c4dfca61a52a92a66235,1742849048,65476.3271,1742849058,55476.3271,Rabbit
67e1c4dfca61a52a92a66236,1742849048,65537.8916,1742849058,55537.8916,Rabbit
67e1c4dfca61a52a92a66237,1742849048,65540.6499,1742849058,55540.6499,Rabbit
67e1c4dfca61a52a92a66238,1742849048,65568.0332,1742849058,55568.0332,Rabbit
67e1c4dfca61a52a92a66239,1742849048,65598.9889,1742849058,55598.9889,Rabbit
67e1c4dfca61a52a92a6623a,1742849048,65601.0567,1742849058,55601.0567,Rabbit
67e1c4dfca61a52a92a6623b,1742849048,65661.5344,1742849058,55661.5344,Rabbit
67e1c4deca61a52a92a65fd0,1742849048,51372.5355,1742849057,42372.5355,Rabbit
67e1c4deca61a52a92a65fd1,1742849048,51374.1124,1742849057,42374.1124,Rabbit
67e1c4deca61a52a92a65fd2,1742849048,51407.2396,1742849057,42407.2396,Rabbit
67e1c4deca61a52a92a65fd3,1742849048,51438.3361,1742849057,42438.3361,Rabbit
67e1c4deca61a52a92a65fd4,1742849048,51500.2245,1742849057,42500.2245,Rabbit
67e1c4deca61a52a92a65fd5,1742849048,51502.2404,1742849057,42502.2404,Rabbit
67e1c4deca61a52a92a65fd6,1742849048,51503.8135,1742849057,42503.8135,Rabbit
67e1c4deca61a52a92a65fd7,1742849048,51505.9747,1742849057,42505.9747,Rabbit
67e1c4deca61a52a92a65fd8,1742849048,51507.5923,1742849057,42507.5923,Rabbit
67e1c4deca61a52a92a65fd9,1742849048,51532.0367,1742849057,42532.0367,Rabbit
67e1c4deca61a52a92a65fda,1742849048,51563.5006,1742849057,42563.5006,Rabbit
67e1c4deca61a52a92a65fdb,1742849048,51594.1663,1742849057,42594.1663,Rabbit
67e1c4deca61a52a92a65fdc,1742849048,51599.3301,1742849057,42599.3301,Rabbit
67e1c4deca61a52a92a65fdd,1742849048,51601.3014,1742849057,42601.3014,Rabbit
67e1c4deca61a52a92a65fde,1742849048,51603.234,1742849057,42603.234,Rabbit
67e1c4deca61a52a92a65fdf,1742849048,51604.9392,1742849057,42604.9392,Rabbit
67e1c4deca61a52a92a65fe0,1742849048,51639.9736,1742849057,42639.9736,Rabbit
67e1c4deca61a52a92a65fe1,1742849048,51671.7007,1742849057,42671.7007,Rabbit
67e1c4deca61a52a92a65fe2,1742849048,51732.6753,1742849057,42732.6753,Rabbit
67e1c4deca61a52a92a65fe3,1742849048,51765.3363,1742849057,42765.3363,Rabbit
67e1c4deca61a52a92a65fe4,1742849048,51767.6745,1742849057,42767.6745,Rabbit
67e1c4deca61a52a92a65fe5,1742849048,51794.725,1742849057,42794.725,Rabbit
67e1c4deca61a52a92a65fe6,1742849048,51800.0504,1742849057,42800.0504,Rabbit
67e1c4deca61a52a92a65fe7,1742849048,51825.612,1742849057,42825.612,Rabbit
67e1c4deca61a52a92a65fe8,1742849048,51887.7086,1742849057,42887.7086,Rabbit
67e1c4deca61a52a92a65fe9,1742849048,51919.5707,1742849057,42919.5707,Rabbit
67e1c4deca61a52a92a65fea,1742849048,51928.1156,1742849057,42928.1156,Rabbit
67e1c4deca61a52a92a65feb,1742849048,51929.5132,1742849057,42929.5132,Rabbit
67e1c4deca61a52a92a65fec,1742849048,51931.2589,1742849057,42931.2589,Rabbit
67e1c4deca61a52a92a65fed,1742849048,51932.9062,1742849057,42932.9062,Rabbit
67e1c4deca61a52a92a65fee,1742849048,51935.484,1742849057,42935.484,Rabbit
67e1c4deca61a52a92a65fef,1742849048,51937.085,1742849057,42937.085,Rabbit
67e1c4deca61a52a92a65ff0,1742849048,51939.5694,1742849057,42939.5694,Rabbit
67e1c4deca61a52a92a65ff1,1742849048,51941.573,1742849057,42941.573,Rabbit
67e1c4deca61a52a92a65ff2,1742849048,51943.498,1742849057,42943.498,Rabbit
67e1c4deca61a52a92a65ff3,1742849048,51945.2974,1742849057,42945.2974,Rabbit
67e1c4deca61a52a92a65ff4,1742849048,51980.6459,1742849057,42980.6459,Rabbit
67e1c4deca61a52a92a65ff5,1742849048,52042.3436,1742849057,43042.3436,Rabbit
67e1c4deca61a52a92a65ff6,1742849048,52104.4443,1742849057,43104.4443,Rabbit
67e1c4deca61a52a92a65ff7,1742849048,52166.7316,1742849057,43166.7316,Rabbit
67e1c4deca61a52a92a65ff8,1742849048,52198.6821,1742849057,43198.6821,Rabbit
67e1c4deca61a52a92a65ff9,1742849048,52200.5262,1742849057,43200.5262,Rabbit
67e1c4deca61a52a92a65ffa,1742849048,52201.99,1742849057,43201.99,Rabbit
67e1c4deca61a52a92a65ffb,1742849048,52228.624,1742849057,43228.624,Rabbit
67e1c4deca61a52a92a65ffc,1742849048,52261.6166,1742849057,43261.6166,Rabbit
67e1c4deca61a52a92a65ffd,1742849048,52322.2217,1742849057,43322.2217,Rabbit
67e1c4deca61a52a92a65ffe,1742849048,52352.8453,1742849057,43352.8453,Rabbit
67e1c4deca61a52a92a65fff,1742849048,52384.4733,1742849057,43384.4733,Rabbit
67e1c4deca61a52a92a66000,1742849048,52385.8417,1742849057,43385.8417,Rabbit
67e1c4deca61a52a92a66001,1742849048,52388.3411,1742849057,43388.3411,Rabbit
67e1c4deca61a52a92a66002,1742849048,52445.736,1742849057,43445.736,Rabbit
67e1c4deca61a52a92a66003,1742849048,52507.6477,1742849057,43507.6477,Rabbit
67e1c4deca61a52a92a66004,1742849048,52540.1643,1742849057,43540.1643,Rabbit
67e1c4deca61a52a92a66005,1742849048,52570.2389,1742849057,43570.2389,Rabbit
67e1c4deca61a52a92a66006,1742849048,52631.9196,1742849057,43631.9196,Rabbit
67e1c4deca61a52a92a66007,1742849048,52693.8479,1742849057,43693.8479,Rabbit
67e1c4deca61a52a92a66008,1742849048,52756.0273,1742849057,43756.0273,Rabbit
67e1c4deca61a52a92a66009,1742849048,52787.7522,1742849057,43787.7522,Rabbit
67e1c4deca61a52a92a6600a,1742849048,52791.4847,1742849057,43791.4847,Rabbit
67e1c4deca61a52a92a6600b,1742849048,52817.773,1742849057,43817.773,Rabbit
67e1c4deca61a52a92a6600c,1742849048,52819.7166,1742849057,43819.7166,Rabbit
67e1c4deca61a52a92a6600d,1742849048,52849.3889,1742849057,43849.3889,Rabbit
67e1c4deca61a52a92a6600e,1742849048,52851.0417,1742849057,43851.0417,Rabbit
67e1c4deca61a52a92a6600f,1742849048,52882.9552,1742849057,43882.9552,Rabbit
67e1c4deca61a52a92a66010,1742849048,52885.9365,1742849057,43885.9365,Rabbit
67e1c4deca61a52a92a66011,1742849048,52887.7204,1742849057,43887.7204,Rabbit
67e1c4deca61a52a92a66012,1742849048,52890.1203,1742849057,43890.1203,Rabbit
67e1c4deca61a52a92a66013,1742849048,52892.2907,1742849057,43892.2907,Rabbit
67e1c4deca61a52a92a66014,1742849048,52926.9578,1742849057,43926.9578,Rabbit
67e1c4deca61a52a92a66015,1742849048,52957.322,1742849057,43957.322,Rabbit
67e1c4deca61a52a92a66016,1742849048,52959.6687,1742849057,43959.6687,Rabbit
67e1c4deca61a52a92a66017,1742849048,52961.8456,1742849057,43961.8456,Rabbit
67e1c4deca61a52a92a66018,1742849048,52965.9749,1742849057,43965.9749,Rabbit
67e1c4deca61a52a92a66019,1742849048,52968.135,1742849057,43968.135,Rabbit
67e1c4deca61a52a92a6601a,1742849048,53003.0461,1742849057,44003.0461,Rabbit
67e1c4deca61a52a92a6601b,1742849048,53064.9978,1742849057,44064.9978,Rabbit
67e1c4deca61a52a92a6601c,1742849048,53096.0131,1742849057,44096.0131,Rabbit
67e1c4deca61a52a92a6601d,1742849048,53128.2745,1742849057,44128.2745,Rabbit
67e1c4deca61a52a92a6601e,1742849048,53157.9602,1742849057,44157.9602,Rabbit
67e1c4deca61a52a92a6601f,1742849048,53159.8032,1742849057,44159.8032,Rabbit
67e1c4deca61a52a92a66020,1742849048,53188.9414,1742849057,44188.9414,Rabbit
67e1c4deca61a52a92a66021,1742849048,53250.9582,1742849057,44250.9582,Rabbit
67e1c4deca61a52a92a66022,1742849048,53282.9003,1742849057,44282.9003,Rabbit
67e1c4deca61a52a92a66023,1742849048,53314.014,1742849057,44314.014,Rabbit
67e1c4deca61a52a92a66024,1742849048,53315.4705,1742849057,44315.4705,Rabbit
67e1c4deca61a52a92a66025,1742849048,53344.0188,1742849057,44344.0188,Rabbit
67e1c4deca61a52a92a66026,1742849048,53345.6697,1742849057,44345.6697,Rabbit
67e1c4deca61a52a92a66027,1742849048,53405.96,1742849057,44405.96,Rabbit
67e1c4deca61a52a92a66028,1742849048,53438.3808,1742849057,44438.3808,Rabbit
67e1c4deca61a52a92a66029,1742849048,53467.7846,1742849057,44467.7846,Rabbit
67e1c4deca61a52a92a6602a,1742849048,53498.7107,1742849057,44498.7107,Rabbit
67e1c4deca61a52a92a6602b,1742849048,53529.4327,1742849057,44529.4327,Rabbit
67e1c4deca61a52a92a6602c,1742849048,53561.2821,1742849057,44561.2821,Rabbit
67e1c4deca61a52a92a6602d,1742849048,53562.7419,1742849057,44562.7419,Rabbit
67e1c4deca61a52a92a6602e,1742849048,53622.3709,1742849057,44622.3709,Rabbit
67e1c4deca61a52a92a6602f,1742849048,53623.9072,1742849057,44623.9072,Rabbit
67e1c4deca61a52a92a66030,1742849048,53684.3234,1742849057,44684.3234,Rabbit
67e1c4deca61a52a92a66031,1742849048,53685.7782,1742849057,44685.7782,Rabbit
67e1c4deca61a52a92a66032,1742849048,53746.435,1742849057,44746.435,Rabbit
67e1c4deca61a52a92a66033,1742849048,53777.3863,1742849057,44777.3863,Rabbit
67e1c4deca61a52a92a66034,1742849048,53808.4416,1742849057,44808.4416,Rabbit
67e1c4deca61a52a92a66035,1742849048,53840.1261,1742849057,44840.1261,Rabbit
67e1c4deca61a52a92a66036,1742849048,53871.3299,1742849057,44871.3299,Rabbit
67e1c4deca61a52a92a66037,1742849048,53908.5127,1742849057,44908.5127,Rabbit
67e1c4deca61a52a92a66038,1742849048,53933.8611,1742849057,44933.8611,Rabbit
67e1c4deca61a52a92a66039,1742849048,53965.2138,1742849057,44965.2138,Rabbit
67e1c4deca61a52a92a6603a,1742849048,53994.8667,1742849057,44994.8667,Rabbit
67e1c4deca61a52a92a6603b,1742849048,53996.9442,1742849057,44996.9442,Rabbit
67e1c4deca61a52a92a6603c,1742849048,54056.7521,1742849057,45056.7521,Rabbit
67e1c4deca61a52a92a6603d,1742849048,54088.9544,1742849057,45088.9544,Rabbit
67e1c4deca61a52a92a6603e,1742849048,54118.7839,1742849057,45118.7839,Rabbit
67e1c4deca61a52a92a6603f,1742849048,54120.4231,1742849057,45120.4231,Rabbit
67e1c4deca61a52a92a66040,1742849048,54123.0438,1742849057,45123.0438,Rabbit
67e1c4deca61a52a92a66041,1742849048,54124.7502,1742849057,45124.7502,Rabbit
67e1c4deca61a52a92a66042,1742849048,54150.83,1742849057,45150.83,Rabbit
67e1c4deca61a52a92a66043,1742849048,54152.4833,1742849057,45152.4833,Rabbit
67e1c4deca61a52a92a66044,1742849048,54153.8492,1742849057,45153.8492,Rabbit
67e1c4deca61a52a92a66045,1742849048,54155.2616,1742849057,45155.2616,Rabbit
67e1c4deca61a52a92a66046,1742849048,54156.5856,1742849057,45156.5856,Rabbit
67e1c4deca61a52a92a66047,1742849048,54158.3138,1742849057,45158.3138,Rabbit
67e1c4deca61a52a92a66048,1742849048,54159.8522,1742849057,45159.8522,Rabbit
67e1c4deca61a52a92a66049,1742849048,54161.5895,1742849057,45161.5895,Rabbit
67e1c4deca61a52a92a6604a,1742849048,54163.1289,1742849057,45163.1289,Rabbit
67e1c4deca61a52a92a6604b,1742849048,54196.6016,1742849057,45196.6016,Rabbit
67e1c4deca61a52a92a6604c,1742849048,54227.338,1742849057,45227.338,Rabbit
67e1c4deca61a52a92a6604d,1742849048,54258.4776,1742849057,45258.4776,Rabbit
67e1c4deca61a52a92a6604e,1742849048,54260.5497,1742849057,45260.5497,Rabbit
67e1c4deca61a52a92a6604f,1742849048,54291.0442,1742849057,45291.0442,Rabbit
67e1c4deca61a52a92a66050,1742849048,54321.0922,1742849057,45321.0922,Rabbit
67e1c4deca61a52a92a66051,1742849048,54351.4139,1742849057,45351.4139,Rabbit
67e1c4deca61a52a92a66052,1742849048,54383.3784,1742849057,45383.3784,Rabbit
67e1c4deca61a52a92a66053,1742849048,54415.759,1742849057,45415.759,Rabbit
67e1c4deca61a52a92a66054,1742849048,54475.5761,1742849057,45475.5761,Rabbit
67e1c4deca61a52a92a66055,1742849048,54506.5394,1742849057,45506.5394,Rabbit
67e1c4deca61a52a92a66056,1742849048,54538.7928,1742849057,45538.7928,Rabbit
67e1c4deca61a52a92a66057,1742849048,54599.3114,1742849057,45599.3114,Rabbit
67e1c4deca61a52a92a66058,1742849048,54661.5887,1742849057,45661.5887,Rabbit
67e1c4deca61a52a92a66059,1742849048,54664.5811,1742849057,45664.5811,Rabbit
67e1c4deca61a52a92a6605a,1742849048,54667.4325,1742849057,45667.4325,Rabbit
67e1c4deca61a52a92a6605b,1742849048,54723.5664,1742849057,45723.5664,Rabbit
67e1c4deca61a52a92a6605c,1742849048,54725.7809,1742849057,45725.7809,Rabbit
67e1c4deca61a52a92a6605d,1742849048,54727.4677,1742849057,45727.4677,Rabbit
67e1c4deca61a52a92a6605e,1742849048,54785.3098,1742849057,45785.3098,Rabbit
67e1c4deca61a52a92a6605f,1742849048,54816.3194,1742849057,45816.3194,Rabbit
67e1c4deca61a52a92a66060,1742849048,54847.6803,1742849057,45847.6803,Rabbit
67e1c4deca61a52a92a66061,1742849048,54849.7007,1742849057,45849.7007,Rabbit
67e1c4deca61a52a92a66062,1742849048,54851.5527,1742849057,45851.5527,Rabbit
67e1c4deca61a52a92a66063,1742849048,54878.3364,1742849057,45878.3364,Rabbit
67e1c4deca61a52a92a66064,1742849048,54909.3495,1742849057,45909.3495,Rabbit
67e1c4deca61a52a92a66065,1742849048,54971.6716,1742849057,45971.6716,Rabbit
67e1c4deca61a52a92a66066,1742849048,55033.5084,1742849057,46033.5084,Rabbit
67e1c4deca61a52a92a66067,1742849048,55064.4027,1742849057,46064.4027,Rabbit
67e1c4deca61a52a92a66068,1742849048,55126.3795,1742849057,46126.3795,Rabbit
67e1c4deca61a52a92a66069,1742849048,55188.6418,1742849057,46188.6418,Rabbit
67e1c4deca61a52a92a6606a,1742849048,55250.5655,1742849057,46250.5655,Rabbit
67e1c4deca61a52a92a6606b,1742849048,55281.5152,1742849057,46281.5152,Rabbit
67e1c4deca61a52a92a6606c,1742849048,55343.7238,1742849057,46343.7238,Rabbit
67e1c4deca61a52a92a6606d,1742849048,55374.7132,1742849057,46374.7132,Rabbit
67e1c4deca61a52a92a6606e,1742849048,55436.6724,1742849057,46436.6724,Rabbit
67e1c4deca61a52a92a6606f,1742849048,55498.644,1742849057,46498.644,Rabbit
67e1c4deca61a52a92a66070,1742849048,55560.813,1742849057,46560.813,Rabbit
67e1c4deca61a52a92a66071,1742849048,55622.7073,1742849057,46622.7073,Rabbit
67e1c4deca61a52a92a66072,1742849048,55684.6664,1742849057,46684.6664,Rabbit
67e1c4deca61a52a92a66073,1742849048,55715.6761,1742849057,46715.6761,Rabbit
67e1c4deca61a52a92a66074,1742849048,55748.1905,1742849057,46748.1905,Rabbit
67e1c4deca61a52a92a66075,1742849048,55749.9203,1742849057,46749.9203,Rabbit
67e1c4deca61a52a92a66076,1742849048,55779.5976,1742849057,46779.5976,Rabbit
67e1c4deca61a52a92a66077,1742849048,55781.7641,1742849057,46781.7641,Rabbit
67e1c4deca61a52a92a66078,1742849048,55839.6593,1742849057,46839.6593,Rabbit
67e1c4deca61a52a92a66079,1742849048,55841.5986,1742849057,46841.5986,Rabbit
67e1c4deca61a52a92a6607a,1742849048,55843.2744,1742849057,46843.2744,Rabbit
67e1c4deca61a52a92a6607b,1742849048,55844.9025,1742849057,46844.9025,Rabbit
67e1c4deca61a52a92a6607c,1742849048,55846.5755,1742849057,46846.5755,Rabbit
67e1c4deca61a52a92a6607d,1742849048,55870.7223,1742849057,46870.7223,Rabbit
67e1c4deca61a52a92a6607e,1742849048,55932.7265,1742849057,46932.7265,Rabbit
67e1c4deca61a52a92a6607f,1742849048,55994.8267,1742849057,46994.8267,Rabbit
67e1c4deca61a52a92a66080,1742849048,56025.8407,1742849057,47025.8407,Rabbit
67e1c4deca61a52a92a66081,1742849048,56057.8788,1742849057,47057.8788,Rabbit
67e1c4deca61a52a92a66082,1742849048,56118.86,1742849057,47118.86,Rabbit
67e1c4deca61a52a92a66083,1742849048,56120.6609,1742849057,47120.6609,Rabbit
67e1c4deca61a52a92a66084,1742849048,56150.8246,1742849057,47150.8246,Rabbit
67e1c4deca61a52a92a66085,1742849048,56181.9107,1742849057,47181.9107,Rabbit
67e1c4deca61a52a92a66086,1742849048,56242.8808,1742849057,47242.8808,Rabbit
67e1c4deca61a52a92a66087,1742849048,56304.4534,1742849057,47304.4534,Rabbit
67e1c4deca61a52a92a66088,1742849048,56306.2595,1742849057,47306.2595,Rabbit
67e1c4deca61a52a92a66089,1742849048,56335.664,1742849057,47335.664,Rabbit
67e1c4deca61a52a92a6608a,1742849048,56397.8571,1742849057,47397.8571,Rabbit
67e1c4deca61a52a92a6608b,1742849048,56399.6582,1742849057,47399.6582,Rabbit
67e1c4deca61a52a92a6608c,1742849048,56402.1471,1742849057,47402.1471,Rabbit
67e1c4deca61a52a92a6608d,1742849048,56403.8449,1742849057,47403.8449,Rabbit
67e1c4deca61a52a92a6608e,1742849048,56459.6856,1742849057,47459.6856,Rabbit
67e1c4deca61a52a92a6608f,1742849048,56491.4433,1742849057,47491.4433,Rabbit
67e1c4deca61a52a92a66090,1742849048,56492.9443,1742849057,47492.9443,Rabbit
67e1c4deca61a52a92a66091,1742849048,56552.8676,1742849057,47552.8676,Rabbit
67e1c4deca61a52a92a66092,1742849048,56594.1241,1742849057,47594.1241,Rabbit
67e1c4deca61a52a92a66093,1742849048,56660.2732,1742849057,47660.2732,Rabbit
67e1c4deca61a52a92a66094,1742849048,56692.3038,1742849057,47692.3038,Rabbit
67e1c4deca61a52a92a66095,1742849048,56693.9461,1742849057,47693.9461,Rabbit
67e1c4deca61a52a92a66096,1742849048,56722.3157,1742849057,47722.3157,Rabbit
67e1c4deca61a52a92a66097,1742849048,56754.513,1742849057,47754.513,Rabbit
67e1c4deca61a52a92a66098,1742849048,56757.2522,1742849057,47757.2522,Rabbit
67e1c4deca61a52a92a66099,1742849048,56762.3865,1742849057,47762.3865,Rabbit
67e1c4deca61a52a92a6609a,1742849048,56764.065,1742849057,47764.065,Rabbit
67e1c4deca61a52a92a6609b,1742849048,56800.9498,1742849057,47800.9498,Rabbit
67e1c4deca61a52a92a6609c,1742849048,56861.797,1742849057,47861.797,Rabbit
67e1c4deca61a52a92a6609d,1742849048,56892.52,1742849057,47892.52,Rabbit
67e1c4deca61a52a92a6609e,1742849048,56924.3415,1742849057,47924.3415,Rabbit
67e1c4deca61a52a92a6609f,1742849048,56955.3343,1742849057,47955.3343,Rabbit
67e1c4deca61a52a92a660a0,1742849048,56957.7602,1742849057,47957.7602,Rabbit
67e1c4deca61a52a92a660a1,1742849048,56987.0645,1742849057,47987.0645,Rabbit
67e1c4deca61a52a92a660a2,1742849048,57047.4655,1742849057,48047.4655,Rabbit
67e1c4deca61a52a92a660a3,1742849048,57109.6291,1742849057,48109.6291,Rabbit
67e1c4deca61a52a92a660a4,1742849048,57171.522,1742849057,48171.522,Rabbit
67e1c4deca61a52a92a660a5,1742849048,57202.8454,1742849057,48202.8454,Rabbit
67e1c4deca61a52a92a660a6,1742849048,57205.187,1742849057,48205.187,Rabbit
67e1c4deca61a52a92a660a7,1742849048,57235.0369,1742849057,48235.0369,Rabbit
67e1c4deca61a52a92a660a8,1742849048,57236.7443,1742849057,48236.7443,Rabbit
67e1c4deca61a52a92a660a9,1742849048,57238.9139,1742849057,48238.9139,Rabbit
67e1c4deca61a52a92a660aa,1742849048,57240.6762,1742849057,48240.6762,Rabbit
67e1c4deca61a52a92a660ab,1742849048,57242.4538,1742849057,48242.4538,Rabbit
67e1c4deca61a52a92a660ac,1742849048,57266.9338,1742849057,48266.9338,Rabbit
67e1c4deca61a52a92a660ad,1742849048,57269.1913,1742849057,48269.1913,Rabbit
67e1c4deca61a52a92a660ae,1742849048,57326.4637,1742849057,48326.4637,Rabbit
67e1c4deca61a52a92a660af,1742849048,57388.7648,1742849057,48388.7648,Rabbit
67e1c4deca61a52a92a660b0,1742849048,57420.8338,1742849057,48420.8338,Rabbit
67e1c4deca61a52a92a660b1,1742849048,57424.6466,1742849057,48424.6466,Rabbit
67e1c4deca61a52a92a660b2,1742849048,57426.828,1742849057,48426.828,Rabbit
67e1c4deca61a52a92a660b3,1742849048,57428.4989,1742849057,48428.4989,Rabbit
67e1c4deca61a52a92a660b4,1742849048,57432.9305,1742849057,48432.9305,Rabbit
67e1c4deca61a52a92a660b5,1742849048,57435.6034,1742849057,48435.6034,Rabbit
67e1c4deca61a52a92a660b6,1742849048,57438.3512,1742849057,48438.3512,Rabbit
67e1c4deca61a52a92a660b7,1742849048,57440.2795,1742849057,48440.2795,Rabbit
67e1c4deca61a52a92a660b8,1742849048,57441.9325,1742849057,48441.9325,Rabbit
67e1c4deca61a52a92a660b9,1742849048,57496.8917,1742849057,48496.8917,Rabbit
67e1c4deca61a52a92a660ba,1742849048,57529.0746,1742849057,48529.0746,Rabbit
67e1c4deca61a52a92a660bb,1742849048,57559.895,1742849057,48559.895,Rabbit
67e1c4deca61a52a92a660bc,1742849048,57590.723,1742849057,48590.723,Rabbit
67e1c4deca61a52a92a660bd,1742849048,57622.0325,1742849057,48622.0325,Rabbit
67e1c4deca61a52a92a660be,1742849048,57624.3013,1742849057,48624.3013,Rabbit
67e1c4deca61a52a92a660bf,1742849048,57626.3293,1742849057,48626.3293,Rabbit
67e1c4deca61a52a92a660c0,1742849048,57628.4342,1742849057,48628.4342,Rabbit
67e1c4deca61a52a92a660c1,1742849048,57653.1779,1742849057,48653.1779,Rabbit
67e1c4deca61a52a92a660c2,1742849048,57655.8629,1742849057,48655.8629,Rabbit
67e1c4deca61a52a92a660c3,1742849048,57657.6679,1742849057,48657.6679,Rabbit
67e1c4deca61a52a92a660c4,1742849048,57659.7602,1742849057,48659.7602,Rabbit
67e1c4deca61a52a92a660c5,1742849048,57661.6475,1742849057,48661.6475,Rabbit
67e1c4deca61a52a92a660c6,1742849048,57663.4642,1742849057,48663.4642,Rabbit
67e1c4deca61a52a92a660c7,1742849048,57698.44,1742849057,48698.44,Rabbit
67e1c4deca61a52a92a660c8,1742849048,57734.3388,1742849057,48734.3388,Rabbit
67e1c4deca61a52a92a660c9,1742849048,57760.5671,1742849057,48760.5671,Rabbit
67e1c4deca61a52a92a660ca,1742849048,57762.1873,1742849057,48762.1873,Rabbit
67e1c4deca61a52a92a660cb,1742849048,57765.3998,1742849057,48765.3998,Rabbit
67e1c4deca61a52a92a660cc,1742849048,57792.9045,1742849057,48792.9045,Rabbit
67e1c4deca61a52a92a660cd,1742849048,57794.6769,1742849057,48794.6769,Rabbit
67e1c4deca61a52a92a660ce,1742849048,57796.1707,1742849057,48796.1707,Rabbit
67e1c4deca61a52a92a660cf,1742849048,57797.9644,1742849057,48797.9644,Rabbit
67e1c4deca61a52a92a660d0,1742849048,57799.5124,1742849057,48799.5124,Rabbit
67e1c4deca61a52a92a660d1,1742849048,57801.2383,1742849057,48801.2383,Rabbit
67e1c4deca61a52a92a660d2,1742849048,57802.9318,1742849057,48802.9318,Rabbit
67e1c4deca61a52a92a660d3,1742849048,57804.6809,1742849057,48804.6809,Rabbit
67e1c4deca61a52a92a660d4,1742849048,57807.9266,1742849057,48807.9266,Rabbit
67e1c4deca61a52a92a660d5,1742849048,57810.2593,1742849057,48810.2593,Rabbit
67e1c4deca61a52a92a660d6,1742849048,57812.19,1742849057,48812.19,Rabbit
67e1c4deca61a52a92a660d7,1742849048,57814.3772,1742849057,48814.3772,Rabbit
67e1c4deca61a52a92a660d8,1742849048,57839.2565,1742849057,48839.2565,Rabbit
67e1c4deca61a52a92a660d9,1742849048,57841.4157,1742849057,48841.4157,Rabbit
67e1c4deca61a52a92a660da,1742849048,57843.8307,1742849057,48843.8307,Rabbit
67e1c4deca61a52a92a660db,1742849048,57899.6943,1742849057,48899.6943,Rabbit
67e1c4deca61a52a92a660dc,1742849048,57961.6708,1742849057,48961.6708,Rabbit
67e1c4deca61a52a92a660dd,1742849048,58023.8836,1742849057,49023.8836,Rabbit
67e1c4deca61a52a92a660de,1742849048,58026.0195,1742849057,49026.0195,Rabbit
67e1c4deca61a52a92a660df,1742849048,58027.9671,1742849057,49027.9671,Rabbit
67e1c4deca61a52a92a660e0,1742849048,58030.7859,1742849057,49030.7859,Rabbit
67e1c4deca61a52a92a660e1,1742849048,58032.6671,1742849057,49032.6671,Rabbit
67e1c4deca61a52a92a660e2,1742849048,58034.2965,1742849057,49034.2965,Rabbit
67e1c4deca61a52a92a660e3,1742849048,58036.2349,1742849057,49036.2349,Rabbit
67e1c4deca61a52a92a660e4,1742849048,58071.7549,1742849057,49071.7549,Rabbit
67e1c4deca61a52a92a660e5,1742849048,58101.9197,1742849057,49101.9197,Rabbit
67e1c4deca61a52a92a660e6,1742849048,58104.1428,1742849057,49104.1428,Rabbit
67e1c4deca61a52a92a660e7,1742849048,58106.1529,1742849057,49106.1529,Rabbit
67e1c4deca61a52a92a660e8,1742849048,58163.4211,1742849057,49163.4211,Rabbit
67e1c4deca61a52a92a660e9,1742849048,58194.5879,1742849057,49194.5879,Rabbit
67e1c4deca61a52a92a660ea,1742849048,58196.2061,1742849057,49196.2061,Rabbit
67e1c4deca61a52a92a660eb,1742849048,58198.5009,1742849057,49198.5009,Rabbit
67e1c4deca61a52a92a660ec,1742849048,58201.3815,1742849057,49201.3815,Rabbit
67e1c4deca61a52a92a660ed,1742849048,58203.2456,1742849057,49203.2456,Rabbit
67e1c4deca61a52a92a660ee,1742849048,58205.2471,1742849057,49205.2471,Rabbit
67e1c4deca61a52a92a660ef,1742849048,58207.2757,1742849057,49207.2757,Rabbit
67e1c4deca61a52a92a660f0,1742849048,58209.0913,1742849057,49209.0913,Rabbit
67e1c4deca61a52a92a660f1,1742849048,58241.8434,1742849057,49241.8434,Rabbit
67e1c4deca61a52a92a660f2,1742849048,58276.4652,1742849057,49276.4652,Rabbit
67e1c4deca61a52a92a660f3,1742849048,58303.5511,1742849057,49303.5511,Rabbit
67e1c4deca61a52a92a660f4,1742849048,58335.2129,1742849057,49335.2129,Rabbit
67e1c4deca61a52a92a660f5,1742849048,58337.2135,1742849057,49337.2135,Rabbit
67e1c4deca61a52a92a660f6,1742849048,58365.4211,1742849057,49365.4211,Rabbit
67e1c4deca61a52a92a660f7,1742849048,58395.9719,1742849057,49395.9719,Rabbit
67e1c4deca61a52a92a65e3f,1742849048,40433.6117,1742849056,32433.6117,Rabbit
67e1c4deca61a52a92a65e40,1742849048,40435.6702,1742849056,32435.6702,Rabbit
67e1c4deca61a52a92a65e41,1742849048,40437.4365,1742849056,32437.4365,Rabbit
67e1c4deca61a52a92a65e42,1742849048,40439.2918,1742849056,32439.2918,Rabbit
67e1c4deca61a52a92a65e43,1742849048,40464.3962,1742849056,32464.3962,Rabbit
67e1c4deca61a52a92a65e44,1742849048,40496.4961,1742849056,32496.4961,Rabbit
67e1c4deca61a52a92a65e45,1742849048,40498.479,1742849056,32498.479,Rabbit
67e1c4deca61a52a92a65e46,1742849048,40500.1561,1742849056,32500.1561,Rabbit
67e1c4deca61a52a92a65e47,1742849048,40501.6837,1742849056,32501.6837,Rabbit
67e1c4deca61a52a92a65e48,1742849048,40527.6204,1742849056,32527.6204,Rabbit
67e1c4deca61a52a92a65e49,1742849048,40529.7506,1742849056,32529.7506,Rabbit
67e1c4deca61a52a92a65e4a,1742849048,40588.4069,1742849056,32588.4069,Rabbit
67e1c4deca61a52a92a65e4b,1742849048,40621.0887,1742849056,32621.0887,Rabbit
67e1c4deca61a52a92a65e4c,1742849048,40681.4515,1742849056,32681.4515,Rabbit
67e1c4deca61a52a92a65e4d,1742849048,40743.6569,1742849056,32743.6569,Rabbit
67e1c4deca61a52a92a65e4e,1742849048,40805.262,1742849056,32805.262,Rabbit
67e1c4deca61a52a92a65e4f,1742849048,40807.2045,1742849056,32807.2045,Rabbit
67e1c4deca61a52a92a65e50,1742849048,40808.8503,1742849056,32808.8503,Rabbit
67e1c4deca61a52a92a65e51,1742849048,40810.5312,1742849056,32810.5312,Rabbit
67e1c4deca61a52a92a65e52,1742849048,40812.2683,1742849056,32812.2683,Rabbit
67e1c4deca61a52a92a65e53,1742849048,40813.9385,1742849056,32813.9385,Rabbit
67e1c4deca61a52a92a65e54,1742849048,40838.2056,1742849056,32838.2056,Rabbit
67e1c4deca61a52a92a65e55,1742849048,40867.862,1742849056,32867.862,Rabbit
67e1c4deca61a52a92a65e56,1742849048,40898.2307,1742849056,32898.2307,Rabbit
67e1c4deca61a52a92a65e57,1742849048,40960.514,1742849056,32960.514,Rabbit
67e1c4deca61a52a92a65e58,1742849048,40962.5228,1742849056,32962.5228,Rabbit
67e1c4deca61a52a92a65e59,1742849048,40964.3966,1742849056,32964.3966,Rabbit
67e1c4deca61a52a92a65e5a,1742849048,40966.0507,1742849056,32966.0507,Rabbit
67e1c4deca61a52a92a65e5b,1742849048,40992.7665,1742849056,32992.7665,Rabbit
67e1c4deca61a52a92a65e5c,1742849048,41053.2969,1742849056,33053.2969,Rabbit
67e1c4deca61a52a92a65e5d,1742849048,41085.1268,1742849056,33085.1268,Rabbit
67e1c4deca61a52a92a65e5e,1742849048,41146.4691,1742849056,33146.4691,Rabbit
67e1c4deca61a52a92a65e5f,1742849048,41148.4499,1742849056,33148.4499,Rabbit
67e1c4deca61a52a92a65e60,1742849048,41150.0796,1742849056,33150.0796,Rabbit
67e1c4deca61a52a92a65e61,1742849048,41153.5352,1742849056,33153.5352,Rabbit
67e1c4deca61a52a92a65e62,1742849048,41178.4446,1742849056,33178.4446,Rabbit
67e1c4deca61a52a92a65e63,1742849048,41180.757,1742849056,33180.757,Rabbit
67e1c4deca61a52a92a65e64,1742849048,41182.5629,1742849056,33182.5629,Rabbit
67e1c4deca61a52a92a65e65,1742849048,41184.7916,1742849056,33184.7916,Rabbit
67e1c4deca61a52a92a65e66,1742849048,41186.7968,1742849056,33186.7968,Rabbit
67e1c4deca61a52a92a65e67,1742849048,41189.2522,1742849056,33189.2522,Rabbit
67e1c4deca61a52a92a65e68,1742849048,41191.197,1742849056,33191.197,Rabbit
67e1c4deca61a52a92a65e69,1742849048,41223.5056,1742849056,33223.5056,Rabbit
67e1c4deca61a52a92a65e6a,1742849048,41225.4862,1742849056,33225.4862,Rabbit
67e1c4deca61a52a92a65e6b,1742849048,41285.4602,1742849056,33285.4602,Rabbit
67e1c4deca61a52a92a65e6c,1742849048,41316.47,1742849056,33316.47,Rabbit
67e1c4deca61a52a92a65e6d,1742849048,41347.4767,1742849056,33347.4767,Rabbit
67e1c4deca61a52a92a65e6e,1742849048,41349.0672,1742849056,33349.0672,Rabbit
67e1c4deca61a52a92a65e6f,1742849048,41350.5338,1742849056,33350.5338,Rabbit
67e1c4deca61a52a92a65e70,1742849048,41351.9567,1742849056,33351.9567,Rabbit
67e1c4deca61a52a92a65e71,1742849048,41378.575,1742849056,33378.575,Rabbit
67e1c4deca61a52a92a65e72,1742849048,41410.6374,1742849056,33410.6374,Rabbit
67e1c4deca61a52a92a65e73,1742849048,41440.4301,1742849056,33440.4301,Rabbit
67e1c4deca61a52a92a65e74,1742849048,41472.6282,1742849056,33472.6282,Rabbit
67e1c4deca61a52a92a65e75,1742849048,41533.501,1742849056,33533.501,Rabbit
67e1c4deca61a52a92a65e76,1742849048,41565.2265,1742849056,33565.2265,Rabbit
67e1c4deca61a52a92a65e77,1742849048,41595.4526,1742849056,33595.4526,Rabbit
67e1c4deca61a52a92a65e78,1742849048,41626.7475,1742849056,33626.7475,Rabbit
67e1c4deca61a52a92a65e79,1742849048,41688.4659,1742849056,33688.4659,Rabbit
67e1c4deca61a52a92a65e7a,1742849048,41750.8055,1742849056,33750.8055,Rabbit
67e1c4deca61a52a92a65e7b,1742849048,41812.8398,1742849056,33812.8398,Rabbit
67e1c4deca61a52a92a65e7c,1742849048,41874.6221,1742849056,33874.6221,Rabbit
67e1c4deca61a52a92a65e7d,1742849048,41936.5755,1742849056,33936.5755,Rabbit
67e1c4deca61a52a92a65e7e,1742849048,41998.6512,1742849056,33998.6512,Rabbit
67e1c4deca61a52a92a65e7f,1742849048,42060.7158,1742849056,34060.7158,Rabbit
67e1c4deca61a52a92a65e80,1742849048,42122.702,1742849056,34122.702,Rabbit
67e1c4deca61a52a92a65e81,1742849048,42154.7282,1742849056,34154.7282,Rabbit
67e1c4deca61a52a92a65e82,1742849048,42184.6927,1742849056,34184.6927,Rabbit
67e1c4deca61a52a92a65e83,1742849048,42215.6856,1742849056,34215.6856,Rabbit
67e1c4deca61a52a92a65e84,1742849048,42247.5908,1742849056,34247.5908,Rabbit
67e1c4deca61a52a92a65e85,1742849048,42277.6953,1742849056,34277.6953,Rabbit
67e1c4deca61a52a92a65e86,1742849048,42339.6307,1742849056,34339.6307,Rabbit
67e1c4deca61a52a92a65e87,1742849048,42341.3281,1742849056,34341.3281,Rabbit
67e1c4deca61a52a92a65e88,1742849048,42342.7756,1742849056,34342.7756,Rabbit
67e1c4deca61a52a92a65e89,1742849048,42344.2061,1742849056,34344.2061,Rabbit
67e1c4deca61a52a92a65e8a,1742849048,42370.6612,1742849056,34370.6612,Rabbit
67e1c4deca61a52a92a65e8b,1742849048,42402.4075,1742849056,34402.4075,Rabbit
67e1c4deca61a52a92a65e8c,1742849048,42433.705,1742849056,34433.705,Rabbit
67e1c4deca61a52a92a65e8d,1742849048,42435.2271,1742849056,34435.2271,Rabbit
67e1c4deca61a52a92a65e8e,1742849048,42436.6814,1742849056,34436.6814,Rabbit
67e1c4deca61a52a92a65e8f,1742849048,42438.1886,1742849056,34438.1886,Rabbit
67e1c4deca61a52a92a65e90,1742849048,42494.6722,1742849056,34494.6722,Rabbit
67e1c4deca61a52a92a65e91,1742849048,42556.2828,1742849056,34556.2828,Rabbit
67e1c4deca61a52a92a65e92,1742849048,42618.546,1742849056,34618.546,Rabbit
67e1c4deca61a52a92a65e93,1742849048,42680.3756,1742849056,34680.3756,Rabbit
67e1c4deca61a52a92a65e94,1742849048,42742.4615,1742849056,34742.4615,Rabbit
67e1c4deca61a52a92a65e95,1742849048,42773.5046,1742849056,34773.5046,Rabbit
67e1c4deca61a52a92a65e96,1742849048,42835.3496,1742849056,34835.3496,Rabbit
67e1c4deca61a52a92a65e97,1742849048,42897.4646,1742849056,34897.4646,Rabbit
67e1c4deca61a52a92a65e98,1742849048,42928.3828,1742849056,34928.3828,Rabbit
67e1c4deca61a52a92a65e99,1742849048,42990.5234,1742849056,34990.5234,Rabbit
67e1c4deca61a52a92a65e9a,1742849048,43052.3444,1742849056,35052.3444,Rabbit
67e1c4deca61a52a92a65e9b,1742849048,43114.5838,1742849056,35114.5838,Rabbit
67e1c4deca61a52a92a65e9c,1742849048,43145.3126,1742849056,35145.3126,Rabbit
67e1c4deca61a52a92a65e9d,1742849048,43176.2765,1742849056,35176.2765,Rabbit
67e1c4deca61a52a92a65e9e,1742849048,43178.058,1742849056,35178.058,Rabbit
67e1c4deca61a52a92a65e9f,1742849048,43207.465,1742849056,35207.465,Rabbit
67e1c4deca61a52a92a65ea0,1742849048,43239.2993,1742849056,35239.2993,Rabbit
67e1c4deca61a52a92a65ea1,1742849048,43269.3082,1742849056,35269.3082,Rabbit
67e1c4deca61a52a92a65ea2,1742849048,43270.9052,1742849056,35270.9052,Rabbit
67e1c4deca61a52a92a65ea3,1742849048,43272.4187,1742849056,35272.4187,Rabbit
67e1c4deca61a52a92a65ea4,1742849048,43301.136,1742849056,35301.136,Rabbit
67e1c4deca61a52a92a65ea5,1742849048,43362.3074,1742849056,35362.3074,Rabbit
67e1c4deca61a52a92a65ea6,1742849048,43424.2973,1742849056,35424.2973,Rabbit
67e1c4deca61a52a92a65ea7,1742849048,43456.3443,1742849056,35456.3443,Rabbit
67e1c4deca61a52a92a65ea8,1742849048,43486.3441,1742849056,35486.3441,Rabbit
67e1c4deca61a52a92a65ea9,1742849048,43548.3445,1742849056,35548.3445,Rabbit
67e1c4deca61a52a92a65eaa,1742849048,43610.369,1742849056,35610.369,Rabbit
67e1c4deca61a52a92a65eab,1742849048,43672.3112,1742849056,35672.3112,Rabbit
67e1c4deca61a52a92a65eac,1742849048,43734.7881,1742849056,35734.7881,Rabbit
67e1c4deca61a52a92a65ead,1742849048,43766.7063,1742849056,35766.7063,Rabbit
67e1c4deca61a52a92a65eae,1742849048,43827.3576,1742849056,35827.3576,Rabbit
67e1c4deca61a52a92a65eaf,1742849048,43829.1098,1742849056,35829.1098,Rabbit
67e1c4deca61a52a92a65eb0,1742849048,43858.6597,1742849056,35858.6597,Rabbit
67e1c4deca61a52a92a65eb1,1742849048,43890.3721,1742849056,35890.3721,Rabbit
67e1c4deca61a52a92a65eb2,1742849048,43919.9278,1742849056,35919.9278,Rabbit
67e1c4deca61a52a92a65eb3,1742849048,43982.2815,1742849056,35982.2815,Rabbit
67e1c4deca61a52a92a65eb4,1742849048,44043.9798,1742849056,36043.9798,Rabbit
67e1c4deca61a52a92a65eb5,1742849048,44075.1178,1742849056,36075.1178,Rabbit
67e1c4deca61a52a92a65eb6,1742849048,44076.7782,1742849056,36076.7782,Rabbit
67e1c4deca61a52a92a65eb7,1742849048,44137.414,1742849056,36137.414,Rabbit
67e1c4deca61a52a92a65eb8,1742849048,44168.9764,1742849056,36168.9764,Rabbit
67e1c4deca61a52a92a65eb9,1742849048,44199.1606,1742849056,36199.1606,Rabbit
67e1c4deca61a52a92a65eba,1742849048,44230.961,1742849056,36230.961,Rabbit
67e1c4deca61a52a92a65ebb,1742849048,44261.2639,1742849056,36261.2639,Rabbit
67e1c4deca61a52a92a65ebc,1742849048,44323.2898,1742849056,36323.2898,Rabbit
67e1c4deca61a52a92a65ebd,1742849048,44385.1881,1742849056,36385.1881,Rabbit
67e1c4deca61a52a92a65ebe,1742849048,44416.2624,1742849056,36416.2624,Rabbit
67e1c4deca61a52a92a65ebf,1742849048,44447.4364,1742849056,36447.4364,Rabbit
67e1c4deca61a52a92a65ec0,1742849048,44478.2406,1742849056,36478.2406,Rabbit
67e1c4deca61a52a92a65ec1,1742849048,44509.2728,1742849056,36509.2728,Rabbit
67e1c4deca61a52a92a65ec2,1742849048,44571.2634,1742849056,36571.2634,Rabbit
67e1c4deca61a52a92a65ec3,1742849048,44603.1812,1742849056,36603.1812,Rabbit
67e1c4deca61a52a92a65ec4,1742849048,44664.2369,1742849056,36664.2369,Rabbit
67e1c4deca61a52a92a65ec5,1742849048,44726.3057,1742849056,36726.3057,Rabbit
67e1c4deca61a52a92a65ec6,1742849048,44728.0403,1742849056,36728.0403,Rabbit
67e1c4deca61a52a92a65ec7,1742849048,44758.1871,1742849056,36758.1871,Rabbit
67e1c4deca61a52a92a65ec8,1742849048,44789.5619,1742849056,36789.5619,Rabbit
67e1c4deca61a52a92a65ec9,1742849048,44850.3596,1742849056,36850.3596,Rabbit
67e1c4deca61a52a92a65eca,1742849048,44881.2289,1742849056,36881.2289,Rabbit
67e1c4deca61a52a92a65ecb,1742849048,44943.2392,1742849056,36943.2392,Rabbit
67e1c4deca61a52a92a65ecc,1742849048,44974.1864,1742849056,36974.1864,Rabbit
67e1c4deca61a52a92a65ecd,1742849048,45006.2736,1742849056,37006.2736,Rabbit
67e1c4deca61a52a92a65ece,1742849048,45067.5114,1742849056,37067.5114,Rabbit
67e1c4deca61a52a92a65ecf,1742849048,45129.6782,1742849056,37129.6782,Rabbit
67e1c4deca61a52a92a65ed0,1742849048,45191.4798,1742849056,37191.4798,Rabbit
67e1c4deca61a52a92a65ed1,1742849048,45253.44,1742849056,37253.44,Rabbit
67e1c4deca61a52a92a65ed2,1742849048,45255.215,1742849056,37255.215,Rabbit
67e1c4deca61a52a92a65ed3,1742849048,45315.5934,1742849056,37315.5934,Rabbit
67e1c4deca61a52a92a65ed4,1742849048,45377.7812,1742849056,37377.7812,Rabbit
67e1c4deca61a52a92a65ed5,1742849048,45380.1498,1742849056,37380.1498,Rabbit
67e1c4deca61a52a92a65ed6,1742849048,45408.7005,1742849056,37408.7005,Rabbit
67e1c4deca61a52a92a65ed7,1742849048,45439.6297,1742849056,37439.6297,Rabbit
67e1c4deca61a52a92a65ed8,1742849048,45470.6426,1742849056,37470.6426,Rabbit
67e1c4deca61a52a92a65ed9,1742849048,45502.482,1742849056,37502.482,Rabbit
67e1c4deca61a52a92a65eda,1742849048,45504.0484,1742849056,37504.0484,Rabbit
67e1c4deca61a52a92a65edb,1742849048,45563.6297,1742849056,37563.6297,Rabbit
67e1c4deca61a52a92a65edc,1742849048,45625.6121,1742849056,37625.6121,Rabbit
67e1c4deca61a52a92a65edd,1742849048,45657.8368,1742849056,37657.8368,Rabbit
67e1c4deca61a52a92a65ede,1742849048,45718.6689,1742849056,37718.6689,Rabbit
67e1c4deca61a52a92a65edf,1742849048,45781.0689,1742849056,37781.0689,Rabbit
67e1c4deca61a52a92a65ee0,1742849048,45811.5995,1742849056,37811.5995,Rabbit
67e1c4deca61a52a92a65ee1,1742849048,45842.2723,1742849056,37842.2723,Rabbit
67e1c4deca61a52a92a65ee2,1742849048,45904.7182,1742849056,37904.7182,Rabbit
67e1c4deca61a52a92a65ee3,1742849048,45966.3023,1742849056,37966.3023,Rabbit
67e1c4deca61a52a92a65ee4,1742849048,45967.9114,1742849056,37967.9114,Rabbit
67e1c4deca61a52a92a65ee5,1742849048,46028.2583,1742849056,38028.2583,Rabbit
67e1c4deca61a52a92a65ee6,1742849048,46090.2826,1742849056,38090.2826,Rabbit
67e1c4deca61a52a92a65ee7,1742849048,46091.8507,1742849056,38091.8507,Rabbit
67e1c4deca61a52a92a65ee8,1742849048,46093.3369,1742849056,38093.3369,Rabbit
67e1c4deca61a52a92a65ee9,1742849048,46094.7302,1742849056,38094.7302,Rabbit
67e1c4deca61a52a92a65eea,1742849048,46122.4559,1742849056,38122.4559,Rabbit
67e1c4deca61a52a92a65eeb,1742849048,46153.1986,1742849056,38153.1986,Rabbit
67e1c4deca61a52a92a65eec,1742849048,46184.37,1742849056,38184.37,Rabbit
67e1c4deca61a52a92a65eed,1742849048,46245.4116,1742849056,38245.4116,Rabbit
67e1c4deca61a52a92a65eee,1742849048,46277.2016,1742849056,38277.2016,Rabbit
67e1c4deca61a52a92a65eef,1742849048,46338.3405,1742849056,38338.3405,Rabbit
67e1c4deca61a52a92a65ef0,1742849048,46400.3622,1742849056,38400.3622,Rabbit
67e1c4deca61a52a92a65ef1,1742849048,46401.8972,1742849056,38401.8972,Rabbit
67e1c4deca61a52a92a65ef2,1742849048,46431.3301,1742849056,38431.3301,Rabbit
67e1c4deca61a52a92a65ef3,1742849048,46493.4073,1742849056,38493.4073,Rabbit
67e1c4deca61a52a92a65ef4,1742849048,46524.3241,1742849056,38524.3241,Rabbit
67e1c4deca61a52a92a65ef5,1742849048,46586.4922,1742849056,38586.4922,Rabbit
67e1c4deca61a52a92a65ef6,1742849048,46617.5071,1742849056,38617.5071,Rabbit
67e1c4deca61a52a92a65ef7,1742849048,46655.853,1742849056,38655.853,Rabbit
67e1c4deca61a52a92a65ef8,1742849048,46657.747,1742849056,38657.747,Rabbit
67e1c4deca61a52a92a65ef9,1742849048,46659.6444,1742849056,38659.6444,Rabbit
67e1c4deca61a52a92a65efa,1742849048,46661.4343,1742849056,38661.4343,Rabbit
67e1c4deca61a52a92a65efb,1742849048,46664.1898,1742849056,38664.1898,Rabbit
67e1c4deca61a52a92a65efc,1742849048,46726.0366,1742849056,38726.0366,Rabbit
67e1c4deca61a52a92a65efd,1742849048,46788.5589,1742849056,38788.5589,Rabbit
67e1c4deca61a52a92a65efe,1742849048,46850.1999,1742849056,38850.1999,Rabbit
67e1c4deca61a52a92a65eff,1742849048,46851.8012,1742849056,38851.8012,Rabbit
67e1c4deca61a52a92a65f00,1742849048,46912.3409,1742849056,38912.3409,Rabbit
67e1c4deca61a52a92a65f01,1742849048,46914.7969,1742849056,38914.7969,Rabbit
67e1c4deca61a52a92a65f02,1742849048,46916.623,1742849056,38916.623,Rabbit
67e1c4deca61a52a92a65f03,1742849048,46943.9564,1742849056,38943.9564,Rabbit
67e1c4deca61a52a92a65f04,1742849048,46974.3647,1742849056,38974.3647,Rabbit
67e1c4deca61a52a92a65f05,1742849048,47005.4298,1742849056,39005.4298,Rabbit
67e1c4deca61a52a92a65f06,1742849048,47037.4092,1742849056,39037.4092,Rabbit
67e1c4deca61a52a92a65f07,1742849048,47039.3111,1742849056,39039.3111,Rabbit
67e1c4deca61a52a92a65f08,1742849048,47098.4909,1742849056,39098.4909,Rabbit
67e1c4deca61a52a92a65f09,1742849048,47100.2734,1742849056,39100.2734,Rabbit
67e1c4deca61a52a92a65f0a,1742849048,47129.5647,1742849056,39129.5647,Rabbit
67e1c4deca61a52a92a65f0b,1742849048,47160.5004,1742849056,39160.5004,Rabbit
67e1c4deca61a52a92a65f0c,1742849048,47162.3361,1742849056,39162.3361,Rabbit
67e1c4deca61a52a92a65f0d,1742849048,47192.7177,1742849056,39192.7177,Rabbit
67e1c4deca61a52a92a65f0e,1742849048,47253.5742,1742849056,39253.5742,Rabbit
67e1c4deca61a52a92a65f0f,1742849048,47315.5371,1742849056,39315.5371,Rabbit
67e1c4deca61a52a92a65f10,1742849048,47317.9099,1742849056,39317.9099,Rabbit
67e1c4deca61a52a92a65f11,1742849048,47320.5155,1742849056,39320.5155,Rabbit
67e1c4deca61a52a92a65f12,1742849048,47322.529,1742849056,39322.529,Rabbit
67e1c4deca61a52a92a65f13,1742849048,47346.688,1742849056,39346.688,Rabbit
67e1c4deca61a52a92a65f14,1742849048,47377.9503,1742849056,39377.9503,Rabbit
67e1c4deca61a52a92a65f15,1742849048,47410.2602,1742849056,39410.2602,Rabbit
67e1c4deca61a52a92a65f16,1742849048,47415.371,1742849056,39415.371,Rabbit
67e1c4deca61a52a92a65f17,1742849048,47417.2264,1742849056,39417.2264,Rabbit
67e1c4deca61a52a92a65f18,1742849048,47439.6359,1742849056,39439.6359,Rabbit
67e1c4deca61a52a92a65f19,1742849048,47472.911,1742849056,39472.911,Rabbit
67e1c4deca61a52a92a65f1a,1742849048,47474.8592,1742849056,39474.8592,Rabbit
67e1c4deca61a52a92a65f1b,1742849048,47532.8015,1742849056,39532.8015,Rabbit
67e1c4deca61a52a92a65f1c,1742849048,47564.5557,1742849056,39564.5557,Rabbit
67e1c4deca61a52a92a65f1d,1742849048,47565.9859,1742849056,39565.9859,Rabbit
67e1c4deca61a52a92a65f1e,1742849048,47594.6957,1742849056,39594.6957,Rabbit
67e1c4deca61a52a92a65f1f,1742849048,47656.854,1742849056,39656.854,Rabbit
67e1c4deca61a52a92a65f20,1742849048,47687.7586,1742849056,39687.7586,Rabbit
67e1c4deca61a52a92a65f21,1742849048,47689.2859,1742849056,39689.2859,Rabbit
67e1c4deca61a52a92a65f22,1742849048,47690.6433,1742849056,39690.6433,Rabbit
67e1c4deca61a52a92a65f23,1742849048,47749.9591,1742849056,39749.9591,Rabbit
67e1c4deca61a52a92a65f24,1742849048,47751.8918,1742849056,39751.8918,Rabbit
67e1c4deca61a52a92a65f25,1742849048,47782.0854,1742849056,39782.0854,Rabbit
67e1c4deca61a52a92a65f26,1742849048,47785.5206,1742849056,39785.5206,Rabbit
67e1c4deca61a52a92a65f27,1742849048,47787.2218,1742849056,39787.2218,Rabbit
67e1c4deca61a52a92a65f28,1742849048,47811.5717,1742849056,39811.5717,Rabbit
67e1c4deca61a52a92a65f29,1742849048,47844.6636,1742849056,39844.6636,Rabbit
67e1c4deca61a52a92a65f2a,1742849048,47847.8912,1742849056,39847.8912,Rabbit
67e1c4deca61a52a92a65f2b,1742849048,47851.1418,1742849056,39851.1418,Rabbit
67e1c4deca61a52a92a65f2c,1742849048,47852.5288,1742849056,39852.5288,Rabbit
67e1c4deca61a52a92a65f2d,1742849048,47854.4589,1742849056,39854.4589,Rabbit
67e1c4deca61a52a92a65f2e,1742849048,47889.0902,1742849056,39889.0902,Rabbit
67e1c4deca61a52a92a65f2f,1742849048,47920.7628,1742849056,39920.7628,Rabbit
67e1c4deca61a52a92a65f30,1742849048,47953.475,1742849056,39953.475,Rabbit
67e1c4deca61a52a92a65f31,1742849048,47955.8771,1742849056,39955.8771,Rabbit
67e1c4deca61a52a92a65f32,1742849048,47957.8467,1742849056,39957.8467,Rabbit
67e1c4deca61a52a92a65f33,1742849048,47959.5827,1742849056,39959.5827,Rabbit
67e1c4deca61a52a92a65f34,1742849048,47981.9672,1742849056,39981.9672,Rabbit
67e1c4deca61a52a92a65f35,1742849048,48013.0863,1742849056,40013.0863,Rabbit
67e1c4deca61a52a92a65f36,1742849048,48014.6388,1742849056,40014.6388,Rabbit
67e1c4deca61a52a92a65f37,1742849048,48044.0924,1742849056,40044.0924,Rabbit
67e1c4deca61a52a92a65f38,1742849048,48106.2327,1742849056,40106.2327,Rabbit
67e1c4deca61a52a92a65f39,1742849048,48107.8898,1742849056,40107.8898,Rabbit
67e1c4deca61a52a92a65f3a,1742849048,48137.2264,1742849056,40137.2264,Rabbit
67e1c4deca61a52a92a65f3b,1742849048,48199.0945,1742849056,40199.0945,Rabbit
67e1c4deca61a52a92a65f3c,1742849048,48231.9132,1742849056,40231.9132,Rabbit
67e1c4deca61a52a92a65f3d,1742849048,48262.3414,1742849056,40262.3414,Rabbit
67e1c4deca61a52a92a65f3e,1742849048,48264.2815,1742849056,40264.2815,Rabbit
67e1c4deca61a52a92a65f3f,1742849048,48265.9862,1742849056,40265.9862,Rabbit
67e1c4deca61a52a92a65f40,1742849048,48293.0386,1742849056,40293.0386,Rabbit
67e1c4deca61a52a92a65f41,1742849048,48324.0559,1742849056,40324.0559,Rabbit
67e1c4deca61a52a92a65f42,1742849048,48353.9841,1742849056,40353.9841,Rabbit
67e1c4deca61a52a92a65f43,1742849048,48386.6379,1742849056,40386.6379,Rabbit
67e1c4deca61a52a92a65f44,1742849048,48389.0458,1742849056,40389.0458,Rabbit
67e1c4deca61a52a92a65f45,1742849048,48391.2804,1742849056,40391.2804,Rabbit
67e1c4deca61a52a92a65f46,1742849048,48416.6515,1742849056,40416.6515,Rabbit
67e1c4deca61a52a92a65f47,1742849048,48447.5257,1742849056,40447.5257,Rabbit
67e1c4deca61a52a92a65f48,1742849048,48480.5961,1742849056,40480.5961,Rabbit
67e1c4deca61a52a92a65f49,1742849048,48510.3497,1742849056,40510.3497,Rabbit
67e1c4deca61a52a92a65f4a,1742849048,48511.8517,1742849056,40511.8517,Rabbit
67e1c4deca61a52a92a65f4b,1742849048,48540.8964,1742849056,40540.8964,Rabbit
67e1c4deca61a52a92a65f4c,1742849048,48602.3918,1742849056,40602.3918,Rabbit
67e1c4deca61a52a92a65f4d,1742849048,48633.4128,1742849056,40633.4128,Rabbit
67e1c4deca61a52a92a65f4e,1742849048,48664.3705,1742849056,40664.3705,Rabbit
67e1c4deca61a52a92a65f4f,1742849048,48726.8613,1742849056,40726.8613,Rabbit
67e1c4deca61a52a92a65f50,1742849048,48729.6489,1742849056,40729.6489,Rabbit
67e1c4deca61a52a92a65f51,1742849048,48731.5423,1742849056,40731.5423,Rabbit
67e1c4deca61a52a92a65f52,1742849048,48734.0603,1742849056,40734.0603,Rabbit
67e1c4deca61a52a92a65f53,1742849048,48735.9476,1742849056,40735.9476,Rabbit
67e1c4deca61a52a92a65f54,1742849048,48738.6317,1742849056,40738.6317,Rabbit
67e1c4deca61a52a92a65f55,1742849048,48740.9796,1742849056,40740.9796,Rabbit
67e1c4deca61a52a92a65f56,1742849048,48773.0696,1742849056,40773.0696,Rabbit
67e1c4deca61a52a92a65f57,1742849048,48805.4839,1742849056,40805.4839,Rabbit
67e1c4deca61a52a92a65f58,1742849048,48807.6293,1742849056,40807.6293,Rabbit
67e1c4deca61a52a92a65f59,1742849048,48834.9577,1742849056,40834.9577,Rabbit
67e1c4deca61a52a92a65f5a,1742849048,48897.493,1742849056,40897.493,Rabbit
67e1c4deca61a52a92a65f5b,1742849048,48900.6068,1742849056,40900.6068,Rabbit
67e1c4deca61a52a92a65f5c,1742849048,48928.4809,1742849056,40928.4809,Rabbit
67e1c4deca61a52a92a65f5d,1742849048,48930.5636,1742849056,40930.5636,Rabbit
67e1c4deca61a52a92a65f5e,1742849048,48932.2377,1742849056,40932.2377,Rabbit
67e1c4deca61a52a92a65f5f,1742849048,48933.8625,1742849056,40933.8625,Rabbit
67e1c4deca61a52a92a65f60,1742849048,48958.3259,1742849056,40958.3259,Rabbit
67e1c4deca61a52a92a65f61,1742849048,48965.4976,1742849056,40965.4976,Rabbit
67e1c4deca61a52a92a65f62,1742849048,48990.2268,1742849056,40990.2268,Rabbit
67e1c4deca61a52a92a65f63,1742849048,48991.9739,1742849056,40991.9739,Rabbit
67e1c4deca61a52a92a65f64,1742849048,49020.3295,1742849056,41020.3295,Rabbit
67e1c4deca61a52a92a65f65,1742849048,49052.1384,1742849056,41052.1384,Rabbit
67e1c4deca61a52a92a65f66,1742849048,49082.4494,1742849056,41082.4494,Rabbit
67e1c4deca61a52a92a65f67,1742849048,49084.1828,1742849056,41084.1828,Rabbit
67e1c4deca61a52a92a65f68,1742849048,49144.344,1742849056,41144.344,Rabbit
67e1c4deca61a52a92a65f69,1742849048,49206.5123,1742849056,41206.5123,Rabbit
67e1c4deca61a52a92a65f6a,1742849048,49237.2989,1742849056,41237.2989,Rabbit
67e1c4deca61a52a92a65f6b,1742849048,49270.0112,1742849056,41270.0112,Rabbit
67e1c4deca61a52a92a65f6c,1742849048,49271.771,1742849056,41271.771,Rabbit
67e1c4deca61a52a92a65f6d,1742849048,49273.3174,1742849056,41273.3174,Rabbit
67e1c4deca61a52a92a65f6e,1742849048,49299.4558,1742849056,41299.4558,Rabbit
67e1c4deca61a52a92a65f6f,1742849048,49361.4639,1742849056,41361.4639,Rabbit
67e1c4deca61a52a92a65f70,1742849048,49363.5279,1742849056,41363.5279,Rabbit
67e1c4deca61a52a92a65f71,1742849048,49393.9533,1742849056,41393.9533,Rabbit
67e1c4deca61a52a92a65f72,1742849048,49423.626,1742849056,41423.626,Rabbit
67e1c4deca61a52a92a65f73,1742849048,49455.1558,1742849056,41455.1558,Rabbit
67e1c4deca61a52a92a65f74,1742849048,49457.5542,1742849056,41457.5542,Rabbit
67e1c4deca61a52a92a65f75,1742849048,49460.2601,1742849056,41460.2601,Rabbit
67e1c4deca61a52a92a65f76,1742849048,49462.1489,1742849056,41462.1489,Rabbit
67e1c4deca61a52a92a65f77,1742849048,49464.335,1742849056,41464.335,Rabbit
67e1c4deca61a52a92a65f78,1742849048,49465.9038,1742849056,41465.9038,Rabbit
67e1c4deca61a52a92a65f79,1742849048,49467.9544,1742849056,41467.9544,Rabbit
67e1c4deca61a52a92a65f7a,1742849048,49501.3592,1742849056,41501.3592,Rabbit
67e1c4deca61a52a92a65f7b,1742849048,49532.0967,1742849056,41532.0967,Rabbit
67e1c4deca61a52a92a65f7c,1742849048,49534.2848,1742849056,41534.2848,Rabbit
67e1c4deca61a52a92a65f7d,1742849048,49563.2133,1742849056,41563.2133,Rabbit
67e1c4deca61a52a92a65f7e,1742849048,49624.9481,1742849056,41624.9481,Rabbit
67e1c4deca61a52a92a65f7f,1742849048,49655.8775,1742849056,41655.8775,Rabbit
67e1c4deca61a52a92a65f80,1742849048,49687.9673,1742849056,41687.9673,Rabbit
67e1c4deca61a52a92a65f81,1742849048,49689.5912,1742849056,41689.5912,Rabbit
67e1c4deca61a52a92a65f82,1742849048,49719.2426,1742849056,41719.2426,Rabbit
67e1c4deca61a52a92a65f83,1742849048,49720.9063,1742849056,41720.9063,Rabbit
67e1c4deca61a52a92a65f84,1742849048,49750.8137,1742849056,41750.8137,Rabbit
67e1c4deca61a52a92a65f85,1742849048,49811.1841,1742849056,41811.1841,Rabbit
67e1c4deca61a52a92a65f86,1742849048,49873.0747,1742849056,41873.0747,Rabbit
67e1c4deca61a52a92a65f87,1742849048,49935.0154,1742849056,41935.0154,Rabbit
67e1c4deca61a52a92a65f88,1742849048,49966.004,1742849056,41966.004,Rabbit
67e1c4deca61a52a92a65f89,1742849048,49998.5247,1742849056,41998.5247,Rabbit
67e1c4deca61a52a92a65f8a,1742849048,50028.9028,1742849056,42028.9028,Rabbit
67e1c4deca61a52a92a65f8b,1742849048,50059.0064,1742849056,42059.0064,Rabbit
67e1c4deca61a52a92a65f8c,1742849048,50060.6437,1742849056,42060.6437,Rabbit
67e1c4deca61a52a92a65f8d,1742849048,50062.24,1742849056,42062.24,Rabbit
67e1c4deca61a52a92a65f8e,1742849048,50064.0151,1742849056,42064.0151,Rabbit
67e1c4deca61a52a92a65f8f,1742849048,50121.0449,1742849056,42121.0449,Rabbit
67e1c4deca61a52a92a65f90,1742849048,50122.6383,1742849056,42122.6383,Rabbit
67e1c4deca61a52a92a65f91,1742849048,50182.9653,1742849056,42182.9653,Rabbit
67e1c4deca61a52a92a65f92,1742849048,50214.1232,1742849056,42214.1232,Rabbit
67e1c4deca61a52a92a65f93,1742849048,50276.1325,1742849056,42276.1325,Rabbit
67e1c4deca61a52a92a65f94,1742849048,50307.7766,1742849056,42307.7766,Rabbit
67e1c4deca61a52a92a65f95,1742849048,50368.9527,1742849056,42368.9527,Rabbit
67e1c4deca61a52a92a65f96,1742849048,50431.1234,1742849056,42431.1234,Rabbit
67e1c4deca61a52a92a65f97,1742849048,50432.8627,1742849056,42432.8627,Rabbit
67e1c4deca61a52a92a65f98,1742849048,50463.0728,1742849056,42463.0728,Rabbit
67e1c4deca61a52a92a65f99,1742849048,50493.1344,1742849056,42493.1344,Rabbit
67e1c4deca61a52a92a65f9a,1742849048,50494.7359,1742849056,42494.7359,Rabbit
67e1c4deca61a52a92a65f9b,1742849048,50496.599,1742849056,42496.599,Rabbit
67e1c4deca61a52a92a65f9c,1742849048,50524.0622,1742849056,42524.0622,Rabbit
67e1c4deca61a52a92a65f9d,1742849048,50556.0309,1742849056,42556.0309,Rabbit
67e1c4deca61a52a92a65f9e,1742849048,50617.032,1742849056,42617.032,Rabbit
67e1c4deca61a52a92a65f9f,1742849048,50648.0818,1742849056,42648.0818,Rabbit
67e1c4deca61a52a92a65fa0,1742849048,50709.6775,1742849056,42709.6775,Rabbit
67e1c4deca61a52a92a65fa1,1742849048,50740.7925,1742849056,42740.7925,Rabbit
67e1c4deca61a52a92a65fa2,1742849048,50742.7088,1742849056,42742.7088,Rabbit
67e1c4deca61a52a92a65fa3,1742849048,50744.6281,1742849056,42744.6281,Rabbit
67e1c4deca61a52a92a65fa4,1742849048,50746.4204,1742849056,42746.4204,Rabbit
67e1c4deca61a52a92a65fa5,1742849048,50748.1138,1742849056,42748.1138,Rabbit
67e1c4deca61a52a92a65fa6,1742849048,50749.5265,1742849056,42749.5265,Rabbit
67e1c4deca61a52a92a65fa7,1742849048,50751.4615,1742849056,42751.4615,Rabbit
67e1c4deca61a52a92a65fa8,1742849048,50753.1245,1742849056,42753.1245,Rabbit
67e1c4deca61a52a92a65fa9,1742849048,50788.4513,1742849056,42788.4513,Rabbit
67e1c4deca61a52a92a65faa,1742849048,50849.2582,1742849056,42849.2582,Rabbit
67e1c4deca61a52a92a65fab,1742849048,50911.4484,1742849056,42911.4484,Rabbit
67e1c4deca61a52a92a65fac,1742849048,50913.2504,1742849056,42913.2504,Rabbit
67e1c4deca61a52a92a65fad,1742849048,50914.7871,1742849056,42914.7871,Rabbit
67e1c4deca61a52a92a65fae,1742849048,50916.5127,1742849056,42916.5127,Rabbit
67e1c4deca61a52a92a65faf,1742849048,50918.154,1742849056,42918.154,Rabbit
67e1c4deca61a52a92a65fb0,1742849048,50919.7482,1742849056,42919.7482,Rabbit
67e1c4deca61a52a92a65fb1,1742849048,50921.3153,1742849056,42921.3153,Rabbit
67e1c4deca61a52a92a65fb2,1742849048,50924.4668,1742849056,42924.4668,Rabbit
67e1c4deca61a52a92a65fb3,1742849048,50926.7982,1742849056,42926.7982,Rabbit
67e1c4deca61a52a92a65fb4,1742849048,50928.5994,1742849056,42928.5994,Rabbit
67e1c4deca61a52a92a65fb5,1742849048,50930.3918,1742849056,42930.3918,Rabbit
67e1c4deca61a52a92a65fb6,1742849048,50931.9613,1742849056,42931.9613,Rabbit
67e1c4deca61a52a92a65fb7,1742849048,50933.5565,1742849056,42933.5565,Rabbit
67e1c4deca61a52a92a65fb8,1742849048,50958.4379,1742849056,42958.4379,Rabbit
67e1c4deca61a52a92a65fb9,1742849048,50988.8156,1742849056,42988.8156,Rabbit
67e1c4deca61a52a92a65fba,1742849048,51050.574,1742849056,43050.574,Rabbit
67e1c4deca61a52a92a65fbb,1742849048,51112.5645,1742849056,43112.5645,Rabbit
67e1c4deca61a52a92a65fbc,1742849048,51175.2498,1742849056,43175.2498,Rabbit
67e1c4deca61a52a92a65fbd,1742849048,51178.9966,1742849056,43178.9966,Rabbit
67e1c4deca61a52a92a65fbe,1742849048,51182.022,1742849056,43182.022,Rabbit
67e1c4deca61a52a92a65fbf,1742849048,51206.858,1742849056,43206.858,Rabbit
67e1c4deca61a52a92a65fc0,1742849048,51238.3838,1742849056,43238.3838,Rabbit
67e1c4deca61a52a92a65fc1,1742849048,51240.0881,1742849056,43240.0881,Rabbit
67e1c4deca61a52a92a65fc2,1742849048,51241.7881,1742849056,43241.7881,Rabbit
67e1c4deca61a52a92a65fc3,1742849048,51243.3762,1742849056,43243.3762,Rabbit
67e1c4deca61a52a92a65fc4,1742849048,51245.0212,1742849056,43245.0212,Rabbit
67e1c4deca61a52a92a65fc5,1742849048,51246.5937,1742849056,43246.5937,Rabbit
67e1c4deca61a52a92a65fc6,1742849048,51268.7791,1742849056,43268.7791,Rabbit
67e1c4deca61a52a92a65fc7,1742849048,51298.647,1742849056,43298.647,Rabbit
67e1c4deca61a52a92a65fc8,1742849048,51331.6784,1742849056,43331.6784,Rabbit
67e1c4deca61a52a92a65fc9,1742849048,51333.3834,1742849056,43333.3834,Rabbit
67e1c4deca61a52a92a65fca,1742849048,51335.6394,1742849056,43335.6394,Rabbit
67e1c4deca61a52a92a65fcb,1742849048,51361.6331,1742849056,43361.6331,Rabbit
67e1c4deca61a52a92a65fcc,1742849048,51363.6904,1742849056,43363.6904,Rabbit
67e1c4deca61a52a92a65fcd,1742849048,51366.2473,1742849056,43366.2473,Rabbit
67e1c4deca61a52a92a65fce,1742849048,51368.4717,1742849056,43368.4717,Rabbit
67e1c4deca61a52a92a65fcf,1742849048,51370.8463,1742849056,43370.8463,Rabbit
67e1c4deca61a52a92a65d23,1742849048,33318.8707,1742849055,26318.8707,Rabbit
67e1c4deca61a52a92a65d24,1742849048,33349.8827,1742849055,26349.8827,Rabbit
67e1c4deca61a52a92a65d25,1742849048,33355.3453,1742849055,26355.3453,Rabbit
67e1c4deca61a52a92a65d26,1742849048,33357.5848,1742849055,26357.5848,Rabbit
67e1c4deca61a52a92a65d27,1742849048,33380.9354,1742849055,26380.9354,Rabbit
67e1c4deca61a52a92a65d28,1742849048,33382.9848,1742849055,26382.9848,Rabbit
67e1c4deca61a52a92a65d29,1742849048,33384.8108,1742849055,26384.8108,Rabbit
67e1c4deca61a52a92a65d2a,1742849048,33386.6586,1742849055,26386.6586,Rabbit
67e1c4deca61a52a92a65d2b,1742849048,33411.9086,1742849055,26411.9086,Rabbit
67e1c4deca61a52a92a65d2c,1742849048,33442.8171,1742849055,26442.8171,Rabbit
67e1c4deca61a52a92a65d2d,1742849048,33473.7317,1742849055,26473.7317,Rabbit
67e1c4deca61a52a92a65d2e,1742849048,33505.1022,1742849055,26505.1022,Rabbit
67e1c4deca61a52a92a65d2f,1742849048,33566.8578,1742849055,26566.8578,Rabbit
67e1c4deca61a52a92a65d30,1742849048,33628.7522,1742849055,26628.7522,Rabbit
67e1c4deca61a52a92a65d31,1742849048,33630.719,1742849055,26630.719,Rabbit
67e1c4deca61a52a92a65d32,1742849048,33659.7819,1742849055,26659.7819,Rabbit
67e1c4deca61a52a92a65d33,1742849048,33721.8139,1742849055,26721.8139,Rabbit
67e1c4deca61a52a92a65d34,1742849048,33753.5275,1742849055,26753.5275,Rabbit
67e1c4deca61a52a92a65d35,1742849048,33756.0504,1742849055,26756.0504,Rabbit
67e1c4deca61a52a92a65d36,1742849048,33758.3106,1742849055,26758.3106,Rabbit
67e1c4deca61a52a92a65d37,1742849048,33761.095,1742849055,26761.095,Rabbit
67e1c4deca61a52a92a65d38,1742849048,33763.4904,1742849055,26763.4904,Rabbit
67e1c4deca61a52a92a65d39,1742849048,33802.875,1742849055,26802.875,Rabbit
67e1c4deca61a52a92a65d3a,1742849048,33804.9335,1742849055,26804.9335,Rabbit
67e1c4deca61a52a92a65d3b,1742849048,33830.3958,1742849055,26830.3958,Rabbit
67e1c4deca61a52a92a65d3c,1742849048,33863.1638,1742849055,26863.1638,Rabbit
67e1c4deca61a52a92a65d3d,1742849048,33865.1023,1742849055,26865.1023,Rabbit
67e1c4deca61a52a92a65d3e,1742849048,33923.4556,1742849055,26923.4556,Rabbit
67e1c4deca61a52a92a65d3f,1742849048,33927.5303,1742849055,26927.5303,Rabbit
67e1c4deca61a52a92a65d40,1742849048,33930.4879,1742849055,26930.4879,Rabbit
67e1c4deca61a52a92a65d41,1742849048,33932.2735,1742849055,26932.2735,Rabbit
67e1c4deca61a52a92a65d42,1742849048,33985.4372,1742849055,26985.4372,Rabbit
67e1c4deca61a52a92a65d43,1742849048,34016.4435,1742849055,27016.4435,Rabbit
67e1c4deca61a52a92a65d44,1742849048,34078.2542,1742849055,27078.2542,Rabbit
67e1c4deca61a52a92a65d45,1742849048,34079.7442,1742849055,27079.7442,Rabbit
67e1c4deca61a52a92a65d46,1742849048,34081.2802,1742849055,27081.2802,Rabbit
67e1c4deca61a52a92a65d47,1742849048,34109.2697,1742849055,27109.2697,Rabbit
67e1c4deca61a52a92a65d48,1742849048,34142.2723,1742849055,27142.2723,Rabbit
67e1c4deca61a52a92a65d49,1742849048,34202.3779,1742849055,27202.3779,Rabbit
67e1c4deca61a52a92a65d4a,1742849048,34204.174,1742849055,27204.174,Rabbit
67e1c4deca61a52a92a65d4b,1742849048,34206.3465,1742849055,27206.3465,Rabbit
67e1c4deca61a52a92a65d4c,1742849048,34233.4587,1742849055,27233.4587,Rabbit
67e1c4deca61a52a92a65d4d,1742849048,34265.7715,1742849055,27265.7715,Rabbit
67e1c4deca61a52a92a65d4e,1742849048,34295.3526,1742849055,27295.3526,Rabbit
67e1c4deca61a52a92a65d4f,1742849048,34357.4004,1742849055,27357.4004,Rabbit
67e1c4deca61a52a92a65d50,1742849048,34388.3157,1742849055,27388.3157,Rabbit
67e1c4deca61a52a92a65d51,1742849048,34450.8898,1742849055,27450.8898,Rabbit
67e1c4deca61a52a92a65d52,1742849048,34452.8864,1742849055,27452.8864,Rabbit
67e1c4deca61a52a92a65d53,1742849048,34454.5517,1742849055,27454.5517,Rabbit
67e1c4deca61a52a92a65d54,1742849048,34456.5851,1742849055,27456.5851,Rabbit
67e1c4deca61a52a92a65d55,1742849048,34458.255,1742849055,27458.255,Rabbit
67e1c4deca61a52a92a65d56,1742849048,34460.173,1742849055,27460.173,Rabbit
67e1c4deca61a52a92a65d57,1742849048,34512.1145,1742849055,27512.1145,Rabbit
67e1c4deca61a52a92a65d58,1742849048,34513.8046,1742849055,27513.8046,Rabbit
67e1c4deca61a52a92a65d59,1742849048,34544.3535,1742849055,27544.3535,Rabbit
67e1c4deca61a52a92a65d5a,1742849048,34546.095,1742849055,27546.095,Rabbit
67e1c4deca61a52a92a65d5b,1742849048,34574.2245,1742849055,27574.2245,Rabbit
67e1c4deca61a52a92a65d5c,1742849048,34636.1053,1742849055,27636.1053,Rabbit
67e1c4deca61a52a92a65d5d,1742849048,34698.6066,1742849055,27698.6066,Rabbit
67e1c4deca61a52a92a65d5e,1742849048,34760.3867,1742849055,27760.3867,Rabbit
67e1c4deca61a52a92a65d5f,1742849048,34792.3655,1742849055,27792.3655,Rabbit
67e1c4deca61a52a92a65d60,1742849048,34853.5608,1742849055,27853.5608,Rabbit
67e1c4deca61a52a92a65d61,1742849048,34855.8982,1742849055,27855.8982,Rabbit
67e1c4deca61a52a92a65d62,1742849048,34915.3853,1742849055,27915.3853,Rabbit
67e1c4deca61a52a92a65d63,1742849048,34977.4133,1742849055,27977.4133,Rabbit
67e1c4deca61a52a92a65d64,1742849048,35039.4426,1742849055,28039.4426,Rabbit
67e1c4deca61a52a92a65d65,1742849048,35101.3562,1742849055,28101.3562,Rabbit
67e1c4deca61a52a92a65d66,1742849048,35103.3935,1742849055,28103.3935,Rabbit
67e1c4deca61a52a92a65d67,1742849048,35132.4966,1742849055,28132.4966,Rabbit
67e1c4deca61a52a92a65d68,1742849048,35194.3558,1742849055,28194.3558,Rabbit
67e1c4deca61a52a92a65d69,1742849048,35256.5429,1742849055,28256.5429,Rabbit
67e1c4deca61a52a92a65d6a,1742849048,35289.4593,1742849055,28289.4593,Rabbit
67e1c4deca61a52a92a65d6b,1742849048,35319.6095,1742849055,28319.6095,Rabbit
67e1c4deca61a52a92a65d6c,1742849048,35321.8717,1742849055,28321.8717,Rabbit
67e1c4deca61a52a92a65d6d,1742849048,35323.5858,1742849055,28323.5858,Rabbit
67e1c4deca61a52a92a65d6e,1742849048,35325.2545,1742849055,28325.2545,Rabbit
67e1c4deca61a52a92a65d6f,1742849048,35349.4416,1742849055,28349.4416,Rabbit
67e1c4deca61a52a92a65d70,1742849048,35381.2178,1742849055,28381.2178,Rabbit
67e1c4deca61a52a92a65d71,1742849048,35412.1728,1742849055,28412.1728,Rabbit
67e1c4deca61a52a92a65d72,1742849048,35414.6311,1742849055,28414.6311,Rabbit
67e1c4deca61a52a92a65d73,1742849048,35416.681,1742849055,28416.681,Rabbit
67e1c4deca61a52a92a65d74,1742849048,35418.5036,1742849055,28418.5036,Rabbit
67e1c4deca61a52a92a65d75,1742849048,35420.4019,1742849055,28420.4019,Rabbit
67e1c4deca61a52a92a65d76,1742849048,35442.5743,1742849055,28442.5743,Rabbit
67e1c4deca61a52a92a65d77,1742849048,35473.8633,1742849055,28473.8633,Rabbit
67e1c4deca61a52a92a65d78,1742849048,35536.421,1742849055,28536.421,Rabbit
67e1c4deca61a52a92a65d79,1742849048,35566.9727,1742849055,28566.9727,Rabbit
67e1c4deca61a52a92a65d7a,1742849048,35597.8072,1742849055,28597.8072,Rabbit
67e1c4deca61a52a92a65d7b,1742849048,35659.871,1742849055,28659.871,Rabbit
67e1c4deca61a52a92a65d7c,1742849048,35691.3612,1742849055,28691.3612,Rabbit
67e1c4deca61a52a92a65d7d,1742849048,35693.1152,1742849055,28693.1152,Rabbit
67e1c4deca61a52a92a65d7e,1742849048,35694.8026,1742849055,28694.8026,Rabbit
67e1c4deca61a52a92a65d7f,1742849048,35696.5761,1742849055,28696.5761,Rabbit
67e1c4deca61a52a92a65d80,1742849048,35721.6027,1742849055,28721.6027,Rabbit
67e1c4deca61a52a92a65d81,1742849048,35752.3955,1742849055,28752.3955,Rabbit
67e1c4deca61a52a92a65d82,1742849048,35753.9939,1742849055,28753.9939,Rabbit
67e1c4deca61a52a92a65d83,1742849048,35815.2465,1742849055,28815.2465,Rabbit
67e1c4deca61a52a92a65d84,1742849048,35816.9514,1742849055,28816.9514,Rabbit
67e1c4deca61a52a92a65d85,1742849048,35819.4259,1742849055,28819.4259,Rabbit
67e1c4deca61a52a92a65d86,1742849048,35821.7272,1742849055,28821.7272,Rabbit
67e1c4deca61a52a92a65d87,1742849048,35845.588,1742849055,28845.588,Rabbit
67e1c4deca61a52a92a65d88,1742849048,35847.5116,1742849055,28847.5116,Rabbit
67e1c4deca61a52a92a65d89,1742849048,35849.7547,1742849055,28849.7547,Rabbit
67e1c4deca61a52a92a65d8a,1742849048,35907.5402,1742849055,28907.5402,Rabbit
67e1c4deca61a52a92a65d8b,1742849048,35910.8364,1742849055,28910.8364,Rabbit
67e1c4deca61a52a92a65d8c,1742849048,35939.2186,1742849055,28939.2186,Rabbit
67e1c4deca61a52a92a65d8d,1742849048,35970.286,1742849055,28970.286,Rabbit
67e1c4deca61a52a92a65d8e,1742849048,36001.7783,1742849055,29001.7783,Rabbit
67e1c4deca61a52a92a65d8f,1742849048,36003.6455,1742849055,29003.6455,Rabbit
67e1c4deca61a52a92a65d90,1742849048,36062.4313,1742849055,29062.4313,Rabbit
67e1c4deca61a52a92a65d91,1742849048,36124.4959,1742849055,29124.4959,Rabbit
67e1c4deca61a52a92a65d92,1742849048,36186.3728,1742849055,29186.3728,Rabbit
67e1c4deca61a52a92a65d93,1742849048,36217.4743,1742849055,29217.4743,Rabbit
67e1c4deca61a52a92a65d94,1742849048,36248.5592,1742849055,29248.5592,Rabbit
67e1c4deca61a52a92a65d95,1742849048,36310.501,1742849055,29310.501,Rabbit
67e1c4deca61a52a92a65d96,1742849048,36343.1105,1742849055,29343.1105,Rabbit
67e1c4deca61a52a92a65d97,1742849048,36372.582,1742849055,29372.582,Rabbit
67e1c4deca61a52a92a65d98,1742849048,36374.1679,1742849055,29374.1679,Rabbit
67e1c4deca61a52a92a65d99,1742849048,36375.4492,1742849055,29375.4492,Rabbit
67e1c4deca61a52a92a65d9a,1742849048,36377.0877,1742849055,29377.0877,Rabbit
67e1c4deca61a52a92a65d9b,1742849048,36403.5353,1742849055,29403.5353,Rabbit
67e1c4deca61a52a92a65d9c,1742849048,36435.717,1742849055,29435.717,Rabbit
67e1c4deca61a52a92a65d9d,1742849048,36466.22,1742849055,29466.22,Rabbit
67e1c4deca61a52a92a65d9e,1742849048,36497.2916,1742849055,29497.2916,Rabbit
67e1c4deca61a52a92a65d9f,1742849048,36498.7633,1742849055,29498.7633,Rabbit
67e1c4deca61a52a92a65da0,1742849048,36500.2403,1742849055,29500.2403,Rabbit
67e1c4deca61a52a92a65da1,1742849048,36528.241,1742849055,29528.241,Rabbit
67e1c4deca61a52a92a65da2,1742849048,36589.4932,1742849055,29589.4932,Rabbit
67e1c4deca61a52a92a65da3,1742849048,36591.2124,1742849055,29591.2124,Rabbit
67e1c4deca61a52a92a65da4,1742849048,36621.5972,1742849055,29621.5972,Rabbit
67e1c4deca61a52a92a65da5,1742849048,36652.4621,1742849055,29652.4621,Rabbit
67e1c4deca61a52a92a65da6,1742849048,36655.7952,1742849055,29655.7952,Rabbit
67e1c4deca61a52a92a65da7,1742849048,36657.4137,1742849055,29657.4137,Rabbit
67e1c4deca61a52a92a65da8,1742849048,36660.34,1742849055,29660.34,Rabbit
67e1c4deca61a52a92a65da9,1742849048,36713.5566,1742849055,29713.5566,Rabbit
67e1c4deca61a52a92a65daa,1742849048,36776.5819,1742849055,29776.5819,Rabbit
67e1c4deca61a52a92a65dab,1742849048,36778.7943,1742849055,29778.7943,Rabbit
67e1c4deca61a52a92a65dac,1742849048,36837.9174,1742849055,29837.9174,Rabbit
67e1c4deca61a52a92a65dad,1742849048,36868.4042,1742849055,29868.4042,Rabbit
67e1c4deca61a52a92a65dae,1742849048,36870.5534,1742849055,29870.5534,Rabbit
67e1c4deca61a52a92a65daf,1742849048,36872.8898,1742849055,29872.8898,Rabbit
67e1c4deca61a52a92a65db0,1742849048,36899.7815,1742849055,29899.7815,Rabbit
67e1c4deca61a52a92a65db1,1742849048,36901.819,1742849055,29901.819,Rabbit
67e1c4deca61a52a92a65db2,1742849048,36961.3521,1742849055,29961.3521,Rabbit
67e1c4deca61a52a92a65db3,1742849048,37023.4688,1742849055,30023.4688,Rabbit
67e1c4deca61a52a92a65db4,1742849048,37054.8893,1742849055,30054.8893,Rabbit
67e1c4deca61a52a92a65db5,1742849048,37086.8334,1742849055,30086.8334,Rabbit
67e1c4deca61a52a92a65db6,1742849048,37117.2701,1742849055,30117.2701,Rabbit
67e1c4deca61a52a92a65db7,1742849048,37118.8895,1742849055,30118.8895,Rabbit
67e1c4deca61a52a92a65db8,1742849048,37148.1088,1742849055,30148.1088,Rabbit
67e1c4deca61a52a92a65db9,1742849048,37209.4591,1742849055,30209.4591,Rabbit
67e1c4deca61a52a92a65dba,1742849048,37271.2153,1742849055,30271.2153,Rabbit
67e1c4deca61a52a92a65dbb,1742849048,37303.3363,1742849055,30303.3363,Rabbit
67e1c4deca61a52a92a65dbc,1742849048,37305.1697,1742849055,30305.1697,Rabbit
67e1c4deca61a52a92a65dbd,1742849048,37334.7292,1742849055,30334.7292,Rabbit
67e1c4deca61a52a92a65dbe,1742849048,37336.4673,1742849055,30336.4673,Rabbit
67e1c4deca61a52a92a65dbf,1742849048,37395.2796,1742849055,30395.2796,Rabbit
67e1c4deca61a52a92a65dc0,1742849048,37427.395,1742849055,30427.395,Rabbit
67e1c4deca61a52a92a65dc1,1742849048,37457.3366,1742849055,30457.3366,Rabbit
67e1c4deca61a52a92a65dc2,1742849048,37489.2243,1742849055,30489.2243,Rabbit
67e1c4deca61a52a92a65dc3,1742849048,37520.3904,1742849055,30520.3904,Rabbit
67e1c4deca61a52a92a65dc4,1742849048,37527.2632,1742849055,30527.2632,Rabbit
67e1c4deca61a52a92a65dc5,1742849048,37530.3404,1742849055,30530.3404,Rabbit
67e1c4deca61a52a92a65dc6,1742849048,37532.1904,1742849055,30532.1904,Rabbit
67e1c4deca61a52a92a65dc7,1742849048,37534.11,1742849055,30534.11,Rabbit
67e1c4deca61a52a92a65dc8,1742849048,37536.2865,1742849055,30536.2865,Rabbit
67e1c4deca61a52a92a65dc9,1742849048,37539.6303,1742849055,30539.6303,Rabbit
67e1c4deca61a52a92a65dca,1742849048,37541.9665,1742849055,30541.9665,Rabbit
67e1c4deca61a52a92a65dcb,1742849048,37544.435,1742849055,30544.435,Rabbit
67e1c4deca61a52a92a65dcc,1742849048,37546.3548,1742849055,30546.3548,Rabbit
67e1c4deca61a52a92a65dcd,1742849048,37581.133,1742849055,30581.133,Rabbit
67e1c4deca61a52a92a65dce,1742849048,37643.1764,1742849055,30643.1764,Rabbit
67e1c4deca61a52a92a65dcf,1742849048,37674.2041,1742849055,30674.2041,Rabbit
67e1c4deca61a52a92a65dd0,1742849048,37705.2349,1742849055,30705.2349,Rabbit
67e1c4deca61a52a92a65dd1,1742849048,37766.6938,1742849055,30766.6938,Rabbit
67e1c4deca61a52a92a65dd2,1742849048,37797.7216,1742849055,30797.7216,Rabbit
67e1c4deca61a52a92a65dd3,1742849048,37830.0912,1742849055,30830.0912,Rabbit
67e1c4deca61a52a92a65dd4,1742849048,37831.7928,1742849055,30831.7928,Rabbit
67e1c4deca61a52a92a65dd5,1742849048,37861.6094,1742849055,30861.6094,Rabbit
67e1c4deca61a52a92a65dd6,1742849048,37892.0196,1742849055,30892.0196,Rabbit
67e1c4deca61a52a92a65dd7,1742849048,37921.7253,1742849055,30921.7253,Rabbit
67e1c4deca61a52a92a65dd8,1742849048,37923.4283,1742849055,30923.4283,Rabbit
67e1c4deca61a52a92a65dd9,1742849048,37953.9259,1742849055,30953.9259,Rabbit
67e1c4deca61a52a92a65dda,1742849048,37985.2187,1742849055,30985.2187,Rabbit
67e1c4deca61a52a92a65ddb,1742849048,38014.7549,1742849055,31014.7549,Rabbit
67e1c4deca61a52a92a65ddc,1742849048,38016.2513,1742849055,31016.2513,Rabbit
67e1c4deca61a52a92a65ddd,1742849048,38045.959,1742849055,31045.959,Rabbit
67e1c4deca61a52a92a65dde,1742849048,38048.6653,1742849055,31048.6653,Rabbit
67e1c4deca61a52a92a65ddf,1742849048,38050.7057,1742849055,31050.7057,Rabbit
67e1c4deca61a52a92a65de0,1742849048,38077.8995,1742849055,31077.8995,Rabbit
67e1c4deca61a52a92a65de1,1742849048,38079.8093,1742849055,31079.8093,Rabbit
67e1c4deca61a52a92a65de2,1742849048,38108.0197,1742849055,31108.0197,Rabbit
67e1c4deca61a52a92a65de3,1742849048,38109.7117,1742849055,31109.7117,Rabbit
67e1c4deca61a52a92a65de4,1742849048,38139.2935,1742849055,31139.2935,Rabbit
67e1c4deca61a52a92a65de5,1742849048,38142.1698,1742849055,31142.1698,Rabbit
67e1c4deca61a52a92a65de6,1742849048,38174.7584,1742849055,31174.7584,Rabbit
67e1c4deca61a52a92a65de7,1742849048,38177.1063,1742849055,31177.1063,Rabbit
67e1c4deca61a52a92a65de8,1742849048,38180.0023,1742849055,31180.0023,Rabbit
67e1c4deca61a52a92a65de9,1742849048,38216.3797,1742849055,31216.3797,Rabbit
67e1c4deca61a52a92a65dea,1742849048,38248.7069,1742849055,31248.7069,Rabbit
67e1c4deca61a52a92a65deb,1742849048,38251.1176,1742849055,31251.1176,Rabbit
67e1c4deca61a52a92a65dec,1742849048,38253.0529,1742849055,31253.0529,Rabbit
67e1c4deca61a52a92a65ded,1742849048,38279.315,1742849055,31279.315,Rabbit
67e1c4deca61a52a92a65dee,1742849048,38310.498,1742849055,31310.498,Rabbit
67e1c4deca61a52a92a65def,1742849048,38312.4443,1742849055,31312.4443,Rabbit
67e1c4deca61a52a92a65df0,1742849048,38340.4326,1742849055,31340.4326,Rabbit
67e1c4deca61a52a92a65df1,1742849048,38372.3142,1742849055,31372.3142,Rabbit
67e1c4deca61a52a92a65df2,1742849048,38434.0342,1742849055,31434.0342,Rabbit
67e1c4deca61a52a92a65df3,1742849048,38436.1397,1742849055,31436.1397,Rabbit
67e1c4deca61a52a92a65df4,1742849048,38439.6594,1742849055,31439.6594,Rabbit
67e1c4deca61a52a92a65df5,1742849048,38495.629,1742849055,31495.629,Rabbit
67e1c4deca61a52a92a65df6,1742849048,38526.4759,1742849055,31526.4759,Rabbit
67e1c4deca61a52a92a65df7,1742849048,38588.5686,1742849055,31588.5686,Rabbit
67e1c4deca61a52a92a65df8,1742849048,38620.4609,1742849055,31620.4609,Rabbit
67e1c4deca61a52a92a65df9,1742849048,38652.1284,1742849055,31652.1284,Rabbit
67e1c4deca61a52a92a65dfa,1742849048,38683.1962,1742849055,31683.1962,Rabbit
67e1c4deca61a52a92a65dfb,1742849048,38713.7597,1742849055,31713.7597,Rabbit
67e1c4deca61a52a92a65dfc,1742849048,38745.064,1742849055,31745.064,Rabbit
67e1c4deca61a52a92a65dfd,1742849048,38806.5365,1742849055,31806.5365,Rabbit
67e1c4deca61a52a92a65dfe,1742849048,38811.8618,1742849055,31811.8618,Rabbit
67e1c4deca61a52a92a65dff,1742849048,38836.6188,1742849055,31836.6188,Rabbit
67e1c4deca61a52a92a65e00,1742849048,38867.6337,1742849055,31867.6337,Rabbit
67e1c4deca61a52a92a65e01,1742849048,38898.9917,1742849055,31898.9917,Rabbit
67e1c4deca61a52a92a65e02,1742849048,38930.4133,1742849055,31930.4133,Rabbit
67e1c4deca61a52a92a65e03,1742849048,38960.5434,1742849055,31960.5434,Rabbit
67e1c4deca61a52a92a65e04,1742849048,39022.7634,1742849055,32022.7634,Rabbit
67e1c4deca61a52a92a65e05,1742849048,39084.8248,1742849055,32084.8248,Rabbit
67e1c4deca61a52a92a65e06,1742849048,39115.5777,1742849055,32115.5777,Rabbit
67e1c4deca61a52a92a65e07,1742849048,39146.6102,1742849055,32146.6102,Rabbit
67e1c4deca61a52a92a65e08,1742849048,39178.7371,1742849055,32178.7371,Rabbit
67e1c4deca61a52a92a65e09,1742849048,39209.4696,1742849055,32209.4696,Rabbit
67e1c4deca61a52a92a65e0a,1742849048,39240.621,1742849055,32240.621,Rabbit
67e1c4deca61a52a92a65e0b,1742849048,39271.6391,1742849055,32271.6391,Rabbit
67e1c4deca61a52a92a65e0c,1742849048,39332.7715,1742849055,32332.7715,Rabbit
67e1c4deca61a52a92a65e0d,1742849048,39365.3074,1742849055,32365.3074,Rabbit
67e1c4deca61a52a92a65e0e,1742849048,39367.2557,1742849055,32367.2557,Rabbit
67e1c4deca61a52a92a65e0f,1742849048,39369.4031,1742849055,32369.4031,Rabbit
67e1c4deca61a52a92a65e10,1742849048,39371.1969,1742849055,32371.1969,Rabbit
67e1c4deca61a52a92a65e11,1742849048,39372.9812,1742849055,32372.9812,Rabbit
67e1c4deca61a52a92a65e12,1742849048,39374.6391,1742849055,32374.6391,Rabbit
67e1c4deca61a52a92a65e13,1742849048,39376.3839,1742849055,32376.3839,Rabbit
67e1c4deca61a52a92a65e14,1742849048,39410.253,1742849055,32410.253,Rabbit
67e1c4deca61a52a92a65e15,1742849048,39441.5798,1742849055,32441.5798,Rabbit
67e1c4deca61a52a92a65e16,1742849048,39446.9499,1742849055,32446.9499,Rabbit
67e1c4deca61a52a92a65e17,1742849048,39448.85,1742849055,32448.85,Rabbit
67e1c4deca61a52a92a65e18,1742849048,39451.2393,1742849055,32451.2393,Rabbit
67e1c4deca61a52a92a65e19,1742849048,39453.2437,1742849055,32453.2437,Rabbit
67e1c4deca61a52a92a65e1a,1742849048,39455.4199,1742849055,32455.4199,Rabbit
67e1c4deca61a52a92a65e1b,1742849048,39457.2148,1742849055,32457.2148,Rabbit
67e1c4deca61a52a92a65e1c,1742849048,39459.538,1742849055,32459.538,Rabbit
67e1c4deca61a52a92a65e1d,1742849048,39460.76,1742849055,32460.76,Rabbit
67e1c4deca61a52a92a65e1e,1742849048,39462.127,1742849055,32462.127,Rabbit
67e1c4deca61a52a92a65e1f,1742849048,39464.7991,1742849055,32464.7991,Rabbit
67e1c4deca61a52a92a65e20,1742849048,39466.8224,1742849055,32466.8224,Rabbit
67e1c4deca61a52a92a65e21,1742849048,39468.7128,1742849055,32468.7128,Rabbit
67e1c4deca61a52a92a65e22,1742849048,39534.4433,1742849055,32534.4433,Rabbit
67e1c4deca61a52a92a65e23,1742849048,39596.7782,1742849055,32596.7782,Rabbit
67e1c4deca61a52a92a65e24,1742849048,39661.2062,1742849055,32661.2062,Rabbit
67e1c4deca61a52a92a65e25,1742849048,39664.2398,1742849055,32664.2398,Rabbit
67e1c4deca61a52a92a65e26,1742849048,39691.1779,1742849055,32691.1779,Rabbit
67e1c4deca61a52a92a65e27,1742849048,39720.6898,1742849055,32720.6898,Rabbit
67e1c4deca61a52a92a65e28,1742849048,39782.6109,1742849055,32782.6109,Rabbit
67e1c4deca61a52a92a65e29,1742849048,39845.0258,1742849055,32845.0258,Rabbit
67e1c4deca61a52a92a65e2a,1742849048,39847.3042,1742849055,32847.3042,Rabbit
67e1c4deca61a52a92a65e2b,1742849048,39849.2411,1742849055,32849.2411,Rabbit
67e1c4deca61a52a92a65e2c,1742849048,39851.6023,1742849055,32851.6023,Rabbit
67e1c4deca61a52a92a65e2d,1742849048,39854.0573,1742849055,32854.0573,Rabbit
67e1c4deca61a52a92a65e2e,1742849048,39856.9955,1742849055,32856.9955,Rabbit
67e1c4deca61a52a92a65e2f,1742849048,39891.1633,1742849055,32891.1633,Rabbit
67e1c4deca61a52a92a65e30,1742849048,39922.9479,1742849055,32922.9479,Rabbit
67e1c4deca61a52a92a65e31,1742849048,39984.5133,1742849055,32984.5133,Rabbit
67e1c4deca61a52a92a65e32,1742849048,40046.182,1742849055,33046.182,Rabbit
67e1c4deca61a52a92a65e33,1742849048,40077.3182,1742849055,33077.3182,Rabbit
67e1c4deca61a52a92a65e34,1742849048,40110.2959,1742849055,33110.2959,Rabbit
67e1c4deca61a52a92a65e35,1742849048,40112.4126,1742849055,33112.4126,Rabbit
67e1c4deca61a52a92a65e36,1742849048,40114.8224,1742849055,33114.8224,Rabbit
67e1c4deca61a52a92a65e37,1742849048,40117.941,1742849055,33117.941,Rabbit
67e1c4deca61a52a92a65e38,1742849048,40154.5909,1742849055,33154.5909,Rabbit
67e1c4deca61a52a92a65e39,1742849048,40216.6587,1742849055,33216.6587,Rabbit
67e1c4deca61a52a92a65e3a,1742849048,40218.4869,1742849055,33218.4869,Rabbit
67e1c4deca61a52a92a65e3b,1742849048,40247.7231,1742849055,33247.7231,Rabbit
67e1c4deca61a52a92a65e3c,1742849048,40278.4467,1742849055,33278.4467,Rabbit
67e1c4deca61a52a92a65e3d,1742849048,40311.0065,1742849055,33311.0065,Rabbit
67e1c4deca61a52a92a65e3e,1742849048,40371.7609,1742849055,33371.7609,Rabbit
67e1c4deca61a52a92a65d1e,1742849048,33071.5618,1742849054,27071.5618,Rabbit
67e1c4deca61a52a92a65d1f,1742849048,33102.6579,1742849054,27102.6579,Rabbit
67e1c4deca61a52a92a65d20,1742849048,33163.753,1742849054,27163.753,Rabbit
67e1c4deca61a52a92a65d21,1742849048,33225.804,1742849054,27225.804,Rabbit
67e1c4deca61a52a92a65d22,1742849048,33287.6804,1742849054,27287.6804,Rabbit
67e1c4dbca61a52a92a65bc2,1742849048,21998.7286,1742849054,15998.7286,Rabbit
67e1c4dbca61a52a92a65bc3,1742849048,22000.38,1742849054,16000.38,Rabbit
67e1c4dbca61a52a92a65bc4,1742849048,22001.9644,1742849054,16001.9644,Rabbit
67e1c4dbca61a52a92a65bc5,1742849048,22003.7838,1742849054,16003.7838,Rabbit
67e1c4dcca61a52a92a65bc6,1742849048,22005.3498,1742849054,16005.3498,Rabbit
67e1c4dcca61a52a92a65bc7,1742849048,22034.5787,1742849054,16034.5787,Rabbit
67e1c4dcca61a52a92a65bc8,1742849048,22036.8022,1742849054,16036.8022,Rabbit
67e1c4dcca61a52a92a65bc9,1742849048,22038.4487,1742849054,16038.4487,Rabbit
67e1c4dcca61a52a92a65bca,1742849048,22040.1706,1742849054,16040.1706,Rabbit
67e1c4dcca61a52a92a65bcb,1742849048,22041.684,1742849054,16041.684,Rabbit
67e1c4ddca61a52a92a65bcc,1742849048,22043.1599,1742849054,16043.1599,Rabbit
67e1c4ddca61a52a92a65bcd,1742849048,22044.7029,1742849054,16044.7029,Rabbit
67e1c4ddca61a52a92a65bce,1742849048,22046.0703,1742849054,16046.0703,Rabbit
67e1c4ddca61a52a92a65bcf,1742849048,22047.7312,1742849054,16047.7312,Rabbit
67e1c4ddca61a52a92a65bd0,1742849048,22049.3143,1742849054,16049.3143,Rabbit
67e1c4ddca61a52a92a65bd1,1742849048,22051.6969,1742849054,16051.6969,Rabbit
67e1c4ddca61a52a92a65bd2,1742849048,22054.4562,1742849054,16054.4562,Rabbit
67e1c4ddca61a52a92a65bd3,1742849048,22057.2297,1742849054,16057.2297,Rabbit
67e1c4ddca61a52a92a65bd4,1742849048,22059.6769,1742849054,16059.6769,Rabbit
67e1c4ddca61a52a92a65bd5,1742849048,22096.6734,1742849054,16096.6734,Rabbit
67e1c4deca61a52a92a65bd6,1742849048,22127.3605,1742849054,16127.3605,Rabbit
67e1c4deca61a52a92a65bd7,1742849048,22159.7599,1742849054,16159.7599,Rabbit
67e1c4deca61a52a92a65bd8,1742849048,22220.4966,1742849054,16220.4966,Rabbit
67e1c4deca61a52a92a65bd9,1742849048,22251.3029,1742849054,16251.3029,Rabbit
67e1c4deca61a52a92a65bda,1742849048,22282.3847,1742849054,16282.3847,Rabbit
67e1c4deca61a52a92a65bdb,1742849048,22344.3684,1742849054,16344.3684,Rabbit
67e1c4deca61a52a92a65bdc,1742849048,22376.1629,1742849054,16376.1629,Rabbit
67e1c4deca61a52a92a65bdd,1742849048,22377.5935,1742849054,16377.5935,Rabbit
67e1c4deca61a52a92a65bde,1742849048,22379.0097,1742849054,16379.0097,Rabbit
67e1c4deca61a52a92a65bdf,1742849048,22380.4321,1742849054,16380.4321,Rabbit
67e1c4deca61a52a92a65be0,1742849048,22406.5408,1742849054,16406.5408,Rabbit
67e1c4deca61a52a92a65be1,1742849048,22410.2326,1742849054,16410.2326,Rabbit
67e1c4deca61a52a92a65be2,1742849048,22437.574,1742849054,16437.574,Rabbit
67e1c4deca61a52a92a65be3,1742849048,22469.1387,1742849054,16469.1387,Rabbit
67e1c4deca61a52a92a65be4,1742849048,22530.3721,1742849054,16530.3721,Rabbit
67e1c4deca61a52a92a65be5,1742849048,22592.3118,1742849054,16592.3118,Rabbit
67e1c4deca61a52a92a65be6,1742849048,22654.4676,1742849054,16654.4676,Rabbit
67e1c4deca61a52a92a65be7,1742849048,22690.8325,1742849054,16690.8325,Rabbit
67e1c4deca61a52a92a65be8,1742849048,22716.5102,1742849054,16716.5102,Rabbit
67e1c4deca61a52a92a65be9,1742849048,22778.687,1742849054,16778.687,Rabbit
67e1c4deca61a52a92a65bea,1742849048,22840.7433,1742849054,16840.7433,Rabbit
67e1c4deca61a52a92a65beb,1742849048,22871.646,1742849054,16871.646,Rabbit
67e1c4deca61a52a92a65bec,1742849048,22933.7051,1742849054,16933.7051,Rabbit
67e1c4deca61a52a92a65bed,1742849048,22995.6597,1742849054,16995.6597,Rabbit
67e1c4deca61a52a92a65bee,1742849048,23027.5018,1742849054,17027.5018,Rabbit
67e1c4deca61a52a92a65bef,1742849048,23088.9271,1742849054,17088.9271,Rabbit
67e1c4deca61a52a92a65bf0,1742849048,23150.92,1742849054,17150.92,Rabbit
67e1c4deca61a52a92a65bf1,1742849048,23212.702,1742849054,17212.702,Rabbit
67e1c4deca61a52a92a65bf2,1742849048,23274.6446,1742849054,17274.6446,Rabbit
67e1c4deca61a52a92a65bf3,1742849048,23307.2545,1742849054,17307.2545,Rabbit
67e1c4deca61a52a92a65bf4,1742849048,23337.8404,1742849054,17337.8404,Rabbit
67e1c4deca61a52a92a65bf5,1742849048,23368.5244,1742849054,17368.5244,Rabbit
67e1c4deca61a52a92a65bf6,1742849048,23370.009,1742849054,17370.009,Rabbit
67e1c4deca61a52a92a65bf7,1742849048,23398.6156,1742849054,17398.6156,Rabbit
67e1c4deca61a52a92a65bf8,1742849048,23461.2383,1742849054,17461.2383,Rabbit
67e1c4deca61a52a92a65bf9,1742849048,23522.644,1742849054,17522.644,Rabbit
67e1c4deca61a52a92a65bfa,1742849048,23555.6067,1742849054,17555.6067,Rabbit
67e1c4deca61a52a92a65bfb,1742849048,23615.8158,1742849054,17615.8158,Rabbit
67e1c4deca61a52a92a65bfc,1742849048,23646.6367,1742849054,17646.6367,Rabbit
67e1c4deca61a52a92a65bfd,1742849048,23648.2956,1742849054,17648.2956,Rabbit
67e1c4deca61a52a92a65bfe,1742849048,23708.7456,1742849054,17708.7456,Rabbit
67e1c4deca61a52a92a65bff,1742849048,23770.62,1742849054,17770.62,Rabbit
67e1c4deca61a52a92a65c00,1742849048,23832.9148,1742849054,17832.9148,Rabbit
67e1c4deca61a52a92a65c01,1742849048,23863.7603,1742849054,17863.7603,Rabbit
67e1c4deca61a52a92a65c02,1742849048,23925.8398,1742849054,17925.8398,Rabbit
67e1c4deca61a52a92a65c03,1742849048,23987.9538,1742849054,17987.9538,Rabbit
67e1c4deca61a52a92a65c04,1742849048,24019.5241,1742849054,18019.5241,Rabbit
67e1c4deca61a52a92a65c05,1742849048,24051.2345,1742849054,18051.2345,Rabbit
67e1c4deca61a52a92a65c06,1742849048,24112.0692,1742849054,18112.0692,Rabbit
67e1c4deca61a52a92a65c07,1742849048,24173.9468,1742849054,18173.9468,Rabbit
67e1c4deca61a52a92a65c08,1742849048,24208.8479,1742849054,18208.8479,Rabbit
67e1c4deca61a52a92a65c09,1742849048,24211.1966,1742849054,18211.1966,Rabbit
67e1c4deca61a52a92a65c0a,1742849048,24236.0974,1742849054,18236.0974,Rabbit
67e1c4deca61a52a92a65c0b,1742849048,24267.2075,1742849054,18267.2075,Rabbit
67e1c4deca61a52a92a65c0c,1742849048,24329.5547,1742849054,18329.5547,Rabbit
67e1c4deca61a52a92a65c0d,1742849048,24360.365,1742849054,18360.365,Rabbit
67e1c4deca61a52a92a65c0e,1742849048,24391.3542,1742849054,18391.3542,Rabbit
67e1c4deca61a52a92a65c0f,1742849048,24424.5004,1742849054,18424.5004,Rabbit
67e1c4deca61a52a92a65c10,1742849048,24484.1755,1742849054,18484.1755,Rabbit
67e1c4deca61a52a92a65c11,1742849048,24546.3021,1742849054,18546.3021,Rabbit
67e1c4deca61a52a92a65c12,1742849048,24608.6287,1742849054,18608.6287,Rabbit
67e1c4deca61a52a92a65c13,1742849048,24670.6565,1742849054,18670.6565,Rabbit
67e1c4deca61a52a92a65c14,1742849048,24701.3314,1742849054,18701.3314,Rabbit
67e1c4deca61a52a92a65c15,1742849048,24763.1962,1742849054,18763.1962,Rabbit
67e1c4deca61a52a92a65c16,1742849048,24765.0632,1742849054,18765.0632,Rabbit
67e1c4deca61a52a92a65c17,1742849048,24794.1573,1742849054,18794.1573,Rabbit
67e1c4deca61a52a92a65c18,1742849048,24795.9586,1742849054,18795.9586,Rabbit
67e1c4deca61a52a92a65c19,1742849048,24825.4896,1742849054,18825.4896,Rabbit
67e1c4deca61a52a92a65c1a,1742849048,24887.1575,1742849054,18887.1575,Rabbit
67e1c4deca61a52a92a65c1b,1742849048,24919.7018,1742849054,18919.7018,Rabbit
67e1c4deca61a52a92a65c1c,1742849048,24980.2378,1742849054,18980.2378,Rabbit
67e1c4deca61a52a92a65c1d,1742849048,25042.4717,1742849054,19042.4717,Rabbit
67e1c4deca61a52a92a65c1e,1742849048,25104.1439,1742849054,19104.1439,Rabbit
67e1c4deca61a52a92a65c1f,1742849048,25166.0966,1742849054,19166.0966,Rabbit
67e1c4deca61a52a92a65c20,1742849048,25198.0096,1742849054,19198.0096,Rabbit
67e1c4deca61a52a92a65c21,1742849048,25259.1419,1742849054,19259.1419,Rabbit
67e1c4deca61a52a92a65c22,1742849048,25292.2263,1742849054,19292.2263,Rabbit
67e1c4deca61a52a92a65c23,1742849048,25323.205,1742849054,19323.205,Rabbit
67e1c4deca61a52a92a65c24,1742849048,25383.1717,1742849054,19383.1717,Rabbit
67e1c4deca61a52a92a65c25,1742849048,25445.1635,1742849054,19445.1635,Rabbit
67e1c4deca61a52a92a65c26,1742849048,25507.1909,1742849054,19507.1909,Rabbit
67e1c4deca61a52a92a65c27,1742849048,25569.2906,1742849054,19569.2906,Rabbit
67e1c4deca61a52a92a65c28,1742849048,25631.3557,1742849054,19631.3557,Rabbit
67e1c4deca61a52a92a65c29,1742849048,25693.1707,1742849054,19693.1707,Rabbit
67e1c4deca61a52a92a65c2a,1742849048,25755.3629,1742849054,19755.3629,Rabbit
67e1c4deca61a52a92a65c2b,1742849048,25817.2589,1742849054,19817.2589,Rabbit
67e1c4deca61a52a92a65c2c,1742849048,25848.2862,1742849054,19848.2862,Rabbit
67e1c4deca61a52a92a65c2d,1742849048,25910.6671,1742849054,19910.6671,Rabbit
67e1c4deca61a52a92a65c2e,1742849048,25913.6507,1742849054,19913.6507,Rabbit
67e1c4deca61a52a92a65c2f,1742849048,25941.7564,1742849054,19941.7564,Rabbit
67e1c4deca61a52a92a65c30,1742849048,25974.1728,1742849054,19974.1728,Rabbit
67e1c4deca61a52a92a65c31,1742849048,26034.5966,1742849054,20034.5966,Rabbit
67e1c4deca61a52a92a65c32,1742849048,26066.8368,1742849054,20066.8368,Rabbit
67e1c4deca61a52a92a65c33,1742849048,26070.4395,1742849054,20070.4395,Rabbit
67e1c4deca61a52a92a65c34,1742849048,26074.4172,1742849054,20074.4172,Rabbit
67e1c4deca61a52a92a65c35,1742849048,26077.7663,1742849054,20077.7663,Rabbit
67e1c4deca61a52a92a65c36,1742849048,26080.5831,1742849054,20080.5831,Rabbit
67e1c4deca61a52a92a65c37,1742849048,26142.6951,1742849054,20142.6951,Rabbit
67e1c4deca61a52a92a65c38,1742849048,26204.6173,1742849054,20204.6173,Rabbit
67e1c4deca61a52a92a65c39,1742849048,26236.4254,1742849054,20236.4254,Rabbit
67e1c4deca61a52a92a65c3a,1742849048,26266.9453,1742849054,20266.9453,Rabbit
67e1c4deca61a52a92a65c3b,1742849048,26328.4423,1742849054,20328.4423,Rabbit
67e1c4deca61a52a92a65c3c,1742849048,26390.3552,1742849054,20390.3552,Rabbit
67e1c4deca61a52a92a65c3d,1742849048,26391.7921,1742849054,20391.7921,Rabbit
67e1c4deca61a52a92a65c3e,1742849048,26393.1547,1742849054,20393.1547,Rabbit
67e1c4deca61a52a92a65c3f,1742849048,26452.4379,1742849054,20452.4379,Rabbit
67e1c4deca61a52a92a65c40,1742849048,26514.4613,1742849054,20514.4613,Rabbit
67e1c4deca61a52a92a65c41,1742849048,26546.4326,1742849054,20546.4326,Rabbit
67e1c4deca61a52a92a65c42,1742849048,26607.456,1742849054,20607.456,Rabbit
67e1c4deca61a52a92a65c43,1742849048,26669.428,1742849054,20669.428,Rabbit
67e1c4deca61a52a92a65c44,1742849048,26731.7611,1742849054,20731.7611,Rabbit
67e1c4deca61a52a92a65c45,1742849048,26763.9779,1742849054,20763.9779,Rabbit
67e1c4deca61a52a92a65c46,1742849048,26766.9065,1742849054,20766.9065,Rabbit
67e1c4deca61a52a92a65c47,1742849048,26768.4255,1742849054,20768.4255,Rabbit
67e1c4deca61a52a92a65c48,1742849048,26793.628,1742849054,20793.628,Rabbit
67e1c4deca61a52a92a65c49,1742849048,26825.8898,1742849054,20825.8898,Rabbit
67e1c4deca61a52a92a65c4a,1742849048,26886.6155,1742849054,20886.6155,Rabbit
67e1c4deca61a52a92a65c4b,1742849048,26950.8542,1742849054,20950.8542,Rabbit
67e1c4deca61a52a92a65c4c,1742849048,27010.245,1742849054,21010.245,Rabbit
67e1c4deca61a52a92a65c4d,1742849048,27044.8582,1742849054,21044.8582,Rabbit
67e1c4deca61a52a92a65c4e,1742849048,27047.5319,1742849054,21047.5319,Rabbit
67e1c4deca61a52a92a65c4f,1742849048,27103.3888,1742849054,21103.3888,Rabbit
67e1c4deca61a52a92a65c50,1742849048,27134.292,1742849054,21134.292,Rabbit
67e1c4deca61a52a92a65c51,1742849048,27196.4715,1742849054,21196.4715,Rabbit
67e1c4deca61a52a92a65c52,1742849048,27198.2492,1742849054,21198.2492,Rabbit
67e1c4deca61a52a92a65c53,1742849048,27258.2969,1742849054,21258.2969,Rabbit
67e1c4deca61a52a92a65c54,1742849048,27320.2231,1742849054,21320.2231,Rabbit
67e1c4deca61a52a92a65c55,1742849048,27321.8006,1742849054,21321.8006,Rabbit
67e1c4deca61a52a92a65c56,1742849048,27352.0411,1742849054,21352.0411,Rabbit
67e1c4deca61a52a92a65c57,1742849048,27353.5616,1742849054,21353.5616,Rabbit
67e1c4deca61a52a92a65c58,1742849048,27354.9421,1742849054,21354.9421,Rabbit
67e1c4deca61a52a92a65c59,1742849048,27413.2828,1742849054,21413.2828,Rabbit
67e1c4deca61a52a92a65c5a,1742849048,27414.7281,1742849054,21414.7281,Rabbit
67e1c4deca61a52a92a65c5b,1742849048,27416.2126,1742849054,21416.2126,Rabbit
67e1c4deca61a52a92a65c5c,1742849048,27417.6622,1742849054,21417.6622,Rabbit
67e1c4deca61a52a92a65c5d,1742849048,27419.4548,1742849054,21419.4548,Rabbit
67e1c4deca61a52a92a65c5e,1742849048,27421.3492,1742849054,21421.3492,Rabbit
67e1c4deca61a52a92a65c5f,1742849048,27423.197,1742849054,21423.197,Rabbit
67e1c4deca61a52a92a65c60,1742849048,27459.5848,1742849054,21459.5848,Rabbit
67e1c4deca61a52a92a65c61,1742849048,27463.3055,1742849054,21463.3055,Rabbit
67e1c4deca61a52a92a65c62,1742849048,27490.3501,1742849054,21490.3501,Rabbit
67e1c4deca61a52a92a65c63,1742849048,27552.2656,1742849054,21552.2656,Rabbit
67e1c4deca61a52a92a65c64,1742849048,27553.7598,1742849054,21553.7598,Rabbit
67e1c4deca61a52a92a65c65,1742849048,27584.0164,1742849054,21584.0164,Rabbit
67e1c4deca61a52a92a65c66,1742849048,27614.3691,1742849054,21614.3691,Rabbit
67e1c4deca61a52a92a65c67,1742849048,27645.2762,1742849054,21645.2762,Rabbit
67e1c4deca61a52a92a65c68,1742849048,27707.5294,1742849054,21707.5294,Rabbit
67e1c4deca61a52a92a65c69,1742849048,27739.2842,1742849054,21739.2842,Rabbit
67e1c4deca61a52a92a65c6a,1742849048,27769.33,1742849054,21769.33,Rabbit
67e1c4deca61a52a92a65c6b,1742849048,27831.8215,1742849054,21831.8215,Rabbit
67e1c4deca61a52a92a65c6c,1742849048,27862.5098,1742849054,21862.5098,Rabbit
67e1c4deca61a52a92a65c6d,1742849048,27897.2971,1742849054,21897.2971,Rabbit
67e1c4deca61a52a92a65c6e,1742849048,27900.2551,1742849054,21900.2551,Rabbit
67e1c4deca61a52a92a65c6f,1742849048,27903.3084,1742849054,21903.3084,Rabbit
67e1c4deca61a52a92a65c70,1742849048,27906.0037,1742849054,21906.0037,Rabbit
67e1c4deca61a52a92a65c71,1742849048,27909.493,1742849054,21909.493,Rabbit
67e1c4deca61a52a92a65c72,1742849048,27913.0552,1742849054,21913.0552,Rabbit
67e1c4deca61a52a92a65c73,1742849048,27970.9752,1742849054,21970.9752,Rabbit
67e1c4deca61a52a92a65c74,1742849048,28032.7614,1742849054,22032.7614,Rabbit
67e1c4deca61a52a92a65c75,1742849048,28065.06,1742849054,22065.06,Rabbit
67e1c4deca61a52a92a65c76,1742849048,28094.959,1742849054,22094.959,Rabbit
67e1c4deca61a52a92a65c77,1742849048,28157.1666,1742849054,22157.1666,Rabbit
67e1c4deca61a52a92a65c78,1742849048,28218.9064,1742849054,22218.9064,Rabbit
67e1c4deca61a52a92a65c79,1742849048,28222.4055,1742849054,22222.4055,Rabbit
67e1c4deca61a52a92a65c7a,1742849048,28225.2853,1742849054,22225.2853,Rabbit
67e1c4deca61a52a92a65c7b,1742849048,28228.3363,1742849054,22228.3363,Rabbit
67e1c4deca61a52a92a65c7c,1742849048,28231.4971,1742849054,22231.4971,Rabbit
67e1c4deca61a52a92a65c7d,1742849048,28234.2695,1742849054,22234.2695,Rabbit
67e1c4deca61a52a92a65c7e,1742849048,28296.2243,1742849054,22296.2243,Rabbit
67e1c4deca61a52a92a65c7f,1742849048,28335.2693,1742849054,22335.2693,Rabbit
67e1c4deca61a52a92a65c80,1742849048,28338.7289,1742849054,22338.7289,Rabbit
67e1c4deca61a52a92a65c81,1742849048,28340.8579,1742849054,22340.8579,Rabbit
67e1c4deca61a52a92a65c82,1742849048,28343.2854,1742849054,22343.2854,Rabbit
67e1c4deca61a52a92a65c83,1742849048,28345.2753,1742849054,22345.2753,Rabbit
67e1c4deca61a52a92a65c84,1742849048,28373.6232,1742849054,22373.6232,Rabbit
67e1c4deca61a52a92a65c85,1742849048,28375.3717,1742849054,22375.3717,Rabbit
67e1c4deca61a52a92a65c86,1742849048,28435.577,1742849054,22435.577,Rabbit
67e1c4deca61a52a92a65c87,1742849048,28497.5329,1742849054,22497.5329,Rabbit
67e1c4deca61a52a92a65c88,1742849048,28559.5248,1742849054,22559.5248,Rabbit
67e1c4deca61a52a92a65c89,1742849048,28621.6004,1742849054,22621.6004,Rabbit
67e1c4deca61a52a92a65c8a,1742849048,28623.3154,1742849054,22623.3154,Rabbit
67e1c4deca61a52a92a65c8b,1742849048,28683.5319,1742849054,22683.5319,Rabbit
67e1c4deca61a52a92a65c8c,1742849048,28714.5312,1742849054,22714.5312,Rabbit
67e1c4deca61a52a92a65c8d,1742849048,28776.5599,1742849054,22776.5599,Rabbit
67e1c4deca61a52a92a65c8e,1742849048,28807.5304,1742849054,22807.5304,Rabbit
67e1c4deca61a52a92a65c8f,1742849048,28869.4894,1742849054,22869.4894,Rabbit
67e1c4deca61a52a92a65c90,1742849048,28900.4677,1742849054,22900.4677,Rabbit
67e1c4deca61a52a92a65c91,1742849048,28962.4914,1742849054,22962.4914,Rabbit
67e1c4deca61a52a92a65c92,1742849048,28994.5124,1742849054,22994.5124,Rabbit
67e1c4deca61a52a92a65c93,1742849048,29025.349,1742849054,23025.349,Rabbit
67e1c4deca61a52a92a65c94,1742849048,29086.6174,1742849054,23086.6174,Rabbit
67e1c4deca61a52a92a65c95,1742849048,29118.5092,1742849054,23118.5092,Rabbit
67e1c4deca61a52a92a65c96,1742849048,29149.3164,1742849054,23149.3164,Rabbit
67e1c4deca61a52a92a65c97,1742849048,29210.5215,1742849054,23210.5215,Rabbit
67e1c4deca61a52a92a65c98,1742849048,29242.4157,1742849054,23242.4157,Rabbit
67e1c4deca61a52a92a65c99,1742849048,29273.2917,1742849054,23273.2917,Rabbit
67e1c4deca61a52a92a65c9a,1742849048,29274.7468,1742849054,23274.7468,Rabbit
67e1c4deca61a52a92a65c9b,1742849048,29303.6458,1742849054,23303.6458,Rabbit
67e1c4deca61a52a92a65c9c,1742849048,29335.0705,1742849054,23335.0705,Rabbit
67e1c4deca61a52a92a65c9d,1742849048,29365.5786,1742849054,23365.5786,Rabbit
67e1c4deca61a52a92a65c9e,1742849048,29427.1908,1742849054,23427.1908,Rabbit
67e1c4deca61a52a92a65c9f,1742849048,29489.2827,1742849054,23489.2827,Rabbit
67e1c4deca61a52a92a65ca0,1742849048,29551.4903,1742849054,23551.4903,Rabbit
67e1c4deca61a52a92a65ca1,1742849048,29613.3546,1742849054,23613.3546,Rabbit
67e1c4deca61a52a92a65ca2,1742849048,29675.4556,1742849054,23675.4556,Rabbit
67e1c4deca61a52a92a65ca3,1742849048,29708.8801,1742849054,23708.8801,Rabbit
67e1c4deca61a52a92a65ca4,1742849048,29768.2678,1742849054,23768.2678,Rabbit
67e1c4deca61a52a92a65ca5,1742849048,29769.7703,1742849054,23769.7703,Rabbit
67e1c4deca61a52a92a65ca6,1742849048,29771.2844,1742849054,23771.2844,Rabbit
67e1c4deca61a52a92a65ca7,1742849048,29772.761,1742849054,23772.761,Rabbit
67e1c4deca61a52a92a65ca8,1742849048,29830.411,1742849054,23830.411,Rabbit
67e1c4deca61a52a92a65ca9,1742849048,29832.8016,1742849054,23832.8016,Rabbit
67e1c4deca61a52a92a65caa,1742849048,29835.0974,1742849054,23835.0974,Rabbit
67e1c4deca61a52a92a65cab,1742849048,29892.3608,1742849054,23892.3608,Rabbit
67e1c4deca61a52a92a65cac,1742849048,29954.4308,1742849054,23954.4308,Rabbit
67e1c4deca61a52a92a65cad,1742849048,29985.5052,1742849054,23985.5052,Rabbit
67e1c4deca61a52a92a65cae,1742849048,30047.6697,1742849054,24047.6697,Rabbit
67e1c4deca61a52a92a65caf,1742849048,30110.2245,1742849054,24110.2245,Rabbit
67e1c4deca61a52a92a65cb0,1742849048,30141.7608,1742849054,24141.7608,Rabbit
67e1c4deca61a52a92a65cb1,1742849048,30173.1879,1742849054,24173.1879,Rabbit
67e1c4deca61a52a92a65cb2,1742849048,30175.8574,1742849054,24175.8574,Rabbit
67e1c4deca61a52a92a65cb3,1742849048,30178.3031,1742849054,24178.3031,Rabbit
67e1c4deca61a52a92a65cb4,1742849048,30181.8046,1742849054,24181.8046,Rabbit
67e1c4deca61a52a92a65cb5,1742849048,30184.5888,1742849054,24184.5888,Rabbit
67e1c4deca61a52a92a65cb6,1742849048,30187.634,1742849054,24187.634,Rabbit
67e1c4deca61a52a92a65cb7,1742849048,30189.8892,1742849054,24189.8892,Rabbit
67e1c4deca61a52a92a65cb8,1742849048,30191.2886,1742849054,24191.2886,Rabbit
67e1c4deca61a52a92a65cb9,1742849048,30192.8506,1742849054,24192.8506,Rabbit
67e1c4deca61a52a92a65cba,1742849048,30194.2301,1742849054,24194.2301,Rabbit
67e1c4deca61a52a92a65cbb,1742849048,30196.3633,1742849054,24196.3633,Rabbit
67e1c4deca61a52a92a65cbc,1742849048,30197.8735,1742849054,24197.8735,Rabbit
67e1c4deca61a52a92a65cbd,1742849048,30234.5138,1742849054,24234.5138,Rabbit
67e1c4deca61a52a92a65cbe,1742849048,30295.6,1742849054,24295.6,Rabbit
67e1c4deca61a52a92a65cbf,1742849048,30357.6355,1742849054,24357.6355,Rabbit
67e1c4deca61a52a92a65cc0,1742849048,30419.5517,1742849054,24419.5517,Rabbit
67e1c4deca61a52a92a65cc1,1742849048,30451.5719,1742849054,24451.5719,Rabbit
67e1c4deca61a52a92a65cc2,1742849048,30512.6321,1742849054,24512.6321,Rabbit
67e1c4deca61a52a92a65cc3,1742849048,30575.0782,1742849054,24575.0782,Rabbit
67e1c4deca61a52a92a65cc4,1742849048,30607.0171,1742849054,24607.0171,Rabbit
67e1c4deca61a52a92a65cc5,1742849048,30667.9405,1742849054,24667.9405,Rabbit
67e1c4deca61a52a92a65cc6,1742849048,30729.817,1742849054,24729.817,Rabbit
67e1c4deca61a52a92a65cc7,1742849048,30762.2157,1742849054,24762.2157,Rabbit
67e1c4deca61a52a92a65cc8,1742849048,30764.2452,1742849054,24764.2452,Rabbit
67e1c4deca61a52a92a65cc9,1742849048,30767.2397,1742849054,24767.2397,Rabbit
67e1c4deca61a52a92a65cca,1742849048,30823.7965,1742849054,24823.7965,Rabbit
67e1c4deca61a52a92a65ccb,1742849048,30855.2269,1742849054,24855.2269,Rabbit
67e1c4deca61a52a92a65ccc,1742849048,30884.8074,1742849054,24884.8074,Rabbit
67e1c4deca61a52a92a65ccd,1742849048,30946.8221,1742849054,24946.8221,Rabbit
67e1c4deca61a52a92a65cce,1742849048,30977.9375,1742849054,24977.9375,Rabbit
67e1c4deca61a52a92a65ccf,1742849048,31039.9628,1742849054,25039.9628,Rabbit
67e1c4deca61a52a92a65cd0,1742849048,31101.985,1742849054,25101.985,Rabbit
67e1c4deca61a52a92a65cd1,1742849048,31134.4719,1742849054,25134.4719,Rabbit
67e1c4deca61a52a92a65cd2,1742849048,31164.5609,1742849054,25164.5609,Rabbit
67e1c4deca61a52a92a65cd3,1742849048,31167.6263,1742849054,25167.6263,Rabbit
67e1c4deca61a52a92a65cd4,1742849048,31195.122,1742849054,25195.122,Rabbit
67e1c4deca61a52a92a65cd5,1742849048,31226.0213,1742849054,25226.0213,Rabbit
67e1c4deca61a52a92a65cd6,1742849048,31257.2282,1742849054,25257.2282,Rabbit
67e1c4deca61a52a92a65cd7,1742849048,31289.2928,1742849054,25289.2928,Rabbit
67e1c4deca61a52a92a65cd8,1742849048,31350.1942,1742849054,25350.1942,Rabbit
67e1c4deca61a52a92a65cd9,1742849048,31381.1684,1742849054,25381.1684,Rabbit
67e1c4deca61a52a92a65cda,1742849048,31443.3673,1742849054,25443.3673,Rabbit
67e1c4deca61a52a92a65cdb,1742849048,31447.0662,1742849054,25447.0662,Rabbit
67e1c4deca61a52a92a65cdc,1742849048,31451.3507,1742849054,25451.3507,Rabbit
67e1c4deca61a52a92a65cdd,1742849048,31454.134,1742849054,25454.134,Rabbit
67e1c4deca61a52a92a65cde,1742849048,31457.2158,1742849054,25457.2158,Rabbit
67e1c4deca61a52a92a65cdf,1742849048,31490.7807,1742849054,25490.7807,Rabbit
67e1c4deca61a52a92a65ce0,1742849048,31552.558,1742849054,25552.558,Rabbit
67e1c4deca61a52a92a65ce1,1742849048,31555.775,1742849054,25555.775,Rabbit
67e1c4deca61a52a92a65ce2,1742849048,31613.3143,1742849054,25613.3143,Rabbit
67e1c4deca61a52a92a65ce3,1742849048,31675.5204,1742849054,25675.5204,Rabbit
67e1c4deca61a52a92a65ce4,1742849048,31706.3864,1742849054,25706.3864,Rabbit
67e1c4deca61a52a92a65ce5,1742849048,31768.6056,1742849054,25768.6056,Rabbit
67e1c4deca61a52a92a65ce6,1742849048,31771.0256,1742849054,25771.0256,Rabbit
67e1c4deca61a52a92a65ce7,1742849048,31773.3192,1742849054,25773.3192,Rabbit
67e1c4deca61a52a92a65ce8,1742849048,31800.1249,1742849054,25800.1249,Rabbit
67e1c4deca61a52a92a65ce9,1742849048,31801.6137,1742849054,25801.6137,Rabbit
67e1c4deca61a52a92a65cea,1742849048,31803.034,1742849054,25803.034,Rabbit
67e1c4deca61a52a92a65ceb,1742849048,31804.6449,1742849054,25804.6449,Rabbit
67e1c4deca61a52a92a65cec,1742849048,31861.4141,1742849054,25861.4141,Rabbit
67e1c4deca61a52a92a65ced,1742849048,31892.3745,1742849054,25892.3745,Rabbit
67e1c4deca61a52a92a65cee,1742849048,31924.5416,1742849054,25924.5416,Rabbit
67e1c4deca61a52a92a65cef,1742849048,31926.7475,1742849054,25926.7475,Rabbit
67e1c4deca61a52a92a65cf0,1742849048,31928.6511,1742849054,25928.6511,Rabbit
67e1c4deca61a52a92a65cf1,1742849048,31954.955,1742849054,25954.955,Rabbit
67e1c4deca61a52a92a65cf2,1742849048,31957.7887,1742849054,25957.7887,Rabbit
67e1c4deca61a52a92a65cf3,1742849048,31960.6925,1742849054,25960.6925,Rabbit
67e1c4deca61a52a92a65cf4,1742849048,31986.3928,1742849054,25986.3928,Rabbit
67e1c4deca61a52a92a65cf5,1742849048,32016.8579,1742849054,26016.8579,Rabbit
67e1c4deca61a52a92a65cf6,1742849048,32078.4904,1742849054,26078.4904,Rabbit
67e1c4deca61a52a92a65cf7,1742849048,32109.7975,1742849054,26109.7975,Rabbit
67e1c4deca61a52a92a65cf8,1742849048,32141.9135,1742849054,26141.9135,Rabbit
67e1c4deca61a52a92a65cf9,1742849048,32144.2115,1742849054,26144.2115,Rabbit
67e1c4deca61a52a92a65cfa,1742849048,32172.0238,1742849054,26172.0238,Rabbit
67e1c4deca61a52a92a65cfb,1742849048,32203.2826,1742849054,26203.2826,Rabbit
67e1c4deca61a52a92a65cfc,1742849048,32233.4974,1742849054,26233.4974,Rabbit
67e1c4deca61a52a92a65cfd,1742849048,32295.4739,1742849054,26295.4739,Rabbit
67e1c4deca61a52a92a65cfe,1742849048,32297.0037,1742849054,26297.0037,Rabbit
67e1c4deca61a52a92a65cff,1742849048,32327.2961,1742849054,26327.2961,Rabbit
67e1c4deca61a52a92a65d00,1742849048,32388.6826,1742849054,26388.6826,Rabbit
67e1c4deca61a52a92a65d01,1742849048,32419.5664,1742849054,26419.5664,Rabbit
67e1c4deca61a52a92a65d02,1742849048,32450.5909,1742849054,26450.5909,Rabbit
67e1c4deca61a52a92a65d03,1742849048,32452.1397,1742849054,26452.1397,Rabbit
67e1c4deca61a52a92a65d04,1742849048,32453.7149,1742849054,26453.7149,Rabbit
67e1c4deca61a52a92a65d05,1742849048,32482.4133,1742849054,26482.4133,Rabbit
67e1c4deca61a52a92a65d06,1742849048,32512.9654,1742849054,26512.9654,Rabbit
67e1c4deca61a52a92a65d07,1742849048,32516.1999,1742849054,26516.1999,Rabbit
67e1c4deca61a52a92a65d08,1742849048,32574.6121,1742849054,26574.6121,Rabbit
67e1c4deca61a52a92a65d09,1742849048,32576.1699,1742849054,26576.1699,Rabbit
67e1c4deca61a52a92a65d0a,1742849048,32605.5646,1742849054,26605.5646,Rabbit
67e1c4deca61a52a92a65d0b,1742849048,32636.9264,1742849054,26636.9264,Rabbit
67e1c4deca61a52a92a65d0c,1742849048,32639.2888,1742849054,26639.2888,Rabbit
67e1c4deca61a52a92a65d0d,1742849048,32641.1237,1742849054,26641.1237,Rabbit
67e1c4deca61a52a92a65d0e,1742849048,32643.2146,1742849054,26643.2146,Rabbit
67e1c4deca61a52a92a65d0f,1742849048,32645.0101,1742849054,26645.0101,Rabbit
67e1c4deca61a52a92a65d10,1742849048,32667.8379,1742849054,26667.8379,Rabbit
67e1c4deca61a52a92a65d11,1742849048,32729.7337,1742849054,26729.7337,Rabbit
67e1c4deca61a52a92a65d12,1742849048,32761.5065,1742849054,26761.5065,Rabbit
67e1c4deca61a52a92a65d13,1742849048,32791.6577,1742849054,26791.6577,Rabbit
67e1c4deca61a52a92a65d14,1742849048,32825.2868,1742849054,26825.2868,Rabbit
67e1c4deca61a52a92a65d15,1742849048,32828.9156,1742849054,26828.9156,Rabbit
67e1c4deca61a52a92a65d16,1742849048,32831.2069,1742849054,26831.2069,Rabbit
67e1c4deca61a52a92a65d17,1742849048,32853.9697,1742849054,26853.9697,Rabbit
67e1c4deca61a52a92a65d18,1742849048,32856.3159,1742849054,26856.3159,Rabbit
67e1c4deca61a52a92a65d19,1742849048,32915.6797,1742849054,26915.6797,Rabbit
67e1c4deca61a52a92a65d1a,1742849048,32946.7217,1742849054,26946.7217,Rabbit
67e1c4deca61a52a92a65d1b,1742849048,32977.673,1742849054,26977.673,Rabbit
67e1c4deca61a52a92a65d1c,1742849048,32979.4679,1742849054,26979.4679,Rabbit
67e1c4deca61a52a92a65d1d,1742849048,33040.2111,1742849054,27040.2111,Rabbit
67e1c4c3ca61a52a92a65a60,1742849048,16964.7463,1742849053,11964.7463,Rabbit
67e1c4c3ca61a52a92a65a61,1742849048,17026.6869,1742849053,12026.6869,Rabbit
67e1c4c3ca61a52a92a65a62,1742849048,17028.6344,1742849053,12028.6344,Rabbit
67e1c4c3ca61a52a92a65a63,1742849048,17057.9734,1742849053,12057.9734,Rabbit
67e1c4c3ca61a52a92a65a64,1742849048,17061.2839,1742849053,12061.2839,Rabbit
67e1c4c3ca61a52a92a65a65,1742849048,17088.7099,1742849053,12088.7099,Rabbit
67e1c4c3ca61a52a92a65a66,1742849048,17091.1383,1742849053,12091.1383,Rabbit
67e1c4c3ca61a52a92a65a67,1742849048,17093.8362,1742849053,12093.8362,Rabbit
67e1c4c3ca61a52a92a65a68,1742849048,17119.5997,1742849053,12119.5997,Rabbit
67e1c4c3ca61a52a92a65a69,1742849048,17121.2756,1742849053,12121.2756,Rabbit
67e1c4c3ca61a52a92a65a6a,1742849048,17150.5889,1742849053,12150.5889,Rabbit
67e1c4c3ca61a52a92a65a6b,1742849048,17181.6034,1742849053,12181.6034,Rabbit
67e1c4c4ca61a52a92a65a6c,1742849048,17212.6294,1742849053,12212.6294,Rabbit
67e1c4c4ca61a52a92a65a6d,1742849048,17245.1973,1742849053,12245.1973,Rabbit
67e1c4c4ca61a52a92a65a6e,1742849048,17247.0854,1742849053,12247.0854,Rabbit
67e1c4c4ca61a52a92a65a6f,1742849048,17275.4636,1742849053,12275.4636,Rabbit
67e1c4c4ca61a52a92a65a70,1742849048,17276.9249,1742849053,12276.9249,Rabbit
67e1c4c4ca61a52a92a65a71,1742849048,17278.3683,1742849053,12278.3683,Rabbit
67e1c4c4ca61a52a92a65a72,1742849048,17336.6484,1742849053,12336.6484,Rabbit
67e1c4c4ca61a52a92a65a73,1742849048,17338.2243,1742849053,12338.2243,Rabbit
67e1c4c4ca61a52a92a65a74,1742849048,17339.5805,1742849053,12339.5805,Rabbit
67e1c4c4ca61a52a92a65a75,1742849048,17340.9036,1742849053,12340.9036,Rabbit
67e1c4c4ca61a52a92a65a76,1742849048,17367.6747,1742849053,12367.6747,Rabbit
67e1c4c5ca61a52a92a65a77,1742849048,17429.6068,1742849053,12429.6068,Rabbit
67e1c4c5ca61a52a92a65a78,1742849048,17461.5279,1742849053,12461.5279,Rabbit
67e1c4c5ca61a52a92a65a79,1742849048,17491.6695,1742849053,12491.6695,Rabbit
67e1c4c5ca61a52a92a65a7a,1742849048,17523.386,1742849053,12523.386,Rabbit
67e1c4c5ca61a52a92a65a7b,1742849048,17584.9267,1742849053,12584.9267,Rabbit
67e1c4c5ca61a52a92a65a7c,1742849048,17618.3415,1742849053,12618.3415,Rabbit
67e1c4c5ca61a52a92a65a7d,1742849048,17647.273,1742849053,12647.273,Rabbit
67e1c4c5ca61a52a92a65a7e,1742849048,17679.761,1742849053,12679.761,Rabbit
67e1c4c5ca61a52a92a65a7f,1742849048,17708.7508,1742849053,12708.7508,Rabbit
67e1c4c5ca61a52a92a65a80,1742849048,17741.9369,1742849053,12741.9369,Rabbit
67e1c4c5ca61a52a92a65a81,1742849048,17746.9354,1742849053,12746.9354,Rabbit
67e1c4c5ca61a52a92a65a82,1742849048,17749.5643,1742849053,12749.5643,Rabbit
67e1c4c5ca61a52a92a65a83,1742849048,17771.5161,1742849053,12771.5161,Rabbit
67e1c4c5ca61a52a92a65a84,1742849048,17801.8856,1742849053,12801.8856,Rabbit
67e1c4c5ca61a52a92a65a85,1742849048,17832.7398,1742849053,12832.7398,Rabbit
67e1c4c6ca61a52a92a65a86,1742849048,17894.8731,1742849053,12894.8731,Rabbit
67e1c4c6ca61a52a92a65a87,1742849048,17958.9461,1742849053,12958.9461,Rabbit
67e1c4c6ca61a52a92a65a88,1742849048,17963.0161,1742849053,12963.0161,Rabbit
67e1c4c6ca61a52a92a65a89,1742849048,17966.3754,1742849053,12966.3754,Rabbit
67e1c4c6ca61a52a92a65a8a,1742849048,18003.7329,1742849053,13003.7329,Rabbit
67e1c4c6ca61a52a92a65a8b,1742849048,18034.7082,1742849053,13034.7082,Rabbit
67e1c4c6ca61a52a92a65a8c,1742849048,18097.0197,1742849053,13097.0197,Rabbit
67e1c4c6ca61a52a92a65a8d,1742849048,18127.4983,1742849053,13127.4983,Rabbit
67e1c4c6ca61a52a92a65a8e,1742849048,18189.6941,1742849053,13189.6941,Rabbit
67e1c4c6ca61a52a92a65a8f,1742849048,18192.2312,1742849053,13192.2312,Rabbit
67e1c4c6ca61a52a92a65a90,1742849048,18221.3093,1742849053,13221.3093,Rabbit
67e1c4c6ca61a52a92a65a91,1742849048,18251.4476,1742849053,13251.4476,Rabbit
67e1c4c6ca61a52a92a65a92,1742849048,18252.9707,1742849053,13252.9707,Rabbit
67e1c4c6ca61a52a92a65a93,1742849048,18254.527,1742849053,13254.527,Rabbit
67e1c4c6ca61a52a92a65a94,1742849048,18282.5028,1742849053,13282.5028,Rabbit
67e1c4c6ca61a52a92a65a95,1742849048,18284.0846,1742849053,13284.0846,Rabbit
67e1c4c6ca61a52a92a65a96,1742849048,18344.5938,1742849053,13344.5938,Rabbit
67e1c4c6ca61a52a92a65a97,1742849048,18375.5217,1742849053,13375.5217,Rabbit
67e1c4c6ca61a52a92a65a98,1742849048,18377.4654,1742849053,13377.4654,Rabbit
67e1c4c6ca61a52a92a65a99,1742849048,18437.4925,1742849053,13437.4925,Rabbit
67e1c4c6ca61a52a92a65a9a,1742849048,18469.3521,1742849053,13469.3521,Rabbit
67e1c4c6ca61a52a92a65a9b,1742849048,18500.4323,1742849053,13500.4323,Rabbit
67e1c4c6ca61a52a92a65a9c,1742849048,18531.5172,1742849053,13531.5172,Rabbit
67e1c4c6ca61a52a92a65a9d,1742849048,18592.8137,1742849053,13592.8137,Rabbit
67e1c4c6ca61a52a92a65a9e,1742849048,18625.3613,1742849053,13625.3613,Rabbit
67e1c4c7ca61a52a92a65a9f,1742849048,18685.9548,1742849053,13685.9548,Rabbit
67e1c4c7ca61a52a92a65aa0,1742849048,18716.587,1742849053,13716.587,Rabbit
67e1c4c7ca61a52a92a65aa1,1742849048,18747.7305,1742849053,13747.7305,Rabbit
67e1c4c7ca61a52a92a65aa2,1742849048,18809.5288,1742849053,13809.5288,Rabbit
67e1c4c7ca61a52a92a65aa3,1742849048,18811.0365,1742849053,13811.0365,Rabbit
67e1c4c7ca61a52a92a65aa4,1742849048,18840.6111,1742849053,13840.6111,Rabbit
67e1c4c7ca61a52a92a65aa5,1742849048,18872.7793,1742849053,13872.7793,Rabbit
67e1c4c7ca61a52a92a65aa6,1742849048,18902.6852,1742849053,13902.6852,Rabbit
67e1c4c7ca61a52a92a65aa7,1742849048,18964.7803,1742849053,13964.7803,Rabbit
67e1c4c7ca61a52a92a65aa8,1742849048,19026.8512,1742849053,14026.8512,Rabbit
67e1c4c7ca61a52a92a65aa9,1742849048,19089.0855,1742849053,14089.0855,Rabbit
67e1c4c7ca61a52a92a65aaa,1742849048,19120.7405,1742849053,14120.7405,Rabbit
67e1c4c7ca61a52a92a65aab,1742849048,19151.5675,1742849053,14151.5675,Rabbit
67e1c4c7ca61a52a92a65aac,1742849048,19181.9098,1742849053,14181.9098,Rabbit
67e1c4c8ca61a52a92a65aad,1742849048,19183.5689,1742849053,14183.5689,Rabbit
67e1c4c8ca61a52a92a65aae,1742849048,19243.8654,1742849053,14243.8654,Rabbit
67e1c4c8ca61a52a92a65aaf,1742849048,19275.7426,1742849053,14275.7426,Rabbit
67e1c4c8ca61a52a92a65ab0,1742849048,19305.8269,1742849053,14305.8269,Rabbit
67e1c4c8ca61a52a92a65ab1,1742849048,19341.1781,1742849053,14341.1781,Rabbit
67e1c4c8ca61a52a92a65ab2,1742849048,19343.4938,1742849053,14343.4938,Rabbit
67e1c4c8ca61a52a92a65ab3,1742849048,19345.4451,1742849053,14345.4451,Rabbit
67e1c4c8ca61a52a92a65ab4,1742849048,19347.5348,1742849053,14347.5348,Rabbit
67e1c4c8ca61a52a92a65ab5,1742849048,19353.5331,1742849053,14353.5331,Rabbit
67e1c4c8ca61a52a92a65ab6,1742849048,19385.185,1742849053,14385.185,Rabbit
67e1c4c8ca61a52a92a65ab7,1742849048,19415.8982,1742849053,14415.8982,Rabbit
67e1c4c8ca61a52a92a65ab8,1742849048,19445.5305,1742849053,14445.5305,Rabbit
67e1c4c9ca61a52a92a65ab9,1742849048,19447.6455,1742849053,14447.6455,Rabbit
67e1c4c9ca61a52a92a65aba,1742849048,19507.3575,1742849053,14507.3575,Rabbit
67e1c4c9ca61a52a92a65abb,1742849048,19539.0556,1742849053,14539.0556,Rabbit
67e1c4c9ca61a52a92a65abc,1742849048,19541.3579,1742849053,14541.3579,Rabbit
67e1c4c9ca61a52a92a65abd,1742849048,19544.7801,1742849053,14544.7801,Rabbit
67e1c4c9ca61a52a92a65abe,1742849048,19570.6312,1742849053,14570.6312,Rabbit
67e1c4c9ca61a52a92a65abf,1742849048,19573.8562,1742849053,14573.8562,Rabbit
67e1c4c9ca61a52a92a65ac0,1742849048,19631.4187,1742849053,14631.4187,Rabbit
67e1c4c9ca61a52a92a65ac1,1742849048,19662.5945,1742849053,14662.5945,Rabbit
67e1c4c9ca61a52a92a65ac2,1742849048,19665.1668,1742849053,14665.1668,Rabbit
67e1c4c9ca61a52a92a65ac3,1742849048,19693.861,1742849053,14693.861,Rabbit
67e1c4c9ca61a52a92a65ac4,1742849048,19697.4294,1742849053,14697.4294,Rabbit
67e1c4c9ca61a52a92a65ac5,1742849048,19700.081,1742849053,14700.081,Rabbit
67e1c4c9ca61a52a92a65ac6,1742849048,19724.3608,1742849053,14724.3608,Rabbit
67e1c4c9ca61a52a92a65ac7,1742849048,19786.3254,1742849053,14786.3254,Rabbit
67e1c4c9ca61a52a92a65ac8,1742849048,19787.9934,1742849053,14787.9934,Rabbit
67e1c4c9ca61a52a92a65ac9,1742849048,19790.2429,1742849053,14790.2429,Rabbit
67e1c4c9ca61a52a92a65aca,1742849048,19793.1542,1742849053,14793.1542,Rabbit
67e1c4c9ca61a52a92a65acb,1742849048,19817.2032,1742849053,14817.2032,Rabbit
67e1c4c9ca61a52a92a65acc,1742849048,19879.2655,1742849053,14879.2655,Rabbit
67e1c4caca61a52a92a65acd,1742849048,19911.0763,1742849053,14911.0763,Rabbit
67e1c4caca61a52a92a65ace,1742849048,19912.6561,1742849053,14912.6561,Rabbit
67e1c4caca61a52a92a65acf,1742849048,19941.4516,1742849053,14941.4516,Rabbit
67e1c4caca61a52a92a65ad0,1742849048,19943.8177,1742849053,14943.8177,Rabbit
67e1c4caca61a52a92a65ad1,1742849048,19973.0392,1742849053,14973.0392,Rabbit
67e1c4caca61a52a92a65ad2,1742849048,20034.6671,1742849053,15034.6671,Rabbit
67e1c4caca61a52a92a65ad3,1742849048,20036.4372,1742849053,15036.4372,Rabbit
67e1c4caca61a52a92a65ad4,1742849048,20065.3612,1742849053,15065.3612,Rabbit
67e1c4cbca61a52a92a65ad5,1742849048,20067.0859,1742849053,15067.0859,Rabbit
67e1c4cbca61a52a92a65ad6,1742849048,20068.8512,1742849053,15068.8512,Rabbit
67e1c4cbca61a52a92a65ad7,1742849048,20097.241,1742849053,15097.241,Rabbit
67e1c4cbca61a52a92a65ad8,1742849048,20158.5988,1742849053,15158.5988,Rabbit
67e1c4cbca61a52a92a65ad9,1742849048,20189.2907,1742849053,15189.2907,Rabbit
67e1c4cbca61a52a92a65ada,1742849048,20251.3356,1742849053,15251.3356,Rabbit
67e1c4cbca61a52a92a65adb,1742849048,20313.4358,1742849053,15313.4358,Rabbit
67e1c4cbca61a52a92a65adc,1742849048,20375.4609,1742849053,15375.4609,Rabbit
67e1c4cbca61a52a92a65add,1742849048,20407.1892,1742849053,15407.1892,Rabbit
67e1c4cbca61a52a92a65ade,1742849048,20438.4823,1742849053,15438.4823,Rabbit
67e1c4cbca61a52a92a65adf,1742849048,20469.7703,1742849053,15469.7703,Rabbit
67e1c4cbca61a52a92a65ae0,1742849048,20501.0538,1742849053,15501.0538,Rabbit
67e1c4cbca61a52a92a65ae1,1742849048,20532.1772,1742849053,15532.1772,Rabbit
67e1c4cbca61a52a92a65ae2,1742849048,20563.0443,1742849053,15563.0443,Rabbit
67e1c4cbca61a52a92a65ae3,1742849048,20565.8305,1742849053,15565.8305,Rabbit
67e1c4cbca61a52a92a65ae4,1742849048,20568.6511,1742849053,15568.6511,Rabbit
67e1c4ccca61a52a92a65ae5,1742849048,20593.3137,1742849053,15593.3137,Rabbit
67e1c4ccca61a52a92a65ae6,1742849048,20624.5467,1742849053,15624.5467,Rabbit
67e1c4ccca61a52a92a65ae7,1742849048,20655.1375,1742849053,15655.1375,Rabbit
67e1c4ccca61a52a92a65ae8,1742849048,20686.8692,1742849053,15686.8692,Rabbit
67e1c4ccca61a52a92a65ae9,1742849048,20748.3288,1742849053,15748.3288,Rabbit
67e1c4ccca61a52a92a65aea,1742849048,20778.3229,1742849053,15778.3229,Rabbit
67e1c4ccca61a52a92a65aeb,1742849048,20780.0567,1742849053,15780.0567,Rabbit
67e1c4ccca61a52a92a65aec,1742849048,20781.466,1742849053,15781.466,Rabbit
67e1c4ccca61a52a92a65aed,1742849048,20782.9192,1742849053,15782.9192,Rabbit
67e1c4ccca61a52a92a65aee,1742849048,20809.3484,1742849053,15809.3484,Rabbit
67e1c4ccca61a52a92a65aef,1742849048,20811.0608,1742849053,15811.0608,Rabbit
67e1c4ccca61a52a92a65af0,1742849048,20812.6905,1742849053,15812.6905,Rabbit
67e1c4ccca61a52a92a65af1,1742849048,20814.1958,1742849053,15814.1958,Rabbit
67e1c4ccca61a52a92a65af2,1742849048,20815.7044,1742849053,15815.7044,Rabbit
67e1c4ccca61a52a92a65af3,1742849048,20817.3283,1742849053,15817.3283,Rabbit
67e1c4ccca61a52a92a65af4,1742849048,20840.3275,1742849053,15840.3275,Rabbit
67e1c4ccca61a52a92a65af5,1742849048,20842.4182,1742849053,15842.4182,Rabbit
67e1c4cdca61a52a92a65af6,1742849048,20871.4656,1742849053,15871.4656,Rabbit
67e1c4cdca61a52a92a65af7,1742849048,20872.9754,1742849053,15872.9754,Rabbit
67e1c4cdca61a52a92a65af8,1742849048,20874.3881,1742849053,15874.3881,Rabbit
67e1c4cdca61a52a92a65af9,1742849048,20903.2237,1742849053,15903.2237,Rabbit
67e1c4cdca61a52a92a65afa,1742849048,20934.6947,1742849053,15934.6947,Rabbit
67e1c4cdca61a52a92a65afb,1742849048,20965.6746,1742849053,15965.6746,Rabbit
67e1c4cdca61a52a92a65afc,1742849048,21026.6099,1742849053,16026.6099,Rabbit
67e1c4cdca61a52a92a65afd,1742849048,21028.1376,1742849053,16028.1376,Rabbit
67e1c4cdca61a52a92a65afe,1742849048,21029.5618,1742849053,16029.5618,Rabbit
67e1c4cdca61a52a92a65aff,1742849048,21031.0397,1742849053,16031.0397,Rabbit
67e1c4cdca61a52a92a65b00,1742849048,21032.5246,1742849053,16032.5246,Rabbit
67e1c4cdca61a52a92a65b01,1742849048,21033.9466,1742849053,16033.9466,Rabbit
67e1c4cdca61a52a92a65b02,1742849048,21035.4923,1742849053,16035.4923,Rabbit
67e1c4cdca61a52a92a65b03,1742849048,21036.9215,1742849053,16036.9215,Rabbit
67e1c4ceca61a52a92a65b04,1742849048,21038.3815,1742849053,16038.3815,Rabbit
67e1c4ceca61a52a92a65b05,1742849048,21039.7894,1742849053,16039.7894,Rabbit
67e1c4ceca61a52a92a65b06,1742849048,21041.2259,1742849053,16041.2259,Rabbit
67e1c4ceca61a52a92a65b07,1742849048,21043.268,1742849053,16043.268,Rabbit
67e1c4ceca61a52a92a65b08,1742849048,21045.8589,1742849053,16045.8589,Rabbit
67e1c4ceca61a52a92a65b09,1742849048,21048.4177,1742849053,16048.4177,Rabbit
67e1c4ceca61a52a92a65b0a,1742849048,21050.8767,1742849053,16050.8767,Rabbit
67e1c4ceca61a52a92a65b0b,1742849048,21053.1486,1742849053,16053.1486,Rabbit
67e1c4ceca61a52a92a65b0c,1742849048,21055.3898,1742849053,16055.3898,Rabbit
67e1c4ceca61a52a92a65b0d,1742849048,21057.9185,1742849053,16057.9185,Rabbit
67e1c4ceca61a52a92a65b0e,1742849048,21060.4553,1742849053,16060.4553,Rabbit
67e1c4ceca61a52a92a65b0f,1742849048,21063.0383,1742849053,16063.0383,Rabbit
67e1c4ceca61a52a92a65b10,1742849048,21065.7211,1742849053,16065.7211,Rabbit
67e1c4ceca61a52a92a65b11,1742849048,21068.1059,1742849053,16068.1059,Rabbit
67e1c4ceca61a52a92a65b12,1742849048,21070.5111,1742849053,16070.5111,Rabbit
67e1c4ceca61a52a92a65b13,1742849048,21073.45,1742849053,16073.45,Rabbit
67e1c4ceca61a52a92a65b14,1742849048,21105.7228,1742849053,16105.7228,Rabbit
67e1c4ceca61a52a92a65b15,1742849048,21107.103,1742849053,16107.103,Rabbit
67e1c4cfca61a52a92a65b16,1742849048,21108.5248,1742849053,16108.5248,Rabbit
67e1c4cfca61a52a92a65b17,1742849048,21109.9392,1742849053,16109.9392,Rabbit
67e1c4cfca61a52a92a65b18,1742849048,21111.3581,1742849053,16111.3581,Rabbit
67e1c4cfca61a52a92a65b19,1742849048,21112.81,1742849053,16112.81,Rabbit
67e1c4cfca61a52a92a65b1a,1742849048,21114.2286,1742849053,16114.2286,Rabbit
67e1c4cfca61a52a92a65b1b,1742849048,21115.6108,1742849053,16115.6108,Rabbit
67e1c4cfca61a52a92a65b1c,1742849048,21117.0144,1742849053,16117.0144,Rabbit
67e1c4cfca61a52a92a65b1d,1742849048,21118.4272,1742849053,16118.4272,Rabbit
67e1c4cfca61a52a92a65b1e,1742849048,21120.7423,1742849053,16120.7423,Rabbit
67e1c4cfca61a52a92a65b1f,1742849048,21123.6533,1742849053,16123.6533,Rabbit
67e1c4cfca61a52a92a65b20,1742849048,21125.822,1742849053,16125.822,Rabbit
67e1c4cfca61a52a92a65b21,1742849048,21127.9248,1742849053,16127.9248,Rabbit
67e1c4d0ca61a52a92a65b22,1742849048,21129.4726,1742849053,16129.4726,Rabbit
67e1c4d0ca61a52a92a65b23,1742849048,21131.0749,1742849053,16131.0749,Rabbit
67e1c4d0ca61a52a92a65b24,1742849048,21132.6161,1742849053,16132.6161,Rabbit
67e1c4d0ca61a52a92a65b25,1742849048,21134.1366,1742849053,16134.1366,Rabbit
67e1c4d0ca61a52a92a65b26,1742849048,21136.695,1742849053,16136.695,Rabbit
67e1c4d0ca61a52a92a65b27,1742849048,21139.5594,1742849053,16139.5594,Rabbit
67e1c4d0ca61a52a92a65b28,1742849048,21142.424,1742849053,16142.424,Rabbit
67e1c4d0ca61a52a92a65b29,1742849048,21144.9181,1742849053,16144.9181,Rabbit
67e1c4d0ca61a52a92a65b2a,1742849048,21147.4641,1742849053,16147.4641,Rabbit
67e1c4d0ca61a52a92a65b2b,1742849048,21150.0289,1742849053,16150.0289,Rabbit
67e1c4d0ca61a52a92a65b2c,1742849048,21152.2848,1742849053,16152.2848,Rabbit
67e1c4d1ca61a52a92a65b2d,1742849048,21155.1935,1742849053,16155.1935,Rabbit
67e1c4d1ca61a52a92a65b2e,1742849048,21181.8179,1742849053,16181.8179,Rabbit
67e1c4d1ca61a52a92a65b2f,1742849048,21184.1416,1742849053,16184.1416,Rabbit
67e1c4d1ca61a52a92a65b30,1742849048,21186.4519,1742849053,16186.4519,Rabbit
67e1c4d1ca61a52a92a65b31,1742849048,21188.8652,1742849053,16188.8652,Rabbit
67e1c4d1ca61a52a92a65b32,1742849048,21191.1533,1742849053,16191.1533,Rabbit
67e1c4d1ca61a52a92a65b33,1742849048,21193.0199,1742849053,16193.0199,Rabbit
67e1c4d1ca61a52a92a65b34,1742849048,21195.2958,1742849053,16195.2958,Rabbit
67e1c4d1ca61a52a92a65b35,1742849048,21197.8024,1742849053,16197.8024,Rabbit
67e1c4d1ca61a52a92a65b36,1742849048,21200.1964,1742849053,16200.1964,Rabbit
67e1c4d1ca61a52a92a65b37,1742849048,21228.1767,1742849053,16228.1767,Rabbit
67e1c4d1ca61a52a92a65b38,1742849048,21229.734,1742849053,16229.734,Rabbit
67e1c4d1ca61a52a92a65b39,1742849048,21231.1341,1742849053,16231.1341,Rabbit
67e1c4d1ca61a52a92a65b3a,1742849048,21232.5441,1742849053,16232.5441,Rabbit
67e1c4d1ca61a52a92a65b3b,1742849048,21234.0188,1742849053,16234.0188,Rabbit
67e1c4d2ca61a52a92a65b3c,1742849048,21235.3515,1742849053,16235.3515,Rabbit
67e1c4d2ca61a52a92a65b3d,1742849048,21236.7358,1742849053,16236.7358,Rabbit
67e1c4d2ca61a52a92a65b3e,1742849048,21238.128,1742849053,16238.128,Rabbit
67e1c4d2ca61a52a92a65b3f,1742849048,21239.6708,1742849053,16239.6708,Rabbit
67e1c4d2ca61a52a92a65b40,1742849048,21241.1487,1742849053,16241.1487,Rabbit
67e1c4d2ca61a52a92a65b41,1742849048,21242.5818,1742849053,16242.5818,Rabbit
67e1c4d2ca61a52a92a65b42,1742849048,21244.2025,1742849053,16244.2025,Rabbit
67e1c4d2ca61a52a92a65b43,1742849048,21305.7442,1742849053,16305.7442,Rabbit
67e1c4d2ca61a52a92a65b44,1742849048,21307.2269,1742849053,16307.2269,Rabbit
67e1c4d2ca61a52a92a65b45,1742849048,21308.7723,1742849053,16308.7723,Rabbit
67e1c4d2ca61a52a92a65b46,1742849048,21310.1402,1742849053,16310.1402,Rabbit
67e1c4d2ca61a52a92a65b47,1742849048,21311.5191,1742849053,16311.5191,Rabbit
67e1c4d2ca61a52a92a65b48,1742849048,21312.9132,1742849053,16312.9132,Rabbit
67e1c4d2ca61a52a92a65b49,1742849048,21314.2977,1742849053,16314.2977,Rabbit
67e1c4d2ca61a52a92a65b4a,1742849048,21315.6809,1742849053,16315.6809,Rabbit
67e1c4d2ca61a52a92a65b4b,1742849048,21317.1158,1742849053,16317.1158,Rabbit
67e1c4d2ca61a52a92a65b4c,1742849048,21318.4886,1742849053,16318.4886,Rabbit
67e1c4d2ca61a52a92a65b4d,1742849048,21319.8456,1742849053,16319.8456,Rabbit
67e1c4d2ca61a52a92a65b4e,1742849048,21321.2817,1742849053,16321.2817,Rabbit
67e1c4d2ca61a52a92a65b4f,1742849048,21324.4132,1742849053,16324.4132,Rabbit
67e1c4d2ca61a52a92a65b50,1742849048,21353.5893,1742849053,16353.5893,Rabbit
67e1c4d2ca61a52a92a65b51,1742849048,21355.9559,1742849053,16355.9559,Rabbit
67e1c4d3ca61a52a92a65b52,1742849048,21358.3225,1742849053,16358.3225,Rabbit
67e1c4d3ca61a52a92a65b53,1742849048,21360.8488,1742849053,16360.8488,Rabbit
67e1c4d3ca61a52a92a65b54,1742849048,21363.1697,1742849053,16363.1697,Rabbit
67e1c4d3ca61a52a92a65b55,1742849048,21365.5851,1742849053,16365.5851,Rabbit
67e1c4d3ca61a52a92a65b56,1742849048,21368.1151,1742849053,16368.1151,Rabbit
67e1c4d3ca61a52a92a65b57,1742849048,21370.5719,1742849053,16370.5719,Rabbit
67e1c4d3ca61a52a92a65b58,1742849048,21372.9514,1742849053,16372.9514,Rabbit
67e1c4d3ca61a52a92a65b59,1742849048,21375.195,1742849053,16375.195,Rabbit
67e1c4d3ca61a52a92a65b5a,1742849048,21376.6495,1742849053,16376.6495,Rabbit
67e1c4d3ca61a52a92a65b5b,1742849048,21378.0494,1742849053,16378.0494,Rabbit
67e1c4d3ca61a52a92a65b5c,1742849048,21379.5893,1742849053,16379.5893,Rabbit
67e1c4d3ca61a52a92a65b5d,1742849048,21380.9644,1742849053,16380.9644,Rabbit
67e1c4d3ca61a52a92a65b5e,1742849048,21382.5571,1742849053,16382.5571,Rabbit
67e1c4d3ca61a52a92a65b5f,1742849048,21384.1743,1742849053,16384.1743,Rabbit
67e1c4d3ca61a52a92a65b60,1742849048,21385.5891,1742849053,16385.5891,Rabbit
67e1c4d3ca61a52a92a65b61,1742849048,21386.9816,1742849053,16386.9816,Rabbit
67e1c4d3ca61a52a92a65b62,1742849048,21388.3753,1742849053,16388.3753,Rabbit
67e1c4d3ca61a52a92a65b63,1742849048,21389.7638,1742849053,16389.7638,Rabbit
67e1c4d3ca61a52a92a65b64,1742849048,21391.2131,1742849053,16391.2131,Rabbit
67e1c4d3ca61a52a92a65b65,1742849048,21392.6449,1742849053,16392.6449,Rabbit
67e1c4d3ca61a52a92a65b66,1742849048,21393.9772,1742849053,16393.9772,Rabbit
67e1c4d4ca61a52a92a65b67,1742849048,21395.3476,1742849053,16395.3476,Rabbit
67e1c4d4ca61a52a92a65b68,1742849048,21396.787,1742849053,16396.787,Rabbit
67e1c4d4ca61a52a92a65b69,1742849048,21398.2097,1742849053,16398.2097,Rabbit
67e1c4d4ca61a52a92a65b6a,1742849048,21400.1858,1742849053,16400.1858,Rabbit
67e1c4d4ca61a52a92a65b6b,1742849048,21402.4311,1742849053,16402.4311,Rabbit
67e1c4d4ca61a52a92a65b6c,1742849048,21404.7761,1742849053,16404.7761,Rabbit
67e1c4d5ca61a52a92a65b6d,1742849048,21407.1369,1742849053,16407.1369,Rabbit
67e1c4d5ca61a52a92a65b6e,1742849048,21409.4796,1742849053,16409.4796,Rabbit
67e1c4d5ca61a52a92a65b6f,1742849048,21411.6644,1742849053,16411.6644,Rabbit
67e1c4d5ca61a52a92a65b70,1742849048,21414.0944,1742849053,16414.0944,Rabbit
67e1c4d5ca61a52a92a65b71,1742849048,21416.4376,1742849053,16416.4376,Rabbit
67e1c4d5ca61a52a92a65b72,1742849048,21418.6174,1742849053,16418.6174,Rabbit
67e1c4d5ca61a52a92a65b73,1742849048,21421.3343,1742849053,16421.3343,Rabbit
67e1c4d5ca61a52a92a65b74,1742849048,21423.6399,1742849053,16423.6399,Rabbit
67e1c4d5ca61a52a92a65b75,1742849048,21425.4292,1742849053,16425.4292,Rabbit
67e1c4d5ca61a52a92a65b76,1742849048,21427.3076,1742849053,16427.3076,Rabbit
67e1c4d5ca61a52a92a65b77,1742849048,21429.979,1742849053,16429.979,Rabbit
67e1c4d5ca61a52a92a65b78,1742849048,21432.3788,1742849053,16432.3788,Rabbit
67e1c4d5ca61a52a92a65b79,1742849048,21434.4386,1742849053,16434.4386,Rabbit
67e1c4d5ca61a52a92a65b7a,1742849048,21436.0071,1742849053,16436.0071,Rabbit
67e1c4d5ca61a52a92a65b7b,1742849048,21437.5751,1742849053,16437.5751,Rabbit
67e1c4d5ca61a52a92a65b7c,1742849048,21439.1569,1742849053,16439.1569,Rabbit
67e1c4d5ca61a52a92a65b7d,1742849048,21440.8369,1742849053,16440.8369,Rabbit
67e1c4d6ca61a52a92a65b7e,1742849048,21442.5633,1742849053,16442.5633,Rabbit
67e1c4d6ca61a52a92a65b7f,1742849048,21444.2547,1742849053,16444.2547,Rabbit
67e1c4d6ca61a52a92a65b80,1742849048,21446.6875,1742849053,16446.6875,Rabbit
67e1c4d6ca61a52a92a65b81,1742849048,21448.8732,1742849053,16448.8732,Rabbit
67e1c4d6ca61a52a92a65b82,1742849048,21451.3543,1742849053,16451.3543,Rabbit
67e1c4d6ca61a52a92a65b83,1742849048,21452.9412,1742849053,16452.9412,Rabbit
67e1c4d6ca61a52a92a65b84,1742849048,21454.5217,1742849053,16454.5217,Rabbit
67e1c4d6ca61a52a92a65b85,1742849048,21456.0189,1742849053,16456.0189,Rabbit
67e1c4d6ca61a52a92a65b86,1742849048,21457.5865,1742849053,16457.5865,Rabbit
67e1c4d6ca61a52a92a65b87,1742849048,21492.0386,1742849053,16492.0386,Rabbit
67e1c4d6ca61a52a92a65b88,1742849048,21494.4518,1742849053,16494.4518,Rabbit
67e1c4d6ca61a52a92a65b89,1742849048,21497.0708,1742849053,16497.0708,Rabbit
67e1c4d7ca61a52a92a65b8a,1742849048,21499.6133,1742849053,16499.6133,Rabbit
67e1c4d7ca61a52a92a65b8b,1742849048,21502.1344,1742849053,16502.1344,Rabbit
67e1c4d7ca61a52a92a65b8c,1742849048,21504.6979,1742849053,16504.6979,Rabbit
67e1c4d7ca61a52a92a65b8d,1742849048,21506.6458,1742849053,16506.6458,Rabbit
67e1c4d7ca61a52a92a65b8e,1742849048,21509.0813,1742849053,16509.0813,Rabbit
67e1c4d7ca61a52a92a65b8f,1742849048,21511.4604,1742849053,16511.4604,Rabbit
67e1c4d7ca61a52a92a65b90,1742849048,21513.9484,1742849053,16513.9484,Rabbit
67e1c4d7ca61a52a92a65b91,1742849048,21515.8566,1742849053,16515.8566,Rabbit
67e1c4d7ca61a52a92a65b92,1742849048,21538.507,1742849053,16538.507,Rabbit
67e1c4d7ca61a52a92a65b93,1742849048,21541.4559,1742849053,16541.4559,Rabbit
67e1c4d7ca61a52a92a65b94,1742849048,21544.105,1742849053,16544.105,Rabbit
67e1c4d8ca61a52a92a65b95,1742849048,21545.6884,1742849053,16545.6884,Rabbit
67e1c4d8ca61a52a92a65b96,1742849048,21547.2152,1742849053,16547.2152,Rabbit
67e1c4d8ca61a52a92a65b97,1742849048,21548.6433,1742849053,16548.6433,Rabbit
67e1c4d8ca61a52a92a65b98,1742849048,21550.0112,1742849053,16550.0112,Rabbit
67e1c4d8ca61a52a92a65b99,1742849048,21551.3943,1742849053,16551.3943,Rabbit
67e1c4d8ca61a52a92a65b9a,1742849048,21552.6955,1742849053,16552.6955,Rabbit
67e1c4d8ca61a52a92a65b9b,1742849048,21554.8716,1742849053,16554.8716,Rabbit
67e1c4d8ca61a52a92a65b9c,1742849048,21556.8836,1742849053,16556.8836,Rabbit
67e1c4d8ca61a52a92a65b9d,1742849048,21559.2258,1742849053,16559.2258,Rabbit
67e1c4d9ca61a52a92a65b9e,1742849048,21561.6194,1742849053,16561.6194,Rabbit
67e1c4d9ca61a52a92a65b9f,1742849048,21563.6521,1742849053,16563.6521,Rabbit
67e1c4d9ca61a52a92a65ba0,1742849048,21565.9911,1742849053,16565.9911,Rabbit
67e1c4d9ca61a52a92a65ba1,1742849048,21568.2479,1742849053,16568.2479,Rabbit
67e1c4d9ca61a52a92a65ba2,1742849048,21570.6507,1742849053,16570.6507,Rabbit
67e1c4d9ca61a52a92a65ba3,1742849048,21600.3582,1742849053,16600.3582,Rabbit
67e1c4d9ca61a52a92a65ba4,1742849048,21603.1002,1742849053,16603.1002,Rabbit
67e1c4d9ca61a52a92a65ba5,1742849048,21631.2829,1742849053,16631.2829,Rabbit
67e1c4d9ca61a52a92a65ba6,1742849048,21633.3334,1742849053,16633.3334,Rabbit
67e1c4d9ca61a52a92a65ba7,1742849048,21635.6137,1742849053,16635.6137,Rabbit
67e1c4d9ca61a52a92a65ba8,1742849048,21638.0647,1742849053,16638.0647,Rabbit
67e1c4d9ca61a52a92a65ba9,1742849048,21662.2681,1742849053,16662.2681,Rabbit
67e1c4d9ca61a52a92a65baa,1742849048,21664.6886,1742849053,16664.6886,Rabbit
67e1c4d9ca61a52a92a65bab,1742849048,21666.7358,1742849053,16666.7358,Rabbit
67e1c4daca61a52a92a65bac,1742849048,21669.0807,1742849053,16669.0807,Rabbit
67e1c4daca61a52a92a65bad,1742849048,21670.5437,1742849053,16670.5437,Rabbit
67e1c4daca61a52a92a65bae,1742849048,21672.0095,1742849053,16672.0095,Rabbit
67e1c4daca61a52a92a65baf,1742849048,21673.4146,1742849053,16673.4146,Rabbit
67e1c4daca61a52a92a65bb0,1742849048,21674.9173,1742849053,16674.9173,Rabbit
67e1c4daca61a52a92a65bb1,1742849048,21708.7362,1742849053,16708.7362,Rabbit
67e1c4daca61a52a92a65bb2,1742849048,21710.2077,1742849053,16710.2077,Rabbit
67e1c4daca61a52a92a65bb3,1742849048,21711.6371,1742849053,16711.6371,Rabbit
67e1c4daca61a52a92a65bb4,1742849048,21713.0866,1742849053,16713.0866,Rabbit
67e1c4daca61a52a92a65bb5,1742849048,21714.4486,1742849053,16714.4486,Rabbit
67e1c4daca61a52a92a65bb6,1742849048,21739.7716,1742849053,16739.7716,Rabbit
67e1c4daca61a52a92a65bb7,1742849048,21741.2266,1742849053,16741.2266,Rabbit
67e1c4daca61a52a92a65bb8,1742849048,21801.7553,1742849053,16801.7553,Rabbit
67e1c4dbca61a52a92a65bb9,1742849048,21863.7298,1742849053,16863.7298,Rabbit
67e1c4dbca61a52a92a65bba,1742849048,21925.8115,1742849053,16925.8115,Rabbit
67e1c4dbca61a52a92a65bbb,1742849048,21957.561,1742849053,16957.561,Rabbit
67e1c4dbca61a52a92a65bbc,1742849048,21988.909,1742849053,16988.909,Rabbit
67e1c4dbca61a52a92a65bbd,1742849048,21990.7051,1742849053,16990.7051,Rabbit
67e1c4dbca61a52a92a65bbe,1742849048,21992.6166,1742849053,16992.6166,Rabbit
67e1c4dbca61a52a92a65bbf,1742849048,21994.2177,1742849053,16994.2177,Rabbit
67e1c4dbca61a52a92a65bc0,1742849048,21995.7809,1742849053,16995.7809,Rabbit
67e1c4dbca61a52a92a65bc1,1742849048,21997.2326,1742849053,16997.2326,Rabbit
67e1c4b4ca61a52a92a6599c,1742849048,10348.3269,1742849052,6348.3269,Rabbit
67e1c4b4ca61a52a92a6599d,1742849048,10380.1176,1742849052,6380.1176,Rabbit
67e1c4b4ca61a52a92a6599e,1742849048,10381.6401,1742849052,6381.6401,Rabbit
67e1c4b4ca61a52a92a6599f,1742849048,10410.2558,1742849052,6410.2558,Rabbit
67e1c4b4ca61a52a92a659a0,1742849048,10441.5033,1742849052,6441.5033,Rabbit
67e1c4b5ca61a52a92a659a1,1742849048,10472.8196,1742849052,6472.8196,Rabbit
67e1c4b5ca61a52a92a659a2,1742849048,10474.3695,1742849052,6474.3695,Rabbit
67e1c4b5ca61a52a92a659a3,1742849048,10503.854,1742849052,6503.854,Rabbit
67e1c4b5ca61a52a92a659a4,1742849048,10533.9762,1742849052,6533.9762,Rabbit
67e1c4b5ca61a52a92a659a5,1742849048,10564.9473,1742849052,6564.9473,Rabbit
67e1c4b5ca61a52a92a659a6,1742849048,10595.8345,1742849052,6595.8345,Rabbit
67e1c4b5ca61a52a92a659a7,1742849048,10626.8282,1742849052,6626.8282,Rabbit
67e1c4b5ca61a52a92a659a8,1742849048,10688.8358,1742849052,6688.8358,Rabbit
67e1c4b5ca61a52a92a659a9,1742849048,10751.2595,1742849052,6751.2595,Rabbit
67e1c4b5ca61a52a92a659aa,1742849048,10813.0528,1742849052,6813.0528,Rabbit
67e1c4b5ca61a52a92a659ab,1742849048,10843.8982,1742849052,6843.8982,Rabbit
67e1c4b5ca61a52a92a659ac,1742849048,10875.8814,1742849052,6875.8814,Rabbit
67e1c4b5ca61a52a92a659ad,1742849048,10877.3985,1742849052,6877.3985,Rabbit
67e1c4b6ca61a52a92a659ae,1742849048,10937.0512,1742849052,6937.0512,Rabbit
67e1c4b6ca61a52a92a659af,1742849048,10999.1044,1742849052,6999.1044,Rabbit
67e1c4b6ca61a52a92a659b0,1742849048,11031.7505,1742849052,7031.7505,Rabbit
67e1c4b6ca61a52a92a659b1,1742849048,11034.161,1742849052,7034.161,Rabbit
67e1c4b6ca61a52a92a659b2,1742849048,11036.5806,1742849052,7036.5806,Rabbit
67e1c4b6ca61a52a92a659b3,1742849048,11061.1048,1742849052,7061.1048,Rabbit
67e1c4b7ca61a52a92a659b4,1742849048,11093.6834,1742849052,7093.6834,Rabbit
67e1c4b7ca61a52a92a659b5,1742849048,11154.5704,1742849052,7154.5704,Rabbit
67e1c4b7ca61a52a92a659b6,1742849048,11191.7197,1742849052,7191.7197,Rabbit
67e1c4b7ca61a52a92a659b7,1742849048,11195.2622,1742849052,7195.2622,Rabbit
67e1c4b7ca61a52a92a659b8,1742849048,11231.3992,1742849052,7231.3992,Rabbit
67e1c4b7ca61a52a92a659b9,1742849048,11261.9485,1742849052,7261.9485,Rabbit
67e1c4b7ca61a52a92a659ba,1742849048,11323.9413,1742849052,7323.9413,Rabbit
67e1c4b7ca61a52a92a659bb,1742849048,11385.9011,1742849052,7385.9011,Rabbit
67e1c4b7ca61a52a92a659bc,1742849048,11447.8614,1742849052,7447.8614,Rabbit
67e1c4b7ca61a52a92a659bd,1742849048,11509.7459,1742849052,7509.7459,Rabbit
67e1c4b8ca61a52a92a659be,1742849048,11541.2622,1742849052,7541.2622,Rabbit
67e1c4b8ca61a52a92a659bf,1742849048,11603.0501,1742849052,7603.0501,Rabbit
67e1c4b8ca61a52a92a659c0,1742849048,11665.0028,1742849052,7665.0028,Rabbit
67e1c4b8ca61a52a92a659c1,1742849048,11667.892,1742849052,7667.892,Rabbit
67e1c4b8ca61a52a92a659c2,1742849048,11727.0918,1742849052,7727.0918,Rabbit
67e1c4b8ca61a52a92a659c3,1742849048,11760.5703,1742849052,7760.5703,Rabbit
67e1c4b8ca61a52a92a659c4,1742849048,11821.9504,1742849052,7821.9504,Rabbit
67e1c4b8ca61a52a92a659c5,1742849048,11852.8508,1742849052,7852.8508,Rabbit
67e1c4b8ca61a52a92a659c6,1742849048,11881.6285,1742849052,7881.6285,Rabbit
67e1c4b8ca61a52a92a659c7,1742849048,11914.5203,1742849052,7914.5203,Rabbit
67e1c4b8ca61a52a92a659c8,1742849048,11974.595,1742849052,7974.595,Rabbit
67e1c4b9ca61a52a92a659c9,1742849048,12036.5631,1742849052,8036.5631,Rabbit
67e1c4b9ca61a52a92a659ca,1742849048,12098.5483,1742849052,8098.5483,Rabbit
67e1c4b9ca61a52a92a659cb,1742849048,12160.648,1742849052,8160.648,Rabbit
67e1c4b9ca61a52a92a659cc,1742849048,12196.9178,1742849052,8196.9178,Rabbit
67e1c4b9ca61a52a92a659cd,1742849048,12222.4759,1742849052,8222.4759,Rabbit
67e1c4b9ca61a52a92a659ce,1742849048,12284.5385,1742849052,8284.5385,Rabbit
67e1c4b9ca61a52a92a659cf,1742849048,12346.5229,1742849052,8346.5229,Rabbit
67e1c4b9ca61a52a92a659d0,1742849048,12408.4114,1742849052,8408.4114,Rabbit
67e1c4b9ca61a52a92a659d1,1742849048,12471.2829,1742849052,8471.2829,Rabbit
67e1c4b9ca61a52a92a659d2,1742849048,12532.7701,1742849052,8532.7701,Rabbit
67e1c4b9ca61a52a92a659d3,1742849048,12565.2662,1742849052,8565.2662,Rabbit
67e1c4b9ca61a52a92a659d4,1742849048,12625.6547,1742849052,8625.6547,Rabbit
67e1c4b9ca61a52a92a659d5,1742849048,12657.3101,1742849052,8657.3101,Rabbit
67e1c4baca61a52a92a659d6,1742849048,12687.5771,1742849052,8687.5771,Rabbit
67e1c4baca61a52a92a659d7,1742849048,12719.97,1742849052,8719.97,Rabbit
67e1c4baca61a52a92a659d8,1742849048,12780.4312,1742849052,8780.4312,Rabbit
67e1c4baca61a52a92a659d9,1742849048,12842.3902,1742849052,8842.3902,Rabbit
67e1c4baca61a52a92a659da,1742849048,12904.6327,1742849052,8904.6327,Rabbit
67e1c4baca61a52a92a659db,1742849048,12938.5449,1742849052,8938.5449,Rabbit
67e1c4baca61a52a92a659dc,1742849048,12967.0298,1742849052,8967.0298,Rabbit
67e1c4baca61a52a92a659dd,1742849048,12997.7543,1742849052,8997.7543,Rabbit
67e1c4baca61a52a92a659de,1742849048,13029.5749,1742849052,9029.5749,Rabbit
67e1c4baca61a52a92a659df,1742849048,13060.4688,1742849052,9060.4688,Rabbit
67e1c4baca61a52a92a659e0,1742849048,13062.3152,1742849052,9062.3152,Rabbit
67e1c4baca61a52a92a659e1,1742849048,13092.3832,1742849052,9092.3832,Rabbit
67e1c4baca61a52a92a659e2,1742849048,13152.4451,1742849052,9152.4451,Rabbit
67e1c4baca61a52a92a659e3,1742849048,13153.9685,1742849052,9153.9685,Rabbit
67e1c4baca61a52a92a659e4,1742849048,13155.4232,1742849052,9155.4232,Rabbit
67e1c4baca61a52a92a659e5,1742849048,13156.8931,1742849052,9156.8931,Rabbit
67e1c4baca61a52a92a659e6,1742849048,13183.5054,1742849052,9183.5054,Rabbit
67e1c4baca61a52a92a659e7,1742849048,13215.3613,1742849052,9215.3613,Rabbit
67e1c4baca61a52a92a659e8,1742849048,13246.4363,1742849052,9246.4363,Rabbit
67e1c4baca61a52a92a659e9,1742849048,13307.9451,1742849052,9307.9451,Rabbit
67e1c4bbca61a52a92a659ea,1742849048,13340.3833,1742849052,9340.3833,Rabbit
67e1c4bbca61a52a92a659eb,1742849048,13343.0848,1742849052,9343.0848,Rabbit
67e1c4bbca61a52a92a659ec,1742849048,13400.4608,1742849052,9400.4608,Rabbit
67e1c4bbca61a52a92a659ed,1742849048,13401.9411,1742849052,9401.9411,Rabbit
67e1c4bbca61a52a92a659ee,1742849048,13432.7335,1742849052,9432.7335,Rabbit
67e1c4bbca61a52a92a659ef,1742849048,13493.569,1742849052,9493.569,Rabbit
67e1c4bbca61a52a92a659f0,1742849048,13555.8226,1742849052,9555.8226,Rabbit
67e1c4bbca61a52a92a659f1,1742849048,13557.8856,1742849052,9557.8856,Rabbit
67e1c4bbca61a52a92a659f2,1742849048,13588.034,1742849052,9588.034,Rabbit
67e1c4bbca61a52a92a659f3,1742849048,13617.7391,1742849052,9617.7391,Rabbit
67e1c4bbca61a52a92a659f4,1742849048,13650.3632,1742849052,9650.3632,Rabbit
67e1c4bbca61a52a92a659f5,1742849048,13652.9176,1742849052,9652.9176,Rabbit
67e1c4bbca61a52a92a659f6,1742849048,13710.6324,1742849052,9710.6324,Rabbit
67e1c4bcca61a52a92a659f7,1742849048,13742.9086,1742849052,9742.9086,Rabbit
67e1c4bcca61a52a92a659f8,1742849048,13773.4578,1742849052,9773.4578,Rabbit
67e1c4bcca61a52a92a659f9,1742849048,13778.141,1742849052,9778.141,Rabbit
67e1c4bcca61a52a92a659fa,1742849048,13782.991,1742849052,9782.991,Rabbit
67e1c4bcca61a52a92a659fb,1742849048,13819.2465,1742849052,9819.2465,Rabbit
67e1c4bcca61a52a92a659fc,1742849048,13850.235,1742849052,9850.235,Rabbit
67e1c4bcca61a52a92a659fd,1742849048,13911.7134,1742849052,9911.7134,Rabbit
67e1c4bcca61a52a92a659fe,1742849048,13943.9518,1742849052,9943.9518,Rabbit
67e1c4bcca61a52a92a659ff,1742849048,13945.408,1742849052,9945.408,Rabbit
67e1c4bcca61a52a92a65a00,1742849048,13974.9803,1742849052,9974.9803,Rabbit
67e1c4bcca61a52a92a65a01,1742849048,14005.0885,1742849052,10005.0885,Rabbit
67e1c4bcca61a52a92a65a02,1742849048,14036.8828,1742849052,10036.8828,Rabbit
67e1c4bcca61a52a92a65a03,1742849048,14066.9537,1742849052,10066.9537,Rabbit
67e1c4bcca61a52a92a65a04,1742849048,14129.3897,1742849052,10129.3897,Rabbit
67e1c4bdca61a52a92a65a05,1742849048,14160.2322,1742849052,10160.2322,Rabbit
67e1c4bdca61a52a92a65a06,1742849048,14193.3557,1742849052,10193.3557,Rabbit
67e1c4bdca61a52a92a65a07,1742849048,14195.8753,1742849052,10195.8753,Rabbit
67e1c4bdca61a52a92a65a08,1742849048,14224.5248,1742849052,10224.5248,Rabbit
67e1c4bdca61a52a92a65a09,1742849048,14284.4805,1742849052,10284.4805,Rabbit
67e1c4bdca61a52a92a65a0a,1742849048,14346.1063,1742849052,10346.1063,Rabbit
67e1c4bdca61a52a92a65a0b,1742849048,14349.0179,1742849052,10349.0179,Rabbit
67e1c4bdca61a52a92a65a0c,1742849048,14378.5449,1742849052,10378.5449,Rabbit
67e1c4bdca61a52a92a65a0d,1742849048,14408.124,1742849052,10408.124,Rabbit
67e1c4bdca61a52a92a65a0e,1742849048,14439.2011,1742849052,10439.2011,Rabbit
67e1c4bdca61a52a92a65a0f,1742849048,14441.6142,1742849052,10441.6142,Rabbit
67e1c4bdca61a52a92a65a10,1742849048,14470.0032,1742849052,10470.0032,Rabbit
67e1c4bdca61a52a92a65a11,1742849048,14501.33,1742849052,10501.33,Rabbit
67e1c4bdca61a52a92a65a12,1742849048,14563.6268,1742849052,10563.6268,Rabbit
67e1c4bdca61a52a92a65a13,1742849048,14595.5435,1742849052,10595.5435,Rabbit
67e1c4beca61a52a92a65a14,1742849048,14656.9964,1742849052,10656.9964,Rabbit
67e1c4beca61a52a92a65a15,1742849048,14660.656,1742849052,10660.656,Rabbit
67e1c4beca61a52a92a65a16,1742849048,14663.3088,1742849052,10663.3088,Rabbit
67e1c4beca61a52a92a65a17,1742849048,14718.3126,1742849052,10718.3126,Rabbit
67e1c4beca61a52a92a65a18,1742849048,14749.2956,1742849052,10749.2956,Rabbit
67e1c4beca61a52a92a65a19,1742849048,14752.161,1742849052,10752.161,Rabbit
67e1c4beca61a52a92a65a1a,1742849048,14780.0233,1742849052,10780.0233,Rabbit
67e1c4beca61a52a92a65a1b,1742849048,14782.563,1742849052,10782.563,Rabbit
67e1c4beca61a52a92a65a1c,1742849048,14811.0786,1742849052,10811.0786,Rabbit
67e1c4beca61a52a92a65a1d,1742849048,14844.6606,1742849052,10844.6606,Rabbit
67e1c4bfca61a52a92a65a1e,1742849048,14874.5795,1742849052,10874.5795,Rabbit
67e1c4bfca61a52a92a65a1f,1742849048,14904.6084,1742849052,10904.6084,Rabbit
67e1c4bfca61a52a92a65a20,1742849048,14906.0896,1742849052,10906.0896,Rabbit
67e1c4bfca61a52a92a65a21,1742849048,14935.7127,1742849052,10935.7127,Rabbit
67e1c4bfca61a52a92a65a22,1742849048,14996.9307,1742849052,10996.9307,Rabbit
67e1c4bfca61a52a92a65a23,1742849048,15028.8028,1742849052,11028.8028,Rabbit
67e1c4bfca61a52a92a65a24,1742849048,15090.4104,1742849052,11090.4104,Rabbit
67e1c4bfca61a52a92a65a25,1742849048,15122.553,1742849052,11122.553,Rabbit
67e1c4bfca61a52a92a65a26,1742849048,15152.0397,1742849052,11152.0397,Rabbit
67e1c4bfca61a52a92a65a27,1742849048,15185.3104,1742849052,11185.3104,Rabbit
67e1c4bfca61a52a92a65a28,1742849048,15187.5124,1742849052,11187.5124,Rabbit
67e1c4bfca61a52a92a65a29,1742849048,15214.9236,1742849052,11214.9236,Rabbit
67e1c4bfca61a52a92a65a2a,1742849048,15217.4136,1742849052,11217.4136,Rabbit
67e1c4bfca61a52a92a65a2b,1742849048,15276.2614,1742849052,11276.2614,Rabbit
67e1c4bfca61a52a92a65a2c,1742849048,15338.0906,1742849052,11338.0906,Rabbit
67e1c4bfca61a52a92a65a2d,1742849048,15399.9942,1742849052,11399.9942,Rabbit
67e1c4bfca61a52a92a65a2e,1742849048,15461.7965,1742849052,11461.7965,Rabbit
67e1c4bfca61a52a92a65a2f,1742849048,15523.8414,1742849052,11523.8414,Rabbit
67e1c4c0ca61a52a92a65a30,1742849048,15557.6075,1742849052,11557.6075,Rabbit
67e1c4c0ca61a52a92a65a31,1742849048,15617.1667,1742849052,11617.1667,Rabbit
67e1c4c0ca61a52a92a65a32,1742849048,15648.7155,1742849052,11648.7155,Rabbit
67e1c4c0ca61a52a92a65a33,1742849048,15650.2812,1742849052,11650.2812,Rabbit
67e1c4c0ca61a52a92a65a34,1742849048,15679.8784,1742849052,11679.8784,Rabbit
67e1c4c0ca61a52a92a65a35,1742849048,15710.6481,1742849052,11710.6481,Rabbit
67e1c4c0ca61a52a92a65a36,1742849048,15712.6708,1742849052,11712.6708,Rabbit
67e1c4c0ca61a52a92a65a37,1742849048,15714.7499,1742849052,11714.7499,Rabbit
67e1c4c0ca61a52a92a65a38,1742849048,15717.0253,1742849052,11717.0253,Rabbit
67e1c4c0ca61a52a92a65a39,1742849048,15742.2235,1742849052,11742.2235,Rabbit
67e1c4c0ca61a52a92a65a3a,1742849048,15743.7956,1742849052,11743.7956,Rabbit
67e1c4c0ca61a52a92a65a3b,1742849048,15772.0014,1742849052,11772.0014,Rabbit
67e1c4c0ca61a52a92a65a3c,1742849048,15834.1027,1742849052,11834.1027,Rabbit
67e1c4c0ca61a52a92a65a3d,1742849048,15895.9628,1742849052,11895.9628,Rabbit
67e1c4c0ca61a52a92a65a3e,1742849048,15926.7451,1742849052,11926.7451,Rabbit
67e1c4c0ca61a52a92a65a3f,1742849048,15958.4164,1742849052,11958.4164,Rabbit
67e1c4c1ca61a52a92a65a40,1742849048,16020.2015,1742849052,12020.2015,Rabbit
67e1c4c1ca61a52a92a65a41,1742849048,16023.3143,1742849052,12023.3143,Rabbit
67e1c4c1ca61a52a92a65a42,1742849048,16050.961,1742849052,12050.961,Rabbit
67e1c4c1ca61a52a92a65a43,1742849048,16082.8347,1742849052,12082.8347,Rabbit
67e1c4c1ca61a52a92a65a44,1742849048,16088.1056,1742849052,12088.1056,Rabbit
67e1c4c1ca61a52a92a65a45,1742849048,16091.8695,1742849052,12091.8695,Rabbit
67e1c4c1ca61a52a92a65a46,1742849048,16114.6619,1742849052,12114.6619,Rabbit
67e1c4c1ca61a52a92a65a47,1742849048,16174.9421,1742849052,12174.9421,Rabbit
67e1c4c1ca61a52a92a65a48,1742849048,16205.8118,1742849052,12205.8118,Rabbit
67e1c4c1ca61a52a92a65a49,1742849048,16237.1019,1742849052,12237.1019,Rabbit
67e1c4c1ca61a52a92a65a4a,1742849048,16267.7056,1742849052,12267.7056,Rabbit
67e1c4c1ca61a52a92a65a4b,1742849048,16298.596,1742849052,12298.596,Rabbit
67e1c4c1ca61a52a92a65a4c,1742849048,16360.5506,1742849052,12360.5506,Rabbit
67e1c4c1ca61a52a92a65a4d,1742849048,16392.4339,1742849052,12392.4339,Rabbit
67e1c4c2ca61a52a92a65a4e,1742849048,16424.0499,1742849052,12424.0499,Rabbit
67e1c4c2ca61a52a92a65a4f,1742849048,16484.692,1742849052,12484.692,Rabbit
67e1c4c2ca61a52a92a65a50,1742849048,16547.3449,1742849052,12547.3449,Rabbit
67e1c4c2ca61a52a92a65a51,1742849048,16550.496,1742849052,12550.496,Rabbit
67e1c4c2ca61a52a92a65a52,1742849048,16577.6652,1742849052,12577.6652,Rabbit
67e1c4c2ca61a52a92a65a53,1742849048,16610.5677,1742849052,12610.5677,Rabbit
67e1c4c2ca61a52a92a65a54,1742849048,16639.3701,1742849052,12639.3701,Rabbit
67e1c4c2ca61a52a92a65a55,1742849048,16672.3199,1742849052,12672.3199,Rabbit
67e1c4c2ca61a52a92a65a56,1742849048,16732.0984,1742849052,12732.0984,Rabbit
67e1c4c2ca61a52a92a65a57,1742849048,16763.2431,1742849052,12763.2431,Rabbit
67e1c4c2ca61a52a92a65a58,1742849048,16766.4328,1742849052,12766.4328,Rabbit
67e1c4c2ca61a52a92a65a59,1742849048,16769.3771,1742849052,12769.3771,Rabbit
67e1c4c2ca61a52a92a65a5a,1742849048,16771.9329,1742849052,12771.9329,Rabbit
67e1c4c2ca61a52a92a65a5b,1742849048,16810.6715,1742849052,12810.6715,Rabbit
67e1c4c2ca61a52a92a65a5c,1742849048,16814.3471,1742849052,12814.3471,Rabbit
67e1c4c2ca61a52a92a65a5d,1742849048,16841.574,1742849052,12841.574,Rabbit
67e1c4c2ca61a52a92a65a5e,1742849048,16871.6066,1742849052,12871.6066,Rabbit
67e1c4c3ca61a52a92a65a5f,1742849048,16903.7231,1742849052,12903.7231,Rabbit
67e1c4acca61a52a92a6591e,1742849048,8369.3691,1742849051,5369.3691,Rabbit
67e1c4acca61a52a92a6591f,1742849048,8370.7501,1742849051,5370.7501,Rabbit
67e1c4acca61a52a92a65920,1742849048,8372.1294,1742849051,5372.1294,Rabbit
67e1c4acca61a52a92a65921,1742849048,8373.5075,1742849051,5373.5075,Rabbit
67e1c4acca61a52a92a65922,1742849048,8375.0117,1742849051,5375.0117,Rabbit
67e1c4acca61a52a92a65923,1742849048,8376.5801,1742849051,5376.5801,Rabbit
67e1c4acca61a52a92a65924,1742849048,8378.4552,1742849051,5378.4552,Rabbit
67e1c4acca61a52a92a65925,1742849048,8380.7375,1742849051,5380.7375,Rabbit
67e1c4acca61a52a92a65926,1742849048,8410.2382,1742849051,5410.2382,Rabbit
67e1c4acca61a52a92a65927,1742849048,8411.7622,1742849051,5411.7622,Rabbit
67e1c4acca61a52a92a65928,1742849048,8413.3114,1742849051,5413.3114,Rabbit
67e1c4acca61a52a92a65929,1742849048,8414.6957,1742849051,5414.6957,Rabbit
67e1c4acca61a52a92a6592a,1742849048,8416.1277,1742849051,5416.1277,Rabbit
67e1c4acca61a52a92a6592b,1742849048,8417.5697,1742849051,5417.5697,Rabbit
67e1c4adca61a52a92a6592c,1742849048,8418.9584,1742849051,5418.9584,Rabbit
67e1c4adca61a52a92a6592d,1742849048,8441.6122,1742849051,5441.6122,Rabbit
67e1c4adca61a52a92a6592e,1742849048,8444.2044,1742849051,5444.2044,Rabbit
67e1c4adca61a52a92a6592f,1742849048,8472.4158,1742849051,5472.4158,Rabbit
67e1c4adca61a52a92a65930,1742849048,8504.1892,1742849051,5504.1892,Rabbit
67e1c4adca61a52a92a65931,1742849048,8534.4581,1742849051,5534.4581,Rabbit
67e1c4adca61a52a92a65932,1742849048,8536.8984,1742849051,5536.8984,Rabbit
67e1c4adca61a52a92a65933,1742849048,8565.387,1742849051,5565.387,Rabbit
67e1c4adca61a52a92a65934,1742849048,8567.2215,1742849051,5567.2215,Rabbit
67e1c4adca61a52a92a65935,1742849048,8568.7539,1742849051,5568.7539,Rabbit
67e1c4adca61a52a92a65936,1742849048,8570.1827,1742849051,5570.1827,Rabbit
67e1c4adca61a52a92a65937,1742849048,8571.6747,1742849051,5571.6747,Rabbit
67e1c4adca61a52a92a65938,1742849048,8598.0067,1742849051,5598.0067,Rabbit
67e1c4adca61a52a92a65939,1742849048,8628.3998,1742849051,5628.3998,Rabbit
67e1c4adca61a52a92a6593a,1742849048,8660.7683,1742849051,5660.7683,Rabbit
67e1c4adca61a52a92a6593b,1742849048,8690.7347,1742849051,5690.7347,Rabbit
67e1c4adca61a52a92a6593c,1742849048,8751.4133,1742849051,5751.4133,Rabbit
67e1c4adca61a52a92a6593d,1742849048,8753.9396,1742849051,5753.9396,Rabbit
67e1c4adca61a52a92a6593e,1742849048,8783.3297,1742849051,5783.3297,Rabbit
67e1c4adca61a52a92a6593f,1742849048,8813.4603,1742849051,5813.4603,Rabbit
67e1c4adca61a52a92a65940,1742849048,8875.502,1742849051,5875.502,Rabbit
67e1c4adca61a52a92a65941,1742849048,8937.579,1742849051,5937.579,Rabbit
67e1c4aeca61a52a92a65942,1742849048,8968.6354,1742849051,5968.6354,Rabbit
67e1c4aeca61a52a92a65943,1742849048,8999.6202,1742849051,5999.6202,Rabbit
67e1c4aeca61a52a92a65944,1742849048,9030.3312,1742849051,6030.3312,Rabbit
67e1c4aeca61a52a92a65945,1742849048,9031.9487,1742849051,6031.9487,Rabbit
67e1c4aeca61a52a92a65946,1742849048,9033.4884,1742849051,6033.4884,Rabbit
67e1c4aeca61a52a92a65947,1742849048,9035.1723,1742849051,6035.1723,Rabbit
67e1c4aeca61a52a92a65948,1742849048,9092.6202,1742849051,6092.6202,Rabbit
67e1c4aeca61a52a92a65949,1742849048,9095.1746,1742849051,6095.1746,Rabbit
67e1c4afca61a52a92a6594a,1742849048,9097.7482,1742849051,6097.7482,Rabbit
67e1c4afca61a52a92a6594b,1742849048,9100.6551,1742849051,6100.6551,Rabbit
67e1c4afca61a52a92a6594c,1742849048,9102.6713,1742849051,6102.6713,Rabbit
67e1c4afca61a52a92a6594d,1742849048,9104.9702,1742849051,6104.9702,Rabbit
67e1c4afca61a52a92a6594e,1742849048,9107.2241,1742849051,6107.2241,Rabbit
67e1c4afca61a52a92a6594f,1742849048,9139.1995,1742849051,6139.1995,Rabbit
67e1c4afca61a52a92a65950,1742849048,9141.5408,1742849051,6141.5408,Rabbit
67e1c4afca61a52a92a65951,1742849048,9143.9775,1742849051,6143.9775,Rabbit
67e1c4afca61a52a92a65952,1742849048,9145.9017,1742849051,6145.9017,Rabbit
67e1c4afca61a52a92a65953,1742849048,9147.783,1742849051,6147.783,Rabbit
67e1c4afca61a52a92a65954,1742849048,9185.6291,1742849051,6185.6291,Rabbit
67e1c4b0ca61a52a92a65955,1742849048,9187.7562,1742849051,6187.7562,Rabbit
67e1c4b0ca61a52a92a65956,1742849048,9189.7643,1742849051,6189.7643,Rabbit
67e1c4b0ca61a52a92a65957,1742849048,9191.6706,1742849051,6191.6706,Rabbit
67e1c4b0ca61a52a92a65958,1742849048,9193.2826,1742849051,6193.2826,Rabbit
67e1c4b0ca61a52a92a65959,1742849048,9194.822,1742849051,6194.822,Rabbit
67e1c4b0ca61a52a92a6595a,1742849048,9196.4414,1742849051,6196.4414,Rabbit
67e1c4b0ca61a52a92a6595b,1742849048,9232.0841,1742849051,6232.0841,Rabbit
67e1c4b0ca61a52a92a6595c,1742849048,9263.1406,1742849051,6263.1406,Rabbit
67e1c4b0ca61a52a92a6595d,1742849048,9266.0413,1742849051,6266.0413,Rabbit
67e1c4b0ca61a52a92a6595e,1742849048,9295.2584,1742849051,6295.2584,Rabbit
67e1c4b0ca61a52a92a6595f,1742849048,9327.2575,1742849051,6327.2575,Rabbit
67e1c4b0ca61a52a92a65960,1742849048,9330.7339,1742849051,6330.7339,Rabbit
67e1c4b0ca61a52a92a65961,1742849048,9333.7469,1742849051,6333.7469,Rabbit
67e1c4b0ca61a52a92a65962,1742849048,9336.1412,1742849051,6336.1412,Rabbit
67e1c4b0ca61a52a92a65963,1742849048,9339.9882,1742849051,6339.9882,Rabbit
67e1c4b0ca61a52a92a65964,1742849048,9373.1657,1742849051,6373.1657,Rabbit
67e1c4b0ca61a52a92a65965,1742849048,9402.7783,1742849051,6402.7783,Rabbit
67e1c4b0ca61a52a92a65966,1742849048,9433.5585,1742849051,6433.5585,Rabbit
67e1c4b0ca61a52a92a65967,1742849048,9435.0399,1742849051,6435.0399,Rabbit
67e1c4b0ca61a52a92a65968,1742849048,9436.5102,1742849051,6436.5102,Rabbit
67e1c4b0ca61a52a92a65969,1742849048,9464.5349,1742849051,6464.5349,Rabbit
67e1c4b1ca61a52a92a6596a,1742849048,9466.3843,1742849051,6466.3843,Rabbit
67e1c4b1ca61a52a92a6596b,1742849048,9467.8656,1742849051,6467.8656,Rabbit
67e1c4b1ca61a52a92a6596c,1742849048,9495.7369,1742849051,6495.7369,Rabbit
67e1c4b1ca61a52a92a6596d,1742849048,9527.6904,1742849051,6527.6904,Rabbit
67e1c4b1ca61a52a92a6596e,1742849048,9558.3315,1742849051,6558.3315,Rabbit
67e1c4b1ca61a52a92a6596f,1742849048,9559.8482,1742849051,6559.8482,Rabbit
67e1c4b1ca61a52a92a65970,1742849048,9561.2554,1742849051,6561.2554,Rabbit
67e1c4b1ca61a52a92a65971,1742849048,9589.4524,1742849051,6589.4524,Rabbit
67e1c4b1ca61a52a92a65972,1742849048,9590.8849,1742849051,6590.8849,Rabbit
67e1c4b1ca61a52a92a65973,1742849048,9592.3021,1742849051,6592.3021,Rabbit
67e1c4b2ca61a52a92a65974,1742849048,9593.6915,1742849051,6593.6915,Rabbit
67e1c4b2ca61a52a92a65975,1742849048,9619.5307,1742849051,6619.5307,Rabbit
67e1c4b2ca61a52a92a65976,1742849048,9621.0861,1742849051,6621.0861,Rabbit
67e1c4b2ca61a52a92a65977,1742849048,9622.5281,1742849051,6622.5281,Rabbit
67e1c4b2ca61a52a92a65978,1742849048,9623.9315,1742849051,6623.9315,Rabbit
67e1c4b2ca61a52a92a65979,1742849048,9625.3355,1742849051,6625.3355,Rabbit
67e1c4b2ca61a52a92a6597a,1742849048,9626.7005,1742849051,6626.7005,Rabbit
67e1c4b2ca61a52a92a6597b,1742849048,9628.0788,1742849051,6628.0788,Rabbit
67e1c4b2ca61a52a92a6597c,1742849048,9629.4968,1742849051,6629.4968,Rabbit
67e1c4b3ca61a52a92a6597d,1742849048,9630.8653,1742849051,6630.8653,Rabbit
67e1c4b3ca61a52a92a6597e,1742849048,9632.2791,1742849051,6632.2791,Rabbit
67e1c4b3ca61a52a92a6597f,1742849048,9633.6695,1742849051,6633.6695,Rabbit
67e1c4b3ca61a52a92a65980,1742849048,9635.2448,1742849051,6635.2448,Rabbit
67e1c4b3ca61a52a92a65981,1742849048,9637.677,1742849051,6637.677,Rabbit
67e1c4b3ca61a52a92a65982,1742849048,9666.7766,1742849051,6666.7766,Rabbit
67e1c4b3ca61a52a92a65983,1742849048,9668.2525,1742849051,6668.2525,Rabbit
67e1c4b3ca61a52a92a65984,1742849048,9669.691,1742849051,6669.691,Rabbit
67e1c4b3ca61a52a92a65985,1742849048,9697.1093,1742849051,6697.1093,Rabbit
67e1c4b3ca61a52a92a65986,1742849048,9728.9453,1742849051,6728.9453,Rabbit
67e1c4b4ca61a52a92a65987,1742849048,9790.2726,1742849051,6790.2726,Rabbit
67e1c4b4ca61a52a92a65988,1742849048,9822.1046,1742849051,6822.1046,Rabbit
67e1c4b4ca61a52a92a65989,1742849048,9853.8277,1742849051,6853.8277,Rabbit
67e1c4b4ca61a52a92a6598a,1742849048,9883.4716,1742849051,6883.4716,Rabbit
67e1c4b4ca61a52a92a6598b,1742849048,9885.7525,1742849051,6885.7525,Rabbit
67e1c4b4ca61a52a92a6598c,1742849048,9887.8925,1742849051,6887.8925,Rabbit
67e1c4b4ca61a52a92a6598d,1742849048,9890.266,1742849051,6890.266,Rabbit
67e1c4b4ca61a52a92a6598e,1742849048,9892.6182,1742849051,6892.6182,Rabbit
67e1c4b4ca61a52a92a6598f,1742849048,9945.3624,1742849051,6945.3624,Rabbit
67e1c4b4ca61a52a92a65990,1742849048,9976.489,1742849051,6976.489,Rabbit
67e1c4b4ca61a52a92a65991,1742849048,10007.4112,1742849051,7007.4112,Rabbit
67e1c4b4ca61a52a92a65992,1742849048,10038.7966,1742849051,7038.7966,Rabbit
67e1c4b4ca61a52a92a65993,1742849048,10041.8221,1742849051,7041.8221,Rabbit
67e1c4b4ca61a52a92a65994,1742849048,10044.4385,1742849051,7044.4385,Rabbit
67e1c4b4ca61a52a92a65995,1742849048,10069.4516,1742849051,7069.4516,Rabbit
67e1c4b4ca61a52a92a65996,1742849048,10071.8172,1742849051,7071.8172,Rabbit
67e1c4b4ca61a52a92a65997,1742849048,10100.5671,1742849051,7100.5671,Rabbit
67e1c4b4ca61a52a92a65998,1742849048,10162.4439,1742849051,7162.4439,Rabbit
67e1c4b4ca61a52a92a65999,1742849048,10193.1977,1742849051,7193.1977,Rabbit
67e1c4b4ca61a52a92a6599a,1742849048,10255.165,1742849051,7255.165,Rabbit
67e1c4b4ca61a52a92a6599b,1742849048,10287.3903,1742849051,7287.3903,Rabbit
67e1c498ca61a52a92a65855,1742849048,6737.8624,1742849051,3737.8624,Rabbit
67e1c498ca61a52a92a65856,1742849048,6739.317,1742849051,3739.317,Rabbit
67e1c498ca61a52a92a65857,1742849048,6740.7265,1742849051,3740.7265,Rabbit
67e1c498ca61a52a92a65858,1742849048,6766.9381,1742849051,3766.9381,Rabbit
67e1c498ca61a52a92a65859,1742849048,6768.5014,1742849051,3768.5014,Rabbit
67e1c498ca61a52a92a6585a,1742849048,6769.9346,1742849051,3769.9346,Rabbit
67e1c498ca61a52a92a6585b,1742849048,6771.3203,1742849051,3771.3203,Rabbit
67e1c498ca61a52a92a6585c,1742849048,6772.6461,1742849051,3772.6461,Rabbit
67e1c498ca61a52a92a6585d,1742849048,6774.1153,1742849051,3774.1153,Rabbit
67e1c498ca61a52a92a6585e,1742849048,6775.5662,1742849051,3775.5662,Rabbit
67e1c498ca61a52a92a6585f,1742849048,6776.954,1742849051,3776.954,Rabbit
67e1c498ca61a52a92a65860,1742849048,6778.3293,1742849051,3778.3293,Rabbit
67e1c498ca61a52a92a65861,1742849048,6779.7555,1742849051,3779.7555,Rabbit
67e1c498ca61a52a92a65862,1742849048,6781.1585,1742849051,3781.1585,Rabbit
67e1c499ca61a52a92a65863,1742849048,6813.5884,1742849051,3813.5884,Rabbit
67e1c499ca61a52a92a65864,1742849048,6816.1815,1742849051,3816.1815,Rabbit
67e1c499ca61a52a92a65865,1742849048,6818.5778,1742849051,3818.5778,Rabbit
67e1c499ca61a52a92a65866,1742849048,6820.9384,1742849051,3820.9384,Rabbit
67e1c499ca61a52a92a65867,1742849048,6823.1409,1742849051,3823.1409,Rabbit
67e1c499ca61a52a92a65868,1742849048,6825.5451,1742849051,3825.5451,Rabbit
67e1c499ca61a52a92a65869,1742849048,6827.9925,1742849051,3827.9925,Rabbit
67e1c499ca61a52a92a6586a,1742849048,6830.638,1742849051,3830.638,Rabbit
67e1c499ca61a52a92a6586b,1742849048,6832.9685,1742849051,3832.9685,Rabbit
67e1c499ca61a52a92a6586c,1742849048,6835.5273,1742849051,3835.5273,Rabbit
67e1c499ca61a52a92a6586d,1742849048,6838.0257,1742849051,3838.0257,Rabbit
67e1c499ca61a52a92a6586e,1742849048,6840.372,1742849051,3840.372,Rabbit
67e1c49aca61a52a92a6586f,1742849048,6842.9547,1742849051,3842.9547,Rabbit
67e1c49aca61a52a92a65870,1742849048,6844.843,1742849051,3844.843,Rabbit
67e1c49aca61a52a92a65871,1742849048,6846.3284,1742849051,3846.3284,Rabbit
67e1c49aca61a52a92a65872,1742849048,6847.7519,1742849051,3847.7519,Rabbit
67e1c49aca61a52a92a65873,1742849048,6849.1891,1742849051,3849.1891,Rabbit
67e1c49aca61a52a92a65874,1742849048,6850.6328,1742849051,3850.6328,Rabbit
67e1c49aca61a52a92a65875,1742849048,6875.6798,1742849051,3875.6798,Rabbit
67e1c49aca61a52a92a65876,1742849048,6878.3535,1742849051,3878.3535,Rabbit
67e1c49aca61a52a92a65877,1742849048,6880.7186,1742849051,3880.7186,Rabbit
67e1c49aca61a52a92a65878,1742849048,6906.4236,1742849051,3906.4236,Rabbit
67e1c49aca61a52a92a65879,1742849048,6907.9494,1742849051,3907.9494,Rabbit
67e1c49bca61a52a92a6587a,1742849048,6909.3464,1742849051,3909.3464,Rabbit
67e1c49bca61a52a92a6587b,1742849048,6910.5989,1742849051,3910.5989,Rabbit
67e1c49bca61a52a92a6587c,1742849048,6911.9559,1742849051,3911.9559,Rabbit
67e1c49bca61a52a92a6587d,1742849048,6913.4235,1742849051,3913.4235,Rabbit
67e1c49bca61a52a92a6587e,1742849048,6914.8077,1742849051,3914.8077,Rabbit
67e1c49bca61a52a92a6587f,1742849048,6916.2982,1742849051,3916.2982,Rabbit
67e1c49bca61a52a92a65880,1742849048,6917.747,1742849051,3917.747,Rabbit
67e1c49bca61a52a92a65881,1742849048,6919.2119,1742849051,3919.2119,Rabbit
67e1c49bca61a52a92a65882,1742849048,6920.6476,1742849051,3920.6476,Rabbit
67e1c49bca61a52a92a65883,1742849048,6922.2134,1742849051,3922.2134,Rabbit
67e1c49bca61a52a92a65884,1742849048,6924.6676,1742849051,3924.6676,Rabbit
67e1c49bca61a52a92a65885,1742849048,6927.138,1742849051,3927.138,Rabbit
67e1c49bca61a52a92a65886,1742849048,6930.0879,1742849051,3930.0879,Rabbit
67e1c49bca61a52a92a65887,1742849048,6933.9794,1742849051,3933.9794,Rabbit
67e1c49cca61a52a92a65888,1742849048,6968.6021,1742849051,3968.6021,Rabbit
67e1c49cca61a52a92a65889,1742849048,6970.9722,1742849051,3970.9722,Rabbit
67e1c49cca61a52a92a6588a,1742849048,6973.1738,1742849051,3973.1738,Rabbit
67e1c49cca61a52a92a6588b,1742849048,7030.5928,1742849051,4030.5928,Rabbit
67e1c49cca61a52a92a6588c,1742849048,7061.6074,1742849051,4061.6074,Rabbit
67e1c49cca61a52a92a6588d,1742849048,7064.147,1742849051,4064.147,Rabbit
67e1c49cca61a52a92a6588e,1742849048,7066.489,1742849051,4066.489,Rabbit
67e1c49cca61a52a92a6588f,1742849048,7068.7765,1742849051,4068.7765,Rabbit
67e1c49cca61a52a92a65890,1742849048,7071.148,1742849051,4071.148,Rabbit
67e1c49cca61a52a92a65891,1742849048,7073.5104,1742849051,4073.5104,Rabbit
67e1c49cca61a52a92a65892,1742849048,7075.8928,1742849051,4075.8928,Rabbit
67e1c49cca61a52a92a65893,1742849048,7078.4,1742849051,4078.4,Rabbit
67e1c49dca61a52a92a65894,1742849048,7080.7464,1742849051,4080.7464,Rabbit
67e1c49dca61a52a92a65895,1742849048,7083.2982,1742849051,4083.2982,Rabbit
67e1c49dca61a52a92a65896,1742849048,7085.9495,1742849051,4085.9495,Rabbit
67e1c49dca61a52a92a65897,1742849048,7088.425,1742849051,4088.425,Rabbit
67e1c49dca61a52a92a65898,1742849048,7090.7801,1742849051,4090.7801,Rabbit
67e1c49dca61a52a92a65899,1742849048,7092.9007,1742849051,4092.9007,Rabbit
67e1c49dca61a52a92a6589a,1742849048,7095.4569,1742849051,4095.4569,Rabbit
67e1c49dca61a52a92a6589b,1742849048,7097.8296,1742849051,4097.8296,Rabbit
67e1c49dca61a52a92a6589c,1742849048,7100.1381,1742849051,4100.1381,Rabbit
67e1c49eca61a52a92a6589d,1742849048,7102.3841,1742849051,4102.3841,Rabbit
67e1c49eca61a52a92a6589e,1742849048,7104.8514,1742849051,4104.8514,Rabbit
67e1c49eca61a52a92a6589f,1742849048,7107.3391,1742849051,4107.3391,Rabbit
67e1c49eca61a52a92a658a0,1742849048,7109.4006,1742849051,4109.4006,Rabbit
67e1c49eca61a52a92a658a1,1742849048,7111.745,1742849051,4111.745,Rabbit
67e1c49eca61a52a92a658a2,1742849048,7114.0332,1742849051,4114.0332,Rabbit
67e1c49eca61a52a92a658a3,1742849048,7116.283,1742849051,4116.283,Rabbit
67e1c49fca61a52a92a658a4,1742849048,7118.7158,1742849051,4118.7158,Rabbit
67e1c49fca61a52a92a658a5,1742849048,7121.0358,1742849051,4121.0358,Rabbit
67e1c49fca61a52a92a658a6,1742849048,7123.5563,1742849051,4123.5563,Rabbit
67e1c49fca61a52a92a658a7,1742849048,7126.2255,1742849051,4126.2255,Rabbit
67e1c49fca61a52a92a658a8,1742849048,7129.0306,1742849051,4129.0306,Rabbit
67e1c49fca61a52a92a658a9,1742849048,7131.449,1742849051,4131.449,Rabbit
67e1c49fca61a52a92a658aa,1742849048,7133.8863,1742849051,4133.8863,Rabbit
67e1c49fca61a52a92a658ab,1742849048,7136.317,1742849051,4136.317,Rabbit
67e1c49fca61a52a92a658ac,1742849048,7138.9224,1742849051,4138.9224,Rabbit
67e1c49fca61a52a92a658ad,1742849048,7141.349,1742849051,4141.349,Rabbit
67e1c49fca61a52a92a658ae,1742849048,7201.4864,1742849051,4201.4864,Rabbit
67e1c49fca61a52a92a658af,1742849048,7203.0115,1742849051,4203.0115,Rabbit
67e1c49fca61a52a92a658b0,1742849048,7233.1429,1742849051,4233.1429,Rabbit
67e1c49fca61a52a92a658b1,1742849048,7234.7682,1742849051,4234.7682,Rabbit
67e1c4a0ca61a52a92a658b2,1742849048,7264.0845,1742849051,4264.0845,Rabbit
67e1c4a0ca61a52a92a658b3,1742849048,7294.0811,1742849051,4294.0811,Rabbit
67e1c4a0ca61a52a92a658b4,1742849048,7356.1564,1742849051,4356.1564,Rabbit
67e1c4a0ca61a52a92a658b5,1742849048,7387.2583,1742849051,4387.2583,Rabbit
67e1c4a0ca61a52a92a658b6,1742849048,7388.8084,1742849051,4388.8084,Rabbit
67e1c4a0ca61a52a92a658b7,1742849048,7390.2052,1742849051,4390.2052,Rabbit
67e1c4a1ca61a52a92a658b8,1742849048,7391.5928,1742849051,4391.5928,Rabbit
67e1c4a1ca61a52a92a658b9,1742849048,7392.9445,1742849051,4392.9445,Rabbit
67e1c4a1ca61a52a92a658ba,1742849048,7418.4071,1742849051,4418.4071,Rabbit
67e1c4a1ca61a52a92a658bb,1742849048,7450.4611,1742849051,4450.4611,Rabbit
67e1c4a1ca61a52a92a658bc,1742849048,7452.8611,1742849051,4452.8611,Rabbit
67e1c4a1ca61a52a92a658bd,1742849048,7455.2247,1742849051,4455.2247,Rabbit
67e1c4a1ca61a52a92a658be,1742849048,7511.5635,1742849051,4511.5635,Rabbit
67e1c4a1ca61a52a92a658bf,1742849048,7542.4991,1742849051,4542.4991,Rabbit
67e1c4a2ca61a52a92a658c0,1742849048,7573.1429,1742849051,4573.1429,Rabbit
67e1c4a2ca61a52a92a658c1,1742849048,7605.007,1742849051,4605.007,Rabbit
67e1c4a2ca61a52a92a658c2,1742849048,7606.5417,1742849051,4606.5417,Rabbit
67e1c4a2ca61a52a92a658c3,1742849048,7607.9536,1742849051,4607.9536,Rabbit
67e1c4a2ca61a52a92a658c4,1742849048,7609.3572,1742849051,4609.3572,Rabbit
67e1c4a2ca61a52a92a658c5,1742849048,7610.7669,1742849051,4610.7669,Rabbit
67e1c4a2ca61a52a92a658c6,1742849048,7612.1668,1742849051,4612.1668,Rabbit
67e1c4a2ca61a52a92a658c7,1742849048,7613.5694,1742849051,4613.5694,Rabbit
67e1c4a2ca61a52a92a658c8,1742849048,7614.9276,1742849051,4614.9276,Rabbit
67e1c4a2ca61a52a92a658c9,1742849048,7616.3074,1742849051,4616.3074,Rabbit
67e1c4a3ca61a52a92a658ca,1742849048,7617.7284,1742849051,4617.7284,Rabbit
67e1c4a3ca61a52a92a658cb,1742849048,7681.7697,1742849051,4681.7697,Rabbit
67e1c4a3ca61a52a92a658cc,1742849048,7683.4022,1742849051,4683.4022,Rabbit
67e1c4a3ca61a52a92a658cd,1742849048,7712.8789,1742849051,4712.8789,Rabbit
67e1c4a3ca61a52a92a658ce,1742849048,7743.7591,1742849051,4743.7591,Rabbit
67e1c4a3ca61a52a92a658cf,1742849048,7775.792,1742849051,4775.792,Rabbit
67e1c4a3ca61a52a92a658d0,1742849048,7805.7246,1742849051,4805.7246,Rabbit
67e1c4a3ca61a52a92a658d1,1742849048,7838.4785,1742849051,4838.4785,Rabbit
67e1c4a4ca61a52a92a658d2,1742849048,7840.1345,1742849051,4840.1345,Rabbit
67e1c4a4ca61a52a92a658d3,1742849048,7841.9132,1742849051,4841.9132,Rabbit
67e1c4a4ca61a52a92a658d4,1742849048,7843.4525,1742849051,4843.4525,Rabbit
67e1c4a4ca61a52a92a658d5,1742849048,7844.9486,1742849051,4844.9486,Rabbit
67e1c4a4ca61a52a92a658d6,1742849048,7846.4408,1742849051,4846.4408,Rabbit
67e1c4a5ca61a52a92a658d7,1742849048,7847.8696,1742849051,4847.8696,Rabbit
67e1c4a5ca61a52a92a658d8,1742849048,7849.263,1742849051,4849.263,Rabbit
67e1c4a5ca61a52a92a658d9,1742849048,7850.7259,1742849051,4850.7259,Rabbit
67e1c4a5ca61a52a92a658da,1742849048,7883.3335,1742849051,4883.3335,Rabbit
67e1c4a5ca61a52a92a658db,1742849048,7914.216,1742849051,4914.216,Rabbit
67e1c4a5ca61a52a92a658dc,1742849048,7915.7354,1742849051,4915.7354,Rabbit
67e1c4a5ca61a52a92a658dd,1742849048,7946.1813,1742849051,4946.1813,Rabbit
67e1c4a5ca61a52a92a658de,1742849048,7947.7647,1742849051,4947.7647,Rabbit
67e1c4a5ca61a52a92a658df,1742849048,7949.2351,1742849051,4949.2351,Rabbit
67e1c4a6ca61a52a92a658e0,1742849048,7976.2669,1742849051,4976.2669,Rabbit
67e1c4a6ca61a52a92a658e1,1742849048,7977.889,1742849051,4977.889,Rabbit
67e1c4a6ca61a52a92a658e2,1742849048,8007.7135,1742849051,5007.7135,Rabbit
67e1c4a6ca61a52a92a658e3,1742849048,8011.2452,1742849051,5011.2452,Rabbit
67e1c4a6ca61a52a92a658e4,1742849048,8014.831,1742849051,5014.831,Rabbit
67e1c4a6ca61a52a92a658e5,1742849048,8018.5609,1742849051,5018.5609,Rabbit
67e1c4a6ca61a52a92a658e6,1742849048,8021.1225,1742849051,5021.1225,Rabbit
67e1c4a6ca61a52a92a658e7,1742849048,8023.9343,1742849051,5023.9343,Rabbit
67e1c4a6ca61a52a92a658e8,1742849048,8025.9094,1742849051,5025.9094,Rabbit
67e1c4a7ca61a52a92a658e9,1742849048,8027.5107,1742849051,5027.5107,Rabbit
67e1c4a7ca61a52a92a658ea,1742849048,8029.0103,1742849051,5029.0103,Rabbit
67e1c4a7ca61a52a92a658eb,1742849048,8030.4921,1742849051,5030.4921,Rabbit
67e1c4a7ca61a52a92a658ec,1742849048,8031.9246,1742849051,5031.9246,Rabbit
67e1c4a7ca61a52a92a658ed,1742849048,8033.2854,1742849051,5033.2854,Rabbit
67e1c4a7ca61a52a92a658ee,1742849048,8034.6848,1742849051,5034.6848,Rabbit
67e1c4a7ca61a52a92a658ef,1742849048,8070.0716,1742849051,5070.0716,Rabbit
67e1c4a7ca61a52a92a658f0,1742849048,8072.193,1742849051,5072.193,Rabbit
67e1c4a7ca61a52a92a658f1,1742849048,8131.473,1742849051,5131.473,Rabbit
67e1c4a7ca61a52a92a658f2,1742849048,8163.089,1742849051,5163.089,Rabbit
67e1c4a7ca61a52a92a658f3,1742849048,8164.468,1742849051,5164.468,Rabbit
67e1c4a7ca61a52a92a658f4,1742849048,8165.8449,1742849051,5165.8449,Rabbit
67e1c4a7ca61a52a92a658f5,1742849048,8167.2809,1742849051,5167.2809,Rabbit
67e1c4a8ca61a52a92a658f6,1742849048,8169.7865,1742849051,5169.7865,Rabbit
67e1c4a8ca61a52a92a658f7,1742849048,8171.2674,1742849051,5171.2674,Rabbit
67e1c4a8ca61a52a92a658f8,1742849048,8172.7488,1742849051,5172.7488,Rabbit
67e1c4a8ca61a52a92a658f9,1742849048,8174.3897,1742849051,5174.3897,Rabbit
67e1c4a8ca61a52a92a658fa,1742849048,8211.1877,1742849051,5211.1877,Rabbit
67e1c4a8ca61a52a92a658fb,1742849048,8213.1566,1742849051,5213.1566,Rabbit
67e1c4a8ca61a52a92a658fc,1742849048,8214.9714,1742849051,5214.9714,Rabbit
67e1c4a8ca61a52a92a658fd,1742849048,8239.9861,1742849051,5239.9861,Rabbit
67e1c4a8ca61a52a92a658fe,1742849048,8242.7558,1742849051,5242.7558,Rabbit
67e1c4a9ca61a52a92a658ff,1742849048,8244.9891,1742849051,5244.9891,Rabbit
67e1c4a9ca61a52a92a65900,1742849048,8246.7315,1742849051,5246.7315,Rabbit
67e1c4a9ca61a52a92a65901,1742849048,8248.2251,1742849051,5248.2251,Rabbit
67e1c4a9ca61a52a92a65902,1742849048,8249.6271,1742849051,5249.6271,Rabbit
67e1c4a9ca61a52a92a65903,1742849048,8251.3667,1742849051,5251.3667,Rabbit
67e1c4a9ca61a52a92a65904,1742849048,8252.8505,1742849051,5252.8505,Rabbit
67e1c4a9ca61a52a92a65905,1742849048,8254.3688,1742849051,5254.3688,Rabbit
67e1c4a9ca61a52a92a65906,1742849048,8255.9653,1742849051,5255.9653,Rabbit
67e1c4a9ca61a52a92a65907,1742849048,8257.5159,1742849051,5257.5159,Rabbit
67e1c4a9ca61a52a92a65908,1742849048,8259.1497,1742849051,5259.1497,Rabbit
67e1c4aaca61a52a92a65909,1742849048,8286.2265,1742849051,5286.2265,Rabbit
67e1c4aaca61a52a92a6590a,1742849048,8287.7441,1742849051,5287.7441,Rabbit
67e1c4aaca61a52a92a6590b,1742849048,8289.2419,1742849051,5289.2419,Rabbit
67e1c4aaca61a52a92a6590c,1742849048,8290.6656,1742849051,5290.6656,Rabbit
67e1c4aaca61a52a92a6590d,1742849048,8292.1279,1742849051,5292.1279,Rabbit
67e1c4aaca61a52a92a6590e,1742849048,8293.6703,1742849051,5293.6703,Rabbit
67e1c4aaca61a52a92a6590f,1742849048,8295.1505,1742849051,5295.1505,Rabbit
67e1c4aaca61a52a92a65910,1742849048,8296.7039,1742849051,5296.7039,Rabbit
67e1c4aaca61a52a92a65911,1742849048,8298.1263,1742849051,5298.1263,Rabbit
67e1c4aaca61a52a92a65912,1742849048,8299.5624,1742849051,5299.5624,Rabbit
67e1c4aaca61a52a92a65913,1742849048,8300.9357,1742849051,5300.9357,Rabbit
67e1c4abca61a52a92a65914,1742849048,8303.3384,1742849051,5303.3384,Rabbit
67e1c4abca61a52a92a65915,1742849048,8305.9781,1742849051,5305.9781,Rabbit
67e1c4abca61a52a92a65916,1742849048,8332.8309,1742849051,5332.8309,Rabbit
67e1c4abca61a52a92a65917,1742849048,8335.0601,1742849051,5335.0601,Rabbit
67e1c4abca61a52a92a65918,1742849048,8337.5323,1742849051,5337.5323,Rabbit
67e1c4abca61a52a92a65919,1742849048,8340.1223,1742849051,5340.1223,Rabbit
67e1c4abca61a52a92a6591a,1742849048,8363.7365,1742849051,5363.7365,Rabbit
67e1c4acca61a52a92a6591b,1742849048,8365.2408,1742849051,5365.2408,Rabbit
67e1c4acca61a52a92a6591c,1742849048,8366.5738,1742849051,5366.5738,Rabbit
67e1c4acca61a52a92a6591d,1742849048,8367.9693,1742849051,5367.9693,Rabbit
67e1c482ca61a52a92a65781,1742849048,4599.6602,1742849050,2599.6602,Rabbit
67e1c482ca61a52a92a65782,1742849048,4627.9463,1742849050,2627.9463,Rabbit
67e1c483ca61a52a92a65783,1742849048,4630.7736,1742849050,2630.7736,Rabbit
67e1c483ca61a52a92a65784,1742849048,4658.9824,1742849050,2658.9824,Rabbit
67e1c483ca61a52a92a65785,1742849048,4661.3757,1742849050,2661.3757,Rabbit
67e1c483ca61a52a92a65786,1742849048,4690.0502,1742849050,2690.0502,Rabbit
67e1c483ca61a52a92a65787,1742849048,4692.9935,1742849050,2692.9935,Rabbit
67e1c483ca61a52a92a65788,1742849048,4695.935,1742849050,2695.935,Rabbit
67e1c484ca61a52a92a65789,1742849048,4699.0782,1742849050,2699.0782,Rabbit
67e1c484ca61a52a92a6578a,1742849048,4701.1222,1742849050,2701.1222,Rabbit
67e1c484ca61a52a92a6578b,1742849048,4702.5367,1742849050,2702.5367,Rabbit
67e1c484ca61a52a92a6578c,1742849048,4703.966,1742849050,2703.966,Rabbit
67e1c484ca61a52a92a6578d,1742849048,4705.6438,1742849050,2705.6438,Rabbit
67e1c484ca61a52a92a6578e,1742849048,4736.4055,1742849050,2736.4055,Rabbit
67e1c484ca61a52a92a6578f,1742849048,4767.4003,1742849050,2767.4003,Rabbit
67e1c484ca61a52a92a65790,1742849048,4768.9594,1742849050,2768.9594,Rabbit
67e1c484ca61a52a92a65791,1742849048,4770.3565,1742849050,2770.3565,Rabbit
67e1c484ca61a52a92a65792,1742849048,4771.9308,1742849050,2771.9308,Rabbit
67e1c485ca61a52a92a65793,1742849048,4773.3192,1742849050,2773.3192,Rabbit
67e1c485ca61a52a92a65794,1742849048,4798.3977,1742849050,2798.3977,Rabbit
67e1c485ca61a52a92a65795,1742849048,4799.9658,1742849050,2799.9658,Rabbit
67e1c485ca61a52a92a65796,1742849048,4801.449,1742849050,2801.449,Rabbit
67e1c485ca61a52a92a65797,1742849048,4830.2362,1742849050,2830.2362,Rabbit
67e1c485ca61a52a92a65798,1742849048,4860.4289,1742849050,2860.4289,Rabbit
67e1c485ca61a52a92a65799,1742849048,4891.508,1742849050,2891.508,Rabbit
67e1c485ca61a52a92a6579a,1742849048,4953.4097,1742849050,2953.4097,Rabbit
67e1c485ca61a52a92a6579b,1742849048,4955.0399,1742849050,2955.0399,Rabbit
67e1c485ca61a52a92a6579c,1742849048,4985.8942,1742849050,2985.8942,Rabbit
67e1c486ca61a52a92a6579d,1742849048,5015.4704,1742849050,3015.4704,Rabbit
67e1c486ca61a52a92a6579e,1742849048,5077.7179,1742849050,3077.7179,Rabbit
67e1c486ca61a52a92a6579f,1742849048,5139.436,1742849050,3139.436,Rabbit
67e1c486ca61a52a92a657a0,1742849048,5141.0939,1742849050,3141.0939,Rabbit
67e1c486ca61a52a92a657a1,1742849048,5201.8579,1742849050,3201.8579,Rabbit
67e1c486ca61a52a92a657a2,1742849048,5204.4181,1742849050,3204.4181,Rabbit
67e1c486ca61a52a92a657a3,1742849048,5206.3956,1742849050,3206.3956,Rabbit
67e1c486ca61a52a92a657a4,1742849048,5209.6916,1742849050,3209.6916,Rabbit
67e1c486ca61a52a92a657a5,1742849048,5212.2579,1742849050,3212.2579,Rabbit
67e1c486ca61a52a92a657a6,1742849048,5215.3151,1742849050,3215.3151,Rabbit
67e1c487ca61a52a92a657a7,1742849048,5248.5595,1742849050,3248.5595,Rabbit
67e1c487ca61a52a92a657a8,1742849048,5279.3164,1742849050,3279.3164,Rabbit
67e1c487ca61a52a92a657a9,1742849048,5281.9501,1742849050,3281.9501,Rabbit
67e1c487ca61a52a92a657aa,1742849048,5283.4811,1742849050,3283.4811,Rabbit
67e1c487ca61a52a92a657ab,1742849048,5285.5628,1742849050,3285.5628,Rabbit
67e1c487ca61a52a92a657ac,1742849048,5310.082,1742849050,3310.082,Rabbit
67e1c487ca61a52a92a657ad,1742849048,5343.2375,1742849050,3343.2375,Rabbit
67e1c487ca61a52a92a657ae,1742849048,5373.0228,1742849050,3373.0228,Rabbit
67e1c487ca61a52a92a657af,1742849048,5403.1501,1742849050,3403.1501,Rabbit
67e1c487ca61a52a92a657b0,1742849048,5405.7283,1742849050,3405.7283,Rabbit
67e1c488ca61a52a92a657b1,1742849048,5435.0038,1742849050,3435.0038,Rabbit
67e1c488ca61a52a92a657b2,1742849048,5465.0368,1742849050,3465.0368,Rabbit
67e1c488ca61a52a92a657b3,1742849048,5466.5638,1742849050,3466.5638,Rabbit
67e1c488ca61a52a92a657b4,1742849048,5497.1455,1742849050,3497.1455,Rabbit
67e1c488ca61a52a92a657b5,1742849048,5498.7395,1742849050,3498.7395,Rabbit
67e1c488ca61a52a92a657b6,1742849048,5558.2709,1742849050,3558.2709,Rabbit
67e1c488ca61a52a92a657b7,1742849048,5560.0073,1742849050,3560.0073,Rabbit
67e1c488ca61a52a92a657b8,1742849048,5589.9176,1742849050,3589.9176,Rabbit
67e1c488ca61a52a92a657b9,1742849048,5591.4418,1742849050,3591.4418,Rabbit
67e1c488ca61a52a92a657ba,1742849048,5593.0572,1742849050,3593.0572,Rabbit
67e1c489ca61a52a92a657bb,1742849048,5620.0865,1742849050,3620.0865,Rabbit
67e1c489ca61a52a92a657bc,1742849048,5621.8378,1742849050,3621.8378,Rabbit
67e1c489ca61a52a92a657bd,1742849048,5623.3973,1742849050,3623.3973,Rabbit
67e1c489ca61a52a92a657be,1742849048,5651.234,1742849050,3651.234,Rabbit
67e1c489ca61a52a92a657bf,1742849048,5652.9113,1742849050,3652.9113,Rabbit
67e1c489ca61a52a92a657c0,1742849048,5654.7181,1742849050,3654.7181,Rabbit
67e1c489ca61a52a92a657c1,1742849048,5656.458,1742849050,3656.458,Rabbit
67e1c489ca61a52a92a657c2,1742849048,5657.9546,1742849050,3657.9546,Rabbit
67e1c489ca61a52a92a657c3,1742849048,5659.5084,1742849050,3659.5084,Rabbit
67e1c489ca61a52a92a657c4,1742849048,5661.0346,1742849050,3661.0346,Rabbit
67e1c48aca61a52a92a657c5,1742849048,5662.7324,1742849050,3662.7324,Rabbit
67e1c48aca61a52a92a657c6,1742849048,5664.2918,1742849050,3664.2918,Rabbit
67e1c48aca61a52a92a657c7,1742849048,5665.9044,1742849050,3665.9044,Rabbit
67e1c48aca61a52a92a657c8,1742849048,5667.5607,1742849050,3667.5607,Rabbit
67e1c48aca61a52a92a657c9,1742849048,5669.3708,1742849050,3669.3708,Rabbit
67e1c48aca61a52a92a657ca,1742849048,5670.9135,1742849050,3670.9135,Rabbit
67e1c48aca61a52a92a657cb,1742849048,5672.457,1742849050,3672.457,Rabbit
67e1c48aca61a52a92a657cc,1742849048,5673.9611,1742849050,3673.9611,Rabbit
67e1c48aca61a52a92a657cd,1742849048,5675.4951,1742849050,3675.4951,Rabbit
67e1c48aca61a52a92a657ce,1742849048,5677.3712,1742849050,3677.3712,Rabbit
67e1c48aca61a52a92a657cf,1742849048,5679.0617,1742849050,3679.0617,Rabbit
67e1c48bca61a52a92a657d0,1742849048,5680.6519,1742849050,3680.6519,Rabbit
67e1c48bca61a52a92a657d1,1742849048,5682.2223,1742849050,3682.2223,Rabbit
67e1c48bca61a52a92a657d2,1742849048,5685.1848,1742849050,3685.1848,Rabbit
67e1c48bca61a52a92a657d3,1742849048,5687.8857,1742849050,3687.8857,Rabbit
67e1c48bca61a52a92a657d4,1742849048,5690.7328,1742849050,3690.7328,Rabbit
67e1c48bca61a52a92a657d5,1742849048,5693.2398,1742849050,3693.2398,Rabbit
67e1c48bca61a52a92a657d6,1742849048,5694.7051,1742849050,3694.7051,Rabbit
67e1c48cca61a52a92a657d7,1742849048,5728.8442,1742849050,3728.8442,Rabbit
67e1c48cca61a52a92a657d8,1742849048,5759.6198,1742849050,3759.6198,Rabbit
67e1c48cca61a52a92a657d9,1742849048,5761.1872,1742849050,3761.1872,Rabbit
67e1c48cca61a52a92a657da,1742849048,5762.7116,1742849050,3762.7116,Rabbit
67e1c48cca61a52a92a657db,1742849048,5764.1979,1742849050,3764.1979,Rabbit
67e1c48cca61a52a92a657dc,1742849048,5765.6267,1742849050,3765.6267,Rabbit
67e1c48cca61a52a92a657dd,1742849048,5767.2603,1742849050,3767.2603,Rabbit
67e1c48cca61a52a92a657de,1742849048,5768.7544,1742849050,3768.7544,Rabbit
67e1c48cca61a52a92a657df,1742849048,5770.1622,1742849050,3770.1622,Rabbit
67e1c48cca61a52a92a657e0,1742849048,5771.7769,1742849050,3771.7769,Rabbit
67e1c48dca61a52a92a657e1,1742849048,5773.4688,1742849050,3773.4688,Rabbit
67e1c48dca61a52a92a657e2,1742849048,5806.1134,1742849050,3806.1134,Rabbit
67e1c48dca61a52a92a657e3,1742849048,5807.7513,1742849050,3807.7513,Rabbit
67e1c48dca61a52a92a657e4,1742849048,5809.2791,1742849050,3809.2791,Rabbit
67e1c48dca61a52a92a657e5,1742849048,5810.7592,1742849050,3810.7592,Rabbit
67e1c48dca61a52a92a657e6,1742849048,5812.2953,1742849050,3812.2953,Rabbit
67e1c48dca61a52a92a657e7,1742849048,5813.9135,1742849050,3813.9135,Rabbit
67e1c48dca61a52a92a657e8,1742849048,5837.056,1742849050,3837.056,Rabbit
67e1c48eca61a52a92a657e9,1742849048,5868.9793,1742849050,3868.9793,Rabbit
67e1c48eca61a52a92a657ea,1742849048,5870.6054,1742849050,3870.6054,Rabbit
67e1c48eca61a52a92a657eb,1742849048,5872.2659,1742849050,3872.2659,Rabbit
67e1c48eca61a52a92a657ec,1742849048,5873.7792,1742849050,3873.7792,Rabbit
67e1c48eca61a52a92a657ed,1742849048,5875.2833,1742849050,3875.2833,Rabbit
67e1c48eca61a52a92a657ee,1742849048,5876.8315,1742849050,3876.8315,Rabbit
67e1c48fca61a52a92a657ef,1742849048,5878.2919,1742849050,3878.2919,Rabbit
67e1c48fca61a52a92a657f0,1742849048,5879.8511,1742849050,3879.8511,Rabbit
67e1c48fca61a52a92a657f1,1742849048,5881.4082,1742849050,3881.4082,Rabbit
67e1c48fca61a52a92a657f2,1742849048,5882.8398,1742849050,3882.8398,Rabbit
67e1c48fca61a52a92a657f3,1742849048,5884.8818,1742849050,3884.8818,Rabbit
67e1c48fca61a52a92a657f4,1742849048,5887.4416,1742849050,3887.4416,Rabbit
67e1c48fca61a52a92a657f5,1742849048,5890.0395,1742849050,3890.0395,Rabbit
67e1c48fca61a52a92a657f6,1742849048,5892.5923,1742849050,3892.5923,Rabbit
67e1c48fca61a52a92a657f7,1742849048,5894.8986,1742849050,3894.8986,Rabbit
67e1c48fca61a52a92a657f8,1742849048,5897.345,1742849050,3897.345,Rabbit
67e1c48fca61a52a92a657f9,1742849048,5901.3173,1742849050,3901.3173,Rabbit
67e1c490ca61a52a92a657fa,1742849048,5904.8893,1742849050,3904.8893,Rabbit
67e1c490ca61a52a92a657fb,1742849048,5931.8099,1742849050,3931.8099,Rabbit
67e1c490ca61a52a92a657fc,1742849048,5962.1835,1742849050,3962.1835,Rabbit
67e1c490ca61a52a92a657fd,1742849048,5964.5916,1742849050,3964.5916,Rabbit
67e1c490ca61a52a92a657fe,1742849048,5966.9472,1742849050,3966.9472,Rabbit
67e1c490ca61a52a92a657ff,1742849048,5969.2877,1742849050,3969.2877,Rabbit
67e1c490ca61a52a92a65800,1742849048,6007.2423,1742849050,4007.2423,Rabbit
67e1c490ca61a52a92a65801,1742849048,6040.3293,1742849050,4040.3293,Rabbit
67e1c490ca61a52a92a65802,1742849048,6043.2022,1742849050,4043.2022,Rabbit
67e1c490ca61a52a92a65803,1742849048,6045.9069,1742849050,4045.9069,Rabbit
67e1c490ca61a52a92a65804,1742849048,6071.4942,1742849050,4071.4942,Rabbit
67e1c490ca61a52a92a65805,1742849048,6101.2813,1742849050,4101.2813,Rabbit
67e1c490ca61a52a92a65806,1742849048,6102.7257,1742849050,4102.7257,Rabbit
67e1c490ca61a52a92a65807,1742849048,6104.2627,1742849050,4104.2627,Rabbit
67e1c491ca61a52a92a65808,1742849048,6105.6889,1742849050,4105.6889,Rabbit
67e1c491ca61a52a92a65809,1742849048,6107.0921,1742849050,4107.0921,Rabbit
67e1c491ca61a52a92a6580a,1742849048,6108.5083,1742849050,4108.5083,Rabbit
67e1c491ca61a52a92a6580b,1742849048,6109.948,1742849050,4109.948,Rabbit
67e1c491ca61a52a92a6580c,1742849048,6111.3078,1742849050,4111.3078,Rabbit
67e1c491ca61a52a92a6580d,1742849048,6112.7213,1742849050,4112.7213,Rabbit
67e1c491ca61a52a92a6580e,1742849048,6114.1796,1742849050,4114.1796,Rabbit
67e1c491ca61a52a92a6580f,1742849048,6115.8019,1742849050,4115.8019,Rabbit
67e1c491ca61a52a92a65810,1742849048,6147.7197,1742849050,4147.7197,Rabbit
67e1c492ca61a52a92a65811,1742849048,6208.891,1742849050,4208.891,Rabbit
67e1c492ca61a52a92a65812,1742849048,6210.4434,1742849050,4210.4434,Rabbit
67e1c492ca61a52a92a65813,1742849048,6211.9311,1742849050,4211.9311,Rabbit
67e1c492ca61a52a92a65814,1742849048,6213.4068,1742849050,4213.4068,Rabbit
67e1c492ca61a52a92a65815,1742849048,6215.0653,1742849050,4215.0653,Rabbit
67e1c492ca61a52a92a65816,1742849048,6239.888,1742849050,4239.888,Rabbit
67e1c492ca61a52a92a65817,1742849048,6241.4587,1742849050,4241.4587,Rabbit
67e1c492ca61a52a92a65818,1742849048,6242.9565,1742849050,4242.9565,Rabbit
67e1c492ca61a52a92a65819,1742849048,6244.4697,1742849050,4244.4697,Rabbit
67e1c492ca61a52a92a6581a,1742849048,6245.8802,1742849050,4245.8802,Rabbit
67e1c492ca61a52a92a6581b,1742849048,6247.3345,1742849050,4247.3345,Rabbit
67e1c492ca61a52a92a6581c,1742849048,6248.735,1742849050,4248.735,Rabbit
67e1c492ca61a52a92a6581d,1742849048,6250.1502,1742849050,4250.1502,Rabbit
67e1c492ca61a52a92a6581e,1742849048,6251.5791,1742849050,4251.5791,Rabbit
67e1c493ca61a52a92a6581f,1742849048,6252.9863,1742849050,4252.9863,Rabbit
67e1c493ca61a52a92a65820,1742849048,6254.4622,1742849050,4254.4622,Rabbit
67e1c493ca61a52a92a65821,1742849048,6256.608,1742849050,4256.608,Rabbit
67e1c493ca61a52a92a65822,1742849048,6259.4278,1742849050,4259.4278,Rabbit
67e1c493ca61a52a92a65823,1742849048,6262.0646,1742849050,4262.0646,Rabbit
67e1c493ca61a52a92a65824,1742849048,6264.4649,1742849050,4264.4649,Rabbit
67e1c493ca61a52a92a65825,1742849048,6267.0002,1742849050,4267.0002,Rabbit
67e1c493ca61a52a92a65826,1742849048,6269.1941,1742849050,4269.1941,Rabbit
67e1c493ca61a52a92a65827,1742849048,6302.7701,1742849050,4302.7701,Rabbit
67e1c493ca61a52a92a65828,1742849048,6304.3457,1742849050,4304.3457,Rabbit
67e1c494ca61a52a92a65829,1742849048,6305.8393,1742849050,4305.8393,Rabbit
67e1c494ca61a52a92a6582a,1742849048,6307.4948,1742849050,4307.4948,Rabbit
67e1c494ca61a52a92a6582b,1742849048,6309.4256,1742849050,4309.4256,Rabbit
67e1c494ca61a52a92a6582c,1742849048,6310.9871,1742849050,4310.9871,Rabbit
67e1c494ca61a52a92a6582d,1742849048,6312.4956,1742849050,4312.4956,Rabbit
67e1c494ca61a52a92a6582e,1742849048,6314.0324,1742849050,4314.0324,Rabbit
67e1c495ca61a52a92a6582f,1742849048,6316.1364,1742849050,4316.1364,Rabbit
67e1c495ca61a52a92a65830,1742849048,6318.1886,1742849050,4318.1886,Rabbit
67e1c495ca61a52a92a65831,1742849048,6320.3025,1742849050,4320.3025,Rabbit
67e1c495ca61a52a92a65832,1742849048,6322.6002,1742849050,4322.6002,Rabbit
67e1c496ca61a52a92a65833,1742849048,6349.029,1742849050,4349.029,Rabbit
67e1c496ca61a52a92a65834,1742849048,6353.9674,1742849050,4353.9674,Rabbit
67e1c496ca61a52a92a65835,1742849048,6380.2857,1742849050,4380.2857,Rabbit
67e1c496ca61a52a92a65836,1742849048,6384.6888,1742849050,4384.6888,Rabbit
67e1c496ca61a52a92a65837,1742849048,6388.7121,1742849050,4388.7121,Rabbit
67e1c496ca61a52a92a65838,1742849048,6426.4077,1742849050,4426.4077,Rabbit
67e1c496ca61a52a92a65839,1742849048,6429.9305,1742849050,4429.9305,Rabbit
67e1c496ca61a52a92a6583a,1742849048,6458.8598,1742849050,4458.8598,Rabbit
67e1c496ca61a52a92a6583b,1742849048,6489.9608,1742849050,4489.9608,Rabbit
67e1c496ca61a52a92a6583c,1742849048,6520.2903,1742849050,4520.2903,Rabbit
67e1c496ca61a52a92a6583d,1742849048,6550.6344,1742849050,4550.6344,Rabbit
67e1c496ca61a52a92a6583e,1742849048,6581.1155,1742849050,4581.1155,Rabbit
67e1c496ca61a52a92a6583f,1742849048,6582.7013,1742849050,4582.7013,Rabbit
67e1c496ca61a52a92a65840,1742849048,6584.2612,1742849050,4584.2612,Rabbit
67e1c497ca61a52a92a65841,1742849048,6585.709,1742849050,4585.709,Rabbit
67e1c497ca61a52a92a65842,1742849048,6587.2839,1742849050,4587.2839,Rabbit
67e1c497ca61a52a92a65843,1742849048,6588.8151,1742849050,4588.8151,Rabbit
67e1c497ca61a52a92a65844,1742849048,6590.2683,1742849050,4590.2683,Rabbit
67e1c497ca61a52a92a65845,1742849048,6591.6957,1742849050,4591.6957,Rabbit
67e1c497ca61a52a92a65846,1742849048,6593.145,1742849050,4593.145,Rabbit
67e1c497ca61a52a92a65847,1742849048,6594.5531,1742849050,4594.5531,Rabbit
67e1c497ca61a52a92a65848,1742849048,6596.0558,1742849050,4596.0558,Rabbit
67e1c497ca61a52a92a65849,1742849048,6627.6736,1742849050,4627.6736,Rabbit
67e1c497ca61a52a92a6584a,1742849048,6629.8493,1742849050,4629.8493,Rabbit
67e1c497ca61a52a92a6584b,1742849048,6689.571,1742849050,4689.571,Rabbit
67e1c497ca61a52a92a6584c,1742849048,6720.5937,1742849050,4720.5937,Rabbit
67e1c497ca61a52a92a6584d,1742849048,6723.5495,1742849050,4723.5495,Rabbit
67e1c497ca61a52a92a6584e,1742849048,6726.0828,1742849050,4726.0828,Rabbit
67e1c498ca61a52a92a6584f,1742849048,6728.4693,1742849050,4728.4693,Rabbit
67e1c498ca61a52a92a65850,1742849048,6730.3523,1742849050,4730.3523,Rabbit
67e1c498ca61a52a92a65851,1742849048,6731.8254,1742849050,4731.8254,Rabbit
67e1c498ca61a52a92a65852,1742849048,6733.2782,1742849050,4733.2782,Rabbit
67e1c498ca61a52a92a65853,1742849048,6734.7226,1742849050,4734.7226,Rabbit
67e1c498ca61a52a92a65854,1742849048,6736.2303,1742849050,4736.2303,Rabbit
67e1c474ca61a52a92a6571e,1742849048,3685.3827,1742849049,2685.3827,Rabbit
67e1c44cca61a52a92a6561e,1742849048,1809.0833,1742849049,809.0833,Rabbit
67e1c474ca61a52a92a6571f,1742849048,3687.928,1742849049,2687.928,Rabbit
67e1c474ca61a52a92a65720,1742849048,3690.1893,1742849049,2690.1893,Rabbit
67e1c44cca61a52a92a6561f,1742849048,1811.5329,1742849049,811.5329,Rabbit
67e1c474ca61a52a92a65721,1742849048,3744.4235,1742849049,2744.4235,Rabbit
67e1c474ca61a52a92a65722,1742849048,3746.0832,1742849049,2746.0832,Rabbit
67e1c44cca61a52a92a65620,1742849048,1813.3136,1742849049,813.3136,Rabbit
67e1c474ca61a52a92a65723,1742849048,3747.6241,1742849049,2747.6241,Rabbit
67e1c474ca61a52a92a65724,1742849048,3749.2368,1742849049,2749.2368,Rabbit
67e1c44cca61a52a92a65621,1742849048,1815.0277,1742849049,815.0277,Rabbit
67e1c474ca61a52a92a65725,1742849048,3750.9037,1742849049,2750.9037,Rabbit
67e1c474ca61a52a92a65726,1742849048,3752.4486,1742849049,2752.4486,Rabbit
67e1c44cca61a52a92a65622,1742849048,1839.6985,1742849049,839.6985,Rabbit
67e1c474ca61a52a92a65727,1742849048,3753.973,1742849049,2753.973,Rabbit
67e1c475ca61a52a92a65728,1742849048,3755.5185,1742849049,2755.5185,Rabbit
67e1c44cca61a52a92a65623,1742849048,1868.8781,1742849049,868.8781,Rabbit
67e1c475ca61a52a92a65729,1742849048,3757.0491,1742849049,2757.0491,Rabbit
67e1c475ca61a52a92a6572a,1742849048,3758.5582,1742849049,2758.5582,Rabbit
67e1c44dca61a52a92a65624,1742849048,1871.7498,1742849049,871.7498,Rabbit
67e1c475ca61a52a92a6572b,1742849048,3760.302,1742849049,2760.302,Rabbit
67e1c475ca61a52a92a6572c,1742849048,3762.7944,1742849049,2762.7944,Rabbit
67e1c44dca61a52a92a65625,1742849048,1875.8779,1742849049,875.8779,Rabbit
67e1c475ca61a52a92a6572d,1742849048,3765.486,1742849049,2765.486,Rabbit
67e1c476ca61a52a92a6572e,1742849048,3768.0682,1742849049,2768.0682,Rabbit
67e1c44dca61a52a92a65626,1742849048,1899.9675,1742849049,899.9675,Rabbit
67e1c476ca61a52a92a6572f,1742849048,3770.5626,1742849049,2770.5626,Rabbit
67e1c476ca61a52a92a65730,1742849048,3806.6245,1742849049,2806.6245,Rabbit
67e1c44dca61a52a92a65627,1742849048,1902.1505,1742849049,902.1505,Rabbit
67e1c476ca61a52a92a65731,1742849048,3809.4908,1742849049,2809.4908,Rabbit
67e1c477ca61a52a92a65732,1742849048,3837.4186,1742849049,2837.4186,Rabbit
67e1c44dca61a52a92a65628,1742849048,1903.7821,1742849049,903.7821,Rabbit
67e1c477ca61a52a92a65733,1742849048,3839.1949,1742849049,2839.1949,Rabbit
67e1c477ca61a52a92a65734,1742849048,3868.3795,1742849049,2868.3795,Rabbit
67e1c44dca61a52a92a65629,1742849048,1905.55,1742849049,905.55,Rabbit
67e1c477ca61a52a92a65735,1742849048,3900.5903,1742849049,2900.5903,Rabbit
67e1c478ca61a52a92a65736,1742849048,3931.2704,1742849049,2931.2704,Rabbit
67e1c44eca61a52a92a6562a,1742849048,1907.8909,1742849049,907.8909,Rabbit
67e1c478ca61a52a92a65737,1742849048,3932.8227,1742849049,2932.8227,Rabbit
67e1c478ca61a52a92a65738,1742849048,3961.6517,1742849049,2961.6517,Rabbit
67e1c44eca61a52a92a6562b,1742849048,1909.5846,1742849049,909.5846,Rabbit
67e1c478ca61a52a92a65739,1742849048,3964.3541,1742849049,2964.3541,Rabbit
67e1c478ca61a52a92a6573a,1742849048,3992.7547,1742849049,2992.7547,Rabbit
67e1c44eca61a52a92a6562c,1742849048,1911.2373,1742849049,911.2373,Rabbit
67e1c478ca61a52a92a6573b,1742849048,3995.4981,1742849049,2995.4981,Rabbit
67e1c479ca61a52a92a6573c,1742849048,3998.1899,1742849049,2998.1899,Rabbit
67e1c44eca61a52a92a6562d,1742849048,1912.9978,1742849049,912.9978,Rabbit
67e1c479ca61a52a92a6573d,1742849048,4000.3786,1742849049,3000.3786,Rabbit
67e1c479ca61a52a92a6573e,1742849048,4002.4173,1742849049,3002.4173,Rabbit
67e1c44fca61a52a92a6562e,1742849048,1914.883,1742849049,914.883,Rabbit
67e1c479ca61a52a92a6573f,1742849048,4038.9012,1742849049,3038.9012,Rabbit
67e1c479ca61a52a92a65740,1742849048,4040.6048,1742849049,3040.6048,Rabbit
67e1c44fca61a52a92a6562f,1742849048,1917.5717,1742849049,917.5717,Rabbit
67e1c479ca61a52a92a65741,1742849048,4042.1739,1742849049,3042.1739,Rabbit
67e1c479ca61a52a92a65742,1742849048,4043.7238,1742849049,3043.7238,Rabbit
67e1c44fca61a52a92a65630,1742849048,1920.1881,1742849049,920.1881,Rabbit
67e1c479ca61a52a92a65743,1742849048,4045.2146,1742849049,3045.2146,Rabbit
67e1c479ca61a52a92a65744,1742849048,4046.6225,1742849049,3046.6225,Rabbit
67e1c44fca61a52a92a65631,1742849048,1922.6292,1742849049,922.6292,Rabbit
67e1c47aca61a52a92a65745,1742849048,4070.7887,1742849049,3070.7887,Rabbit
67e1c47aca61a52a92a65746,1742849048,4072.3445,1742849049,3072.3445,Rabbit
67e1c44fca61a52a92a65632,1742849048,1924.7414,1742849049,924.7414,Rabbit
67e1c47aca61a52a92a65747,1742849048,4073.6893,1742849049,3073.6893,Rabbit
67e1c47aca61a52a92a65748,1742849048,4075.0965,1742849049,3075.0965,Rabbit
67e1c44fca61a52a92a65633,1742849048,1926.2281,1742849049,926.2281,Rabbit
67e1c47aca61a52a92a65749,1742849048,4076.4572,1742849049,3076.4572,Rabbit
67e1c47aca61a52a92a6574a,1742849048,4077.8116,1742849049,3077.8116,Rabbit
67e1c450ca61a52a92a65634,1742849048,1927.7401,1742849049,927.7401,Rabbit
67e1c47aca61a52a92a6574b,1742849048,4079.2229,1742849049,3079.2229,Rabbit
67e1c47aca61a52a92a6574c,1742849048,4100.9767,1742849049,3100.9767,Rabbit
67e1c450ca61a52a92a65635,1742849048,1929.3025,1742849049,929.3025,Rabbit
67e1c47aca61a52a92a6574d,1742849048,4103.5699,1742849049,3103.5699,Rabbit
67e1c47aca61a52a92a6574e,1742849048,4106.07,1742849049,3106.07,Rabbit
67e1c450ca61a52a92a65636,1742849048,1930.986,1742849049,930.986,Rabbit
67e1c47bca61a52a92a6574f,1742849048,4108.412,1742849049,3108.412,Rabbit
67e1c47bca61a52a92a65750,1742849048,4110.7982,1742849049,3110.7982,Rabbit
67e1c450ca61a52a92a65637,1742849048,1961.7158,1742849049,961.7158,Rabbit
67e1c47bca61a52a92a65751,1742849048,4113.1896,1742849049,3113.1896,Rabbit
67e1c47bca61a52a92a65752,1742849048,4147.5175,1742849049,3147.5175,Rabbit
67e1c450ca61a52a92a65638,1742849048,1963.4269,1742849049,963.4269,Rabbit
67e1c47bca61a52a92a65753,1742849048,4150.0008,1742849049,3150.0008,Rabbit
67e1c47bca61a52a92a65754,1742849048,4152.33,1742849049,3152.33,Rabbit
67e1c451ca61a52a92a65639,1742849048,1964.8831,1742849049,964.8831,Rabbit
67e1c47bca61a52a92a65755,1742849048,4154.6798,1742849049,3154.6798,Rabbit
67e1c47bca61a52a92a65756,1742849048,4178.3656,1742849049,3178.3656,Rabbit
67e1c451ca61a52a92a6563a,1742849048,1966.3592,1742849049,966.3592,Rabbit
67e1c47bca61a52a92a65757,1742849048,4179.9495,1742849049,3179.9495,Rabbit
67e1c47bca61a52a92a65758,1742849048,4181.3621,1742849049,3181.3621,Rabbit
67e1c451ca61a52a92a6563b,1742849048,1967.7392,1742849049,967.7392,Rabbit
67e1c47bca61a52a92a65759,1742849048,4182.7316,1742849049,3182.7316,Rabbit
67e1c47cca61a52a92a6575a,1742849048,4184.1325,1742849049,3184.1325,Rabbit
67e1c451ca61a52a92a6563c,1742849048,1969.1699,1742849049,969.1699,Rabbit
67e1c47cca61a52a92a6575b,1742849048,4185.5286,1742849049,3185.5286,Rabbit
67e1c47cca61a52a92a6575c,1742849048,4186.9456,1742849049,3186.9456,Rabbit
67e1c452ca61a52a92a6563d,1742849048,1970.58,1742849049,970.58,Rabbit
67e1c47cca61a52a92a6575d,1742849048,4188.3794,1742849049,3188.3794,Rabbit
67e1c47cca61a52a92a6575e,1742849048,4189.7365,1742849049,3189.7365,Rabbit
67e1c452ca61a52a92a6563e,1742849048,1972.074,1742849049,972.074,Rabbit
67e1c47cca61a52a92a6575f,1742849048,4191.2155,1742849049,3191.2155,Rabbit
67e1c47cca61a52a92a65760,1742849048,4192.7251,1742849049,3192.7251,Rabbit
67e1c452ca61a52a92a6563f,1742849048,1973.5776,1742849049,973.5776,Rabbit
67e1c47dca61a52a92a65761,1742849048,4194.4518,1742849049,3194.4518,Rabbit
67e1c47dca61a52a92a65762,1742849048,4255.8259,1742849049,3255.8259,Rabbit
67e1c452ca61a52a92a65640,1742849048,1975.0047,1742849049,975.0047,Rabbit
67e1c47dca61a52a92a65763,1742849048,4257.3816,1742849049,3257.3816,Rabbit
67e1c47dca61a52a92a65764,1742849048,4258.9764,1742849049,3258.9764,Rabbit
67e1c452ca61a52a92a65641,1742849048,1976.4789,1742849049,976.4789,Rabbit
67e1c47dca61a52a92a65765,1742849048,4260.3972,1742849049,3260.3972,Rabbit
67e1c47dca61a52a92a65766,1742849048,4261.8283,1742849049,3261.8283,Rabbit
67e1c452ca61a52a92a65642,1742849048,1978.0422,1742849049,978.0422,Rabbit
67e1c47dca61a52a92a65767,1742849048,4263.2311,1742849049,3263.2311,Rabbit
67e1c47eca61a52a92a65768,1742849048,4264.6298,1742849049,3264.6298,Rabbit
67e1c452ca61a52a92a65643,1742849048,1979.5439,1742849049,979.5439,Rabbit
67e1c47eca61a52a92a65769,1742849048,4265.9611,1742849049,3265.9611,Rabbit
67e1c47eca61a52a92a6576a,1742849048,4302.4401,1742849049,3302.4401,Rabbit
67e1c452ca61a52a92a65644,1742849048,1981.1797,1742849049,981.1797,Rabbit
67e1c47eca61a52a92a6576b,1742849048,4333.3294,1742849049,3333.3294,Rabbit
67e1c47eca61a52a92a6576c,1742849048,4334.9385,1742849049,3334.9385,Rabbit
67e1c452ca61a52a92a65645,1742849048,1982.6204,1742849049,982.6204,Rabbit
67e1c47eca61a52a92a6576d,1742849048,4336.3906,1742849049,3336.3906,Rabbit
67e1c47eca61a52a92a6576e,1742849048,4337.8756,1742849049,3337.8756,Rabbit
67e1c452ca61a52a92a65646,1742849048,1984.2028,1742849049,984.2028,Rabbit
67e1c47fca61a52a92a6576f,1742849048,4339.2933,1742849049,3339.2933,Rabbit
67e1c47fca61a52a92a65770,1742849048,4364.3222,1742849049,3364.3222,Rabbit
67e1c452ca61a52a92a65647,1742849048,2008.5493,1742849049,1008.5493,Rabbit
67e1c47fca61a52a92a65771,1742849048,4395.5202,1742849049,3395.5202,Rabbit
67e1c47fca61a52a92a65772,1742849048,4426.7712,1742849049,3426.7712,Rabbit
67e1c452ca61a52a92a65648,1742849048,2010.2991,1742849049,1010.2991,Rabbit
67e1c47fca61a52a92a65773,1742849048,4457.4655,1742849049,3457.4655,Rabbit
67e1c480ca61a52a92a65774,1742849048,4460.1639,1742849049,3460.1639,Rabbit
67e1c452ca61a52a92a65649,1742849048,2011.7926,1742849049,1011.7926,Rabbit
67e1c480ca61a52a92a65775,1742849048,4462.7562,1742849049,3462.7562,Rabbit
67e1c480ca61a52a92a65776,1742849048,4519.6439,1742849049,3519.6439,Rabbit
67e1c453ca61a52a92a6564a,1742849048,2013.2748,1742849049,1013.2748,Rabbit
67e1c480ca61a52a92a65777,1742849048,4523.069,1742849049,3523.069,Rabbit
67e1c480ca61a52a92a65778,1742849048,4526.3757,1742849049,3526.3757,Rabbit
67e1c453ca61a52a92a6564b,1742849048,2014.6944,1742849049,1014.6944,Rabbit
67e1c481ca61a52a92a65779,1742849048,4529.1793,1742849049,3529.1793,Rabbit
67e1c481ca61a52a92a6577a,1742849048,4532.0336,1742849049,3532.0336,Rabbit
67e1c453ca61a52a92a6564c,1742849048,2016.2448,1742849049,1016.2448,Rabbit
67e1c481ca61a52a92a6577b,1742849048,4566.0952,1742849049,3566.0952,Rabbit
67e1c481ca61a52a92a6577c,1742849048,4568.2033,1742849049,3568.2033,Rabbit
67e1c454ca61a52a92a6564d,1742849048,2017.7996,1742849049,1017.7996,Rabbit
67e1c482ca61a52a92a6577d,1742849048,4569.6401,1742849049,3569.6401,Rabbit
67e1c482ca61a52a92a6577e,1742849048,4571.1788,1742849049,3571.1788,Rabbit
67e1c454ca61a52a92a6564e,1742849048,2019.3033,1742849049,1019.3033,Rabbit
67e1c482ca61a52a92a6577f,1742849048,4572.6567,1742849049,3572.6567,Rabbit
67e1c454ca61a52a92a6564f,1742849048,2020.834,1742849049,1020.834,Rabbit
67e1c482ca61a52a92a65780,1742849048,4597.0031,1742849049,3597.0031,Rabbit
67e1c454ca61a52a92a65650,1742849048,2022.317,1742849049,1022.317,Rabbit
67e1c454ca61a52a92a65651,1742849048,2023.9255,1742849049,1023.9255,Rabbit
67e1c455ca61a52a92a65652,1742849048,2025.7721,1742849049,1025.7721,Rabbit
67e1c455ca61a52a92a65653,1742849048,2027.2527,1742849049,1027.2527,Rabbit
67e1c455ca61a52a92a65654,1742849048,2028.9358,1742849049,1028.9358,Rabbit
67e1c455ca61a52a92a65655,1742849048,2056.7031,1742849049,1056.7031,Rabbit
67e1c455ca61a52a92a65656,1742849048,2059.2426,1742849049,1059.2426,Rabbit
67e1c455ca61a52a92a65657,1742849048,2087.1987,1742849049,1087.1987,Rabbit
67e1c455ca61a52a92a65658,1742849048,2118.5225,1742849049,1118.5225,Rabbit
67e1c456ca61a52a92a65659,1742849048,2150.8079,1742849049,1150.8079,Rabbit
67e1c456ca61a52a92a6565a,1742849048,2181.5246,1742849049,1181.5246,Rabbit
67e1c456ca61a52a92a6565b,1742849048,2209.8469,1742849049,1209.8469,Rabbit
67e1c456ca61a52a92a6565c,1742849048,2212.4808,1742849049,1212.4808,Rabbit
67e1c456ca61a52a92a6565d,1742849048,2215.0724,1742849049,1215.0724,Rabbit
67e1c456ca61a52a92a6565e,1742849048,2240.8209,1742849049,1240.8209,Rabbit
67e1c456ca61a52a92a6565f,1742849048,2272.1721,1742849049,1272.1721,Rabbit
67e1c456ca61a52a92a65660,1742849048,2274.1164,1742849049,1274.1164,Rabbit
67e1c456ca61a52a92a65661,1742849048,2302.7665,1742849049,1302.7665,Rabbit
67e1c457ca61a52a92a65662,1742849048,2304.3682,1742849049,1304.3682,Rabbit
67e1c457ca61a52a92a65663,1742849048,2305.8473,1742849049,1305.8473,Rabbit
67e1c457ca61a52a92a65664,1742849048,2364.9338,1742849049,1364.9338,Rabbit
67e1c457ca61a52a92a65665,1742849048,2367.8277,1742849049,1367.8277,Rabbit
67e1c458ca61a52a92a65666,1742849048,2370.4531,1742849049,1370.4531,Rabbit
67e1c458ca61a52a92a65667,1742849048,2372.3232,1742849049,1372.3232,Rabbit
67e1c458ca61a52a92a65668,1742849048,2373.8297,1742849049,1373.8297,Rabbit
67e1c458ca61a52a92a65669,1742849048,2375.3886,1742849049,1375.3886,Rabbit
67e1c458ca61a52a92a6566a,1742849048,2376.887,1742849049,1376.887,Rabbit
67e1c458ca61a52a92a6566b,1742849048,2378.3916,1742849049,1378.3916,Rabbit
67e1c458ca61a52a92a6566c,1742849048,2379.9772,1742849049,1379.9772,Rabbit
67e1c43dca61a52a92a655c5,1742849048,1450.3226,1742849049,450.3226,Rabbit
67e1c458ca61a52a92a6566d,1742849048,2381.398,1742849049,1381.398,Rabbit
67e1c459ca61a52a92a6566e,1742849048,2382.7661,1742849049,1382.7661,Rabbit
67e1c43dca61a52a92a655c6,1742849048,1453.1547,1742849049,453.1547,Rabbit
67e1c459ca61a52a92a6566f,1742849048,2384.329,1742849049,1384.329,Rabbit
67e1c459ca61a52a92a65670,1742849048,2385.8257,1742849049,1385.8257,Rabbit
67e1c43dca61a52a92a655c7,1742849048,1454.8179,1742849049,454.8179,Rabbit
67e1c459ca61a52a92a65671,1742849048,2412.1611,1742849049,1412.1611,Rabbit
67e1c459ca61a52a92a65672,1742849048,2473.4536,1742849049,1473.4536,Rabbit
67e1c43dca61a52a92a655c8,1742849048,1456.5285,1742849049,456.5285,Rabbit
67e1c459ca61a52a92a65673,1742849048,2504.7869,1742849049,1504.7869,Rabbit
67e1c459ca61a52a92a65674,1742849048,2507.7779,1742849049,1507.7779,Rabbit
67e1c43eca61a52a92a655c9,1742849048,1458.0783,1742849049,458.0783,Rabbit
67e1c45aca61a52a92a65675,1742849048,2510.7124,1742849049,1510.7124,Rabbit
67e1c45aca61a52a92a65676,1742849048,2566.3961,1742849049,1566.3961,Rabbit
67e1c43eca61a52a92a655ca,1742849048,1459.5718,1742849049,459.5718,Rabbit
67e1c45aca61a52a92a65677,1742849048,2567.9485,1742849049,1567.9485,Rabbit
67e1c45aca61a52a92a65678,1742849048,2569.3864,1742849049,1569.3864,Rabbit
67e1c43eca61a52a92a655cb,1742849048,1461.0814,1742849049,461.0814,Rabbit
67e1c45aca61a52a92a65679,1742849048,2570.8911,1742849049,1570.8911,Rabbit
67e1c45aca61a52a92a6567a,1742849048,2572.3959,1742849049,1572.3959,Rabbit
67e1c43eca61a52a92a655cc,1742849048,1462.6326,1742849049,462.6326,Rabbit
67e1c45aca61a52a92a6567b,1742849048,2573.814,1742849049,1573.814,Rabbit
67e1c45bca61a52a92a6567c,1742849048,2575.326,1742849049,1575.326,Rabbit
67e1c43eca61a52a92a655cd,1742849048,1464.3301,1742849049,464.3301,Rabbit
67e1c45bca61a52a92a6567d,1742849048,2576.7561,1742849049,1576.7561,Rabbit
67e1c45bca61a52a92a6567e,1742849048,2612.9908,1742849049,1612.9908,Rabbit
67e1c43eca61a52a92a655ce,1742849048,1465.8821,1742849049,465.8821,Rabbit
67e1c45bca61a52a92a6567f,1742849048,2643.896,1742849049,1643.896,Rabbit
67e1c45cca61a52a92a65680,1742849048,2645.7473,1742849049,1645.7473,Rabbit
67e1c43eca61a52a92a655cf,1742849048,1467.4957,1742849049,467.4957,Rabbit
67e1c45cca61a52a92a65681,1742849048,2706.4491,1742849049,1706.4491,Rabbit
67e1c45cca61a52a92a65682,1742849048,2708.8199,1742849049,1708.8199,Rabbit
67e1c43eca61a52a92a655d0,1742849048,1469.1983,1742849049,469.1983,Rabbit
67e1c45cca61a52a92a65683,1742849048,2739.111,1742849049,1739.111,Rabbit
67e1c45cca61a52a92a65684,1742849048,2740.8956,1742849049,1740.8956,Rabbit
67e1c43eca61a52a92a655d1,1742849048,1470.8898,1742849049,470.8898,Rabbit
67e1c45cca61a52a92a65685,1742849048,2743.5618,1742849049,1743.5618,Rabbit
67e1c45dca61a52a92a65686,1742849048,2745.4011,1742849049,1745.4011,Rabbit
67e1c43eca61a52a92a655d2,1742849048,1472.5054,1742849049,472.5054,Rabbit
67e1c45dca61a52a92a65687,1742849048,2767.7475,1742849049,1767.7475,Rabbit
67e1c45dca61a52a92a65688,1742849048,2770.6041,1742849049,1770.6041,Rabbit
67e1c43fca61a52a92a655d3,1742849048,1474.0113,1742849049,474.0113,Rabbit
67e1c45dca61a52a92a65689,1742849048,2773.0467,1742849049,1773.0467,Rabbit
67e1c45dca61a52a92a6568a,1742849048,2775.612,1742849049,1775.612,Rabbit
67e1c43fca61a52a92a655d4,1742849048,1475.6484,1742849049,475.6484,Rabbit
67e1c45dca61a52a92a6568b,1742849048,2777.916,1742849049,1777.916,Rabbit
67e1c45dca61a52a92a6568c,1742849048,2814.5664,1742849049,1814.5664,Rabbit
67e1c43fca61a52a92a655d5,1742849048,1477.1622,1742849049,477.1622,Rabbit
67e1c45eca61a52a92a6568d,1742849048,2817.0964,1742849049,1817.0964,Rabbit
67e1c45eca61a52a92a6568e,1742849048,2826.0605,1742849049,1826.0605,Rabbit
67e1c43fca61a52a92a655d6,1742849048,1478.8066,1742849049,478.8066,Rabbit
67e1c45eca61a52a92a6568f,1742849048,2860.8357,1742849049,1860.8357,Rabbit
67e1c45eca61a52a92a65690,1742849048,2863.6326,1742849049,1863.6326,Rabbit
67e1c440ca61a52a92a655d7,1742849048,1480.3013,1742849049,480.3013,Rabbit
67e1c45eca61a52a92a65691,1742849048,2866.0203,1742849049,1866.0203,Rabbit
67e1c45eca61a52a92a65692,1742849048,2891.7513,1742849049,1891.7513,Rabbit
67e1c440ca61a52a92a655d8,1742849048,1482.7168,1742849049,482.7168,Rabbit
67e1c45eca61a52a92a65693,1742849048,2894.4433,1742849049,1894.4433,Rabbit
67e1c45fca61a52a92a65694,1742849048,2896.9325,1742849049,1896.9325,Rabbit
67e1c440ca61a52a92a655d9,1742849048,1512.5934,1742849049,512.5934,Rabbit
67e1c45fca61a52a92a65695,1742849048,2899.2343,1742849049,1899.2343,Rabbit
67e1c45fca61a52a92a65696,1742849048,2901.9622,1742849049,1901.9622,Rabbit
67e1c440ca61a52a92a655da,1742849048,1514.7008,1742849049,514.7008,Rabbit
67e1c45fca61a52a92a65697,1742849048,2904.4371,1742849049,1904.4371,Rabbit
67e1c45fca61a52a92a65698,1742849048,2906.4248,1742849049,1906.4248,Rabbit
67e1c441ca61a52a92a655db,1742849048,1516.4775,1742849049,516.4775,Rabbit
67e1c45fca61a52a92a65699,1742849048,2907.9563,1742849049,1907.9563,Rabbit
67e1c45fca61a52a92a6569a,1742849048,2938.9719,1742849049,1938.9719,Rabbit
67e1c441ca61a52a92a655dc,1742849048,1518.3465,1742849049,518.3465,Rabbit
67e1c460ca61a52a92a6569b,1742849048,2941.4115,1742849049,1941.4115,Rabbit
67e1c460ca61a52a92a6569c,1742849048,2943.1496,1742849049,1943.1496,Rabbit
67e1c441ca61a52a92a655dd,1742849048,1520.0589,1742849049,520.0589,Rabbit
67e1c460ca61a52a92a6569d,1742849048,2944.6737,1742849049,1944.6737,Rabbit
67e1c460ca61a52a92a6569e,1742849048,2946.1993,1742849049,1946.1993,Rabbit
67e1c441ca61a52a92a655de,1742849048,1521.5441,1742849049,521.5441,Rabbit
67e1c460ca61a52a92a6569f,1742849048,2947.7382,1742849049,1947.7382,Rabbit
67e1c460ca61a52a92a656a0,1742849048,2949.2605,1742849049,1949.2605,Rabbit
67e1c441ca61a52a92a655df,1742849048,1523.0875,1742849049,523.0875,Rabbit
67e1c460ca61a52a92a656a1,1742849048,2951.0872,1742849049,1951.0872,Rabbit
67e1c460ca61a52a92a656a2,1742849048,2984.7209,1742849049,1984.7209,Rabbit
67e1c442ca61a52a92a655e0,1742849048,1524.6401,1742849049,524.6401,Rabbit
67e1c461ca61a52a92a656a3,1742849048,2986.4058,1742849049,1986.4058,Rabbit
67e1c461ca61a52a92a656a4,1742849048,2987.8479,1742849049,1987.8479,Rabbit
67e1c442ca61a52a92a655e1,1742849048,1526.2414,1742849049,526.2414,Rabbit
67e1c461ca61a52a92a656a5,1742849048,2989.4186,1742849049,1989.4186,Rabbit
67e1c461ca61a52a92a656a6,1742849048,3016.6878,1742849049,2016.6878,Rabbit
67e1c442ca61a52a92a655e2,1742849048,1527.9165,1742849049,527.9165,Rabbit
67e1c461ca61a52a92a656a7,1742849048,3018.2969,1742849049,2018.2969,Rabbit
67e1c461ca61a52a92a656a8,1742849048,3019.7337,1742849049,2019.7337,Rabbit
67e1c442ca61a52a92a655e3,1742849048,1559.3099,1742849049,559.3099,Rabbit
67e1c461ca61a52a92a656a9,1742849048,3021.2262,1742849049,2021.2262,Rabbit
67e1c461ca61a52a92a656aa,1742849048,3022.6411,1742849049,2022.6411,Rabbit
67e1c442ca61a52a92a655e4,1742849048,1562.0402,1742849049,562.0402,Rabbit
67e1c461ca61a52a92a656ab,1742849048,3024.0737,1742849049,2024.0737,Rabbit
67e1c461ca61a52a92a656ac,1742849048,3025.5692,1742849049,2025.5692,Rabbit
67e1c442ca61a52a92a655e5,1742849048,1564.0708,1742849049,564.0708,Rabbit
67e1c461ca61a52a92a656ad,1742849048,3027.0517,1742849049,2027.0517,Rabbit
67e1c462ca61a52a92a656ae,1742849048,3028.4487,1742849049,2028.4487,Rabbit
67e1c442ca61a52a92a655e6,1742849048,1565.5382,1742849049,565.5382,Rabbit
67e1c462ca61a52a92a656af,1742849048,3029.9406,1742849049,2029.9406,Rabbit
67e1c462ca61a52a92a656b0,1742849048,3031.7169,1742849049,2031.7169,Rabbit
67e1c443ca61a52a92a655e7,1742849048,1567.0605,1742849049,567.0605,Rabbit
67e1c463ca61a52a92a656b1,1742849048,3063.7999,1742849049,2063.7999,Rabbit
67e1c463ca61a52a92a656b2,1742849048,3065.3234,1742849049,2065.3234,Rabbit
67e1c443ca61a52a92a655e8,1742849048,1568.5645,1742849049,568.5645,Rabbit
67e1c463ca61a52a92a656b3,1742849048,3093.3513,1742849049,2093.3513,Rabbit
67e1c464ca61a52a92a656b4,1742849048,3096.0418,1742849049,2096.0418,Rabbit
67e1c443ca61a52a92a655e9,1742849048,1570.0274,1742849049,570.0274,Rabbit
67e1c464ca61a52a92a656b5,1742849048,3124.3282,1742849049,2124.3282,Rabbit
67e1c464ca61a52a92a656b6,1742849048,3157.5177,1742849049,2157.5177,Rabbit
67e1c443ca61a52a92a655ea,1742849048,1571.5958,1742849049,571.5958,Rabbit
67e1c464ca61a52a92a656b7,1742849048,3160.6067,1742849049,2160.6067,Rabbit
67e1c464ca61a52a92a656b8,1742849048,3186.4363,1742849049,2186.4363,Rabbit
67e1c443ca61a52a92a655eb,1742849048,1573.1416,1742849049,573.1416,Rabbit
67e1c464ca61a52a92a656b9,1742849048,3189.7523,1742849049,2189.7523,Rabbit
67e1c464ca61a52a92a656ba,1742849048,3219.0564,1742849049,2219.0564,Rabbit
67e1c443ca61a52a92a655ec,1742849048,1574.5601,1742849049,574.5601,Rabbit
67e1c464ca61a52a92a656bb,1742849048,3248.3339,1742849049,2248.3339,Rabbit
67e1c464ca61a52a92a656bc,1742849048,3251.1121,1742849049,2251.1121,Rabbit
67e1c444ca61a52a92a655ed,1742849048,1576.2399,1742849049,576.2399,Rabbit
67e1c464ca61a52a92a656bd,1742849048,3279.2713,1742849049,2279.2713,Rabbit
67e1c464ca61a52a92a656be,1742849048,3281.7489,1742849049,2281.7489,Rabbit
67e1c444ca61a52a92a655ee,1742849048,1577.8197,1742849049,577.8197,Rabbit
67e1c464ca61a52a92a656bf,1742849048,3283.6561,1742849049,2283.6561,Rabbit
67e1c465ca61a52a92a656c0,1742849048,3286.0051,1742849049,2286.0051,Rabbit
67e1c444ca61a52a92a655ef,1742849048,1579.675,1742849049,579.675,Rabbit
67e1c465ca61a52a92a656c1,1742849048,3288.3455,1742849049,2288.3455,Rabbit
67e1c465ca61a52a92a656c2,1742849048,3290.6751,1742849049,2290.6751,Rabbit
67e1c444ca61a52a92a655f0,1742849048,1581.6777,1742849049,581.6777,Rabbit
67e1c465ca61a52a92a656c3,1742849048,3293.052,1742849049,2293.052,Rabbit
67e1c466ca61a52a92a656c4,1742849048,3295.7837,1742849049,2295.7837,Rabbit
67e1c444ca61a52a92a655f1,1742849048,1583.4081,1742849049,583.4081,Rabbit
67e1c466ca61a52a92a656c5,1742849048,3298.0567,1742849049,2298.0567,Rabbit
67e1c466ca61a52a92a656c6,1742849048,3300.6544,1742849049,2300.6544,Rabbit
67e1c444ca61a52a92a655f2,1742849048,1584.978,1742849049,584.978,Rabbit
67e1c466ca61a52a92a656c7,1742849048,3303.0389,1742849049,2303.0389,Rabbit
67e1c466ca61a52a92a656c8,1742849048,3304.9695,1742849049,2304.9695,Rabbit
67e1c445ca61a52a92a655f3,1742849048,1586.4885,1742849049,586.4885,Rabbit
67e1c466ca61a52a92a656c9,1742849048,3307.3631,1742849049,2307.3631,Rabbit
67e1c466ca61a52a92a656ca,1742849048,3309.7909,1742849049,2309.7909,Rabbit
67e1c445ca61a52a92a655f4,1742849048,1587.968,1742849049,587.968,Rabbit
67e1c466ca61a52a92a656cb,1742849048,3312.2824,1742849049,2312.2824,Rabbit
67e1c466ca61a52a92a656cc,1742849048,3341.2673,1742849049,2341.2673,Rabbit
67e1c445ca61a52a92a655f5,1742849048,1589.5223,1742849049,589.5223,Rabbit
67e1c466ca61a52a92a656cd,1742849048,3343.7423,1742849049,2343.7423,Rabbit
67e1c466ca61a52a92a656ce,1742849048,3346.2318,1742849049,2346.2318,Rabbit
67e1c445ca61a52a92a655f6,1742849048,1591.7862,1742849049,591.7862,Rabbit
67e1c466ca61a52a92a656cf,1742849048,3373.7963,1742849049,2373.7963,Rabbit
67e1c467ca61a52a92a656d0,1742849048,3376.1009,1742849049,2376.1009,Rabbit
67e1c445ca61a52a92a655f7,1742849048,1594.1937,1742849049,594.1937,Rabbit
67e1c467ca61a52a92a656d1,1742849048,3403.1801,1742849049,2403.1801,Rabbit
67e1c468ca61a52a92a656d2,1742849048,3404.7369,1742849049,2404.7369,Rabbit
67e1c445ca61a52a92a655f8,1742849048,1596.7068,1742849049,596.7068,Rabbit
67e1c468ca61a52a92a656d3,1742849048,3406.1936,1742849049,2406.1936,Rabbit
67e1c468ca61a52a92a656d4,1742849048,3407.5825,1742849049,2407.5825,Rabbit
67e1c446ca61a52a92a655f9,1742849048,1622.1316,1742849049,622.1316,Rabbit
67e1c468ca61a52a92a656d5,1742849048,3409.0096,1742849049,2409.0096,Rabbit
67e1c468ca61a52a92a656d6,1742849048,3410.4632,1742849049,2410.4632,Rabbit
67e1c446ca61a52a92a655fa,1742849048,1653.4444,1742849049,653.4444,Rabbit
67e1c469ca61a52a92a656d7,1742849048,3411.9338,1742849049,2411.9338,Rabbit
67e1c469ca61a52a92a656d8,1742849048,3413.4866,1742849049,2413.4866,Rabbit
67e1c446ca61a52a92a655fb,1742849048,1655.3086,1742849049,655.3086,Rabbit
67e1c469ca61a52a92a656d9,1742849048,3414.9203,1742849049,2414.9203,Rabbit
67e1c469ca61a52a92a656da,1742849048,3416.39,1742849049,2416.39,Rabbit
67e1c446ca61a52a92a655fc,1742849048,1682.9048,1742849049,682.9048,Rabbit
67e1c469ca61a52a92a656db,1742849048,3417.8443,1742849049,2417.8443,Rabbit
67e1c469ca61a52a92a656dc,1742849048,3420.1005,1742849049,2420.1005,Rabbit
67e1c447ca61a52a92a655fd,1742849048,1687.1038,1742849049,687.1038,Rabbit
67e1c46aca61a52a92a656dd,1742849048,3421.5549,1742849049,2421.5549,Rabbit
67e1c46aca61a52a92a656de,1742849048,3422.9499,1742849049,2422.9499,Rabbit
67e1c447ca61a52a92a655fe,1742849048,1690.0141,1742849049,690.0141,Rabbit
67e1c46aca61a52a92a656df,1742849048,3424.3187,1742849049,2424.3187,Rabbit
67e1c46bca61a52a92a656e0,1742849048,3425.7847,1742849049,2425.7847,Rabbit
67e1c447ca61a52a92a655ff,1742849048,1692.522,1742849049,692.522,Rabbit
67e1c46bca61a52a92a656e1,1742849048,3427.1889,1742849049,2427.1889,Rabbit
67e1c46bca61a52a92a656e2,1742849048,3428.5758,1742849049,2428.5758,Rabbit
67e1c447ca61a52a92a65600,1742849048,1695.0379,1742849049,695.0379,Rabbit
67e1c46bca61a52a92a656e3,1742849048,3429.9832,1742849049,2429.9832,Rabbit
67e1c46bca61a52a92a656e4,1742849048,3431.3427,1742849049,2431.3427,Rabbit
67e1c447ca61a52a92a65601,1742849048,1697.5849,1742849049,697.5849,Rabbit
67e1c46bca61a52a92a656e5,1742849048,3432.6991,1742849049,2432.6991,Rabbit
67e1c46bca61a52a92a656e6,1742849048,3434.2063,1742849049,2434.2063,Rabbit
67e1c447ca61a52a92a65602,1742849048,1699.5365,1742849049,699.5365,Rabbit
67e1c46bca61a52a92a656e7,1742849048,3435.7299,1742849049,2435.7299,Rabbit
67e1c46bca61a52a92a656e8,1742849048,3437.1696,1742849049,2437.1696,Rabbit
67e1c447ca61a52a92a65603,1742849048,1701.1504,1742849049,701.1504,Rabbit
67e1c46bca61a52a92a656e9,1742849048,3438.6302,1742849049,2438.6302,Rabbit
67e1c46bca61a52a92a656ea,1742849048,3439.9967,1742849049,2439.9967,Rabbit
67e1c447ca61a52a92a65604,1742849048,1702.7982,1742849049,702.7982,Rabbit
67e1c46bca61a52a92a656eb,1742849048,3465.2819,1742849049,2465.2819,Rabbit
67e1c46bca61a52a92a656ec,1742849048,3467.0118,1742849049,2467.0118,Rabbit
67e1c447ca61a52a92a65605,1742849048,1704.2798,1742849049,704.2798,Rabbit
67e1c46bca61a52a92a656ed,1742849048,3468.5164,1742849049,2468.5164,Rabbit
67e1c46bca61a52a92a656ee,1742849048,3469.9697,1742849049,2469.9697,Rabbit
67e1c447ca61a52a92a65606,1742849048,1705.9635,1742849049,705.9635,Rabbit
67e1c46cca61a52a92a656ef,1742849048,3471.5457,1742849049,2471.5457,Rabbit
67e1c46cca61a52a92a656f0,1742849048,3473.0561,1742849049,2473.0561,Rabbit
67e1c448ca61a52a92a65607,1742849048,1707.4464,1742849049,707.4464,Rabbit
67e1c46dca61a52a92a656f1,1742849048,3474.462,1742849049,2474.462,Rabbit
67e1c46dca61a52a92a656f2,1742849048,3476.0076,1742849049,2476.0076,Rabbit
67e1c448ca61a52a92a65608,1742849048,1708.9659,1742849049,708.9659,Rabbit
67e1c46dca61a52a92a656f3,1742849048,3512.1046,1742849049,2512.1046,Rabbit
67e1c46dca61a52a92a656f4,1742849048,3515.0125,1742849049,2515.0125,Rabbit
67e1c448ca61a52a92a65609,1742849048,1710.578,1742849049,710.578,Rabbit
67e1c46dca61a52a92a656f5,1742849048,3544.3579,1742849049,2544.3579,Rabbit
67e1c46dca61a52a92a656f6,1742849048,3547.1828,1742849049,2547.1828,Rabbit
67e1c448ca61a52a92a6560a,1742849048,1711.9992,1742849049,711.9992,Rabbit
67e1c46eca61a52a92a656f7,1742849048,3549.9506,1742849049,2549.9506,Rabbit
67e1c46eca61a52a92a656f8,1742849048,3552.8329,1742849049,2552.8329,Rabbit
67e1c448ca61a52a92a6560b,1742849048,1713.6063,1742849049,713.6063,Rabbit
67e1c46eca61a52a92a656f9,1742849048,3555.6267,1742849049,2555.6267,Rabbit
67e1c46fca61a52a92a656fa,1742849048,3558.2699,1742849049,2558.2699,Rabbit
67e1c448ca61a52a92a6560c,1742849048,1715.1847,1742849049,715.1847,Rabbit
67e1c46fca61a52a92a656fb,1742849048,3559.9442,1742849049,2559.9442,Rabbit
67e1c46fca61a52a92a656fc,1742849048,3561.4456,1742849049,2561.4456,Rabbit
67e1c449ca61a52a92a6560d,1742849048,1716.5872,1742849049,716.5872,Rabbit
67e1c46fca61a52a92a656fd,1742849048,3563.08,1742849049,2563.08,Rabbit
67e1c46fca61a52a92a656fe,1742849048,3564.7265,1742849049,2564.7265,Rabbit
67e1c449ca61a52a92a6560e,1742849048,1718.256,1742849049,718.256,Rabbit
67e1c46fca61a52a92a656ff,1742849048,3566.3344,1742849049,2566.3344,Rabbit
67e1c46fca61a52a92a65700,1742849048,3568.2501,1742849049,2568.2501,Rabbit
67e1c449ca61a52a92a6560f,1742849048,1719.6275,1742849049,719.6275,Rabbit
67e1c46fca61a52a92a65701,1742849048,3604.9246,1742849049,2604.9246,Rabbit
67e1c470ca61a52a92a65702,1742849048,3606.3977,1742849049,2606.3977,Rabbit
67e1c449ca61a52a92a65610,1742849048,1721.0706,1742849049,721.0706,Rabbit
67e1c470ca61a52a92a65703,1742849048,3607.8992,1742849049,2607.8992,Rabbit
67e1c470ca61a52a92a65704,1742849048,3609.445,1742849049,2609.445,Rabbit
67e1c449ca61a52a92a65611,1742849048,1722.6395,1742849049,722.6395,Rabbit
67e1c470ca61a52a92a65705,1742849048,3610.8853,1742849049,2610.8853,Rabbit
67e1c470ca61a52a92a65706,1742849048,3612.468,1742849049,2612.468,Rabbit
67e1c44aca61a52a92a65612,1742849048,1724.1008,1742849049,724.1008,Rabbit
67e1c470ca61a52a92a65707,1742849048,3613.9338,1742849049,2613.9338,Rabbit
67e1c470ca61a52a92a65708,1742849048,3615.3797,1742849049,2615.3797,Rabbit
67e1c44aca61a52a92a65613,1742849048,1725.5677,1742849049,725.5677,Rabbit
67e1c470ca61a52a92a65709,1742849048,3616.845,1742849049,2616.845,Rabbit
67e1c471ca61a52a92a6570a,1742849048,3618.3822,1742849049,2618.3822,Rabbit
67e1c44aca61a52a92a65614,1742849048,1727.1263,1742849049,727.1263,Rabbit
67e1c471ca61a52a92a6570b,1742849048,3619.9341,1742849049,2619.9341,Rabbit
67e1c471ca61a52a92a6570c,1742849048,3622.1057,1742849049,2622.1057,Rabbit
67e1c44aca61a52a92a65615,1742849048,1728.592,1742849049,728.592,Rabbit
67e1c471ca61a52a92a6570d,1742849048,3652.3704,1742849049,2652.3704,Rabbit
67e1c471ca61a52a92a6570e,1742849048,3654.1708,1742849049,2654.1708,Rabbit
67e1c44aca61a52a92a65616,1742849048,1760.6058,1742849049,760.6058,Rabbit
67e1c472ca61a52a92a6570f,1742849048,3655.6891,1742849049,2655.6891,Rabbit
67e1c472ca61a52a92a65710,1742849048,3657.0766,1742849049,2657.0766,Rabbit
67e1c44bca61a52a92a65617,1742849048,1791.4974,1742849049,791.4974,Rabbit
67e1c472ca61a52a92a65711,1742849048,3658.5323,1742849049,2658.5323,Rabbit
67e1c472ca61a52a92a65712,1742849048,3659.9904,1742849049,2659.9904,Rabbit
67e1c44bca61a52a92a65618,1742849048,1794.2606,1742849049,794.2606,Rabbit
67e1c472ca61a52a92a65713,1742849048,3661.4628,1742849049,2661.4628,Rabbit
67e1c472ca61a52a92a65714,1742849048,3662.8576,1742849049,2662.8576,Rabbit
67e1c44bca61a52a92a65619,1742849048,1796.7417,1742849049,796.7417,Rabbit
67e1c472ca61a52a92a65715,1742849048,3664.3249,1742849049,2664.3249,Rabbit
67e1c472ca61a52a92a65716,1742849048,3665.7474,1742849049,2665.7474,Rabbit
67e1c44bca61a52a92a6561a,1742849048,1799.2438,1742849049,799.2438,Rabbit
67e1c473ca61a52a92a65717,1742849048,3667.9785,1742849049,2667.9785,Rabbit
67e1c473ca61a52a92a65718,1742849048,3670.9694,1742849049,2670.9694,Rabbit
67e1c44bca61a52a92a6561b,1742849048,1801.6783,1742849049,801.6783,Rabbit
67e1c473ca61a52a92a65719,1742849048,3673.3179,1742849049,2673.3179,Rabbit
67e1c473ca61a52a92a6571a,1742849048,3675.5452,1742849049,2675.5452,Rabbit
67e1c44bca61a52a92a6561c,1742849048,1804.2867,1742849049,804.2867,Rabbit
67e1c473ca61a52a92a6571b,1742849048,3677.8553,1742849049,2677.8553,Rabbit
67e1c473ca61a52a92a6571c,1742849048,3680.4022,1742849049,2680.4022,Rabbit
67e1c44bca61a52a92a6561d,1742849048,1806.675,1742849049,806.675,Rabbit
67e1c474ca61a52a92a6571d,1742849048,3682.8861,1742849049,2682.8861,Rabbit
67e1c437ca61a52a92a6559e,1742849048,1232.8394,1742849048,1232.8394,Rabbit
67e1c429ca61a52a92a6555e,1742849048,741.3745,1742849048,741.3745,Rabbit
67e1c437ca61a52a92a6559f,1742849048,1265.4282,1742849048,1265.4282,Rabbit
67e1c437ca61a52a92a655a0,1742849048,1295.4318,1742849048,1295.4318,Rabbit
67e1c425ca61a52a92a6553e,1742849048,523.9,1742849048,523.9,Rabbit
67e1c429ca61a52a92a6555f,1742849048,742.7561,1742849048,742.7561,Rabbit
67e1c437ca61a52a92a655a1,1742849048,1300.1444,1742849048,1300.1444,Rabbit
67e1c437ca61a52a92a655a2,1742849048,1326.7391,1742849048,1326.7391,Rabbit
67e1c429ca61a52a92a65560,1742849048,744.2192,1742849048,744.2192,Rabbit
67e1c437ca61a52a92a655a3,1742849048,1331.2137,1742849048,1331.2137,Rabbit
67e1c437ca61a52a92a655a4,1742849048,1357.3859,1742849048,1357.3859,Rabbit
67e1c423ca61a52a92a6552e,1742849048,371.9132,1742849048,371.9132,Rabbit
67e1c425ca61a52a92a6553f,1742849048,526.0042,1742849048,526.0042,Rabbit
67e1c429ca61a52a92a65561,1742849048,745.6463,1742849048,745.6463,Rabbit
67e1c438ca61a52a92a655a5,1742849048,1359.4138,1742849048,1359.4138,Rabbit
67e1c438ca61a52a92a655a6,1742849048,1360.8672,1742849048,1360.8672,Rabbit
67e1c42aca61a52a92a65562,1742849048,747.2071,1742849048,747.2071,Rabbit
67e1c438ca61a52a92a655a7,1742849048,1362.2941,1742849048,1362.2941,Rabbit
67e1c438ca61a52a92a655a8,1742849048,1363.7357,1742849048,1363.7357,Rabbit
67e1c425ca61a52a92a65540,1742849048,527.6203,1742849048,527.6203,Rabbit
67e1c42aca61a52a92a65563,1742849048,748.7137,1742849048,748.7137,Rabbit
67e1c438ca61a52a92a655a9,1742849048,1365.3218,1742849048,1365.3218,Rabbit
67e1c438ca61a52a92a655aa,1742849048,1366.8621,1742849048,1366.8621,Rabbit
67e1c42aca61a52a92a65564,1742849048,750.2786,1742849048,750.2786,Rabbit
67e1c438ca61a52a92a655ab,1742849048,1368.4548,1742849048,1368.4548,Rabbit
67e1c438ca61a52a92a655ac,1742849048,1369.8877,1742849048,1369.8877,Rabbit
67e1c421ca61a52a92a65526,1742849048,357.6682,1742849048,357.6682,Rabbit
67e1c423ca61a52a92a6552f,1742849048,373.3109,1742849048,373.3109,Rabbit
67e1c426ca61a52a92a65541,1742849048,529.2425,1742849048,529.2425,Rabbit
67e1c42aca61a52a92a65565,1742849048,751.6901,1742849048,751.6901,Rabbit
67e1c438ca61a52a92a655ad,1742849048,1371.3678,1742849048,1371.3678,Rabbit
67e1c438ca61a52a92a655ae,1742849048,1372.8662,1742849048,1372.8662,Rabbit
67e1c42aca61a52a92a65566,1742849048,753.6651,1742849048,753.6651,Rabbit
67e1c438ca61a52a92a655af,1742849048,1374.2848,1742849048,1374.2848,Rabbit
67e1c438ca61a52a92a655b0,1742849048,1375.7804,1742849048,1375.7804,Rabbit
67e1c426ca61a52a92a65542,1742849048,556.0169,1742849048,556.0169,Rabbit
67e1c42aca61a52a92a65567,1742849048,755.2092,1742849048,755.2092,Rabbit
67e1c439ca61a52a92a655b1,1742849048,1377.2288,1742849048,1377.2288,Rabbit
67e1c439ca61a52a92a655b2,1742849048,1378.6954,1742849048,1378.6954,Rabbit
67e1c42aca61a52a92a65568,1742849048,783.6078,1742849048,783.6078,Rabbit
67e1c439ca61a52a92a655b3,1742849048,1380.1445,1742849048,1380.1445,Rabbit
67e1c439ca61a52a92a655b4,1742849048,1381.6128,1742849048,1381.6128,Rabbit
67e1c423ca61a52a92a65530,1742849048,399.6094,1742849048,399.6094,Rabbit
67e1c426ca61a52a92a65543,1742849048,583.2113,1742849048,583.2113,Rabbit
67e1c42bca61a52a92a65569,1742849048,815.0083,1742849048,815.0083,Rabbit
67e1c439ca61a52a92a655b5,1742849048,1383.084,1742849048,1383.084,Rabbit
67e1c43aca61a52a92a655b6,1742849048,1384.6446,1742849048,1384.6446,Rabbit
67e1c42bca61a52a92a6556a,1742849048,818.7667,1742849048,818.7667,Rabbit
67e1c43aca61a52a92a655b7,1742849048,1386.1049,1742849048,1386.1049,Rabbit
67e1c43aca61a52a92a655b8,1742849048,1387.7126,1742849048,1387.7126,Rabbit
67e1c426ca61a52a92a65544,1742849048,585.6169,1742849048,585.6169,Rabbit
67e1c42bca61a52a92a6556b,1742849048,820.4508,1742849048,820.4508,Rabbit
67e1c43aca61a52a92a655b9,1742849048,1389.9076,1742849048,1389.9076,Rabbit
67e1c43bca61a52a92a655ba,1742849048,1392.2461,1742849048,1392.2461,Rabbit
67e1c42bca61a52a92a6556c,1742849048,822.0699,1742849048,822.0699,Rabbit
67e1c43bca61a52a92a655bb,1742849048,1394.6292,1742849048,1394.6292,Rabbit
67e1c43bca61a52a92a655bc,1742849048,1397.5,1742849048,1397.5,Rabbit
67e1c420ca61a52a92a65522,1742849048,317.3349,1742849048,317.3349,Rabbit
67e1c422ca61a52a92a65527,1742849048,360.2327,1742849048,360.2327,Rabbit
67e1c423ca61a52a92a65531,1742849048,401.2508,1742849048,401.2508,Rabbit
67e1c426ca61a52a92a65545,1742849048,612.8111,1742849048,612.8111,Rabbit
67e1c42bca61a52a92a6556d,1742849048,823.69,1742849048,823.69,Rabbit
67e1c43bca61a52a92a655bd,1742849048,1401.0167,1742849048,1401.0167,Rabbit
67e1c43bca61a52a92a655be,1742849048,1404.3512,1742849048,1404.3512,Rabbit
67e1c42bca61a52a92a6556e,1742849048,825.2509,1742849048,825.2509,Rabbit
67e1c43cca61a52a92a655bf,1742849048,1407.2475,1742849048,1407.2475,Rabbit
67e1c43cca61a52a92a655c0,1742849048,1409.9633,1742849048,1409.9633,Rabbit
67e1c426ca61a52a92a65546,1742849048,614.3454,1742849048,614.3454,Rabbit
67e1c42bca61a52a92a6556f,1742849048,826.7711,1742849048,826.7711,Rabbit
67e1c43cca61a52a92a655c1,1742849048,1412.6873,1742849048,1412.6873,Rabbit
67e1c43cca61a52a92a655c2,1742849048,1415.5188,1742849048,1415.5188,Rabbit
67e1c42bca61a52a92a65570,1742849048,861.1218,1742849048,861.1218,Rabbit
67e1c43cca61a52a92a655c3,1742849048,1418.3637,1742849048,1418.3637,Rabbit
67e1c423ca61a52a92a65532,1742849048,429.5835,1742849048,429.5835,Rabbit
67e1c426ca61a52a92a65547,1742849048,615.8785,1742849048,615.8785,Rabbit
67e1c42bca61a52a92a65571,1742849048,923.718,1742849048,923.718,Rabbit
67e1c43dca61a52a92a655c4,1742849048,1421.1598,1742849048,1421.1598,Rabbit
67e1c42bca61a52a92a65572,1742849048,926.4221,1742849048,926.4221,Rabbit
67e1c427ca61a52a92a65548,1742849048,644.3121,1742849048,644.3121,Rabbit
67e1c42cca61a52a92a65573,1742849048,931.2246,1742849048,931.2246,Rabbit
67e1c42cca61a52a92a65574,1742849048,956.2501,1742849048,956.2501,Rabbit
67e1c422ca61a52a92a65528,1742849048,362.7726,1742849048,362.7726,Rabbit
67e1c424ca61a52a92a65533,1742849048,432.0729,1742849048,432.0729,Rabbit
67e1c427ca61a52a92a65549,1742849048,676.3263,1742849048,676.3263,Rabbit
67e1c42cca61a52a92a65575,1742849048,958.0679,1742849048,958.0679,Rabbit
67e1c42cca61a52a92a65576,1742849048,985.0732,1742849048,985.0732,Rabbit
67e1c427ca61a52a92a6554a,1742849048,678.7229,1742849048,678.7229,Rabbit
67e1c42cca61a52a92a65577,1742849048,1048.7535,1742849048,1048.7535,Rabbit
67e1c42eca61a52a92a65578,1742849048,1079.0392,1742849048,1079.0392,Rabbit
67e1c424ca61a52a92a65534,1742849048,460.0009,1742849048,460.0009,Rabbit
67e1c427ca61a52a92a6554b,1742849048,680.6755,1742849048,680.6755,Rabbit
67e1c42eca61a52a92a65579,1742849048,1082.3055,1742849048,1082.3055,Rabbit
67e1c42eca61a52a92a6557a,1742849048,1083.771,1742849048,1083.771,Rabbit
67e1c427ca61a52a92a6554c,1742849048,683.1976,1742849048,683.1976,Rabbit
67e1c42eca61a52a92a6557b,1742849048,1085.252,1742849048,1085.252,Rabbit
67e1c42fca61a52a92a6557c,1742849048,1086.7671,1742849048,1086.7671,Rabbit
67e1c420ca61a52a92a65520,1742849048,314.1827,1742849048,314.1827,Rabbit
67e1c420ca61a52a92a65523,1742849048,320.1034,1742849048,320.1034,Rabbit
67e1c422ca61a52a92a65529,1742849048,364.6058,1742849048,364.6058,Rabbit
67e1c424ca61a52a92a65535,1742849048,461.6916,1742849048,461.6916,Rabbit
67e1c427ca61a52a92a6554d,1742849048,685.7573,1742849048,685.7573,Rabbit
67e1c42fca61a52a92a6557d,1742849048,1109.6986,1742849048,1109.6986,Rabbit
67e1c42fca61a52a92a6557e,1742849048,1111.2336,1742849048,1111.2336,Rabbit
67e1c427ca61a52a92a6554e,1742849048,688.2759,1742849048,688.2759,Rabbit
67e1c42fca61a52a92a6557f,1742849048,1112.6893,1742849048,1112.6893,Rabbit
67e1c430ca61a52a92a65580,1742849048,1114.0971,1742849048,1114.0971,Rabbit
67e1c425ca61a52a92a65536,1742849048,463.1425,1742849048,463.1425,Rabbit
67e1c427ca61a52a92a6554f,1742849048,691.4916,1742849048,691.4916,Rabbit
67e1c430ca61a52a92a65581,1742849048,1115.5003,1742849048,1115.5003,Rabbit
67e1c430ca61a52a92a65582,1742849048,1140.0349,1742849048,1140.0349,Rabbit
67e1c428ca61a52a92a65550,1742849048,694.0446,1742849048,694.0446,Rabbit
67e1c430ca61a52a92a65583,1742849048,1142.0067,1742849048,1142.0067,Rabbit
67e1c431ca61a52a92a65584,1742849048,1143.47,1742849048,1143.47,Rabbit
67e1c422ca61a52a92a6552a,1742849048,366.0977,1742849048,366.0977,Rabbit
67e1c425ca61a52a92a65537,1742849048,464.6179,1742849048,464.6179,Rabbit
67e1c428ca61a52a92a65551,1742849048,695.9915,1742849048,695.9915,Rabbit
67e1c431ca61a52a92a65585,1742849048,1144.9146,1742849048,1144.9146,Rabbit
67e1c431ca61a52a92a65586,1742849048,1146.392,1742849048,1146.392,Rabbit
67e1c428ca61a52a92a65552,1742849048,697.5608,1742849048,697.5608,Rabbit
67e1c432ca61a52a92a65587,1742849048,1171.0972,1742849048,1171.0972,Rabbit
67e1c432ca61a52a92a65588,1742849048,1173.6276,1742849048,1173.6276,Rabbit
67e1c425ca61a52a92a65538,1742849048,466.0754,1742849048,466.0754,Rabbit
67e1c428ca61a52a92a65553,1742849048,699.0655,1742849048,699.0655,Rabbit
67e1c432ca61a52a92a65589,1742849048,1176.2169,1742849048,1176.2169,Rabbit
67e1c432ca61a52a92a6558a,1742849048,1178.2812,1742849048,1178.2812,Rabbit
67e1c428ca61a52a92a65554,1742849048,700.583,1742849048,700.583,Rabbit
67e1c433ca61a52a92a6558b,1742849048,1180.6061,1742849048,1180.6061,Rabbit
67e1c433ca61a52a92a6558c,1742849048,1182.1945,1742849048,1182.1945,Rabbit
67e1c421ca61a52a92a65524,1742849048,352.3781,1742849048,352.3781,Rabbit
67e1c422ca61a52a92a6552b,1742849048,367.6262,1742849048,367.6262,Rabbit
67e1c425ca61a52a92a65539,1742849048,467.6024,1742849048,467.6024,Rabbit
67e1c428ca61a52a92a65555,1742849048,702.0043,1742849048,702.0043,Rabbit
67e1c433ca61a52a92a6558d,1742849048,1183.6273,1742849048,1183.6273,Rabbit
67e1c433ca61a52a92a6558e,1742849048,1185.1378,1742849048,1185.1378,Rabbit
67e1c428ca61a52a92a65556,1742849048,703.508,1742849048,703.508,Rabbit
67e1c433ca61a52a92a6558f,1742849048,1186.7172,1742849048,1186.7172,Rabbit
67e1c434ca61a52a92a65590,1742849048,1188.284,1742849048,1188.284,Rabbit
67e1c425ca61a52a92a6553a,1742849048,491.6738,1742849048,491.6738,Rabbit
67e1c429ca61a52a92a65557,1742849048,705.0448,1742849048,705.0448,Rabbit
67e1c434ca61a52a92a65591,1742849048,1189.6892,1742849048,1189.6892,Rabbit
67e1c434ca61a52a92a65592,1742849048,1191.1373,1742849048,1191.1373,Rabbit
67e1c429ca61a52a92a65558,1742849048,706.5592,1742849048,706.5592,Rabbit
67e1c434ca61a52a92a65593,1742849048,1192.543,1742849048,1192.543,Rabbit
67e1c434ca61a52a92a65594,1742849048,1218.3495,1742849048,1218.3495,Rabbit
67e1c422ca61a52a92a6552c,1742849048,369.0412,1742849048,369.0412,Rabbit
67e1c425ca61a52a92a6553b,1742849048,494.0971,1742849048,494.0971,Rabbit
67e1c429ca61a52a92a65559,1742849048,708.1341,1742849048,708.1341,Rabbit
67e1c435ca61a52a92a65595,1742849048,1219.8817,1742849048,1219.8817,Rabbit
67e1c435ca61a52a92a65596,1742849048,1221.3933,1742849048,1221.3933,Rabbit
67e1c429ca61a52a92a6555a,1742849048,709.5469,1742849048,709.5469,Rabbit
67e1c435ca61a52a92a65597,1742849048,1222.8862,1742849048,1222.8862,Rabbit
67e1c435ca61a52a92a65598,1742849048,1224.2673,1742849048,1224.2673,Rabbit
67e1c425ca61a52a92a6553c,1742849048,519.9326,1742849048,519.9326,Rabbit
67e1c429ca61a52a92a6555b,1742849048,736.8374,1742849048,736.8374,Rabbit
67e1c435ca61a52a92a65599,1742849048,1225.7128,1742849048,1225.7128,Rabbit
67e1c435ca61a52a92a6559a,1742849048,1227.1464,1742849048,1227.1464,Rabbit
67e1c429ca61a52a92a6555c,1742849048,738.4795,1742849048,738.4795,Rabbit
67e1c436ca61a52a92a6559b,1742849048,1228.5447,1742849048,1228.5447,Rabbit
67e1c436ca61a52a92a6559c,1742849048,1230.008,1742849048,1230.008,Rabbit
67e1c419ca61a52a92a6551f,1742849048,312.1949,1742849048,312.1949,Rabbit
67e1c420ca61a52a92a65521,1742849048,315.7232,1742849048,315.7232,Rabbit
67e1c421ca61a52a92a65525,1742849048,355.0689,1742849048,355.0689,Rabbit
67e1c422ca61a52a92a6552d,1742849048,370.4882,1742849048,370.4882,Rabbit
67e1c425ca61a52a92a6553d,1742849048,522.342,1742849048,522.342,Rabbit
67e1c429ca61a52a92a6555d,1742849048,739.9837,1742849048,739.9837,Rabbit
67e1c436ca61a52a92a6559d,1742849048,1231.4296,1742849048,1231.4296,Rabbit
