Id,QueueCreationTime,QueueCreationDelay,ProcessingTime,ProcessingDelay,QueueName
67e1c5d6771d074a42d888c0,1742849375,113815.0089,1742849451,37815.0089,SQS
67e1c5d6771d074a42d888aa,1742849375,113750.7011,1742849451,37750.7011,SQS
67e1c5d6771d074a42d888be,1742849375,113811.4936,1742849451,37811.4936,SQS
67e1c5d6771d074a42d888c1,1742849375,113817.6043,1742849451,37817.6043,SQS
67e1c5d6771d074a42d888b3,1742849375,113794.0019,1742849451,37794.0019,SQS
67e1c5d6771d074a42d888b2,1742849375,113791.3667,1742849451,37791.3667,SQS
67e1c5d6771d074a42d888ab,1742849375,113780.9616,1742849451,37780.9616,SQS
67e1c5d6771d074a42d888b0,1742849375,113787.7672,1742849451,37787.7672,SQS
67e1c5d6771d074a42d888bf,1742849375,113814.1147,1742849451,37814.1147,SQS
67e1c5d6771d074a42d888bd,1742849375,113810.568,1742849451,37810.568,SQS
67e1c5d6771d074a42d888af,1742849375,113786.8602,1742849451,37786.8602,SQS
67e1c5d6771d074a42d888ac,1742849375,113781.8071,1742849451,37781.8071,SQS
67e1c5d6771d074a42d888b5,1742849375,113779.3305,1742849451,37779.3305,SQS
67e1c5d6771d074a42d888bc,1742849375,113807.7696,1742849451,37807.7696,SQS
67e1c5d6771d074a42d888a7,1742849375,113745.7787,1742849451,37745.7787,SQS
67e1c5d6771d074a42d888ae,1742849375,113784.3203,1742849451,37784.3203,SQS
67e1c5d6771d074a42d888b4,1742849375,113795.0237,1742849451,37795.0237,SQS
67e1c5d6771d074a42d888ad,1742849375,113780.1715,1742849451,37780.1715,SQS
67e1c5d6771d074a42d888b1,1742849375,113790.4779,1742849451,37790.4779,SQS
67e1c5d6771d074a42d888b7,1742849375,113799.3804,1742849451,37799.3804,SQS
67e1c5d6771d074a42d888c2,1742849375,113818.4981,1742849451,37818.4981,SQS
67e1c5d6771d074a42d888ba,1742849375,113803.8649,1742849451,37803.8649,SQS
67e1c5d6771d074a42d888bb,1742849375,113806.7231,1742849451,37806.7231,SQS
67e1c5d6771d074a42d888cf,1742849375,113927.9719,1742849450,38927.9719,SQS
67e1c5d6771d074a42d888a2,1742849375,113737.3076,1742849450,38737.3076,SQS
67e1c5d6771d074a42d88851,1742849375,113268.7803,1742849450,38268.7803,SQS
67e1c5d6771d074a42d888c7,1742849375,113887.3971,1742849450,38887.3971,SQS
67e1c5d6771d074a42d88890,1742849375,113462.2565,1742849450,38462.2565,SQS
67e1c5d6771d074a42d888a4,1742849375,113741.1715,1742849450,38741.1715,SQS
67e1c5d6771d074a42d88895,1742849375,113577.0508,1742849450,38577.0508,SQS
67e1c5d6771d074a42d88883,1742849375,113375.6391,1742849450,38375.6391,SQS
67e1c5d6771d074a42d88854,1742849375,113274.3718,1742849450,38274.3718,SQS
67e1c5d6771d074a42d8888d,1742849375,113458.0945,1742849450,38458.0945,SQS
67e1c5d6771d074a42d888c8,1742849375,113889.388,1742849450,38889.388,SQS
67e1c5d6771d074a42d88846,1742849375,113252.6764,1742849450,38252.6764,SQS
67e1c5d6771d074a42d888a6,1742849375,113742.0013,1742849450,38742.0013,SQS
67e1c5d6771d074a42d888a8,1742849375,113746.6758,1742849450,38746.6758,SQS
67e1c5d6771d074a42d8885d,1742849375,113287.54,1742849450,38287.54,SQS
67e1c5d6771d074a42d888a0,1742849375,113733.2568,1742849450,38733.2568,SQS
67e1c5d6771d074a42d88830,1742849375,113193.1244,1742849450,38193.1244,SQS
67e1c5d6771d074a42d88843,1742849375,113192.3412,1742849450,38192.3412,SQS
67e1c5d6771d074a42d88835,1742849375,113201.3978,1742849450,38201.3978,SQS
67e1c5d6771d074a42d88870,1742849375,113316.9408,1742849450,38316.9408,SQS
67e1c5d6771d074a42d888b9,1742849375,113802.9569,1742849450,38802.9569,SQS
67e1c5d6771d074a42d8889c,1742849375,113615.7557,1742849450,38615.7557,SQS
67e1c5d6771d074a42d8885b,1742849375,113284.2859,1742849450,38284.2859,SQS
67e1c5d6771d074a42d8889a,1742849375,113613.0621,1742849450,38613.0621,SQS
67e1c5d6771d074a42d8888f,1742849375,113457.2702,1742849450,38457.2702,SQS
67e1c5d6771d074a42d888c3,1742849375,113821.0358,1742849450,38821.0358,SQS
67e1c5d6771d074a42d88850,1742849375,113266.4339,1742849450,38266.4339,SQS
67e1c5d6771d074a42d8883a,1742849375,113210.4008,1742849450,38210.4008,SQS
67e1c5d6771d074a42d8889f,1742849375,113669.9945,1742849450,38669.9945,SQS
67e1c5d6771d074a42d8886a,1742849375,113308.5943,1742849450,38308.5943,SQS
67e1c5d6771d074a42d8885a,1742849375,113281.6998,1742849450,38281.6998,SQS
67e1c5d6771d074a42d88834,1742849375,113199.4586,1742849450,38199.4586,SQS
67e1c5d6771d074a42d88857,1742849375,113277.4955,1742849450,38277.4955,SQS
67e1c5d6771d074a42d8886d,1742849375,113312.4146,1742849450,38312.4146,SQS
67e1c5d6771d074a42d88859,1742849375,113280.7875,1742849450,38280.7875,SQS
67e1c5d6771d074a42d88837,1742849375,113204.745,1742849450,38204.745,SQS
67e1c5d6771d074a42d88867,1742849375,113303.8537,1742849450,38303.8537,SQS
67e1c5d6771d074a42d888cc,1742849375,113922.4214,1742849450,38922.4214,SQS
67e1c5d6771d074a42d888b6,1742849375,113798.4955,1742849450,38798.4955,SQS
67e1c5d6771d074a42d8883c,1742849375,113207.8536,1742849450,38207.8536,SQS
67e1c5d6771d074a42d8882d,1742849375,113158.1297,1742849450,38158.1297,SQS
67e1c5d6771d074a42d888a3,1742849375,113738.301,1742849450,38738.301,SQS
67e1c5d6771d074a42d88863,1742849375,113297.5233,1742849450,38297.5233,SQS
67e1c5d6771d074a42d88853,1742849375,113269.7554,1742849450,38269.7554,SQS
67e1c5d6771d074a42d8888e,1742849375,113459.9606,1742849450,38459.9606,SQS
67e1c5d6771d074a42d8885f,1742849375,113290.7949,1742849450,38290.7949,SQS
67e1c5d6771d074a42d88871,1742849375,113319.109,1742849450,38319.109,SQS
67e1c5d6771d074a42d888c6,1742849375,113857.6291,1742849450,38857.6291,SQS
67e1c5d6771d074a42d88856,1742849375,113276.6841,1742849450,38276.6841,SQS
67e1c5d6771d074a42d888cb,1742849375,113919.7554,1742849450,38919.7554,SQS
67e1c5d6771d074a42d88868,1742849375,113304.6435,1742849450,38304.6435,SQS
67e1c5d6771d074a42d8886b,1742849375,113307.0428,1742849450,38307.0428,SQS
67e1c5d6771d074a42d88855,1742849375,113273.4913,1742849450,38273.4913,SQS
67e1c5d6771d074a42d888ce,1742849375,113925.2346,1742849450,38925.2346,SQS
67e1c5d6771d074a42d88836,1742849375,113203.1083,1742849450,38203.1083,SQS
67e1c5d6771d074a42d888cd,1742849375,113924.3389,1742849450,38924.3389,SQS
67e1c5d6771d074a42d888a1,1742849375,113734.283,1742849450,38734.283,SQS
67e1c5d6771d074a42d88852,1742849375,113270.5715,1742849450,38270.5715,SQS
67e1c5d6771d074a42d88897,1742849375,113608.8071,1742849450,38608.8071,SQS
67e1c5d6771d074a42d88891,1742849375,113456.2605,1742849450,38456.2605,SQS
67e1c5d6771d074a42d888b8,1742849375,113731.0623,1742849450,38731.0623,SQS
67e1c5d6771d074a42d888c9,1742849375,113890.284,1742849450,38890.284,SQS
67e1c5d6771d074a42d88860,1742849375,113293.1639,1742849450,38293.1639,SQS
67e1c5d6771d074a42d8886c,1742849375,113311.4562,1742849450,38311.4562,SQS
67e1c5d6771d074a42d8883d,1742849375,113238.1828,1742849450,38238.1828,SQS
67e1c5d6771d074a42d88898,1742849375,113607.1459,1742849450,38607.1459,SQS
67e1c5d6771d074a42d8886f,1742849375,113316.1076,1742849450,38316.1076,SQS
67e1c5d6771d074a42d88866,1742849375,113301.6435,1742849450,38301.6435,SQS
67e1c5d6771d074a42d8889d,1742849375,113640.2121,1742849450,38640.2121,SQS
67e1c5d6771d074a42d8882f,1742849375,113190.2307,1742849450,38190.2307,SQS
67e1c5d6771d074a42d88861,1742849375,113292.392,1742849450,38292.392,SQS
67e1c5d6771d074a42d8883e,1742849375,113239.2022,1742849450,38239.2022,SQS
67e1c5d6771d074a42d88869,1742849375,113307.8188,1742849450,38307.8188,SQS
67e1c5d6771d074a42d88873,1742849375,113322.082,1742849450,38322.082,SQS
67e1c5d6771d074a42d8886e,1742849375,113313.9089,1742849450,38313.9089,SQS
67e1c5d6771d074a42d8889e,1742849375,113669.0388,1742849450,38669.0388,SQS
67e1c5d6771d074a42d888a5,1742849375,113732.1303,1742849450,38732.1303,SQS
67e1c5d6771d074a42d88832,1742849375,113196.0872,1742849450,38196.0872,SQS
67e1c5d6771d074a42d888c4,1742849375,113821.9669,1742849450,38821.9669,SQS
67e1c5d6771d074a42d88896,1742849375,113576.0179,1742849450,38576.0179,SQS
67e1c5d6771d074a42d88839,1742849375,113209.3307,1742849450,38209.3307,SQS
67e1c5d6771d074a42d88894,1742849375,113553.5919,1742849450,38553.5919,SQS
67e1c5d6771d074a42d888a9,1742849375,113749.6543,1742849450,38749.6543,SQS
67e1c5d6771d074a42d88893,1742849375,113544.9846,1742849450,38544.9846,SQS
67e1c5d6771d074a42d888c5,1742849375,113855.5687,1742849450,38855.5687,SQS
67e1c5d6771d074a42d8885c,1742849375,113285.0644,1742849450,38285.0644,SQS
67e1c5d6771d074a42d88874,1742849375,113322.8632,1742849450,38322.8632,SQS
67e1c5d6771d074a42d88899,1742849375,113610.4265,1742849450,38610.4265,SQS
67e1c5d6771d074a42d88862,1742849375,113295.8002,1742849450,38295.8002,SQS
67e1c5d6771d074a42d88865,1742849375,113300.8691,1742849450,38300.8691,SQS
67e1c5d6771d074a42d88872,1742849375,113319.8619,1742849450,38319.8619,SQS
67e1c5d6771d074a42d888d0,1742849375,113928.866,1742849450,38928.866,SQS
67e1c5d6771d074a42d8882a,1742849375,113144.7543,1742849450,38144.7543,SQS
67e1c5d6771d074a42d8884f,1742849375,113265.7326,1742849450,38265.7326,SQS
67e1c5d6771d074a42d8889b,1742849375,113614.8759,1742849450,38614.8759,SQS
67e1c5d6771d074a42d8885e,1742849375,113288.3248,1742849450,38288.3248,SQS
67e1c5d6771d074a42d88864,1742849375,113296.6378,1742849450,38296.6378,SQS
67e1c5d6771d074a42d888ca,1742849375,113918.8339,1742849450,38918.8339,SQS
67e1c5d6771d074a42d88892,1742849375,113485.8227,1742849450,38485.8227,SQS
67e1c5d6771d074a42d887ac,1742849375,112319.0628,1742849449,38319.0628,SQS
67e1c5d6771d074a42d88823,1742849375,113065.1913,1742849449,39065.1913,SQS
67e1c5d6771d074a42d88828,1742849375,113111.0113,1742849449,39111.0113,SQS
67e1c5d6771d074a42d887d1,1742849375,112622.6081,1742849449,38622.6081,SQS
67e1c5d6771d074a42d887a5,1742849375,112307.1374,1742849449,38307.1374,SQS
67e1c5d6771d074a42d88818,1742849375,112881.609,1742849449,38881.609,SQS
67e1c5d6771d074a42d88849,1742849375,113256.4776,1742849449,39256.4776,SQS
67e1c5d6771d074a42d8881d,1742849375,112981.6685,1742849449,38981.6685,SQS
67e1c5d6771d074a42d88806,1742849375,112741.1466,1742849449,38741.1466,SQS
67e1c5d6771d074a42d8887f,1742849375,113369.6783,1742849449,39369.6783,SQS
67e1c5d6771d074a42d88876,1742849375,113325.824,1742849449,39325.824,SQS
67e1c5d6771d074a42d887ae,1742849375,112323.5977,1742849449,38323.5977,SQS
67e1c5d6771d074a42d887b8,1742849375,112494.7079,1742849449,38494.7079,SQS
67e1c5d6771d074a42d887a0,1742849375,112244.3791,1742849449,38244.3791,SQS
67e1c5d6771d074a42d88880,1742849375,113372.175,1742849449,39372.175,SQS
67e1c5d6771d074a42d887e0,1742849375,112652.7696,1742849449,38652.7696,SQS
67e1c5d6771d074a42d88804,1742849375,112694.8844,1742849449,38694.8844,SQS
67e1c5d6771d074a42d887ba,1742849375,112524.1304,1742849449,38524.1304,SQS
67e1c5d6771d074a42d88813,1742849375,112845.5492,1742849449,38845.5492,SQS
67e1c5d6771d074a42d887e8,1742849375,112664.6908,1742849449,38664.6908,SQS
67e1c5d6771d074a42d88879,1742849375,113359.7131,1742849449,39359.7131,SQS
67e1c5d6771d074a42d8880a,1742849375,112802.4281,1742849449,38802.4281,SQS
67e1c5d6771d074a42d88878,1742849375,113358.8627,1742849449,39358.8627,SQS
67e1c5d6771d074a42d887ca,1742849375,112611.1896,1742849449,38611.1896,SQS
67e1c5d6771d074a42d8881e,1742849375,113002.3216,1742849449,39002.3216,SQS
67e1c5d6771d074a42d88822,1742849375,113069.2421,1742849449,39069.2421,SQS
67e1c5d6771d074a42d88801,1742849375,112735.1483,1742849449,38735.1483,SQS
67e1c5d6771d074a42d887b0,1742849375,112384.7,1742849449,38384.7,SQS
67e1c5d6771d074a42d88803,1742849375,112727.4602,1742849449,38727.4602,SQS
67e1c5d6771d074a42d88819,1742849375,112974.6389,1742849449,38974.6389,SQS
67e1c5d6771d074a42d887af,1742849375,112354.1803,1742849449,38354.1803,SQS
67e1c5d6771d074a42d88814,1742849375,112878.4216,1742849449,38878.4216,SQS
67e1c5d6771d074a42d8887e,1742849375,113368.8198,1742849449,39368.8198,SQS
67e1c5d6771d074a42d887f0,1742849375,112682.0243,1742849449,38682.0243,SQS
67e1c5d6771d074a42d887dd,1742849375,112648.6483,1742849449,38648.6483,SQS
67e1c5d6771d074a42d887f2,1742849375,112685.4322,1742849449,38685.4322,SQS
67e1c5d6771d074a42d88875,1742849375,113325.0992,1742849449,39325.0992,SQS
67e1c5d6771d074a42d88848,1742849375,113255.6997,1742849449,39255.6997,SQS
67e1c5d6771d074a42d887b6,1742849375,112428.7661,1742849449,38428.7661,SQS
67e1c5d6771d074a42d887ed,1742849375,112676.7293,1742849449,38676.7293,SQS
67e1c5d6771d074a42d88810,1742849375,112834.1246,1742849449,38834.1246,SQS
67e1c5d6771d074a42d88844,1742849375,113249.6001,1742849449,39249.6001,SQS
67e1c5d6771d074a42d887b5,1742849375,112321.2498,1742849449,38321.2498,SQS
67e1c5d6771d074a42d887e9,1742849375,112659.4586,1742849449,38659.4586,SQS
67e1c5d6771d074a42d887c4,1742849375,112600.9483,1742849449,38600.9483,SQS
67e1c5d6771d074a42d88838,1742849375,113078.8808,1742849449,39078.8808,SQS
67e1c5d6771d074a42d8881a,1742849375,112909.215,1742849449,38909.215,SQS
67e1c5d6771d074a42d887c9,1742849375,112610.3438,1742849449,38610.3438,SQS
67e1c5d6771d074a42d887fe,1742849375,112730.0963,1742849449,38730.0963,SQS
67e1c5d6771d074a42d887fd,1742849375,112728.3417,1742849449,38728.3417,SQS
67e1c5d6771d074a42d8879c,1742849375,112180.2466,1742849449,38180.2466,SQS
67e1c5d6771d074a42d8883f,1742849375,113242.2761,1742849449,39242.2761,SQS
67e1c5d6771d074a42d887bb,1742849375,112552.6292,1742849449,38552.6292,SQS
67e1c5d6771d074a42d8881f,1742849375,113034.9835,1742849449,39034.9835,SQS
67e1c5d6771d074a42d887dc,1742849375,112636.4379,1742849449,38636.4379,SQS
67e1c5d6771d074a42d887f1,1742849375,112681.2593,1742849449,38681.2593,SQS
67e1c5d6771d074a42d887aa,1742849375,112315.6121,1742849449,38315.6121,SQS
67e1c5d6771d074a42d887ef,1742849375,112680.4014,1742849449,38680.4014,SQS
67e1c5d6771d074a42d88820,1742849375,113066.5829,1742849449,39066.5829,SQS
67e1c5d6771d074a42d887eb,1742849375,112667.4228,1742849449,38667.4228,SQS
67e1c5d6771d074a42d887e2,1742849375,112656.1165,1742849449,38656.1165,SQS
67e1c5d6771d074a42d887ea,1742849375,112670.1412,1742849449,38670.1412,SQS
67e1c5d6771d074a42d8882e,1742849375,113188.2186,1742849449,39188.2186,SQS
67e1c5d6771d074a42d88812,1742849375,112843.1331,1742849449,38843.1331,SQS
67e1c5d6771d074a42d887a4,1742849375,112279.8698,1742849449,38279.8698,SQS
67e1c5d6771d074a42d887ec,1742849375,112673.5921,1742849449,38673.5921,SQS
67e1c5d6771d074a42d887f6,1742849375,112691.4128,1742849449,38691.4128,SQS
67e1c5d6771d074a42d887be,1742849375,112492.1212,1742849449,38492.1212,SQS
67e1c5d6771d074a42d887b9,1742849375,112521.6121,1742849449,38521.6121,SQS
67e1c5d6771d074a42d887ff,1742849375,112731.7965,1742849449,38731.7965,SQS
67e1c5d6771d074a42d88881,1742849375,113373.0509,1742849449,39373.0509,SQS
67e1c5d6771d074a42d887f5,1742849375,112690.5189,1742849449,38690.5189,SQS
67e1c5d6771d074a42d887e3,1742849375,112653.5815,1742849449,38653.5815,SQS
67e1c5d6771d074a42d8883b,1742849375,113235.0076,1742849449,39235.0076,SQS
67e1c5d6771d074a42d8887b,1742849375,113362.9106,1742849449,39362.9106,SQS
67e1c5d6771d074a42d887d0,1742849375,112620.0636,1742849449,38620.0636,SQS
67e1c5d6771d074a42d887d6,1742849375,112637.2531,1742849449,38637.2531,SQS
67e1c5d6771d074a42d88847,1742849375,113253.4698,1742849449,39253.4698,SQS
67e1c5d6771d074a42d887cb,1742849375,112605.0581,1742849449,38605.0581,SQS
67e1c5d6771d074a42d887d7,1742849375,112638.1312,1742849449,38638.1312,SQS
67e1c5d6771d074a42d887cf,1742849375,112619.1716,1742849449,38619.1716,SQS
67e1c5d6771d074a42d887f3,1742849375,112686.28,1742849449,38686.28,SQS
67e1c5d6771d074a42d887c1,1742849375,112561.7845,1742849449,38561.7845,SQS
67e1c5d6771d074a42d887f7,1742849375,112693.9262,1742849449,38693.9262,SQS
67e1c5d6771d074a42d88841,1742849375,113245.723,1742849449,39245.723,SQS
67e1c5d6771d074a42d88826,1742849375,113074.6769,1742849449,39074.6769,SQS
67e1c5d6771d074a42d887bf,1742849375,112557.0287,1742849449,38557.0287,SQS
67e1c5d6771d074a42d887f8,1742849375,112696.9841,1742849449,38696.9841,SQS
67e1c5d6771d074a42d88833,1742849375,113197.7873,1742849449,39197.7873,SQS
67e1c5d6771d074a42d88845,1742849375,113250.4399,1742849449,39250.4399,SQS
67e1c5d6771d074a42d887fc,1742849375,112724.9123,1742849449,38724.9123,SQS
67e1c5d6771d074a42d8879a,1742849375,112172.66,1742849449,38172.66,SQS
67e1c5d6771d074a42d887b7,1742849375,112428.766,1742849449,38428.766,SQS
67e1c5d6771d074a42d8880d,1742849375,112835.6839,1742849449,38835.6839,SQS
67e1c5d6771d074a42d887e1,1742849375,112655.3316,1742849449,38655.3316,SQS
67e1c5d6771d074a42d887d2,1742849375,112623.5205,1742849449,38623.5205,SQS
67e1c5d6771d074a42d8884d,1742849375,113262.493,1742849449,39262.493,SQS
67e1c5d6771d074a42d88877,1742849375,113077.2052,1742849449,39077.2052,SQS
67e1c5d6771d074a42d8881c,1742849375,112879.6408,1742849449,38879.6408,SQS
67e1c5d6771d074a42d887da,1742849375,112635.3481,1742849449,38635.3481,SQS
67e1c5d6771d074a42d8884a,1742849375,113258.8061,1742849449,39258.8061,SQS
67e1c5d6771d074a42d887bd,1742849375,112313.2005,1742849449,38313.2005,SQS
67e1c5d6771d074a42d88821,1742849375,113066.9294,1742849449,39066.9294,SQS
67e1c5d6771d074a42d88816,1742849375,112940.4763,1742849449,38940.4763,SQS
67e1c5d6771d074a42d887d3,1742849375,112626.1254,1742849449,38626.1254,SQS
67e1c5d6771d074a42d88817,1742849375,112971.4356,1742849449,38971.4356,SQS
67e1c5d6771d074a42d887fa,1742849375,112699.7744,1742849449,38699.7744,SQS
67e1c5d6771d074a42d887b4,1742849375,112400.5283,1742849449,38400.5283,SQS
67e1c5d6771d074a42d887db,1742849375,112644.2588,1742849449,38644.2588,SQS
67e1c5d6771d074a42d8884e,1742849375,113263.3119,1742849449,39263.3119,SQS
67e1c5d6771d074a42d8880e,1742849375,112838.2053,1742849449,38838.2053,SQS
67e1c5d6771d074a42d8881b,1742849375,112977.4782,1742849449,38977.4782,SQS
67e1c5d6771d074a42d88824,1742849375,113064.3395,1742849449,39064.3395,SQS
67e1c5d6771d074a42d887c8,1742849375,112607.741,1742849449,38607.741,SQS
67e1c5d6771d074a42d88825,1742849375,113071.556,1742849449,39071.556,SQS
67e1c5d6771d074a42d88805,1742849375,112675.8183,1742849449,38675.8183,SQS
67e1c5d6771d074a42d88831,1742849375,113194.6114,1742849449,39194.6114,SQS
67e1c5d6771d074a42d88842,1742849375,113246.5572,1742849449,39246.5572,SQS
67e1c5d6771d074a42d887df,1742849375,112646.9898,1742849449,38646.9898,SQS
67e1c5d6771d074a42d887a6,1742849375,112308.9332,1742849449,38308.9332,SQS
67e1c5d6771d074a42d887bc,1742849375,112522.4408,1742849449,38522.4408,SQS
67e1c5d6771d074a42d887c7,1742849375,112606.894,1742849449,38606.894,SQS
67e1c5d6771d074a42d887ab,1742849375,112317.3386,1742849449,38317.3386,SQS
67e1c5d6771d074a42d887de,1742849375,112649.4347,1742849449,38649.4347,SQS
67e1c5d6771d074a42d887ad,1742849375,112321.9896,1742849449,38321.9896,SQS
67e1c5d6771d074a42d887d4,1742849375,112627.0076,1742849449,38627.0076,SQS
67e1c5d6771d074a42d8882c,1742849375,113154.3555,1742849449,39154.3555,SQS
67e1c5d6771d074a42d88800,1742849375,112732.6341,1742849449,38732.6341,SQS
67e1c5d6771d074a42d88840,1742849375,113243.2047,1742849449,39243.2047,SQS
67e1c5d6771d074a42d8882b,1742849375,113148.3799,1742849449,39148.3799,SQS
67e1c5d6771d074a42d887d8,1742849375,112640.8136,1742849449,38640.8136,SQS
67e1c5d6771d074a42d8887d,1742849375,113366.3718,1742849449,39366.3718,SQS
67e1c5d6771d074a42d887fb,1742849375,112724.0298,1742849449,38724.0298,SQS
67e1c5d6771d074a42d887b2,1742849375,112390.4632,1742849449,38390.4632,SQS
67e1c5d6771d074a42d8879f,1742849375,112243.5202,1742849449,38243.5202,SQS
67e1c5d6771d074a42d8880c,1742849375,112834.9134,1742849449,38834.9134,SQS
67e1c5d6771d074a42d887c0,1742849375,112557.9789,1742849449,38557.9789,SQS
67e1c5d6771d074a42d8880f,1742849375,112839.0111,1742849449,38839.0111,SQS
67e1c5d6771d074a42d8884b,1742849375,113259.5396,1742849449,39259.5396,SQS
67e1c5d6771d074a42d887d9,1742849375,112641.7074,1742849449,38641.7074,SQS
67e1c5d6771d074a42d887e7,1742849375,112665.5448,1742849449,38665.5448,SQS
67e1c5d6771d074a42d887f9,1742849375,112698.8047,1742849449,38698.8047,SQS
67e1c5d6771d074a42d88811,1742849375,112842.3358,1742849449,38842.3358,SQS
67e1c5d6771d074a42d88827,1742849375,113073.9751,1742849449,39073.9751,SQS
67e1c5d6771d074a42d887a9,1742849375,112314.0648,1742849449,38314.0648,SQS
67e1c5d6771d074a42d887b1,1742849375,112387.6031,1742849449,38387.6031,SQS
67e1c5d6771d074a42d8887a,1742849375,113362.1193,1742849449,39362.1193,SQS
67e1c5d6771d074a42d887e5,1742849375,112661.2521,1742849449,38661.2521,SQS
67e1c5d6771d074a42d88858,1742849375,113036.6395,1742849449,39036.6395,SQS
67e1c5d6771d074a42d88802,1742849375,112735.9939,1742849449,38735.9939,SQS
67e1c5d6771d074a42d8884c,1742849375,113078.0121,1742849449,39078.0121,SQS
67e1c5d6771d074a42d887a2,1742849375,112277.9888,1742849449,38277.9888,SQS
67e1c5d6771d074a42d887d5,1742849375,112629.566,1742849449,38629.566,SQS
67e1c5d6771d074a42d8887c,1742849375,113365.5572,1742849449,39365.5572,SQS
67e1c5d6771d074a42d887b3,1742849375,112392.9949,1742849449,38392.9949,SQS
67e1c5d6771d074a42d88807,1742849375,112742.0543,1742849449,38742.0543,SQS
67e1c5d6771d074a42d88829,1742849375,113142.229,1742849449,39142.229,SQS
67e1c5d6771d074a42d887c3,1742849375,112599.1921,1742849449,38599.1921,SQS
67e1c5d6771d074a42d887a7,1742849375,112215.339,1742849449,38215.339,SQS
67e1c5d6771d074a42d887f4,1742849375,112688.0094,1742849449,38688.0094,SQS
67e1c5d6771d074a42d887a3,1742849375,112281.137,1742849449,38281.137,SQS
67e1c5d6771d074a42d887ee,1742849375,112677.6997,1742849449,38677.6997,SQS
67e1c5d6771d074a42d887e4,1742849375,112660.3642,1742849449,38660.3642,SQS
67e1c5d6771d074a42d8879d,1742849375,112182.7954,1742849449,38182.7954,SQS
67e1c5d6771d074a42d88815,1742849375,112909.9563,1742849449,38909.9563,SQS
67e1c5d6771d074a42d887e6,1742849375,112663.8541,1742849449,38663.8541,SQS
67e1c5d6771d074a42d8876a,1742849375,111922.7245,1742849448,38922.7245,SQS
67e1c5d6771d074a42d88772,1742849375,112014.8908,1742849448,39014.8908,SQS
67e1c5d6771d074a42d8874d,1742849375,111515.3471,1742849448,38515.3471,SQS
67e1c5d6771d074a42d8875d,1742849375,111594.9032,1742849448,38594.9032,SQS
67e1c5d6771d074a42d8875f,1742849375,111763.7096,1742849448,38763.7096,SQS
67e1c5d6771d074a42d888d9,1742849375,113979.1711,1742849448,40979.1711,SQS
67e1c5d6771d074a42d887c2,1742849375,112560.8033,1742849448,39560.8033,SQS
67e1c5d6771d074a42d88785,1742849375,112046.9144,1742849448,39046.9144,SQS
67e1c5d6771d074a42d888d1,1742849375,113931.5669,1742849448,40931.5669,SQS
67e1c5d6771d074a42d88778,1742849375,112025.2114,1742849448,39025.2114,SQS
67e1c5d6771d074a42d88795,1742849375,112127.1648,1742849448,39127.1648,SQS
67e1c5d6771d074a42d8877e,1742849375,112035.0931,1742849448,39035.0931,SQS
67e1c5d6771d074a42d88887,1742849375,113382.285,1742849448,40382.285,SQS
67e1c5d6771d074a42d88889,1742849375,111546.5336,1742849448,38546.5336,SQS
67e1c5d6771d074a42d88784,1742849375,112045.2497,1742849448,39045.2497,SQS
67e1c5d6771d074a42d8878c,1742849375,112056.8856,1742849448,39056.8856,SQS
67e1c5d6771d074a42d8878b,1742849375,112058.7777,1742849448,39058.7777,SQS
67e1c5d6771d074a42d88797,1742849375,112128.7488,1742849448,39128.7488,SQS
67e1c5d6771d074a42d8878f,1742849375,112091.978,1742849448,39091.978,SQS
67e1c5d6771d074a42d88771,1742849375,112014.0515,1742849448,39014.0515,SQS
67e1c5d6771d074a42d88885,1742849375,113378.9496,1742849448,40378.9496,SQS
67e1c5d6771d074a42d88796,1742849375,112129.5584,1742849448,39129.5584,SQS
67e1c5d6771d074a42d88758,1742849375,111596.6932,1742849448,38596.6932,SQS
67e1c5d6771d074a42d887c5,1742849375,112133.4417,1742849448,39133.4417,SQS
67e1c5d6771d074a42d888d2,1742849375,113934.5384,1742849448,40934.5384,SQS
67e1c5d6771d074a42d88767,1742849375,111918.4569,1742849448,38918.4569,SQS
67e1c5d6771d074a42d8888a,1742849375,113387.8601,1742849448,40387.8601,SQS
67e1c5d6771d074a42d88779,1742849375,112027.0886,1742849448,39027.0886,SQS
67e1c5d6771d074a42d8875c,1742849375,111603.8502,1742849448,38603.8502,SQS
67e1c5d6771d074a42d8879b,1742849375,112177.4833,1742849448,39177.4833,SQS
67e1c5d6771d074a42d88769,1742849375,111921.876,1742849448,38921.876,SQS
67e1c5d6771d074a42d88888,1742849375,113383.1026,1742849448,40383.1026,SQS
67e1c5d6771d074a42d8880b,1742849375,112096.7895,1742849448,39096.7895,SQS
67e1c5d6771d074a42d88756,1742849375,111560.9607,1742849448,38560.9607,SQS
67e1c5d6771d074a42d8876e,1742849375,111985.6143,1742849448,38985.6143,SQS
67e1c5d6771d074a42d88794,1742849375,112121.4337,1742849448,39121.4337,SQS
67e1c5d6771d074a42d88753,1742849375,111552.754,1742849448,38552.754,SQS
67e1c5d6771d074a42d88764,1742849375,111888.1663,1742849448,38888.1663,SQS
67e1c5d6771d074a42d887a8,1742849375,112310.5043,1742849448,39310.5043,SQS
67e1c5d6771d074a42d88886,1742849375,111592.8637,1742849448,38592.8637,SQS
67e1c5d6771d074a42d888df,1742849375,114044.423,1742849448,41044.423,SQS
67e1c5d6771d074a42d88786,1742849375,112049.3673,1742849448,39049.3673,SQS
67e1c5d6771d074a42d8874c,1742849375,111484.3056,1742849448,38484.3056,SQS
67e1c5d6771d074a42d8888c,1742849375,113421.9366,1742849448,40421.9366,SQS
67e1c5d6771d074a42d8876d,1742849375,111981.3906,1742849448,38981.3906,SQS
67e1c5d6771d074a42d8878a,1742849375,112057.7258,1742849448,39057.7258,SQS
67e1c5d6771d074a42d88884,1742849375,113378.0636,1742849448,40378.0636,SQS
67e1c5d6771d074a42d888dd,1742849375,114010.1772,1742849448,41010.1772,SQS
67e1c5d6771d074a42d8876f,1742849375,111986.5767,1742849448,38986.5767,SQS
67e1c5d6771d074a42d88762,1742849375,111857.412,1742849448,38857.412,SQS
67e1c5d6771d074a42d88792,1742849375,112123.0018,1742849448,39123.0018,SQS
67e1c5d6771d074a42d888db,1742849375,113983.5908,1742849448,40983.5908,SQS
67e1c5d6771d074a42d888d5,1742849375,113939.7259,1742849448,40939.7259,SQS
67e1c5d6771d074a42d88783,1742849375,112044.3685,1742849448,39044.3685,SQS
67e1c5d6771d074a42d887c6,1742849375,112134.1992,1742849448,39134.1992,SQS
67e1c5d6771d074a42d88759,1742849375,111599.4066,1742849448,38599.4066,SQS
67e1c5d6771d074a42d88776,1742849375,112021.927,1742849448,39021.927,SQS
67e1c5d6771d074a42d8876c,1742849375,111982.2611,1742849448,38982.2611,SQS
67e1c5d6771d074a42d88787,1742849375,112050.2008,1742849448,39050.2008,SQS
67e1c5d6771d074a42d8877a,1742849375,112027.9268,1742849448,39027.9268,SQS
67e1c5d6771d074a42d8874e,1742849375,111516.2471,1742849448,38516.2471,SQS
67e1c5d6771d074a42d8877b,1742849375,112031.5602,1742849448,39031.5602,SQS
67e1c5d6771d074a42d888d4,1742849375,111330.5812,1742849448,38330.5812,SQS
67e1c5d6771d074a42d88782,1742849375,112041.8405,1742849448,39041.8405,SQS
67e1c5d6771d074a42d8879e,1742849375,112212.7823,1742849448,39212.7823,SQS
67e1c5d6771d074a42d887ce,1742849375,112616.2305,1742849448,39616.2305,SQS
67e1c5d6771d074a42d88755,1742849375,111557.8324,1742849448,38557.8324,SQS
67e1c5d6771d074a42d88773,1742849375,111983.0925,1742849448,38983.0925,SQS
67e1c5d6771d074a42d88750,1742849375,111519.9772,1742849448,38519.9772,SQS
67e1c5d6771d074a42d88763,1742849375,111859.3126,1742849448,38859.3126,SQS
67e1c5d6771d074a42d887cd,1742849375,112615.3665,1742849448,39615.3665,SQS
67e1c5d6771d074a42d8875b,1742849375,111602.9024,1742849448,38602.9024,SQS
67e1c5d6771d074a42d888d6,1742849375,113940.9805,1742849448,40940.9805,SQS
67e1c5d6771d074a42d8877d,1742849375,112029.7878,1742849448,39029.7878,SQS
67e1c5d6771d074a42d88798,1742849375,112131.8857,1742849448,39131.8857,SQS
67e1c5d6771d074a42d8878e,1742849375,112056.0464,1742849448,39056.0464,SQS
67e1c5d6771d074a42d8876b,1742849375,111949.5722,1742849448,38949.5722,SQS
67e1c5d6771d074a42d88775,1742849375,112019.0462,1742849448,39019.0462,SQS
67e1c5d6771d074a42d88765,1742849375,111889.0517,1742849448,38889.0517,SQS
67e1c5d6771d074a42d88789,1742849375,112053.5255,1742849448,39053.5255,SQS
67e1c5d6771d074a42d8877c,1742849375,112032.4506,1742849448,39032.4506,SQS
67e1c5d6771d074a42d888da,1742849375,113982.5964,1742849448,40982.5964,SQS
67e1c5d6771d074a42d88766,1742849375,111734.0188,1742849448,38734.0188,SQS
67e1c5d6771d074a42d88781,1742849375,112040.9666,1742849448,39040.9666,SQS
67e1c5d6771d074a42d88770,1742849375,112011.3772,1742849448,39011.3772,SQS
67e1c5d6771d074a42d88788,1742849375,112052.6937,1742849448,39052.6937,SQS
67e1c5d6771d074a42d88791,1742849375,112120.6352,1742849448,39120.6352,SQS
67e1c5d6771d074a42d88760,1742849375,111733.2212,1742849448,38733.2212,SQS
67e1c5d6771d074a42d8874a,1742849375,111392.2995,1742849448,38392.2995,SQS
67e1c5d6771d074a42d8878d,1742849375,112090.38,1742849448,39090.38,SQS
67e1c5d6771d074a42d88757,1742849375,111595.836,1742849448,38595.836,SQS
67e1c5d6771d074a42d887a1,1742849375,112276.1582,1742849448,39276.1582,SQS
67e1c5d6771d074a42d88754,1742849375,111556.6433,1742849448,38556.6433,SQS
67e1c5d6771d074a42d88790,1742849375,112095.1793,1742849448,39095.1793,SQS
67e1c5d6771d074a42d88777,1742849375,112022.7422,1742849448,39022.7422,SQS
67e1c5d6771d074a42d8875e,1742849375,111701.2292,1742849448,38701.2292,SQS
67e1c5d6771d074a42d8874b,1742849375,111423.2337,1742849448,38423.2337,SQS
67e1c5d6771d074a42d88809,1742849375,112744.5276,1742849448,39744.5276,SQS
67e1c5d6771d074a42d8888b,1742849375,113386.4371,1742849448,40386.4371,SQS
67e1c5d6771d074a42d88752,1742849375,111551.3853,1742849448,38551.3853,SQS
67e1c5d6771d074a42d88768,1742849375,111921.0262,1742849448,38921.0262,SQS
67e1c5d6771d074a42d88808,1742849375,112119.7636,1742849448,39119.7636,SQS
67e1c5d6771d074a42d8877f,1742849375,112036.7929,1742849448,39036.7929,SQS
67e1c5d6771d074a42d88882,1742849375,112833.2775,1742849448,39833.2775,SQS
67e1c5d6771d074a42d88799,1742849375,112168.2889,1742849448,39168.2889,SQS
67e1c5d6771d074a42d88774,1742849375,112017.3758,1742849448,39017.3758,SQS
67e1c5d6771d074a42d88793,1742849375,112124.6507,1742849448,39124.6507,SQS
67e1c5d6771d074a42d8875a,1742849375,111600.2926,1742849448,38600.2926,SQS
67e1c5d6771d074a42d8874f,1742849375,111363.2235,1742849448,38363.2235,SQS
67e1c5d6771d074a42d887cc,1742849375,112606.0406,1742849448,39606.0406,SQS
67e1c5d6771d074a42d88780,1742849375,112038.4698,1742849448,39038.4698,SQS
67e1c5d6771d074a42d88761,1742849375,111825.1507,1742849448,38825.1507,SQS
67e1c5d6771d074a42d88751,1742849375,111548.2495,1742849448,38548.2495,SQS
67e1c5d6771d074a42d886cd,1742849375,110793.243,1742849447,38793.243,SQS
67e1c5d6771d074a42d88701,1742849375,110997.7156,1742849447,38997.7156,SQS
67e1c5d6771d074a42d886e9,1742849375,110958.3198,1742849447,38958.3198,SQS
67e1c5d6771d074a42d888dc,1742849375,111299.4051,1742849447,39299.4051,SQS
67e1c5d6771d074a42d88744,1742849375,111265.3996,1742849447,39265.3996,SQS
67e1c5d6771d074a42d8870f,1742849375,111020.4005,1742849447,39020.4005,SQS
67e1c5d6771d074a42d88736,1742849375,111238.7905,1742849447,39238.7905,SQS
67e1c5d6771d074a42d888de,1742849375,114043.302,1742849447,42043.302,SQS
67e1c5d6771d074a42d8870e,1742849375,111018.8081,1742849447,39018.8081,SQS
67e1c5d6771d074a42d8870c,1742849375,111015.5938,1742849447,39015.5938,SQS
67e1c5d6771d074a42d886f4,1742849375,110975.7729,1742849447,38975.7729,SQS
67e1c5d6771d074a42d886ff,1742849375,110994.4939,1742849447,38994.4939,SQS
67e1c5d6771d074a42d8873f,1742849375,111256.7039,1742849447,39256.7039,SQS
67e1c5d6771d074a42d88740,1742849375,111257.8146,1742849447,39257.8146,SQS
67e1c5d6771d074a42d886cc,1742849375,110792.4203,1742849447,38792.4203,SQS
67e1c5d6771d074a42d886e1,1742849375,110910.4807,1742849447,38910.4807,SQS
67e1c5d6771d074a42d88741,1742849375,111260.5588,1742849447,39260.5588,SQS
67e1c5d6771d074a42d886bf,1742849375,110772.9025,1742849447,38772.9025,SQS
67e1c5d6771d074a42d886dc,1742849375,110902.6459,1742849447,38902.6459,SQS
67e1c5d6771d074a42d886d0,1742849375,110784.6631,1742849447,38784.6631,SQS
67e1c5d6771d074a42d886ea,1742849375,110960.2496,1742849447,38960.2496,SQS
67e1c5d6771d074a42d88728,1742849375,111116.7079,1742849447,39116.7079,SQS
67e1c5d6771d074a42d88725,1742849375,111118.5807,1742849447,39118.5807,SQS
67e1c5d6771d074a42d888d7,1742849375,111329.495,1742849447,39329.495,SQS
67e1c5d6771d074a42d886db,1742849375,110865.1529,1742849447,38865.1529,SQS
67e1c5d6771d074a42d886d8,1742849375,110896.1546,1742849447,38896.1546,SQS
67e1c5d6771d074a42d886c3,1742849375,110768.7535,1742849447,38768.7535,SQS
67e1c5d6771d074a42d88711,1742849375,111023.5158,1742849447,39023.5158,SQS
67e1c5d6771d074a42d886fd,1742849375,110991.1131,1742849447,38991.1131,SQS
67e1c5d6771d074a42d88739,1742849375,111244.8808,1742849447,39244.8808,SQS
67e1c5d6771d074a42d886e7,1742849375,110921.3857,1742849447,38921.3857,SQS
67e1c5d6771d074a42d886c2,1742849375,110777.1457,1742849447,38777.1457,SQS
67e1c5d6771d074a42d886e8,1742849375,110922.2157,1742849447,38922.2157,SQS
67e1c5d6771d074a42d886c6,1742849375,110781.2649,1742849447,38781.2649,SQS
67e1c5d6771d074a42d886be,1742849375,110770.4922,1742849447,38770.4922,SQS
67e1c5d6771d074a42d8873c,1742849375,111250.9515,1742849447,39250.9515,SQS
67e1c5d6771d074a42d888d3,1742849375,113933.6512,1742849447,41933.6512,SQS
67e1c5d6771d074a42d8872d,1742849375,111115.7795,1742849447,39115.7795,SQS
67e1c5d6771d074a42d886fb,1742849375,110987.5649,1742849447,38987.5649,SQS
67e1c5d6771d074a42d886ca,1742849375,110788.924,1742849447,38788.924,SQS
67e1c5d6771d074a42d88743,1742849375,111264.4588,1742849447,39264.4588,SQS
67e1c5d6771d074a42d88737,1742849375,111239.9605,1742849447,39239.9605,SQS
67e1c5d6771d074a42d8872a,1742849375,111130.0108,1742849447,39130.0108,SQS
67e1c5d6771d074a42d886ce,1742849375,110795.8221,1742849447,38795.8221,SQS
67e1c5d6771d074a42d8870a,1742849375,111009.7606,1742849447,39009.7606,SQS
67e1c5d6771d074a42d886f8,1742849375,110984.3143,1742849447,38984.3143,SQS
67e1c5d6771d074a42d88729,1742849375,111129.0665,1742849447,39129.0665,SQS
67e1c5d6771d074a42d88708,1742849375,111008.8881,1742849447,39008.8881,SQS
67e1c5d6771d074a42d886f9,1742849375,110985.0933,1742849447,38985.0933,SQS
67e1c5d6771d074a42d88709,1742849375,111010.6033,1742849447,39010.6033,SQS
67e1c5d6771d074a42d8873d,1742849375,111252.9075,1742849447,39252.9075,SQS
67e1c5d6771d074a42d886fc,1742849375,110990.2299,1742849447,38990.2299,SQS
67e1c5d6771d074a42d886bd,1742849375,110769.6592,1742849447,38769.6592,SQS
67e1c5d6771d074a42d886c9,1742849375,110786.3634,1742849447,38786.3634,SQS
67e1c5d6771d074a42d886e4,1742849375,110916.4122,1742849447,38916.4122,SQS
67e1c5d6771d074a42d886d5,1742849375,110807.1377,1742849447,38807.1377,SQS
67e1c5d6771d074a42d88710,1742849375,111021.2207,1742849447,39021.2207,SQS
67e1c5d6771d074a42d88745,1742849375,111298.2479,1742849447,39298.2479,SQS
67e1c5d6771d074a42d88749,1742849375,111362.2819,1742849447,39362.2819,SQS
67e1c5d6771d074a42d8873b,1742849375,111247.8506,1742849447,39247.8506,SQS
67e1c5d6771d074a42d886e3,1742849375,110913.1841,1742849447,38913.1841,SQS
67e1c5d6771d074a42d886de,1742849375,110906.221,1742849447,38906.221,SQS
67e1c5d6771d074a42d88738,1742849375,111242.9732,1742849447,39242.9732,SQS
67e1c5d6771d074a42d886e0,1742849375,110909.605,1742849447,38909.605,SQS
67e1c5d6771d074a42d886c1,1742849375,110776.3246,1742849447,38776.3246,SQS
67e1c5d6771d074a42d8873a,1742849375,111243.9583,1742849447,39243.9583,SQS
67e1c5d6771d074a42d886e2,1742849375,110913.9659,1742849447,38913.9659,SQS
67e1c5d6771d074a42d88746,1742849375,111331.4507,1742849447,39331.4507,SQS
67e1c5d6771d074a42d88735,1742849375,111236.3288,1742849447,39236.3288,SQS
67e1c5d6771d074a42d886da,1742849375,110899.5395,1742849447,38899.5395,SQS
67e1c5d6771d074a42d886eb,1742849375,110963.0582,1742849447,38963.0582,SQS
67e1c5d6771d074a42d886d6,1742849375,110834.5695,1742849447,38834.5695,SQS
67e1c5d6771d074a42d8873e,1742849375,111253.8665,1742849447,39253.8665,SQS
67e1c5d6771d074a42d886cb,1742849375,110789.7439,1742849447,38789.7439,SQS
67e1c5d6771d074a42d886d7,1742849375,110895.1978,1742849447,38895.1978,SQS
67e1c5d6771d074a42d886d1,1742849375,110800.1792,1742849447,38800.1792,SQS
67e1c5d6771d074a42d886e5,1742849375,110918.1509,1742849447,38918.1509,SQS
67e1c5d6771d074a42d886f0,1742849375,110969.7489,1742849447,38969.7489,SQS
67e1c5d6771d074a42d886d9,1742849375,110898.735,1742849447,38898.735,SQS
67e1c5d6771d074a42d886ed,1742849375,110965.5197,1742849447,38965.5197,SQS
67e1c5d6771d074a42d886ec,1742849375,110962.1952,1742849447,38962.1952,SQS
67e1c5d6771d074a42d88724,1742849375,111117.6342,1742849447,39117.6342,SQS
67e1c5d6771d074a42d886ef,1742849375,110968.9087,1742849447,38968.9087,SQS
67e1c5d6771d074a42d886fe,1742849375,110993.5898,1742849447,38993.5898,SQS
67e1c5d6771d074a42d88700,1742849375,110996.9033,1742849447,38996.9033,SQS
67e1c5d6771d074a42d886df,1742849375,110907.0873,1742849447,38907.0873,SQS
67e1c5d6771d074a42d88742,1742849375,111261.5032,1742849447,39261.5032,SQS
67e1c5d6771d074a42d8870b,1742849375,111013.1544,1742849447,39013.1544,SQS
67e1c5d6771d074a42d8872b,1742849375,111132.7925,1742849447,39132.7925,SQS
67e1c5d6771d074a42d8870d,1742849375,111016.4034,1742849447,39016.4034,SQS
67e1c5d6771d074a42d888d8,1742849375,113944.6284,1742849447,41944.6284,SQS
67e1c5d6771d074a42d888e1,1742849375,114047.5103,1742849447,42047.5103,SQS
67e1c5d6771d074a42d886c0,1742849375,110773.6925,1742849447,38773.6925,SQS
67e1c5d6771d074a42d886f2,1742849375,110972.1539,1742849447,38972.1539,SQS
67e1c5d6771d074a42d88748,1742849375,111360.2529,1742849447,39360.2529,SQS
67e1c5d6771d074a42d8872c,1742849375,111133.7041,1742849447,39133.7041,SQS
67e1c5d6771d074a42d886dd,1742849375,110903.5111,1742849447,38903.5111,SQS
67e1c5d6771d074a42d886cf,1742849375,110796.6679,1742849447,38796.6679,SQS
67e1c5d6771d074a42d88727,1742849375,111125.4586,1742849447,39125.4586,SQS
67e1c5d6771d074a42d88726,1742849375,111121.1822,1742849447,39121.1822,SQS
67e1c5d6771d074a42d88747,1742849375,111332.4907,1742849447,39332.4907,SQS
67e1c5d6771d074a42d886e6,1742849375,110918.9019,1742849447,38918.9019,SQS
67e1c5d6771d074a42d886f1,1742849375,110973.2717,1742849447,38973.2717,SQS
67e1c5d6771d074a42d886ee,1742849375,110966.3363,1742849447,38966.3363,SQS
67e1c5d6771d074a42d886c8,1742849375,110785.4615,1742849447,38785.4615,SQS
67e1c5d6771d074a42d886fa,1742849375,110983.4773,1742849447,38983.4773,SQS
67e1c5d6771d074a42d886a5,1742849375,110554.9906,1742849446,39554.9906,SQS
67e1c5d6771d074a42d886ac,1742849375,110741.4399,1742849446,39741.4399,SQS
67e1c5d6771d074a42d886f6,1742849375,110979.1808,1742849446,39979.1808,SQS
67e1c5d6771d074a42d886b1,1742849375,110620.3676,1742849446,39620.3676,SQS
67e1c5d6771d074a42d886b3,1742849375,110749.8663,1742849446,39749.8663,SQS
67e1c5d6771d074a42d886f3,1742849375,110808.0278,1742849446,39808.0278,SQS
67e1c5d6771d074a42d886a0,1742849375,110515.6712,1742849446,39515.6712,SQS
67e1c5d6771d074a42d886a1,1742849375,110518.173,1742849446,39518.173,SQS
67e1c5d6771d074a42d886b2,1742849375,110748.9627,1742849446,39748.9627,SQS
67e1c5d6771d074a42d88699,1742849375,110481.7082,1742849446,39481.7082,SQS
67e1c5d6771d074a42d886a8,1742849375,110616.593,1742849446,39616.593,SQS
67e1c5d6771d074a42d886a3,1742849375,110483.8889,1742849446,39483.8889,SQS
67e1c5d6771d074a42d886f5,1742849375,110978.2298,1742849446,39978.2298,SQS
67e1c5d6771d074a42d8869a,1742849375,110486.8426,1742849446,39486.8426,SQS
67e1c5d6771d074a42d8869e,1742849375,110485.9137,1742849446,39485.9137,SQS
67e1c5d6771d074a42d886ad,1742849375,110742.2647,1742849446,39742.2647,SQS
67e1c5d6771d074a42d886b0,1742849375,110745.588,1742849446,39745.588,SQS
67e1c5d6771d074a42d886a7,1742849375,110558.743,1742849446,39558.743,SQS
67e1c5d6771d074a42d88693,1742849375,110468.4082,1742849446,39468.4082,SQS
67e1c5d6771d074a42d886bc,1742849375,110753.1856,1742849446,39753.1856,SQS
67e1c5d6771d074a42d886aa,1742849375,110679.5588,1742849446,39679.5588,SQS
67e1c5d6771d074a42d8869b,1742849375,110508.0876,1742849446,39508.0876,SQS
67e1c5d6771d074a42d886b4,1742849375,110648.4311,1742849446,39648.4311,SQS
67e1c5d6771d074a42d886b9,1742849375,110754.0416,1742849446,39754.0416,SQS
67e1c5d6771d074a42d886a6,1742849375,110557.1306,1742849446,39557.1306,SQS
67e1c5d6771d074a42d886b6,1742849375,110755.7819,1742849446,39755.7819,SQS
67e1c5d6771d074a42d886c5,1742849375,110767.068,1742849446,39767.068,SQS
67e1c5d6771d074a42d886af,1742849375,110619.3486,1742849446,39619.3486,SQS
67e1c5d6771d074a42d886b8,1742849375,110759.361,1742849446,39759.361,SQS
67e1c5d6771d074a42d88698,1742849375,110478.0089,1742849446,39478.0089,SQS
67e1c5d6771d074a42d8869d,1742849375,110511.5477,1742849446,39511.5477,SQS
67e1c5d6771d074a42d88695,1742849375,110470.9727,1742849446,39470.9727,SQS
67e1c5d6771d074a42d88691,1742849375,110465.1838,1742849446,39465.1838,SQS
67e1c5d6771d074a42d88723,1742849375,111113.5869,1742849446,40113.5869,SQS
67e1c5d6771d074a42d886d2,1742849375,110800.9936,1742849446,39800.9936,SQS
67e1c5d6771d074a42d8869c,1742849375,110510.683,1742849446,39510.683,SQS
67e1c5d6771d074a42d88692,1742849375,110467.6208,1742849446,39467.6208,SQS
67e1c5d6771d074a42d886c4,1742849375,110767.9049,1742849446,39767.9049,SQS
67e1c5d6771d074a42d88690,1742849375,110464.333,1742849446,39464.333,SQS
67e1c5d6771d074a42d886ba,1742849375,110762.757,1742849446,39762.757,SQS
67e1c5d6771d074a42d886d3,1742849375,110803.5399,1742849446,39803.5399,SQS
67e1c5d6771d074a42d886b7,1742849375,110758.4721,1742849446,39758.4721,SQS
67e1c5d6771d074a42d88697,1742849375,110476.287,1742849446,39476.287,SQS
67e1c5d6771d074a42d886bb,1742849375,110763.5695,1742849446,39763.5695,SQS
67e1c5d6771d074a42d886ab,1742849375,110680.6406,1742849446,39680.6406,SQS
67e1c5d6771d074a42d886a9,1742849375,110586.4277,1742849446,39586.4277,SQS
67e1c5d6771d074a42d886ae,1742849375,110678.6681,1742849446,39678.6681,SQS
67e1c5d6771d074a42d886a2,1742849375,110519.0173,1742849446,39519.0173,SQS
67e1c5d6771d074a42d886b5,1742849375,110754.9348,1742849446,39754.9348,SQS
67e1c5d6771d074a42d886c7,1742849375,110647.5389,1742849446,39647.5389,SQS
67e1c5d6771d074a42d886d4,1742849375,110804.4115,1742849446,39804.4115,SQS
67e1c5d6771d074a42d8869f,1742849375,110514.8072,1742849446,39514.8072,SQS
67e1c5d6771d074a42d8867a,1742849375,110151.5317,1742849445,40151.5317,SQS
67e1c5d6771d074a42d8871a,1742849375,111037.718,1742849445,41037.718,SQS
67e1c5d6771d074a42d88685,1742849375,110360.985,1742849445,40360.985,SQS
67e1c5d6771d074a42d88681,1742849375,110355.8712,1742849445,40355.8712,SQS
67e1c5d6771d074a42d8867b,1742849375,110214.4513,1742849445,40214.4513,SQS
67e1c5d6771d074a42d88716,1742849375,111031.1932,1742849445,41031.1932,SQS
67e1c5d6771d074a42d8868a,1742849375,110400.5805,1742849445,40400.5805,SQS
67e1c5d6771d074a42d88670,1742849375,110059.4157,1742849445,40059.4157,SQS
67e1c5d6771d074a42d88717,1742849375,110213.5408,1742849445,40213.5408,SQS
67e1c5d6771d074a42d88706,1742849375,111005.399,1742849445,41005.399,SQS
67e1c5d6771d074a42d8871b,1742849375,111039.0293,1742849445,41039.0293,SQS
67e1c5d6771d074a42d8868d,1742849375,110434.0527,1742849445,40434.0527,SQS
67e1c5d6771d074a42d8868b,1742849375,110430.4312,1742849445,40430.4312,SQS
67e1c5d6771d074a42d88713,1742849375,111027.0716,1742849445,41027.0716,SQS
67e1c5d6771d074a42d8871c,1742849375,111042.5439,1742849445,41042.5439,SQS
67e1c5d6771d074a42d88703,1742849375,110286.3779,1742849445,40286.3779,SQS
67e1c5d6771d074a42d88714,1742849375,111027.8875,1742849445,41027.8875,SQS
67e1c5d6771d074a42d88730,1742849375,111139.4079,1742849445,41139.4079,SQS
67e1c5d6771d074a42d88679,1742849375,110126.7633,1742849445,40126.7633,SQS
67e1c5d6771d074a42d8866e,1742849375,110033.1992,1742849445,40033.1992,SQS
67e1c5d6771d074a42d8866f,1742849375,110034.2754,1742849445,40034.2754,SQS
67e1c5d6771d074a42d88686,1742849375,110364.263,1742849445,40364.263,SQS
67e1c5d6771d074a42d8867d,1742849375,110245.3767,1742849445,40245.3767,SQS
67e1c5d6771d074a42d88702,1742849375,110982.5969,1742849445,40982.5969,SQS
67e1c5d6771d074a42d88672,1742849375,110063.0794,1742849445,40063.0794,SQS
67e1c5d6771d074a42d886a4,1742849375,110484.9424,1742849445,40484.9424,SQS
67e1c5d6771d074a42d88696,1742849375,110463.5314,1742849445,40463.5314,SQS
67e1c5d6771d074a42d88680,1742849375,110354.0077,1742849445,40354.0077,SQS
67e1c5d6771d074a42d88671,1742849375,110060.4279,1742849445,40060.4279,SQS
67e1c5d6771d074a42d88704,1742849375,111001.7406,1742849445,41001.7406,SQS
67e1c5d6771d074a42d88718,1742849375,110279.5589,1742849445,40279.5589,SQS
67e1c5d6771d074a42d8867e,1742849375,110276.4932,1742849445,40276.4932,SQS
67e1c5d6771d074a42d88673,1742849375,110089.4821,1742849445,40089.4821,SQS
67e1c5d6771d074a42d88684,1742849375,110361.7757,1742849445,40361.7757,SQS
67e1c5d6771d074a42d8867f,1742849375,110322.0491,1742849445,40322.0491,SQS
67e1c5d6771d074a42d88683,1742849375,110358.5227,1742849445,40358.5227,SQS
67e1c5d6771d074a42d8868f,1742849375,110437.2315,1742849445,40437.2315,SQS
67e1c5d6771d074a42d88689,1742849375,110368.5525,1742849445,40368.5525,SQS
67e1c5d6771d074a42d8871d,1742849375,111065.7725,1742849445,41065.7725,SQS
67e1c5d6771d074a42d88694,1742849375,110462.7683,1742849445,40462.7683,SQS
67e1c5d6771d074a42d88733,1742849375,111177.6586,1742849445,41177.6586,SQS
67e1c5d6771d074a42d88715,1742849375,111030.401,1742849445,41030.401,SQS
67e1c5d6771d074a42d8871f,1742849375,111069.3831,1742849445,41069.3831,SQS
67e1c5d6771d074a42d8868e,1742849375,110434.8626,1742849445,40434.8626,SQS
67e1c5d6771d074a42d88688,1742849375,110367.7222,1742849445,40367.7222,SQS
67e1c5d6771d074a42d88674,1742849375,110092.2676,1742849445,40092.2676,SQS
67e1c5d6771d074a42d88705,1742849375,111002.6494,1742849445,41002.6494,SQS
67e1c5d6771d074a42d88707,1742849375,111006.3111,1742849445,41006.3111,SQS
67e1c5d6771d074a42d88677,1742849375,110123.2445,1742849445,40123.2445,SQS
67e1c5d6771d074a42d8867c,1742849375,110216.3469,1742849445,40216.3469,SQS
67e1c5d6771d074a42d88682,1742849375,110357.6744,1742849445,40357.6744,SQS
67e1c5d6771d074a42d88676,1742849375,110120.5704,1742849445,40120.5704,SQS
67e1c5d6771d074a42d8868c,1742849375,110432.2244,1742849445,40432.2244,SQS
67e1c5d6771d074a42d886f7,1742849375,110283.4237,1742849445,40283.4237,SQS
67e1c5d6771d074a42d88678,1742849375,110124.1032,1742849445,40124.1032,SQS
67e1c5d6771d074a42d88712,1742849375,111024.4361,1742849445,41024.4361,SQS
67e1c5d6771d074a42d88687,1742849375,110365.1043,1742849445,40365.1043,SQS
67e1c5d6771d074a42d88719,1742849375,111034.3362,1742849445,41034.3362,SQS
67e1c5d6771d074a42d88675,1742849375,110094.0952,1742849445,40094.0952,SQS
67e1c5d6771d074a42d8866c,1742849375,109992.9959,1742849444,40992.9959,SQS
67e1c5d6771d074a42d885f6,1742849375,109246.1003,1742849444,40246.1003,SQS
67e1c5d6771d074a42d88626,1742849375,109512.356,1742849444,40512.356,SQS
67e1c5d6771d074a42d885ec,1742849375,109191.437,1742849444,40191.437,SQS
67e1c5d6771d074a42d88659,1742849375,109732.0878,1742849444,40732.0878,SQS
67e1c5d6771d074a42d8861f,1742849375,109440.3786,1742849444,40440.3786,SQS
67e1c5d6771d074a42d8863c,1742849375,109635.3369,1742849444,40635.3369,SQS
67e1c5d6771d074a42d88631,1742849375,109615.4992,1742849444,40615.4992,SQS
67e1c5d6771d074a42d88651,1742849375,109721.5296,1742849444,40721.5296,SQS
67e1c5d6771d074a42d88612,1742849375,109299.1797,1742849444,40299.1797,SQS
67e1c5d6771d074a42d885da,1742849375,109068.3984,1742849444,40068.3984,SQS
67e1c5d6771d074a42d88617,1742849375,109346.3669,1742849444,40346.3669,SQS
67e1c5d6771d074a42d885f5,1742849375,109243.5454,1742849444,40243.5454,SQS
67e1c5d6771d074a42d88731,1742849375,111174.6253,1742849444,42174.6253,SQS
67e1c5d6771d074a42d8866b,1742849375,109990.3026,1742849444,40990.3026,SQS
67e1c5d6771d074a42d885e4,1742849375,109146.9846,1742849444,40146.9846,SQS
67e1c5d6771d074a42d885ee,1742849375,109193.6863,1742849444,40193.6863,SQS
67e1c5d6771d074a42d885f3,1742849375,109240.9421,1742849444,40240.9421,SQS
67e1c5d6771d074a42d88642,1742849375,109646.245,1742849444,40646.245,SQS
67e1c5d6771d074a42d885e5,1742849375,109147.8478,1742849444,40147.8478,SQS
67e1c5d6771d074a42d88637,1742849375,109626.1605,1742849444,40626.1605,SQS
67e1c5d6771d074a42d88649,1742849375,109438.3488,1742849444,40438.3488,SQS
67e1c5d6771d074a42d885f1,1742849375,109201.1439,1742849444,40201.1439,SQS
67e1c5d6771d074a42d885e9,1742849375,109180.3228,1742849444,40180.3228,SQS
67e1c5d6771d074a42d8864d,1742849375,109687.4064,1742849444,40687.4064,SQS
67e1c5d6771d074a42d88634,1742849375,109621.7647,1742849444,40621.7647,SQS
67e1c5d6771d074a42d8862c,1742849375,109547.4658,1742849444,40547.4658,SQS
67e1c5d6771d074a42d88630,1742849375,109614.6368,1742849444,40614.6368,SQS
67e1c5d6771d074a42d88636,1742849375,109625.2352,1742849444,40625.2352,SQS
67e1c5d6771d074a42d885f2,1742849375,109237.1607,1742849444,40237.1607,SQS
67e1c5d6771d074a42d8864b,1742849375,109661.6437,1742849444,40661.6437,SQS
67e1c5d6771d074a42d88656,1742849375,109717.4244,1742849444,40717.4244,SQS
67e1c5d6771d074a42d88643,1742849375,109641.0624,1742849444,40641.0624,SQS
67e1c5d6771d074a42d8863b,1742849375,109632.6824,1742849444,40632.6824,SQS
67e1c5d6771d074a42d8862f,1742849375,109612.7721,1742849444,40612.7721,SQS
67e1c5d6771d074a42d88647,1742849375,109654.8261,1742849444,40654.8261,SQS
67e1c5d6771d074a42d8866d,1742849375,109993.9088,1742849444,40993.9088,SQS
67e1c5d6771d074a42d8864a,1742849375,109658.7964,1742849444,40658.7964,SQS
67e1c5d6771d074a42d88653,1742849375,109720.6224,1742849444,40720.6224,SQS
67e1c5d6771d074a42d8863a,1742849375,109631.7395,1742849444,40631.7395,SQS
67e1c5d6771d074a42d88601,1742849375,109262.068,1742849444,40262.068,SQS
67e1c5d6771d074a42d88648,1742849375,109655.9966,1742849444,40655.9966,SQS
67e1c5d6771d074a42d8863d,1742849375,109636.2697,1742849444,40636.2697,SQS
67e1c5d6771d074a42d88721,1742849375,111073.277,1742849444,42073.277,SQS
67e1c5d6771d074a42d885f7,1742849375,109246.9702,1742849444,40246.9702,SQS
67e1c5d6771d074a42d885ff,1742849375,109258.6754,1742849444,40258.6754,SQS
67e1c5d6771d074a42d8863f,1742849375,109641.9877,1742849444,40641.9877,SQS
67e1c5d6771d074a42d88605,1742849375,109267.949,1742849444,40267.949,SQS
67e1c5d6771d074a42d88638,1742849375,109611.904,1742849444,40611.904,SQS
67e1c5d6771d074a42d88625,1742849375,109507.8516,1742849444,40507.8516,SQS
67e1c5d6771d074a42d885e8,1742849375,109181.1486,1742849444,40181.1486,SQS
67e1c5d6771d074a42d88633,1742849375,109619.0688,1742849444,40619.0688,SQS
67e1c5d6771d074a42d88657,1742849375,109728.2156,1742849444,40728.2156,SQS
67e1c5d6771d074a42d88652,1742849375,109722.4948,1742849444,40722.4948,SQS
67e1c5d6771d074a42d885f4,1742849375,109241.824,1742849444,40241.824,SQS
67e1c5d6771d074a42d885e3,1742849375,109144.0844,1742849444,40144.0844,SQS
67e1c5d6771d074a42d88732,1742849375,111142.1892,1742849444,42142.1892,SQS
67e1c5d6771d074a42d88623,1742849375,109504.2845,1742849444,40504.2845,SQS
67e1c5d6771d074a42d8864f,1742849375,109691.4238,1742849444,40691.4238,SQS
67e1c5d6771d074a42d885e6,1742849375,109176.8368,1742849444,40176.8368,SQS
67e1c5d6771d074a42d88658,1742849375,109731.1309,1742849444,40731.1309,SQS
67e1c5d6771d074a42d885f0,1742849375,109198.4577,1742849444,40198.4577,SQS
67e1c5d6771d074a42d8865a,1742849375,109735.5101,1742849444,40735.5101,SQS
67e1c5d6771d074a42d88666,1742849375,109982.9754,1742849444,40982.9754,SQS
67e1c5d6771d074a42d88640,1742849375,109642.8399,1742849444,40642.8399,SQS
67e1c5d6771d074a42d88610,1742849375,109316.0738,1742849444,40316.0738,SQS
67e1c5d6771d074a42d88669,1742849375,109981.0533,1742849444,40981.0533,SQS
67e1c5d6771d074a42d8860f,1742849375,109311.7807,1742849444,40311.7807,SQS
67e1c5d6771d074a42d8863e,1742849375,109639.0159,1742849444,40639.0159,SQS
67e1c5d6771d074a42d88607,1742849375,109271.5625,1742849444,40271.5625,SQS
67e1c5d6771d074a42d88635,1742849375,109622.6534,1742849444,40622.6534,SQS
67e1c5d6771d074a42d885ea,1742849375,109183.7689,1742849444,40183.7689,SQS
67e1c5d6771d074a42d88628,1742849375,109577.8731,1742849444,40577.8731,SQS
67e1c5d6771d074a42d88621,1742849375,109500.3427,1742849444,40500.3427,SQS
67e1c5d6771d074a42d885e2,1742849375,109080.3994,1742849444,40080.3994,SQS
67e1c5d6771d074a42d88662,1742849375,109856.9657,1742849444,40856.9657,SQS
67e1c5d6771d074a42d885f8,1742849375,109240.0896,1742849444,40240.0896,SQS
67e1c5d6771d074a42d8864e,1742849375,109688.3776,1742849444,40688.3776,SQS
67e1c5d6771d074a42d88641,1742849375,109645.3705,1742849444,40645.3705,SQS
67e1c5d6771d074a42d88600,1742849375,109261.1422,1742849444,40261.1422,SQS
67e1c5d6771d074a42d88609,1742849375,109302.1848,1742849444,40302.1848,SQS
67e1c5d6771d074a42d88663,1742849375,109828.0945,1742849444,40828.0945,SQS
67e1c5d6771d074a42d88665,1742849375,109982.0911,1742849444,40982.0911,SQS
67e1c5d6771d074a42d8860d,1742849375,109307.4767,1742849444,40307.4767,SQS
67e1c5d6771d074a42d885e1,1742849375,109113.1204,1742849444,40113.1204,SQS
67e1c5d6771d074a42d8864c,1742849375,109662.6696,1742849444,40662.6696,SQS
67e1c5d6771d074a42d885e7,1742849375,109177.7246,1742849444,40177.7246,SQS
67e1c5d6771d074a42d8862a,1742849375,109581.4874,1742849444,40581.4874,SQS
67e1c5d6771d074a42d88627,1742849375,109549.2585,1742849444,40549.2585,SQS
67e1c5d6771d074a42d88620,1742849375,109470.7537,1742849444,40470.7537,SQS
67e1c5d6771d074a42d88611,1742849375,109317.0339,1742849444,40317.0339,SQS
67e1c5d6771d074a42d88613,1742849375,109319.8096,1742849444,40319.8096,SQS
67e1c5d6771d074a42d88668,1742849375,109986.6014,1742849444,40986.6014,SQS
67e1c5d6771d074a42d88644,1742849375,109648.7869,1742849444,40648.7869,SQS
67e1c5d6771d074a42d8861e,1742849375,109439.373,1742849444,40439.373,SQS
67e1c5d6771d074a42d8860e,1742849375,109310.742,1742849444,40310.742,SQS
67e1c5d6771d074a42d88604,1742849375,109267.0072,1742849444,40267.0072,SQS
67e1c5d6771d074a42d885ed,1742849375,109194.7502,1742849444,40194.7502,SQS
67e1c5d6771d074a42d8860c,1742849375,109306.5606,1742849444,40306.5606,SQS
67e1c5d6771d074a42d88603,1742849375,109264.5174,1742849444,40264.5174,SQS
67e1c5d6771d074a42d8872f,1742849375,111138.3491,1742849444,42138.3491,SQS
67e1c5d6771d074a42d885fc,1742849375,109190.13,1742849444,40190.13,SQS
67e1c5d6771d074a42d885dc,1742849375,109071.9908,1742849444,40071.9908,SQS
67e1c5d6771d074a42d8872e,1742849375,111112.3126,1742849444,42112.3126,SQS
67e1c5d6771d074a42d8860a,1742849375,109303.0042,1742849444,40303.0042,SQS
67e1c5d6771d074a42d8871e,1742849375,109827.1249,1742849444,40827.1249,SQS
67e1c5d6771d074a42d885fb,1742849375,109249.4653,1742849444,40249.4653,SQS
67e1c5d6771d074a42d8860b,1742849375,109301.3289,1742849444,40301.3289,SQS
67e1c5d6771d074a42d88622,1742849375,109503.3694,1742849444,40503.3694,SQS
67e1c5d6771d074a42d88624,1742849375,109506.8848,1742849444,40506.8848,SQS
67e1c5d6771d074a42d88629,1742849375,109578.7898,1742849444,40578.7898,SQS
67e1c5d6771d074a42d885ef,1742849375,109197.5075,1742849444,40197.5075,SQS
67e1c5d6771d074a42d885fe,1742849375,109257.8579,1742849444,40257.8579,SQS
67e1c5d6771d074a42d88654,1742849375,109718.5461,1742849444,40718.5461,SQS
67e1c5d6771d074a42d88655,1742849375,109719.5643,1742849444,40719.5643,SQS
67e1c5d6771d074a42d88667,1742849375,109950.4958,1742849444,40950.4958,SQS
67e1c5d6771d074a42d885e0,1742849375,109081.2687,1742849444,40081.2687,SQS
67e1c5d6771d074a42d8862e,1742849375,109511.5084,1742849444,40511.5084,SQS
67e1c5d6771d074a42d88722,1742849375,111074.1273,1742849444,42074.1273,SQS
67e1c5d6771d074a42d8866a,1742849375,109989.247,1742849444,40989.247,SQS
67e1c5d6771d074a42d8862b,1742849375,109582.3596,1742849444,40582.3596,SQS
67e1c5d6771d074a42d885eb,1742849375,109185.3476,1742849444,40185.3476,SQS
67e1c5d6771d074a42d885fa,1742849375,109252.0129,1742849444,40252.0129,SQS
67e1c5d6771d074a42d88645,1742849375,109651.3377,1742849444,40651.3377,SQS
67e1c5d6771d074a42d885fd,1742849375,109255.377,1742849444,40255.377,SQS
67e1c5d6771d074a42d8862d,1742849375,109510.5723,1742849444,40510.5723,SQS
67e1c5d6771d074a42d88632,1742849375,109618.2371,1742849444,40618.2371,SQS
67e1c5d6771d074a42d88664,1742849375,109918.9422,1742849444,40918.9422,SQS
67e1c5d6771d074a42d88720,1742849375,111070.2734,1742849444,42070.2734,SQS
67e1c5d6771d074a42d88639,1742849375,109629.0166,1742849444,40629.0166,SQS
67e1c5d6771d074a42d885f9,1742849375,109251.1712,1742849444,40251.1712,SQS
67e1c5d6771d074a42d88646,1742849375,109652.2076,1742849444,40652.2076,SQS
67e1c5d6771d074a42d8856c,1742849375,108457.8863,1742849443,40457.8863,SQS
67e1c5d6771d074a42d8861d,1742849375,109377.7885,1742849443,41377.7885,SQS
67e1c5d6771d074a42d885b7,1742849375,108805.8785,1742849443,40805.8785,SQS
67e1c5d6771d074a42d88597,1742849375,108752.0942,1742849443,40752.0942,SQS
67e1c5d6771d074a42d88579,1742849375,108577.8285,1742849443,40577.8285,SQS
67e1c5d6771d074a42d885ce,1742849375,109007.5722,1742849443,41007.5722,SQS
67e1c5d6771d074a42d885a7,1742849375,108524.2417,1742849443,40524.2417,SQS
67e1c5d6771d074a42d88606,1742849375,109270.5516,1742849443,41270.5516,SQS
67e1c5d6771d074a42d885b9,1742849375,108812.577,1742849443,40812.577,SQS
67e1c5d6771d074a42d885d4,1742849375,109018.1048,1742849443,41018.1048,SQS
67e1c5d6771d074a42d885db,1742849375,109066.6091,1742849443,41066.6091,SQS
67e1c5d6771d074a42d885d3,1742849375,109020.1615,1742849443,41020.1615,SQS
67e1c5d6771d074a42d88577,1742849375,108572.6298,1742849443,40572.6298,SQS
67e1c5d6771d074a42d885dd,1742849375,109072.8583,1742849443,41072.8583,SQS
67e1c5d6771d074a42d88585,1742849375,108684.5711,1742849443,40684.5711,SQS
67e1c5d6771d074a42d88575,1742849375,108567.7365,1742849443,40567.7365,SQS
67e1c5d6771d074a42d885d2,1742849375,109015.2822,1742849443,41015.2822,SQS
67e1c5d6771d074a42d8861c,1742849375,109004.8118,1742849443,41004.8118,SQS
67e1c5d6771d074a42d885a6,1742849375,108774.5586,1742849443,40774.5586,SQS
67e1c5d6771d074a42d885c3,1742849375,108921.704,1742849443,40921.704,SQS
67e1c5d6771d074a42d885ca,1742849375,108966.6265,1742849443,40966.6265,SQS
67e1c5d6771d074a42d885bf,1742849375,108913.3503,1742849443,40913.3503,SQS
67e1c5d6771d074a42d885a0,1742849375,108764.6705,1742849443,40764.6705,SQS
67e1c5d6771d074a42d88598,1742849375,108726.5909,1742849443,40726.5909,SQS
67e1c5d6771d074a42d885a5,1742849375,108494.3971,1742849443,40494.3971,SQS
67e1c5d6771d074a42d885c5,1742849375,108960.0286,1742849443,40960.0286,SQS
67e1c5d6771d074a42d885cd,1742849375,109005.7385,1742849443,41005.7385,SQS
67e1c5d6771d074a42d885cf,1742849375,109011.445,1742849443,41011.445,SQS
67e1c5d6771d074a42d885d9,1742849375,109067.5304,1742849443,41067.5304,SQS
67e1c5d6771d074a42d88595,1742849375,108748.7427,1742849443,40748.7427,SQS
67e1c5d6771d074a42d88592,1742849375,108744.563,1742849443,40744.563,SQS
67e1c5d6771d074a42d885c2,1742849375,108918.8061,1742849443,40918.8061,SQS
67e1c5d6771d074a42d8859f,1742849375,108763.8304,1742849443,40763.8304,SQS
67e1c5d6771d074a42d885bc,1742849375,108856.5176,1742849443,40856.5176,SQS
67e1c5d6771d074a42d885c9,1742849375,108965.5906,1742849443,40965.5906,SQS
67e1c5d6771d074a42d8859a,1742849375,108756.3296,1742849443,40756.3296,SQS
67e1c5d6771d074a42d8859c,1742849375,108690.3006,1742849443,40690.3006,SQS
67e1c5d6771d074a42d885bb,1742849375,108855.3877,1742849443,40855.3877,SQS
67e1c5d6771d074a42d885aa,1742849375,108779.9117,1742849443,40779.9117,SQS
67e1c5d6771d074a42d8861b,1742849375,109353.2295,1742849443,41353.2295,SQS
67e1c5d6771d074a42d885a2,1742849375,108768.1874,1742849443,40768.1874,SQS
67e1c5d6771d074a42d88593,1742849375,108745.4067,1742849443,40745.4067,SQS
67e1c5d6771d074a42d885bd,1742849375,108881.7217,1742849443,40881.7217,SQS
67e1c5d6771d074a42d8856d,1742849375,108466.557,1742849443,40466.557,SQS
67e1c5d6771d074a42d88589,1742849375,108729.3782,1742849443,40729.3782,SQS
67e1c5d6771d074a42d88599,1742849375,108755.4611,1742849443,40755.4611,SQS
67e1c5d6771d074a42d885c0,1742849375,108915.1407,1742849443,40915.1407,SQS
67e1c5d6771d074a42d8865f,1742849375,109765.044,1742849443,41765.044,SQS
67e1c5d6771d074a42d88596,1742849375,108751.2485,1742849443,40751.2485,SQS
67e1c5d6771d074a42d88650,1742849375,109692.4505,1742849443,41692.4505,SQS
67e1c5d6771d074a42d885d8,1742849375,109028.0184,1742849443,41028.0184,SQS
67e1c5d6771d074a42d885d1,1742849375,109009.4779,1742849443,41009.4779,SQS
67e1c5d6771d074a42d8865e,1742849375,109764.0235,1742849443,41764.0235,SQS
67e1c5d6771d074a42d88576,1742849375,108571.5833,1742849443,40571.5833,SQS
67e1c5d6771d074a42d8858e,1742849375,108736.5291,1742849443,40736.5291,SQS
67e1c5d6771d074a42d88588,1742849375,108689.3291,1742849443,40689.3291,SQS
67e1c5d6771d074a42d885c7,1742849375,108961.894,1742849443,40961.894,SQS
67e1c5d6771d074a42d8859d,1742849375,108760.5376,1742849443,40760.5376,SQS
67e1c5d6771d074a42d88586,1742849375,108685.5825,1742849443,40685.5825,SQS
67e1c5d6771d074a42d8858c,1742849375,108727.501,1742849443,40727.501,SQS
67e1c5d6771d074a42d88580,1742849375,108648.0918,1742849443,40648.0918,SQS
67e1c5d6771d074a42d8857f,1742849375,108650.0539,1742849443,40650.0539,SQS
67e1c5d6771d074a42d8865c,1742849375,109739.5531,1742849443,41739.5531,SQS
67e1c5d6771d074a42d885ae,1742849375,108786.3239,1742849443,40786.3239,SQS
67e1c5d6771d074a42d88590,1742849375,108741.0334,1742849443,40741.0334,SQS
67e1c5d6771d074a42d88570,1742849375,108530.2597,1742849443,40530.2597,SQS
67e1c5d6771d074a42d885b0,1742849375,108790.2151,1742849443,40790.2151,SQS
67e1c5d6771d074a42d8858a,1742849375,108730.2424,1742849443,40730.2424,SQS
67e1c5d6771d074a42d88583,1742849375,108682.0564,1742849443,40682.0564,SQS
67e1c5d6771d074a42d88615,1742849375,109029.5594,1742849443,41029.5594,SQS
67e1c5d6771d074a42d88594,1742849375,108747.8959,1742849443,40747.8959,SQS
67e1c5d6771d074a42d885cc,1742849375,108970.342,1742849443,40970.342,SQS
67e1c5d6771d074a42d8859e,1742849375,108761.3687,1742849443,40761.3687,SQS
67e1c5d6771d074a42d8857a,1742849375,108559.7294,1742849443,40559.7294,SQS
67e1c5d6771d074a42d8858b,1742849375,108732.9285,1742849443,40732.9285,SQS
67e1c5d6771d074a42d8861a,1742849375,109010.5713,1742849443,41010.5713,SQS
67e1c5d6771d074a42d88734,1742849375,111178.6449,1742849443,43178.6449,SQS
67e1c5d6771d074a42d88572,1742849375,108561.1578,1742849443,40561.1578,SQS
67e1c5d6771d074a42d885a1,1742849375,108767.3232,1742849443,40767.3232,SQS
67e1c5d6771d074a42d8865d,1742849375,109740.5413,1742849443,41740.5413,SQS
67e1c5d6771d074a42d88608,1742849375,109274.1701,1742849443,41274.1701,SQS
67e1c5d6771d074a42d8858d,1742849375,108728.4668,1742849443,40728.4668,SQS
67e1c5d6771d074a42d8856f,1742849375,108526.6757,1742849443,40526.6757,SQS
67e1c5d6771d074a42d88578,1742849375,108576.4271,1742849443,40576.4271,SQS
67e1c5d6771d074a42d8857d,1742849375,108618.2457,1742849443,40618.2457,SQS
67e1c5d6771d074a42d885a3,1742849375,108770.8472,1742849443,40770.8472,SQS
67e1c5d6771d074a42d8859b,1742849375,108740.2185,1742849443,40740.2185,SQS
67e1c5d6771d074a42d88582,1742849375,108679.0891,1742849443,40679.0891,SQS
67e1c5d6771d074a42d8865b,1742849375,109736.6143,1742849443,41736.6143,SQS
67e1c5d6771d074a42d88616,1742849375,109345.4096,1742849443,41345.4096,SQS
67e1c5d6771d074a42d88602,1742849375,109079.5169,1742849443,41079.5169,SQS
67e1c5d6771d074a42d88574,1742849375,108566.5013,1742849443,40566.5013,SQS
67e1c5d6771d074a42d885b8,1742849375,108809.1305,1742849443,40809.1305,SQS
67e1c5d6771d074a42d88571,1742849375,108531.5512,1742849443,40531.5512,SQS
67e1c5d6771d074a42d885cb,1742849375,108969.3657,1742849443,40969.3657,SQS
67e1c5d6771d074a42d8857e,1742849375,108649.0961,1742849443,40649.0961,SQS
67e1c5d6771d074a42d8856e,1742849375,108525.4569,1742849443,40525.4569,SQS
67e1c5d6771d074a42d88618,1742849375,109349.3827,1742849443,41349.3827,SQS
67e1c5d6771d074a42d885c8,1742849375,108958.1422,1742849443,40958.1422,SQS
67e1c5d6771d074a42d88619,1742849375,109350.3345,1742849443,41350.3345,SQS
67e1c5d6771d074a42d885c6,1742849375,108923.5212,1742849443,40923.5212,SQS
67e1c5d6771d074a42d8858f,1742849375,108737.4121,1742849443,40737.4121,SQS
67e1c5d6771d074a42d88614,1742849375,109028.7836,1742849443,41028.7836,SQS
67e1c5d6771d074a42d885d0,1742849375,109012.3251,1742849443,41012.3251,SQS
67e1c5d6771d074a42d885d7,1742849375,109025.0876,1742849443,41025.0876,SQS
67e1c5d6771d074a42d8857b,1742849375,108558.2603,1742849443,40558.2603,SQS
67e1c5d6771d074a42d885c4,1742849375,108920.814,1742849443,40920.814,SQS
67e1c5d6771d074a42d885d6,1742849375,109024.1252,1742849443,41024.1252,SQS
67e1c5d6771d074a42d885a4,1742849375,108771.7377,1742849443,40771.7377,SQS
67e1c5d6771d074a42d885de,1742849375,109075.7307,1742849443,41075.7307,SQS
67e1c5d6771d074a42d885b6,1742849375,108806.9222,1742849443,40806.9222,SQS
67e1c5d6771d074a42d88581,1742849375,108652.5375,1742849443,40652.5375,SQS
67e1c5d6771d074a42d885be,1742849375,108882.7514,1742849443,40882.7514,SQS
67e1c5d6771d074a42d885c1,1742849375,108916.1092,1742849443,40916.1092,SQS
67e1c5d6771d074a42d88584,1742849375,108680.0527,1742849443,40680.0527,SQS
67e1c5d6771d074a42d88587,1742849375,108688.3996,1742849443,40688.3996,SQS
67e1c5d6771d074a42d88591,1742849375,108741.9763,1742849443,40741.9763,SQS
67e1c5d6771d074a42d8856a,1742849375,108463.5223,1742849443,40463.5223,SQS
67e1c5d6771d074a42d885d5,1742849375,109019.0021,1742849443,41019.0021,SQS
67e1c5d6771d074a42d88573,1742849375,108562.4374,1742849443,40562.4374,SQS
67e1c5d6771d074a42d885ba,1742849375,108813.6905,1742849443,40813.6905,SQS
67e1c5d6771d074a42d885df,1742849375,109076.727,1742849443,41076.727,SQS
67e1c5d6771d074a42d885a9,1742849375,108455.9454,1742849442,41455.9454,SQS
67e1c5d6771d074a42d88661,1742849375,108804.5859,1742849442,41804.5859,SQS
67e1c5d6771d074a42d8855f,1742849375,108386.7744,1742849442,41386.7744,SQS
67e1c5d6771d074a42d88554,1742849375,108307.0246,1742849442,41307.0246,SQS
67e1c5d6771d074a42d884f4,1742849375,107231.5381,1742849442,40231.5381,SQS
67e1c5d6771d074a42d884eb,1742849375,107224.3643,1742849442,40224.3643,SQS
67e1c5d6771d074a42d888e9,1742849375,114228.8029,1742849442,47228.8029,SQS
67e1c5d6771d074a42d885a8,1742849375,108777.2153,1742849442,41777.2153,SQS
67e1c5d6771d074a42d884f3,1742849375,107232.5554,1742849442,40232.5554,SQS
67e1c5d6771d074a42d88547,1742849375,108033.121,1742849442,41033.121,SQS
67e1c5d6771d074a42d88514,1742849375,107329.9756,1742849442,40329.9756,SQS
67e1c5d6771d074a42d88557,1742849375,108341.0444,1742849442,41341.0444,SQS
67e1c5d6771d074a42d888e3,1742849375,114103.1784,1742849442,47103.1784,SQS
67e1c5d6771d074a42d888e2,1742849375,108385.8157,1742849442,41385.8157,SQS
67e1c5d6771d074a42d888e6,1742849375,108060.4512,1742849442,41060.4512,SQS
67e1c5d6771d074a42d884f6,1742849375,107242.6279,1742849442,40242.6279,SQS
67e1c5d6771d074a42d884fa,1742849375,107248.4586,1742849442,40248.4586,SQS
67e1c5d6771d074a42d88540,1742849375,107845.4388,1742849442,40845.4388,SQS
67e1c5d6771d074a42d88513,1742849375,107327.4006,1742849442,40327.4006,SQS
67e1c5d6771d074a42d88548,1742849375,108034.0993,1742849442,41034.0993,SQS
67e1c5d6771d074a42d888e0,1742849375,108385.7861,1742849442,41385.7861,SQS
67e1c5d6771d074a42d88545,1742849375,108029.2004,1742849442,41029.2004,SQS
67e1c5d6771d074a42d8856b,1742849375,108462.5282,1742849442,41462.5282,SQS
67e1c5d6771d074a42d885b1,1742849375,108793.3447,1742849442,41793.3447,SQS
67e1c5d6771d074a42d884f5,1742849375,107241.7654,1742849442,40241.7654,SQS
67e1c5d6771d074a42d884fd,1742849375,107252.5689,1742849442,40252.5689,SQS
67e1c5d6771d074a42d8850d,1742849375,107317.6986,1742849442,40317.6986,SQS
67e1c5d6771d074a42d885ad,1742849375,108785.4059,1742849442,41785.4059,SQS
67e1c5d6771d074a42d88510,1742849375,107323.0094,1742849442,40323.0094,SQS
67e1c5d6771d074a42d884fb,1742849375,107249.2838,1742849442,40249.2838,SQS
67e1c5d6771d074a42d885b4,1742849375,108798.3623,1742849442,41798.3623,SQS
67e1c5d6771d074a42d88512,1742849375,107326.4714,1742849442,40326.4714,SQS
67e1c5d6771d074a42d884f9,1742849375,107223.5493,1742849442,40223.5493,SQS
67e1c5d6771d074a42d888e7,1742849375,114165.1384,1742849442,47165.1384,SQS
67e1c5d6771d074a42d884f2,1742849375,107237.6055,1742849442,40237.6055,SQS
67e1c5d6771d074a42d88541,1742849375,107873.0169,1742849442,40873.0169,SQS
67e1c5d6771d074a42d884f1,1742849375,107236.7648,1742849442,40236.7648,SQS
67e1c5d6771d074a42d884ef,1742849375,107233.3536,1742849442,40233.3536,SQS
67e1c5d6771d074a42d88511,1742849375,107323.8705,1742849442,40323.8705,SQS
67e1c5d6771d074a42d88543,1742849375,107935.5705,1742849442,40935.5705,SQS
67e1c5d6771d074a42d884ff,1742849375,107255.178,1742849442,40255.178,SQS
67e1c5d6771d074a42d884ee,1742849375,107228.8558,1742849442,40228.8558,SQS
67e1c5d6771d074a42d8850e,1742849375,107318.5687,1742849442,40318.5687,SQS
67e1c5d6771d074a42d885af,1742849375,108789.2629,1742849442,41789.2629,SQS
67e1c5d6771d074a42d884ed,1742849375,107227.9343,1742849442,40227.9343,SQS
67e1c5d6771d074a42d88561,1742849375,108415.6378,1742849442,41415.6378,SQS
67e1c5d6771d074a42d8854f,1742849375,108245.0721,1742849442,41245.0721,SQS
67e1c5d6771d074a42d888ed,1742849375,114289.8111,1742849442,47289.8111,SQS
67e1c5d6771d074a42d88562,1742849375,108416.6828,1742849442,41416.6828,SQS
67e1c5d6771d074a42d885b3,1742849375,108797.3069,1742849442,41797.3069,SQS
67e1c5d6771d074a42d885b5,1742849375,108801.4035,1742849442,41801.4035,SQS
67e1c5d6771d074a42d885ac,1742849375,108782.6225,1742849442,41782.6225,SQS
67e1c5d6771d074a42d88542,1742849375,107904.9421,1742849442,40904.9421,SQS
67e1c5d6771d074a42d88552,1742849375,108250.3007,1742849442,41250.3007,SQS
67e1c5d6771d074a42d8857c,1742849375,108493.1059,1742849442,41493.1059,SQS
67e1c5d6771d074a42d8855c,1742849375,108348.5672,1742849442,41348.5672,SQS
67e1c5d6771d074a42d88660,1742849375,108803.4683,1742849442,41803.4683,SQS
67e1c5d6771d074a42d88558,1742849375,108341.9245,1742849442,41341.9245,SQS
67e1c5d6771d074a42d884ec,1742849375,107225.1833,1742849442,40225.1833,SQS
67e1c5d6771d074a42d8854d,1742849375,108121.9563,1742849442,41121.9563,SQS
67e1c5d6771d074a42d8854a,1742849375,108062.4806,1742849442,41062.4806,SQS
67e1c5d6771d074a42d88565,1742849375,108447.5946,1742849442,41447.5946,SQS
67e1c5d6771d074a42d884f0,1742849375,107234.1585,1742849442,40234.1585,SQS
67e1c5d6771d074a42d88560,1742849375,108387.7558,1742849442,41387.7558,SQS
67e1c5d6771d074a42d888ec,1742849375,108061.4849,1742849442,41061.4849,SQS
67e1c5d6771d074a42d888f0,1742849375,114295.179,1742849442,47295.179,SQS
67e1c5d6771d074a42d8854e,1742849375,108153.0406,1742849442,41153.0406,SQS
67e1c5d6771d074a42d88556,1742849375,108338.0416,1742849442,41338.0416,SQS
67e1c5d6771d074a42d88567,1742849375,108455.034,1742849442,41455.034,SQS
67e1c5d6771d074a42d88564,1742849375,108449.5106,1742849442,41449.5106,SQS
67e1c5d6771d074a42d88553,1742849375,108277.0698,1742849442,41277.0698,SQS
67e1c5d6771d074a42d88566,1742849375,108452.2262,1742849442,41452.2262,SQS
67e1c5d6771d074a42d888ef,1742849375,114294.0638,1742849442,47294.0638,SQS
67e1c5d6771d074a42d88546,1742849375,108030.2158,1742849442,41030.2158,SQS
67e1c5d6771d074a42d88544,1742849375,107966.1322,1742849442,40966.1322,SQS
67e1c5d6771d074a42d888f3,1742849375,114300.2,1742849442,47300.2,SQS
67e1c5d6771d074a42d88549,1742849375,107904.0442,1742849442,40904.0442,SQS
67e1c5d6771d074a42d88551,1742849375,108249.288,1742849442,41249.288,SQS
67e1c5d6771d074a42d888ee,1742849375,114290.9191,1742849442,47290.9191,SQS
67e1c5d6771d074a42d8853f,1742849375,107842.1029,1742849442,40842.1029,SQS
67e1c5d6771d074a42d88559,1742849375,108344.7088,1742849442,41344.7088,SQS
67e1c5d6771d074a42d8855a,1742849375,108345.6791,1742849442,41345.6791,SQS
67e1c5d6771d074a42d8854c,1742849375,108090.0979,1742849442,41090.0979,SQS
67e1c5d6771d074a42d885b2,1742849375,108794.3848,1742849442,41794.3848,SQS
67e1c5d6771d074a42d88569,1742849375,108459.6837,1742849442,41459.6837,SQS
67e1c5d6771d074a42d8854b,1742849375,108063.5241,1742849442,41063.5241,SQS
67e1c5d6771d074a42d88568,1742849375,108458.8339,1742849442,41458.8339,SQS
67e1c5d6771d074a42d88563,1742849375,108448.5069,1742849442,41448.5069,SQS
67e1c5d6771d074a42d8855e,1742849375,108352.4175,1742849442,41352.4175,SQS
67e1c5d6771d074a42d888ea,1742849375,108184.2339,1742849442,41184.2339,SQS
67e1c5d6771d074a42d888f2,1742849375,107844.2276,1742849442,40844.2276,SQS
67e1c5d6771d074a42d884f8,1742849375,107245.0792,1742849442,40245.0792,SQS
67e1c5d6771d074a42d888e8,1742849375,114166.3708,1742849442,47166.3708,SQS
67e1c5d6771d074a42d884f7,1742849375,107222.6622,1742849442,40222.6622,SQS
67e1c5d6771d074a42d8855b,1742849375,108183.0936,1742849442,41183.0936,SQS
67e1c5d6771d074a42d888e5,1742849375,114134.3094,1742849442,47134.3094,SQS
67e1c5d6771d074a42d88515,1742849375,107330.8855,1742849442,40330.8855,SQS
67e1c5d6771d074a42d888e4,1742849375,114104.1591,1742849442,47104.1591,SQS
67e1c5d6771d074a42d8850f,1742849375,107321.1958,1742849442,40321.1958,SQS
67e1c5d6771d074a42d88517,1742849375,107333.4424,1742849442,40333.4424,SQS
67e1c5d6771d074a42d88555,1742849375,108214.1704,1742849442,41214.1704,SQS
67e1c5d6771d074a42d88550,1742849375,108246.1185,1742849442,41246.1185,SQS
67e1c5d6771d074a42d884fc,1742849375,107251.7217,1742849442,40251.7217,SQS
67e1c5d6771d074a42d888eb,1742849375,114232.4488,1742849442,47232.4488,SQS
67e1c5d6771d074a42d885ab,1742849375,108446.5535,1742849442,41446.5535,SQS
67e1c5d6771d074a42d8855d,1742849375,108351.3936,1742849442,41351.3936,SQS
67e1c5d6771d074a42d884cf,1742849375,107058.9589,1742849441,41058.9589,SQS
67e1c5d6771d074a42d8852b,1742849375,107369.4269,1742849441,41369.4269,SQS
67e1c5d6771d074a42d884de,1742849375,107143.9504,1742849441,41143.9504,SQS
67e1c5d6771d074a42d88519,1742849375,107337.0876,1742849441,41337.0876,SQS
67e1c5d6771d074a42d884dd,1742849375,107141.3344,1742849441,41141.3344,SQS
67e1c5d6771d074a42d884e9,1742849375,107217.9469,1742849441,41217.9469,SQS
67e1c5d6771d074a42d884c9,1742849375,106992.6357,1742849441,40992.6357,SQS
67e1c5d6771d074a42d884b9,1742849375,106906.4209,1742849441,40906.4209,SQS
67e1c5d6771d074a42d8851f,1742849375,107347.7597,1742849441,41347.7597,SQS
67e1c5d6771d074a42d884c4,1742849375,106962.474,1742849441,40962.474,SQS
67e1c5d6771d074a42d884c3,1742849375,106958.7713,1742849441,40958.7713,SQS
67e1c5d6771d074a42d884bd,1742849375,106910.0371,1742849441,40910.0371,SQS
67e1c5d6771d074a42d884e1,1742849375,107178.9664,1742849441,41178.9664,SQS
67e1c5d6771d074a42d8849f,1742849375,106617.6134,1742849441,40617.6134,SQS
67e1c5d6771d074a42d884b8,1742849375,106904.5908,1742849441,40904.5908,SQS
67e1c5d6771d074a42d884a0,1742849375,106618.6038,1742849441,40618.6038,SQS
67e1c5d6771d074a42d884c8,1742849375,106961.5651,1742849441,40961.5651,SQS
67e1c5d6771d074a42d8851a,1742849375,107339.6413,1742849441,41339.6413,SQS
67e1c5d6771d074a42d884aa,1742849375,106745.2141,1742849441,40745.2141,SQS
67e1c5d6771d074a42d884ae,1742849375,106780.1287,1742849441,40780.1287,SQS
67e1c5d6771d074a42d884ad,1742849375,106781.33,1742849441,40781.33,SQS
67e1c5d6771d074a42d884b0,1742849375,106805.4284,1742849441,40805.4284,SQS
67e1c5d6771d074a42d88507,1742849375,107271.593,1742849441,41271.593,SQS
67e1c5d6771d074a42d884d0,1742849375,107059.8333,1742849441,41059.8333,SQS
67e1c5d6771d074a42d884cb,1742849375,107051.7017,1742849441,41051.7017,SQS
67e1c5d6771d074a42d884b2,1742849375,106865.7049,1742849441,40865.7049,SQS
67e1c5d6771d074a42d884b5,1742849375,106898.4879,1742849441,40898.4879,SQS
67e1c5d6771d074a42d884e0,1742849375,107177.9477,1742849441,41177.9477,SQS
67e1c5d6771d074a42d884af,1742849375,106804.5445,1742849441,40804.5445,SQS
67e1c5d6771d074a42d884b4,1742849375,106897.6271,1742849441,40897.6271,SQS
67e1c5d6771d074a42d884c6,1742849375,106965.9213,1742849441,40965.9213,SQS
67e1c5d6771d074a42d884a3,1742849375,106649.236,1742849441,40649.236,SQS
67e1c5d6771d074a42d884b1,1742849375,106835.6828,1742849441,40835.6828,SQS
67e1c5d6771d074a42d884e8,1742849375,107215.1799,1742849441,41215.1799,SQS
67e1c5d6771d074a42d884a2,1742849375,106621.2473,1742849441,40621.2473,SQS
67e1c5d6771d074a42d88503,1742849375,107261.9262,1742849441,41261.9262,SQS
67e1c5d6771d074a42d884a4,1742849375,106680.6351,1742849441,40680.6351,SQS
67e1c5d6771d074a42d884d4,1742849375,107067.7626,1742849441,41067.7626,SQS
67e1c5d6771d074a42d884a7,1742849375,106714.276,1742849441,40714.276,SQS
67e1c5d6771d074a42d88516,1742849375,107281.458,1742849441,41281.458,SQS
67e1c5d6771d074a42d884d3,1742849375,107065.1296,1742849441,41065.1296,SQS
67e1c5d6771d074a42d884bc,1742849375,106911.8063,1742849441,40911.8063,SQS
67e1c5d6771d074a42d8850b,1742849375,107278.6388,1742849441,41278.6388,SQS
67e1c5d6771d074a42d884d2,1742849375,107064.1973,1742849441,41064.1973,SQS
67e1c5d6771d074a42d884d7,1742849375,107132.1303,1742849441,41132.1303,SQS
67e1c5d6771d074a42d884bb,1742849375,106910.9089,1742849441,40910.9089,SQS
67e1c5d6771d074a42d884c2,1742849375,106912.6339,1742849441,40912.6339,SQS
67e1c5d6771d074a42d884df,1742849375,107144.8833,1742849441,41144.8833,SQS
67e1c5d6771d074a42d884c5,1742849375,106963.3986,1742849441,40963.3986,SQS
67e1c5d6771d074a42d884a9,1742849375,106744.3068,1742849441,40744.3068,SQS
67e1c5d6771d074a42d884b3,1742849375,106866.6172,1742849441,40866.6172,SQS
67e1c5d6771d074a42d884c1,1742849375,106920.7948,1742849441,40920.7948,SQS
67e1c5d6771d074a42d884d1,1742849375,107062.4696,1742849441,41062.4696,SQS
67e1c5d6771d074a42d884d9,1742849375,107135.6517,1742849441,41135.6517,SQS
67e1c5d6771d074a42d88504,1742849375,107262.8184,1742849441,41262.8184,SQS
67e1c5d6771d074a42d88509,1742849375,107275.1408,1742849441,41275.1408,SQS
67e1c5d6771d074a42d8851d,1742849375,107344.0472,1742849441,41344.0472,SQS
67e1c5d6771d074a42d884d5,1742849375,107068.6655,1742849441,41068.6655,SQS
67e1c5d6771d074a42d884e4,1742849375,107209.3245,1742849441,41209.3245,SQS
67e1c5d6771d074a42d884e7,1742849375,107210.8989,1742849441,41210.8989,SQS
67e1c5d6771d074a42d884ba,1742849375,106907.3719,1742849441,40907.3719,SQS
67e1c5d6771d074a42d8851e,1742849375,107346.8316,1742849441,41346.8316,SQS
67e1c5d6771d074a42d884ea,1742849375,107218.9072,1742849441,41218.9072,SQS
67e1c5d6771d074a42d884cc,1742849375,107052.6224,1742849441,41052.6224,SQS
67e1c5d6771d074a42d8852c,1742849375,107372.4053,1742849441,41372.4053,SQS
67e1c5d6771d074a42d88508,1742849375,107274.2475,1742849441,41274.2475,SQS
67e1c5d6771d074a42d88523,1742849375,107355.0799,1742849441,41355.0799,SQS
67e1c5d6771d074a42d884fe,1742849375,107221.7607,1742849441,41221.7607,SQS
67e1c5d6771d074a42d884c7,1742849375,106966.7584,1742849441,40966.7584,SQS
67e1c5d6771d074a42d884e6,1742849375,107213.4329,1742849441,41213.4329,SQS
67e1c5d6771d074a42d88524,1742849375,107357.8992,1742849441,41357.8992,SQS
67e1c5d6771d074a42d88527,1742849375,107362.5797,1742849441,41362.5797,SQS
67e1c5d6771d074a42d8850c,1742849375,107315.4278,1742849441,41315.4278,SQS
67e1c5d6771d074a42d884ca,1742849375,106993.7288,1742849441,40993.7288,SQS
67e1c5d6771d074a42d884bf,1742849375,106917.0891,1742849441,40917.0891,SQS
67e1c5d6771d074a42d884ac,1742849375,106776.4975,1742849441,40776.4975,SQS
67e1c5d6771d074a42d884e3,1742849375,107182.7337,1742849441,41182.7337,SQS
67e1c5d6771d074a42d8852e,1742849375,106775.6565,1742849441,40775.6565,SQS
67e1c5d6771d074a42d88526,1742849375,107361.5742,1742849441,41361.5742,SQS
67e1c5d6771d074a42d88536,1742849375,107532.1748,1742849441,41532.1748,SQS
67e1c5d6771d074a42d8850a,1742849375,107277.7962,1742849441,41277.7962,SQS
67e1c5d6771d074a42d8851c,1742849375,107343.1618,1742849441,41343.1618,SQS
67e1c5d6771d074a42d88538,1742849375,107594.2632,1742849441,41594.2632,SQS
67e1c5d6771d074a42d88506,1742849375,107266.3127,1742849441,41266.3127,SQS
67e1c5d6771d074a42d88521,1742849375,107351.4082,1742849441,41351.4082,SQS
67e1c5d6771d074a42d884ce,1742849375,107057.1203,1742849441,41057.1203,SQS
67e1c5d6771d074a42d8852d,1742849375,107373.4367,1742849441,41373.4367,SQS
67e1c5d6771d074a42d8852a,1742849375,107368.3698,1742849441,41368.3698,SQS
67e1c5d6771d074a42d88525,1742849375,107358.8516,1742849441,41358.8516,SQS
67e1c5d6771d074a42d884e2,1742849375,107181.5972,1742849441,41181.5972,SQS
67e1c5d6771d074a42d8853a,1742849375,107656.1173,1742849441,41656.1173,SQS
67e1c5d6771d074a42d88522,1742849375,107354.1099,1742849441,41354.1099,SQS
67e1c5d6771d074a42d8853c,1742849375,107687.2129,1742849441,41687.2129,SQS
67e1c5d6771d074a42d88500,1742849375,107208.5174,1742849441,41208.5174,SQS
67e1c5d6771d074a42d88502,1742849375,107207.6001,1742849441,41207.6001,SQS
67e1c5d6771d074a42d884dc,1742849375,107131.1948,1742849441,41131.1948,SQS
67e1c5d6771d074a42d884c0,1742849375,106919.8089,1742849441,40919.8089,SQS
67e1c5d6771d074a42d88530,1742849375,107377.4609,1742849441,41377.4609,SQS
67e1c5d6771d074a42d8851b,1742849375,107340.5238,1742849441,41340.5238,SQS
67e1c5d6771d074a42d884b7,1742849375,106901.9767,1742849441,40901.9767,SQS
67e1c5d6771d074a42d884a6,1742849375,106713.3691,1742849441,40713.3691,SQS
67e1c5d6771d074a42d884ab,1742849375,106777.4159,1742849441,40777.4159,SQS
67e1c5d6771d074a42d884da,1742849375,107137.4436,1742849441,41137.4436,SQS
67e1c5d6771d074a42d884a8,1742849375,106742.5339,1742849441,40742.5339,SQS
67e1c5d6771d074a42d88518,1742849375,107336.1671,1742849441,41336.1671,SQS
67e1c5d6771d074a42d884db,1742849375,107138.4743,1742849441,41138.4743,SQS
67e1c5d6771d074a42d884cd,1742849375,107055.3401,1742849441,41055.3401,SQS
67e1c5d6771d074a42d88501,1742849375,107258.1861,1742849441,41258.1861,SQS
67e1c5d6771d074a42d88505,1742849375,107176.9905,1742849441,41176.9905,SQS
67e1c5d6771d074a42d88529,1742849375,107365.3992,1742849441,41365.3992,SQS
67e1c5d6771d074a42d884d6,1742849375,107022.7158,1742849441,41022.7158,SQS
67e1c5d6771d074a42d884be,1742849375,106916.1619,1742849441,40916.1619,SQS
67e1c5d6771d074a42d884e5,1742849375,107210.0965,1742849441,41210.0965,SQS
67e1c5d6771d074a42d88528,1742849375,106711.6619,1742849441,40711.6619,SQS
67e1c5d6771d074a42d884d8,1742849375,107133.0573,1742849441,41133.0573,SQS
67e1c5d6771d074a42d88520,1742849375,107350.5036,1742849441,41350.5036,SQS
67e1c5d6771d074a42d884b6,1742849375,106901.0678,1742849441,40901.0678,SQS
67e1c5d6771d074a42d884a5,1742849375,106681.4725,1742849441,40681.4725,SQS
67e1c5d6771d074a42d88457,1742849375,106255.513,1742849440,41255.513,SQS
67e1c5d6771d074a42d88401,1742849375,105963.4162,1742849440,40963.4162,SQS
67e1c5d6771d074a42d883fe,1742849375,105958.0816,1742849440,40958.0816,SQS
67e1c5d6771d074a42d883fa,1742849375,105950.0913,1742849440,40950.0913,SQS
67e1c5d6771d074a42d883ea,1742849375,105893.7201,1742849440,40893.7201,SQS
67e1c5d6771d074a42d88445,1742849375,106130.6829,1742849440,41130.6829,SQS
67e1c5d6771d074a42d88406,1742849375,105961.7729,1742849440,40961.7729,SQS
67e1c5d6771d074a42d8843d,1742849375,106117.0671,1742849440,41117.0671,SQS
67e1c5d6771d074a42d883f9,1742849375,105949.3068,1742849440,40949.3068,SQS
67e1c5d6771d074a42d88439,1742849375,106109.3177,1742849440,41109.3177,SQS
67e1c5d6771d074a42d8846d,1742849375,106330.1866,1742849440,41330.1866,SQS
67e1c5d6771d074a42d883f0,1742849375,105904.4141,1742849440,40904.4141,SQS
67e1c5d6771d074a42d88477,1742849375,106347.9105,1742849440,41347.9105,SQS
67e1c5d6771d074a42d88486,1742849375,106403.6604,1742849440,41403.6604,SQS
67e1c5d6771d074a42d883fd,1742849375,105955.7618,1742849440,40955.7618,SQS
67e1c5d6771d074a42d88427,1742849375,106076.1603,1742849440,41076.1603,SQS
67e1c5d6771d074a42d88422,1742849375,106041.0702,1742849440,41041.0702,SQS
67e1c5d6771d074a42d88466,1742849375,106317.9434,1742849440,41317.9434,SQS
67e1c5d6771d074a42d8841e,1742849375,106033.8514,1742849440,41033.8514,SQS
67e1c5d6771d074a42d8842c,1742849375,106084.6958,1742849440,41084.6958,SQS
67e1c5d6771d074a42d88437,1742849375,106105.2452,1742849440,41105.2452,SQS
67e1c5d6771d074a42d88451,1742849375,106247.5934,1742849440,41247.5934,SQS
67e1c5d6771d074a42d8843a,1742849375,106112.083,1742849440,41112.083,SQS
67e1c5d6771d074a42d88400,1742849375,105961.0527,1742849440,40961.0527,SQS
67e1c5d6771d074a42d8846c,1742849375,106325.6508,1742849440,41325.6508,SQS
67e1c5d6771d074a42d88441,1742849375,106123.569,1742849440,41123.569,SQS
67e1c5d6771d074a42d88424,1742849375,106044.4461,1742849440,41044.4461,SQS
67e1c5d6771d074a42d88440,1742849375,106114.0621,1742849440,41114.0621,SQS
67e1c5d6771d074a42d8843f,1742849375,106120.876,1742849440,41120.876,SQS
67e1c5d6771d074a42d88408,1742849375,105973.3269,1742849440,40973.3269,SQS
67e1c5d6771d074a42d88426,1742849375,106047.847,1742849440,41047.847,SQS
67e1c5d6771d074a42d8849d,1742849375,106528.2366,1742849440,41528.2366,SQS
67e1c5d6771d074a42d88454,1742849375,106252.006,1742849440,41252.006,SQS
67e1c5d6771d074a42d88455,1742849375,106252.8688,1742849440,41252.8688,SQS
67e1c5d6771d074a42d88452,1742849375,106248.4555,1742849440,41248.4555,SQS
67e1c5d6771d074a42d88463,1742849375,106311.8396,1742849440,41311.8396,SQS
67e1c5d6771d074a42d88456,1742849375,106203.3811,1742849440,41203.3811,SQS
67e1c5d6771d074a42d88465,1742849375,106314.8053,1742849440,41314.8053,SQS
67e1c5d6771d074a42d88459,1742849375,106258.0792,1742849440,41258.0792,SQS
67e1c5d6771d074a42d88450,1742849375,106211.9398,1742849440,41211.9398,SQS
67e1c5d6771d074a42d88443,1742849375,106127.0938,1742849440,41127.0938,SQS
67e1c5d6771d074a42d88467,1742849375,106318.8688,1742849440,41318.8688,SQS
67e1c5d6771d074a42d88438,1742849375,106108.3695,1742849440,41108.3695,SQS
67e1c5d6771d074a42d88468,1742849375,106321.8469,1742849440,41321.8469,SQS
67e1c5d6771d074a42d88442,1742849375,106126.1773,1742849440,41126.1773,SQS
67e1c5d6771d074a42d88470,1742849375,106336.3539,1742849440,41336.3539,SQS
67e1c5d6771d074a42d88423,1742849375,106043.5723,1742849440,41043.5723,SQS
67e1c5d6771d074a42d88428,1742849375,106077.0518,1742849440,41077.0518,SQS
67e1c5d6771d074a42d88421,1742849375,106040.2085,1742849440,41040.2085,SQS
67e1c5d6771d074a42d8842a,1742849375,106082.1055,1742849440,41082.1055,SQS
67e1c5d6771d074a42d8846e,1742849375,106332.8603,1742849440,41332.8603,SQS
67e1c5d6771d074a42d88464,1742849375,106310.076,1742849440,41310.076,SQS
67e1c5d6771d074a42d88433,1742849375,106098.2195,1742849440,41098.2195,SQS
67e1c5d6771d074a42d8842e,1742849375,106088.0626,1742849440,41088.0626,SQS
67e1c5d6771d074a42d88432,1742849375,106097.297,1742849440,41097.297,SQS
67e1c5d6771d074a42d88436,1742849375,106095.195,1742849440,41095.195,SQS
67e1c5d6771d074a42d8840e,1742849375,105981.5792,1742849440,40981.5792,SQS
67e1c5d6771d074a42d88435,1742849375,106101.6947,1742849440,41101.6947,SQS
67e1c5d6771d074a42d8849e,1742849375,106529.2746,1742849440,41529.2746,SQS
67e1c5d6771d074a42d8843c,1742849375,106116.1481,1742849440,41116.1481,SQS
67e1c5d6771d074a42d8843b,1742849375,106106.272,1742849440,41106.272,SQS
67e1c5d6771d074a42d8846b,1742849375,106327.3554,1742849440,41327.3554,SQS
67e1c5d6771d074a42d88471,1742849375,106337.2221,1742849440,41337.2221,SQS
67e1c5d6771d074a42d883f2,1742849375,105936.6186,1742849440,40936.6186,SQS
67e1c5d6771d074a42d883e9,1742849375,105891.5064,1742849440,40891.5064,SQS
67e1c5d6771d074a42d883f1,1742849375,105937.4003,1742849440,40937.4003,SQS
67e1c5d6771d074a42d883f5,1742849375,105941.2152,1742849440,40941.2152,SQS
67e1c5d6771d074a42d88469,1742849375,106322.7701,1742849440,41322.7701,SQS
67e1c5d6771d074a42d883f4,1742849375,105940.4614,1742849440,40940.4614,SQS
67e1c5d6771d074a42d88489,1742849375,106435.3917,1742849440,41435.3917,SQS
67e1c5d6771d074a42d883f8,1742849375,105946.898,1742849440,40946.898,SQS
67e1c5d6771d074a42d883fc,1742849375,105955.0156,1742849440,40955.0156,SQS
67e1c5d6771d074a42d884a1,1742849375,106556.867,1742849440,41556.867,SQS
67e1c5d6771d074a42d883e4,1742849375,105850.3961,1742849440,40850.3961,SQS
67e1c5d6771d074a42d88403,1742849375,105965.7045,1742849440,40965.7045,SQS
67e1c5d6771d074a42d8840b,1742849375,105976.2727,1742849440,40976.2727,SQS
67e1c5d6771d074a42d88532,1742849375,107410.985,1742849440,42410.985,SQS
67e1c5d6771d074a42d88488,1742849375,106434.4162,1742849440,41434.4162,SQS
67e1c5d6771d074a42d88535,1742849375,107441.1079,1742849440,42441.1079,SQS
67e1c5d6771d074a42d88430,1742849375,106090.7746,1742849440,41090.7746,SQS
67e1c5d6771d074a42d8846f,1742849375,106333.7617,1742849440,41333.7617,SQS
67e1c5d6771d074a42d883ec,1742849375,105899.3287,1742849440,40899.3287,SQS
67e1c5d6771d074a42d88407,1742849375,105971.085,1742849440,40971.085,SQS
67e1c5d6771d074a42d88487,1742849375,106431.5952,1742849440,41431.5952,SQS
67e1c5d6771d074a42d883ff,1742849375,105958.8367,1742849440,40958.8367,SQS
67e1c5d6771d074a42d88473,1742849375,106340.835,1742849440,41340.835,SQS
67e1c5d6771d074a42d883f3,1742849375,105939.6662,1742849440,40939.6662,SQS
67e1c5d6771d074a42d88404,1742849375,105967.9861,1742849440,40967.9861,SQS
67e1c5d6771d074a42d8842f,1742849375,106088.929,1742849440,41088.929,SQS
67e1c5d6771d074a42d88534,1742849375,107440.0903,1742849440,42440.0903,SQS
67e1c5d6771d074a42d88444,1742849375,106129.8102,1742849440,41129.8102,SQS
67e1c5d6771d074a42d88537,1742849375,107502.2245,1742849440,42502.2245,SQS
67e1c5d6771d074a42d8846a,1742849375,106326.5086,1742849440,41326.5086,SQS
67e1c5d6771d074a42d88472,1742849375,106339.8321,1742849440,41339.8321,SQS
67e1c5d6771d074a42d8848a,1742849375,106438.2231,1742849440,41438.2231,SQS
67e1c5d6771d074a42d88429,1742849375,106081.2765,1742849440,41081.2765,SQS
67e1c5d6771d074a42d88409,1742849375,105974.0673,1742849440,40974.0673,SQS
67e1c5d6771d074a42d88474,1742849375,106343.3868,1742849440,41343.3868,SQS
67e1c5d6771d074a42d8848f,1742849375,106446.7989,1742849440,41446.7989,SQS
67e1c5d6771d074a42d8848d,1742849375,106442.9602,1742849440,41442.9602,SQS
67e1c5d6771d074a42d883e7,1742849375,105889.7034,1742849440,40889.7034,SQS
67e1c5d6771d074a42d88531,1742849375,106524.7385,1742849440,41524.7385,SQS
67e1c5d6771d074a42d8848b,1742849375,106439.1625,1742849440,41439.1625,SQS
67e1c5d6771d074a42d88533,1742849375,107411.9273,1742849440,42411.9273,SQS
67e1c5d6771d074a42d88405,1742849375,105968.7511,1742849440,40968.7511,SQS
67e1c5d6771d074a42d88475,1742849375,106344.3203,1742849440,41344.3203,SQS
67e1c5d6771d074a42d8852f,1742849375,106586.8208,1742849440,41586.8208,SQS
67e1c5d6771d074a42d88462,1742849375,106310.9611,1742849440,41310.9611,SQS
67e1c5d6771d074a42d88453,1742849375,106209.9823,1742849440,41209.9823,SQS
67e1c5d6771d074a42d88434,1742849375,106100.8248,1742849440,41100.8248,SQS
67e1c5d6771d074a42d8842b,1742849375,106079.5281,1742849440,41079.5281,SQS
67e1c5d6771d074a42d88425,1742849375,106047.0613,1742849440,41047.0613,SQS
67e1c5d6771d074a42d8844f,1742849375,106210.9044,1742849440,41210.9044,SQS
67e1c5d6771d074a42d8848c,1742849375,106442.0016,1742849440,41442.0016,SQS
67e1c5d6771d074a42d88402,1742849375,105964.9773,1742849440,40964.9773,SQS
67e1c5d6771d074a42d88539,1742849375,107595.7699,1742849440,42595.7699,SQS
67e1c5d6771d074a42d8843e,1742849375,106119.9177,1742849440,41119.9177,SQS
67e1c5d6771d074a42d8848e,1742849375,106445.8432,1742849440,41445.8432,SQS
67e1c5d6771d074a42d8849c,1742849375,106525.9461,1742849440,41525.9461,SQS
67e1c5d6771d074a42d883eb,1742849375,105895.9835,1742849440,40895.9835,SQS
67e1c5d6771d074a42d8842d,1742849375,106080.3776,1742849440,41080.3776,SQS
67e1c5d6771d074a42d883ee,1742849375,105897.8399,1742849440,40897.8399,SQS
67e1c5d6771d074a42d883d9,1742849375,105642.5703,1742849439,41642.5703,SQS
67e1c5d6771d074a42d88478,1742849375,106348.8412,1742849439,42348.8412,SQS
67e1c5d6771d074a42d88399,1742849375,105230.8398,1742849439,41230.8398,SQS
67e1c5d6771d074a42d883bd,1742849375,105340.4527,1742849439,41340.4527,SQS
67e1c5d6771d074a42d883c1,1742849375,105345.8536,1742849439,41345.8536,SQS
67e1c5d6771d074a42d883b1,1742849375,105268.1559,1742849439,41268.1559,SQS
67e1c5d6771d074a42d883cd,1742849375,105490.3969,1742849439,41490.3969,SQS
67e1c5d5771d074a42d8838a,1742849375,105191.5699,1742849439,41191.5699,SQS
67e1c5d5771d074a42d88389,1742849375,105201.7837,1742849439,41201.7837,SQS
67e1c5d6771d074a42d883e6,1742849375,105843.5259,1742849439,41843.5259,SQS
67e1c5d6771d074a42d88411,1742849375,106014.1593,1742849439,42014.1593,SQS
67e1c5d5771d074a42d88395,1742849375,105224.4038,1742849439,41224.4038,SQS
67e1c5d6771d074a42d883ef,1742849375,105902.6778,1742849439,41902.6778,SQS
67e1c5d6771d074a42d883ed,1742849375,105898.5774,1742849439,41898.5774,SQS
67e1c5d6771d074a42d883c0,1742849375,105343.171,1742849439,41343.171,SQS
67e1c5d5771d074a42d8837d,1742849375,105181.9328,1742849439,41181.9328,SQS
67e1c5d5771d074a42d88396,1742849375,105225.2145,1742849439,41225.2145,SQS
67e1c5d6771d074a42d88449,1742849375,106140.4268,1742849439,42140.4268,SQS
67e1c5d5771d074a42d88391,1742849375,105212.4072,1742849439,41212.4072,SQS
67e1c5d6771d074a42d8841b,1742849375,106029.1917,1742849439,42029.1917,SQS
67e1c5d6771d074a42d883fb,1742849375,105952.2794,1742849439,41952.2794,SQS
67e1c5d6771d074a42d88418,1742849375,105526.5842,1742849439,41526.5842,SQS
67e1c5d5771d074a42d88384,1742849375,105193.4453,1742849439,41193.4453,SQS
67e1c5d6771d074a42d8847e,1742849375,106359.9132,1742849439,42359.9132,SQS
67e1c5d5771d074a42d88387,1742849375,105198.3657,1742849439,41198.3657,SQS
67e1c5d6771d074a42d883e1,1742849375,105742.6348,1742849439,41742.6348,SQS
67e1c5d6771d074a42d883f6,1742849375,105944.3534,1742849439,41944.3534,SQS
67e1c5d5771d074a42d8838e,1742849375,105208.151,1742849439,41208.151,SQS
67e1c5d5771d074a42d8838d,1742849375,105190.8067,1742849439,41190.8067,SQS
67e1c5d6771d074a42d883e2,1742849375,105781.1492,1742849439,41781.1492,SQS
67e1c5d6771d074a42d883e5,1742849375,105813.5366,1742849439,41813.5366,SQS
67e1c5d6771d074a42d8840f,1742849375,105982.3792,1742849439,41982.3792,SQS
67e1c5d6771d074a42d88461,1742849375,106270.6926,1742849439,42270.6926,SQS
67e1c5d6771d074a42d8844a,1742849375,106141.7664,1742849439,42141.7664,SQS
67e1c5d6771d074a42d88417,1742849375,106022.5124,1742849439,42022.5124,SQS
67e1c5d6771d074a42d88413,1742849375,106017.5955,1742849439,42017.5955,SQS
67e1c5d6771d074a42d883cb,1742849375,105455.7604,1742849439,41455.7604,SQS
67e1c5d6771d074a42d88412,1742849375,106015.0285,1742849439,42015.0285,SQS
67e1c5d6771d074a42d8841f,1742849375,106036.7426,1742849439,42036.7426,SQS
67e1c5d6771d074a42d8847d,1742849375,105424.5772,1742849439,41424.5772,SQS
67e1c5d6771d074a42d883db,1742849375,105703.627,1742849439,41703.627,SQS
67e1c5d6771d074a42d8844e,1742849375,106199.4125,1742849439,42199.4125,SQS
67e1c5d6771d074a42d8844d,1742849375,106169.3251,1742849439,42169.3251,SQS
67e1c5d6771d074a42d8845a,1742849375,106260.6801,1742849439,42260.6801,SQS
67e1c5d6771d074a42d8841a,1742849375,106026.5991,1742849439,42026.5991,SQS
67e1c5d6771d074a42d88431,1742849375,106093.3384,1742849439,42093.3384,SQS
67e1c5d6771d074a42d883e8,1742849375,105852.9639,1742849439,41852.9639,SQS
67e1c5d6771d074a42d883ce,1742849375,105518.4204,1742849439,41518.4204,SQS
67e1c5d6771d074a42d88479,1742849375,106351.5904,1742849439,42351.5904,SQS
67e1c5d6771d074a42d88414,1742849375,106018.4412,1742849439,42018.4412,SQS
67e1c5d6771d074a42d883cc,1742849375,105458.6986,1742849439,41458.6986,SQS
67e1c5d6771d074a42d88476,1742849375,106309.1429,1742849439,42309.1429,SQS
67e1c5d6771d074a42d88446,1742849375,106094.2683,1742849439,42094.2683,SQS
67e1c5d6771d074a42d883dd,1742849375,105673.3857,1742849439,41673.3857,SQS
67e1c5d6771d074a42d8844b,1742849375,106145.9261,1742849439,42145.9261,SQS
67e1c5d6771d074a42d8845f,1742849375,105425.4902,1742849439,41425.4902,SQS
67e1c5d6771d074a42d8845c,1742849375,105457.7347,1742849439,41457.7347,SQS
67e1c5d6771d074a42d8845d,1742849375,106264.337,1742849439,42264.337,SQS
67e1c5d6771d074a42d8845e,1742849375,106266.9825,1742849439,42266.9825,SQS
67e1c5d6771d074a42d88410,1742849375,105641.6458,1742849439,41641.6458,SQS
67e1c5d6771d074a42d8845b,1742849375,106261.6406,1742849439,42261.6406,SQS
67e1c5d6771d074a42d88460,1742849375,106268.7982,1742849439,42268.7982,SQS
67e1c5d6771d074a42d88448,1742849375,106135.7475,1742849439,42135.7475,SQS
67e1c5d6771d074a42d8844c,1742849375,106144.9287,1742849439,42144.9287,SQS
67e1c5d5771d074a42d88392,1742849375,105214.7304,1742849439,41214.7304,SQS
67e1c5d6771d074a42d883d6,1742849375,105611.3344,1742849439,41611.3344,SQS
67e1c5d6771d074a42d88415,1742849375,105519.2535,1742849439,41519.2535,SQS
67e1c5d6771d074a42d88420,1742849375,106037.5495,1742849439,42037.5495,SQS
67e1c5d6771d074a42d88416,1742849375,106021.6873,1742849439,42021.6873,SQS
67e1c5d5771d074a42d8837c,1742849375,105181.0938,1742849439,41181.0938,SQS
67e1c5d6771d074a42d88458,1742849375,106202.5674,1742849439,42202.5674,SQS
67e1c5d5771d074a42d8837b,1742849375,105179.5266,1742849439,41179.5266,SQS
67e1c5d5771d074a42d88383,1742849375,105192.5344,1742849439,41192.5344,SQS
67e1c5d5771d074a42d88382,1742849375,105187.6235,1742849439,41187.6235,SQS
67e1c5d5771d074a42d88381,1742849375,105186.7386,1742849439,41186.7386,SQS
67e1c5d6771d074a42d8841d,1742849375,106032.8512,1742849439,42032.8512,SQS
67e1c5d6771d074a42d883dc,1742849375,105735.6815,1742849439,41735.6815,SQS
67e1c5d5771d074a42d88386,1742849375,105196.6867,1742849439,41196.6867,SQS
67e1c5d5771d074a42d8838f,1742849375,105208.9641,1742849439,41208.9641,SQS
67e1c5d6771d074a42d8840a,1742849375,105954.2431,1742849439,41954.2431,SQS
67e1c5d5771d074a42d88390,1742849375,105211.5735,1742849439,41211.5735,SQS
67e1c5d6771d074a42d883e0,1742849375,105741.7297,1742849439,41741.7297,SQS
67e1c5d6771d074a42d88419,1742849375,106025.7822,1742849439,42025.7822,SQS
67e1c5d5771d074a42d8838c,1742849375,105204.8526,1742849439,41204.8526,SQS
67e1c5d5771d074a42d88385,1742849375,105195.8842,1742849439,41195.8842,SQS
67e1c5d6771d074a42d8840c,1742849375,105978.6315,1742849439,41978.6315,SQS
67e1c5d6771d074a42d8841c,1742849375,106030.1037,1742849439,42030.1037,SQS
67e1c5d5771d074a42d88394,1742849375,105217.8671,1742849439,41217.8671,SQS
67e1c5d6771d074a42d883d1,1742849375,105524.6115,1742849439,41524.6115,SQS
67e1c5d6771d074a42d883de,1742849375,105738.6843,1742849439,41738.6843,SQS
67e1c5d5771d074a42d8837f,1742849375,105178.5679,1742849439,41178.5679,SQS
67e1c5d6771d074a42d883d0,1742849375,105521.7896,1742849439,41521.7896,SQS
67e1c5d6771d074a42d883df,1742849375,105740.5131,1742849439,41740.5131,SQS
67e1c5d6771d074a42d883be,1742849375,105339.584,1742849439,41339.584,SQS
67e1c5d6771d074a42d883bb,1742849375,105336.0103,1742849439,41336.0103,SQS
67e1c5d5771d074a42d88393,1742849375,105215.5815,1742849439,41215.5815,SQS
67e1c5d6771d074a42d883bc,1742849375,105336.8923,1742849439,41336.8923,SQS
67e1c5d5771d074a42d88398,1742849375,105228.4444,1742849439,41228.4444,SQS
67e1c5d6771d074a42d883bf,1742849375,105335.1439,1742849439,41335.1439,SQS
67e1c5d6771d074a42d883c4,1742849375,105350.4573,1742849439,41350.4573,SQS
67e1c5d6771d074a42d883d2,1742849375,105525.5216,1742849439,41525.5216,SQS
67e1c5d6771d074a42d883d4,1742849375,105579.5995,1742849439,41579.5995,SQS
67e1c5d5771d074a42d88397,1742849375,105227.5621,1742849439,41227.5621,SQS
67e1c5d5771d074a42d88388,1742849375,105200.9814,1742849439,41200.9814,SQS
67e1c5d6771d074a42d883d8,1742849375,105613.7742,1742849439,41613.7742,SQS
67e1c5d6771d074a42d883da,1742849375,105644.4431,1742849439,41644.4431,SQS
67e1c5d6771d074a42d883d5,1742849375,105582.6465,1742849439,41582.6465,SQS
67e1c5d6771d074a42d883d7,1742849375,105612.986,1742849439,41612.986,SQS
67e1c5d6771d074a42d883c3,1742849375,105349.5117,1742849439,41349.5117,SQS
67e1c5d6771d074a42d8847b,1742849375,106355.2104,1742849439,42355.2104,SQS
67e1c5d6771d074a42d883d3,1742849375,105550.3446,1742849439,41550.3446,SQS
67e1c5d6771d074a42d883c2,1742849375,105346.8044,1742849439,41346.8044,SQS
67e1c5d6771d074a42d8847a,1742849375,106352.51,1742849439,42352.51,SQS
67e1c5d6771d074a42d883cf,1742849375,105520.8833,1742849439,41520.8833,SQS
67e1c5d6771d074a42d883f7,1742849375,105945.1435,1742849439,41945.1435,SQS
67e1c5d6771d074a42d8847c,1742849375,106356.1462,1742849439,42356.1462,SQS
67e1c5d6771d074a42d8840d,1742849375,105979.3934,1742849439,41979.3934,SQS
67e1c5d6771d074a42d883e3,1742849375,105845.2869,1742849439,41845.2869,SQS
67e1c5d6771d074a42d88447,1742849375,106134.3912,1742849439,42134.3912,SQS
67e1c5d6771d074a42d883a1,1742849375,105242.33,1742849438,42242.33,SQS
67e1c5d6771d074a42d88483,1742849375,106368.454,1742849438,43368.454,SQS
67e1c5d5771d074a42d88355,1742849375,104481.663,1742849438,41481.663,SQS
67e1c5d5771d074a42d88365,1742849375,104759.2533,1742849438,41759.2533,SQS
67e1c5d5771d074a42d88369,1742849375,104794.4741,1742849438,41794.4741,SQS
67e1c5d6771d074a42d883b4,1742849375,105274.4774,1742849438,42274.4774,SQS
67e1c5d5771d074a42d88379,1742849375,105145.5494,1742849438,42145.5494,SQS
67e1c5d6771d074a42d883ab,1742849375,105257.7528,1742849438,42257.7528,SQS
67e1c5d6771d074a42d883c5,1742849375,105334.2787,1742849438,42334.2787,SQS
67e1c5d6771d074a42d883af,1742849375,105264.6628,1742849438,42264.6628,SQS
67e1c5d5771d074a42d88377,1742849375,105052.6215,1742849438,42052.6215,SQS
67e1c5d5771d074a42d88367,1742849375,104820.2235,1742849438,41820.2235,SQS
67e1c5d6771d074a42d8839d,1742849375,105235.6808,1742849438,42235.6808,SQS
67e1c5d6771d074a42d883ac,1742849375,105260.3088,1742849438,42260.3088,SQS
67e1c5d5771d074a42d88374,1742849375,105021.5621,1742849438,42021.5621,SQS
67e1c5d5771d074a42d88366,1742849375,104793.6213,1742849438,41793.6213,SQS
67e1c5d5771d074a42d88352,1742849375,104386.7445,1742849438,41386.7445,SQS
67e1c5d5771d074a42d88354,1742849375,104479.4082,1742849438,41479.4082,SQS
67e1c5d5771d074a42d8835e,1742849375,104603.2442,1742849438,41603.2442,SQS
67e1c5d5771d074a42d8835a,1742849375,104546.2186,1742849438,41546.2186,SQS
67e1c5d6771d074a42d88481,1742849375,106364.6695,1742849438,43364.6695,SQS
67e1c5d5771d074a42d8835f,1742849375,104634.7974,1742849438,41634.7974,SQS
67e1c5d5771d074a42d8836a,1742849375,104825.009,1742849438,41825.009,SQS
67e1c5d5771d074a42d8836f,1742849375,104862.4493,1742849438,41862.4493,SQS
67e1c5d5771d074a42d8836e,1742849375,104860.4613,1742849438,41860.4613,SQS
67e1c5d5771d074a42d88372,1742849375,104962.5194,1742849438,41962.5194,SQS
67e1c5d5771d074a42d88373,1742849375,104961.7287,1742849438,41961.7287,SQS
67e1c5d5771d074a42d8835c,1742849375,104448.2455,1742849438,41448.2455,SQS
67e1c5d6771d074a42d883ca,1742849375,105360.7069,1742849438,42360.7069,SQS
67e1c5d5771d074a42d8836b,1742849375,104825.9031,1742849438,41825.9031,SQS
67e1c5d5771d074a42d88327,1742849375,104141.588,1742849438,41141.588,SQS
67e1c5d6771d074a42d88484,1742849375,106369.4901,1742849438,43369.4901,SQS
67e1c5d5771d074a42d8836c,1742849375,104852.0302,1742849438,41852.0302,SQS
67e1c5d5771d074a42d88350,1742849375,104360.2654,1742849438,41360.2654,SQS
67e1c5d6771d074a42d88490,1742849375,106402.8225,1742849438,43402.8225,SQS
67e1c5d5771d074a42d88353,1742849375,104420.5375,1742849438,41420.5375,SQS
67e1c5d5771d074a42d8835b,1742849375,104547.477,1742849438,41547.477,SQS
67e1c5d5771d074a42d8836d,1742849375,104856.8221,1742849438,41856.8221,SQS
67e1c5d5771d074a42d88360,1742849375,104665.2747,1742849438,41665.2747,SQS
67e1c5d5771d074a42d88378,1742849375,105086.7322,1742849438,42086.7322,SQS
67e1c5d5771d074a42d8837e,1742849375,105115.7121,1742849438,42115.7121,SQS
67e1c5d5771d074a42d8837a,1742849375,105176.5842,1742849438,42176.5842,SQS
67e1c5d5771d074a42d88376,1742849375,105025.046,1742849438,42025.046,SQS
67e1c5d5771d074a42d8838b,1742849375,105189.9659,1742849438,42189.9659,SQS
67e1c5d5771d074a42d88362,1742849375,104727.3602,1742849438,41727.3602,SQS
67e1c5d5771d074a42d88359,1742849375,104543.059,1742849438,41543.059,SQS
67e1c5d5771d074a42d88363,1742849375,104789.1634,1742849438,41789.1634,SQS
67e1c5d5771d074a42d88361,1742849375,104666.1513,1742849438,41666.1513,SQS
67e1c5d5771d074a42d88364,1742849375,104790.0493,1742849438,41790.0493,SQS
67e1c5d5771d074a42d88371,1742849375,104932.0711,1742849438,41932.0711,SQS
67e1c5d5771d074a42d88320,1742849375,104097.0116,1742849438,41097.0116,SQS
67e1c5d5771d074a42d88380,1742849375,105147.7165,1742849438,42147.7165,SQS
67e1c5d6771d074a42d883a3,1742849375,105245.7593,1742849438,42245.7593,SQS
67e1c5d6771d074a42d883a6,1742849375,105250.0841,1742849438,42250.0841,SQS
67e1c5d6771d074a42d883a7,1742849375,105252.4964,1742849438,42252.4964,SQS
67e1c5d6771d074a42d883b9,1742849375,105307.8067,1742849438,42307.8067,SQS
67e1c5d6771d074a42d883c7,1742849375,105356.16,1742849438,42356.16,SQS
67e1c5d6771d074a42d883b2,1742849375,105270.7376,1742849438,42270.7376,SQS
67e1c5d6771d074a42d883a8,1742849375,105253.3414,1742849438,42253.3414,SQS
67e1c5d5771d074a42d88370,1742849375,104929.867,1742849438,41929.867,SQS
67e1c5d6771d074a42d883a0,1742849375,105241.4268,1742849438,42241.4268,SQS
67e1c5d6771d074a42d8839a,1742849375,105231.6246,1742849438,42231.6246,SQS
67e1c5d6771d074a42d883a2,1742849375,104960.8925,1742849438,41960.8925,SQS
67e1c5d6771d074a42d883ba,1742849375,105306.7449,1742849438,42306.7449,SQS
67e1c5d6771d074a42d883aa,1742849375,105256.8233,1742849438,42256.8233,SQS
67e1c5d6771d074a42d883b8,1742849375,105308.6022,1742849438,42308.6022,SQS
67e1c5d6771d074a42d883c8,1742849375,105357.0829,1742849438,42357.0829,SQS
67e1c5d6771d074a42d883ae,1742849375,105263.7579,1742849438,42263.7579,SQS
67e1c5d6771d074a42d8839f,1742849375,105239.0238,1742849438,42239.0238,SQS
67e1c5d6771d074a42d883a5,1742849375,105249.2266,1742849438,42249.2266,SQS
67e1c5d6771d074a42d8847f,1742849375,106360.9564,1742849438,43360.9564,SQS
67e1c5d6771d074a42d883ad,1742849375,105261.1515,1742849438,42261.1515,SQS
67e1c5d6771d074a42d883b7,1742849375,105301.6804,1742849438,42301.6804,SQS
67e1c5d6771d074a42d883b3,1742849375,105271.7392,1742849438,42271.7392,SQS
67e1c5d6771d074a42d883b0,1742849375,105267.2022,1742849438,42267.2022,SQS
67e1c5d5771d074a42d88351,1742849375,104362.3254,1742849438,41362.3254,SQS
67e1c5d5771d074a42d88368,1742849375,104821.3108,1742849438,41821.3108,SQS
67e1c5d6771d074a42d883c6,1742849375,105354.28,1742849438,42354.28,SQS
67e1c5d6771d074a42d88482,1742849375,106365.5974,1742849438,43365.5974,SQS
67e1c5d6771d074a42d883c9,1742849375,105359.8272,1742849438,42359.8272,SQS
67e1c5d6771d074a42d883a9,1742849375,104898.8049,1742849438,41898.8049,SQS
67e1c5d6771d074a42d88480,1742849375,104511.9734,1742849438,41511.9734,SQS
67e1c5d6771d074a42d883b6,1742849375,105303.0727,1742849438,42303.0727,SQS
67e1c5d5771d074a42d88356,1742849375,104512.9062,1742849438,41512.9062,SQS
67e1c5d5771d074a42d88357,1742849375,104513.8247,1742849438,41513.8247,SQS
67e1c5d5771d074a42d8835d,1742849375,104572.3017,1742849438,41572.3017,SQS
67e1c5d6771d074a42d8839b,1742849375,105085.7607,1742849438,42085.7607,SQS
67e1c5d6771d074a42d8839c,1742849375,105234.8614,1742849438,42234.8614,SQS
67e1c5d6771d074a42d8839e,1742849375,105238.0945,1742849438,42238.0945,SQS
67e1c5d5771d074a42d88321,1742849375,104098.7792,1742849438,41098.7792,SQS
67e1c5d5771d074a42d88358,1742849375,104542.1332,1742849438,41542.1332,SQS
67e1c5d6771d074a42d883a4,1742849375,105246.6354,1742849438,42246.6354,SQS
67e1c5d5771d074a42d88375,1742849375,105022.4639,1742849438,42022.4639,SQS
67e1c5d6771d074a42d883b5,1742849375,105275.4878,1742849438,42275.4878,SQS
67e1c5d5771d074a42d882a0,1742849375,103170.1027,1742849437,41170.1027,SQS
67e1c5d5771d074a42d882a2,1742849375,103164.5755,1742849437,41164.5755,SQS
67e1c5d5771d074a42d88291,1742849375,103011.1234,1742849437,41011.1234,SQS
67e1c5d5771d074a42d8829e,1742849375,103135.9878,1742849437,41135.9878,SQS
67e1c5d5771d074a42d88295,1742849375,103070.3771,1742849437,41070.3771,SQS
67e1c5d5771d074a42d882a1,1742849375,103193.8381,1742849437,41193.8381,SQS
67e1c5d5771d074a42d882a5,1742849375,103255.8454,1742849437,41255.8454,SQS
67e1c5d5771d074a42d882a9,1742849375,103287.4171,1742849437,41287.4171,SQS
67e1c5d5771d074a42d882b1,1742849375,103329.7153,1742849437,41329.7153,SQS
67e1c5d5771d074a42d882b5,1742849375,103337.2722,1742849437,41337.2722,SQS
67e1c5d5771d074a42d882c1,1742849375,103361.8252,1742849437,41361.8252,SQS
67e1c5d5771d074a42d882c5,1742849375,103370.9752,1742849437,41370.9752,SQS
67e1c5d5771d074a42d882c9,1742849375,103342.6778,1742849437,41342.6778,SQS
67e1c5d5771d074a42d882e7,1742849375,103533.4845,1742849437,41533.4845,SQS
67e1c5d5771d074a42d88301,1742849375,103642.694,1742849437,41642.694,SQS
67e1c5d5771d074a42d882d6,1742849375,103415.7669,1742849437,41415.7669,SQS
67e1c5d5771d074a42d88319,1742849375,104018.2205,1742849437,42018.2205,SQS
67e1c5d5771d074a42d8831d,1742849375,104053.8673,1742849437,42053.8673,SQS
67e1c5d5771d074a42d88325,1742849375,104139.982,1742849437,42139.982,SQS
67e1c5d5771d074a42d882d2,1742849375,103393.6858,1742849437,41393.6858,SQS
67e1c5d5771d074a42d88335,1742849375,104161.7237,1742849437,42161.7237,SQS
67e1c5d5771d074a42d88339,1742849375,104201.5055,1742849437,42201.5055,SQS
67e1c5d5771d074a42d88298,1742849375,103104.1895,1742849437,41104.1895,SQS
67e1c5d5771d074a42d88297,1742849375,103101.8129,1742849437,41101.8129,SQS
67e1c5d5771d074a42d882dc,1742849375,103457.5871,1742849437,41457.5871,SQS
67e1c5d5771d074a42d88290,1742849375,103010.2401,1742849437,41010.2401,SQS
67e1c5d5771d074a42d8832a,1742849375,104147.1052,1742849437,42147.1052,SQS
67e1c5d5771d074a42d88322,1742849375,104099.5264,1742849437,42099.5264,SQS
67e1c5d5771d074a42d88326,1742849375,104140.8101,1742849437,42140.8101,SQS
67e1c5d5771d074a42d8828c,1742849375,102853.7234,1742849437,40853.7234,SQS
67e1c5d5771d074a42d88328,1742849375,104056.1964,1742849437,42056.1964,SQS
67e1c5d5771d074a42d88323,1742849375,104101.8186,1742849437,42101.8186,SQS
67e1c5d5771d074a42d8833b,1742849375,104204.8352,1742849437,42204.8352,SQS
67e1c5d5771d074a42d88338,1742849375,104046.6814,1742849437,42046.6814,SQS
67e1c5d5771d074a42d8832e,1742849375,104151.2105,1742849437,42151.2105,SQS
67e1c5d5771d074a42d88314,1742849375,103844.1246,1742849437,41844.1246,SQS
67e1c5d5771d074a42d88332,1742849375,104156.8798,1742849437,42156.8798,SQS
67e1c5d5771d074a42d88330,1742849375,104153.6206,1742849437,42153.6206,SQS
67e1c5d5771d074a42d8832f,1742849375,104020.0464,1742849437,42020.0464,SQS
67e1c5d5771d074a42d88334,1742849375,104048.3035,1742849437,42048.3035,SQS
67e1c5d5771d074a42d88333,1742849375,104159.2854,1742849437,42159.2854,SQS
67e1c5d5771d074a42d88337,1742849375,104165.1437,1742849437,42165.1437,SQS
67e1c5d5771d074a42d88296,1742849375,103100.899,1742849437,41100.899,SQS
67e1c5d5771d074a42d88292,1742849375,103040.4705,1742849437,41040.4705,SQS
67e1c5d5771d074a42d88294,1742849375,103042.9972,1742849437,41042.9972,SQS
67e1c5d5771d074a42d882db,1742849375,103426.363,1742849437,41426.363,SQS
67e1c5d5771d074a42d882a8,1742849375,103262.3539,1742849437,41262.3539,SQS
67e1c5d5771d074a42d882a4,1742849375,103225.3298,1742849437,41225.3298,SQS
67e1c5d5771d074a42d88299,1742849375,103105.8447,1742849437,41105.8447,SQS
67e1c5d5771d074a42d882a7,1742849375,103230.1731,1742849437,41230.1731,SQS
67e1c5d5771d074a42d8829d,1742849375,103165.4825,1742849437,41165.4825,SQS
67e1c5d5771d074a42d882b7,1742849375,103333.5198,1742849437,41333.5198,SQS
67e1c5d5771d074a42d882b9,1742849375,103346.4282,1742849437,41346.4282,SQS
67e1c5d5771d074a42d882bd,1742849375,103353.2583,1742849437,41353.2583,SQS
67e1c5d5771d074a42d882c7,1742849375,103341.6552,1742849437,41341.6552,SQS
67e1c5d5771d074a42d8831b,1742849375,104051.4937,1742849437,42051.4937,SQS
67e1c5d5771d074a42d882cd,1742849375,103389.6057,1742849437,41389.6057,SQS
67e1c5d5771d074a42d882d9,1742849375,103416.9701,1742849437,41416.9701,SQS
67e1c5d5771d074a42d8828f,1742849375,102947.3121,1742849437,40947.3121,SQS
67e1c5d5771d074a42d8829b,1742849375,103132.5719,1742849437,41132.5719,SQS
67e1c5d5771d074a42d882f7,1742849375,103607.7727,1742849437,41607.7727,SQS
67e1c5d5771d074a42d882a6,1742849375,103258.3488,1742849437,41258.3488,SQS
67e1c5d5771d074a42d88293,1742849375,103042.1728,1742849437,41042.1728,SQS
67e1c5d5771d074a42d882fb,1742849375,103647.8459,1742849437,41647.8459,SQS
67e1c5d5771d074a42d88305,1742849375,103663.307,1742849437,41663.307,SQS
67e1c5d5771d074a42d882da,1742849375,103425.1306,1742849437,41425.1306,SQS
67e1c5d5771d074a42d8830d,1742849375,103787.4177,1742849437,41787.4177,SQS
67e1c5d5771d074a42d882fa,1742849375,103647.0371,1742849437,41647.0371,SQS
67e1c5d5771d074a42d882ab,1742849375,103318.48,1742849437,41318.48,SQS
67e1c5d5771d074a42d882b8,1742849375,103343.64,1742849437,41343.64,SQS
67e1c5d5771d074a42d882e4,1742849375,103529.5119,1742849437,41529.5119,SQS
67e1c5d5771d074a42d882bc,1742849375,103351.3833,1742849437,41351.3833,SQS
67e1c5d5771d074a42d882bb,1742849375,103344.4985,1742849437,41344.4985,SQS
67e1c5d5771d074a42d882be,1742849375,103352.3552,1742849437,41352.3552,SQS
67e1c5d5771d074a42d882bf,1742849375,103357.3142,1742849437,41357.3142,SQS
67e1c5d5771d074a42d882a3,1742849375,103197.3771,1742849437,41197.3771,SQS
67e1c5d5771d074a42d8832d,1742849375,103847.1933,1742849437,41847.1933,SQS
67e1c5d5771d074a42d882b4,1742849375,103336.2906,1742849437,41336.2906,SQS
67e1c5d5771d074a42d882af,1742849375,103323.0048,1742849437,41323.0048,SQS
67e1c5d5771d074a42d882ad,1742849375,103323.8852,1742849437,41323.8852,SQS
67e1c5d5771d074a42d8831e,1742849375,104092.9995,1742849437,42092.9995,SQS
67e1c5d5771d074a42d882b0,1742849375,103327.5629,1742849437,41327.5629,SQS
67e1c5d5771d074a42d882ae,1742849375,103322.1803,1742849437,41322.1803,SQS
67e1c5d5771d074a42d882c6,1742849375,103372.0233,1742849437,41372.0233,SQS
67e1c5d5771d074a42d882ac,1742849375,103319.3811,1742849437,41319.3811,SQS
67e1c5d5771d074a42d882ca,1742849375,103382.0062,1742849437,41382.0062,SQS
67e1c5d5771d074a42d882c4,1742849375,103367.3929,1742849437,41367.3929,SQS
67e1c5d5771d074a42d8829f,1742849375,103168.5005,1742849437,41168.5005,SQS
67e1c5d5771d074a42d882ce,1742849375,103394.8928,1742849437,41394.8928,SQS
67e1c5d5771d074a42d8828e,1742849375,102976.9757,1742849437,40976.9757,SQS
67e1c5d5771d074a42d88311,1742849375,103848.9853,1742849437,41848.9853,SQS
67e1c5d5771d074a42d88318,1742849375,104017.3185,1742849437,42017.3185,SQS
67e1c5d5771d074a42d882cc,1742849375,103388.264,1742849437,41388.264,SQS
67e1c5d5771d074a42d882c3,1742849375,103366.3668,1742849437,41366.3668,SQS
67e1c5d5771d074a42d882cf,1742849375,103396.0714,1742849437,41396.0714,SQS
67e1c5d5771d074a42d882d0,1742849375,103399.5095,1742849437,41399.5095,SQS
67e1c5d5771d074a42d882aa,1742849375,103288.2179,1742849437,41288.2179,SQS
67e1c5d5771d074a42d8832b,1742849375,104147.9952,1742849437,42147.9952,SQS
67e1c5d5771d074a42d882f8,1742849375,103644.5031,1742849437,41644.5031,SQS
67e1c5d5771d074a42d8832c,1742849375,104047.5101,1742849437,42047.5101,SQS
67e1c5d5771d074a42d882cb,1742849375,103383.214,1742849437,41383.214,SQS
67e1c5d5771d074a42d88300,1742849375,103655.4629,1742849437,41655.4629,SQS
67e1c5d5771d074a42d88302,1742849375,103658.8821,1742849437,41658.8821,SQS
67e1c5d5771d074a42d882df,1742849375,103462.0844,1742849437,41462.0844,SQS
67e1c5d5771d074a42d88304,1742849375,103662.4195,1742849437,41662.4195,SQS
67e1c5d5771d074a42d8829a,1742849375,103133.3613,1742849437,41133.3613,SQS
67e1c5d5771d074a42d88303,1742849375,103659.7599,1742849437,41659.7599,SQS
67e1c5d5771d074a42d882fe,1742849375,103610.6094,1742849437,41610.6094,SQS
67e1c5d5771d074a42d88315,1742849375,103977.7939,1742849437,41977.7939,SQS
67e1c5d5771d074a42d882e6,1742849375,103534.4346,1742849437,41534.4346,SQS
67e1c5d5771d074a42d8833c,1742849375,104205.674,1742849437,42205.674,SQS
67e1c5d5771d074a42d882e0,1742849375,103412.3135,1742849437,41412.3135,SQS
67e1c5d5771d074a42d8830e,1742849375,103814.232,1742849437,41814.232,SQS
67e1c5d5771d074a42d882ed,1742849375,103520.8398,1742849437,41520.8398,SQS
67e1c5d5771d074a42d88316,1742849375,103980.8316,1742849437,41980.8316,SQS
67e1c5d5771d074a42d882ea,1742849375,103538.1151,1742849437,41538.1151,SQS
67e1c5d5771d074a42d8830b,1742849375,103783.0398,1742849437,41783.0398,SQS
67e1c5d5771d074a42d882e5,1742849375,103530.4357,1742849437,41530.4357,SQS
67e1c5d5771d074a42d88313,1742849375,103937.545,1742849437,41937.545,SQS
67e1c5d5771d074a42d88329,1742849375,104144.7553,1742849437,42144.7553,SQS
67e1c5d5771d074a42d88331,1742849375,104156.0895,1742849437,42156.0895,SQS
67e1c5d5771d074a42d882fc,1742849375,103650.4398,1742849437,41650.4398,SQS
67e1c5d5771d074a42d88336,1742849375,104162.5863,1742849437,42162.5863,SQS
67e1c5d5771d074a42d8831a,1742849375,104049.948,1742849437,42049.948,SQS
67e1c5d5771d074a42d88310,1742849375,103845.1776,1742849437,41845.1776,SQS
67e1c5d5771d074a42d882d5,1742849375,103410.096,1742849437,41410.096,SQS
67e1c5d5771d074a42d8830f,1742849375,103786.3167,1742849437,41786.3167,SQS
67e1c5d5771d074a42d882f2,1742849375,103598.4925,1742849437,41598.4925,SQS
67e1c5d5771d074a42d882eb,1742849375,103541.8667,1742849437,41541.8667,SQS
67e1c5d5771d074a42d882d7,1742849375,103419.1918,1742849437,41419.1918,SQS
67e1c5d5771d074a42d882ec,1742849375,103542.815,1742849437,41542.815,SQS
67e1c5d5771d074a42d882de,1742849375,103461.2496,1742849437,41461.2496,SQS
67e1c5d5771d074a42d882e9,1742849375,103539.0608,1742849437,41539.0608,SQS
67e1c5d5771d074a42d8830c,1742849375,103783.8474,1742849437,41783.8474,SQS
67e1c5d5771d074a42d88312,1742849375,103876.0797,1742849437,41876.0797,SQS
67e1c5d5771d074a42d882ba,1742849375,103347.2774,1742849437,41347.2774,SQS
67e1c5d5771d074a42d88324,1742849375,104102.5741,1742849437,42102.5741,SQS
67e1c5d5771d074a42d882d3,1742849375,103407.5854,1742849437,41407.5854,SQS
67e1c5d5771d074a42d8829c,1742849375,103162.7976,1742849437,41162.7976,SQS
67e1c5d5771d074a42d8831c,1742849375,104053.103,1742849437,42053.103,SQS
67e1c5d5771d074a42d882f4,1742849375,103603.1535,1742849437,41603.1535,SQS
67e1c5d5771d074a42d882ee,1742849375,103565.2329,1742849437,41565.2329,SQS
67e1c5d5771d074a42d882ff,1742849375,103654.611,1742849437,41654.611,SQS
67e1c5d5771d074a42d882f3,1742849375,103599.4627,1742849437,41599.4627,SQS
67e1c5d5771d074a42d882e8,1742849375,103528.6488,1742849437,41528.6488,SQS
67e1c5d5771d074a42d882c2,1742849375,103362.9698,1742849437,41362.9698,SQS
67e1c5d5771d074a42d8831f,1742849375,104095.0389,1742849437,42095.0389,SQS
67e1c5d5771d074a42d882f6,1742849375,103606.8794,1742849437,41606.8794,SQS
67e1c5d5771d074a42d88317,1742849375,104015.6163,1742849437,42015.6163,SQS
67e1c5d5771d074a42d8833a,1742849375,104045.799,1742849437,42045.799,SQS
67e1c5d5771d074a42d882fd,1742849375,103651.2924,1742849437,41651.2924,SQS
67e1c5d5771d074a42d8828d,1742849375,102945.6029,1742849437,40945.6029,SQS
67e1c5d5771d074a42d882c8,1742849375,103375.5699,1742849437,41375.5699,SQS
67e1c5d5771d074a42d882d1,1742849375,103400.9369,1742849437,41400.9369,SQS
67e1c5d5771d074a42d882dd,1742849375,103458.6185,1742849437,41458.6185,SQS
67e1c5d5771d074a42d882b2,1742849375,103331.5626,1742849437,41331.5626,SQS
67e1c5d5771d074a42d882f5,1742849375,103604.1808,1742849437,41604.1808,SQS
67e1c5d5771d074a42d882f9,1742849375,103643.591,1742849437,41643.591,SQS
67e1c5d5771d074a42d882c0,1742849375,103358.4549,1742849437,41358.4549,SQS
67e1c5d5771d074a42d882d8,1742849375,103420.4132,1742849437,41420.4132,SQS
67e1c5d5771d074a42d882b6,1742849375,103335.3926,1742849437,41335.3926,SQS
67e1c5d5771d074a42d882d4,1742849375,103411.3887,1742849437,41411.3887,SQS
67e1c5d5771d074a42d88201,1742849375,102146.0809,1742849436,41146.0809,SQS
67e1c5d5771d074a42d88211,1742849375,102316.4279,1742849436,41316.4279,SQS
67e1c5d5771d074a42d88215,1742849375,102323.1331,1742849436,41323.1331,SQS
67e1c5d5771d074a42d88219,1742849375,102334.0418,1742849436,41334.0418,SQS
67e1c5d5771d074a42d88221,1742849375,102348.3852,1742849436,41348.3852,SQS
67e1c5d5771d074a42d88225,1742849375,102354.4387,1742849436,41354.4387,SQS
67e1c5d5771d074a42d88231,1742849375,102407.1204,1742849436,41407.1204,SQS
67e1c5d5771d074a42d88235,1742849375,102438.5808,1742849436,41438.5808,SQS
67e1c5d5771d074a42d88241,1742849375,102484.5664,1742849436,41484.5664,SQS
67e1c5d5771d074a42d88282,1742849375,102779.5472,1742849436,41779.5472,SQS
67e1c5d5771d074a42d88261,1742849375,102652.9398,1742849436,41652.9398,SQS
67e1c5d5771d074a42d88269,1742849375,102663.8363,1742849436,41663.8363,SQS
67e1c5d5771d074a42d88289,1742849375,102783.4006,1742849436,41783.4006,SQS
67e1c5d5771d074a42d8827a,1742849375,102700.1802,1742849436,41700.1802,SQS
67e1c5d5771d074a42d8828a,1742849375,102794.0984,1742849436,41794.0984,SQS
67e1c5d5771d074a42d882e1,1742849375,103406.3934,1742849436,42406.3934,SQS
67e1c5d5771d074a42d8828b,1742849375,102852.7062,1742849436,41852.7062,SQS
67e1c5d5771d074a42d88214,1742849375,102321.4947,1742849436,41321.4947,SQS
67e1c5d5771d074a42d881ff,1742849375,102141.1951,1742849436,41141.1951,SQS
67e1c5d5771d074a42d881fd,1742849375,102077.4695,1742849436,41077.4695,SQS
67e1c5d5771d074a42d88239,1742849375,102470.1265,1742849436,41470.1265,SQS
67e1c5d5771d074a42d8822d,1742849375,102370.6585,1742849436,41370.6585,SQS
67e1c5d5771d074a42d88266,1742849375,102660.5239,1742849436,41660.5239,SQS
67e1c5d5771d074a42d8825d,1742849375,102620.4479,1742849436,41620.4479,SQS
67e1c5d5771d074a42d88276,1742849375,102759.6307,1742849436,41759.6307,SQS
67e1c5d5771d074a42d88267,1742849375,102659.6312,1742849436,41659.6312,SQS
67e1c5d5771d074a42d8827d,1742849375,102768.9707,1742849436,41768.9707,SQS
67e1c5d5771d074a42d88265,1742849375,102657.1526,1742849436,41657.1526,SQS
67e1c5d5771d074a42d88284,1742849375,102784.2516,1742849436,41784.2516,SQS
67e1c5d5771d074a42d88273,1742849375,102732.1296,1742849436,41732.1296,SQS
67e1c5d5771d074a42d88283,1742849375,102780.4408,1742849436,41780.4408,SQS
67e1c5d5771d074a42d88272,1742849375,102729.6145,1742849436,41729.6145,SQS
67e1c5d5771d074a42d8827f,1742849375,102773.1856,1742849436,41773.1856,SQS
67e1c5d5771d074a42d88280,1742849375,102775.9247,1742849436,41775.9247,SQS
67e1c5d5771d074a42d88274,1742849375,102734.7179,1742849436,41734.7179,SQS
67e1c5d5771d074a42d88288,1742849375,102790.544,1742849436,41790.544,SQS
67e1c5d5771d074a42d88275,1742849375,102736.3683,1742849436,41736.3683,SQS
67e1c5d5771d074a42d88277,1742849375,102762.2613,1742849436,41762.2613,SQS
67e1c5d5771d074a42d88278,1742849375,102763.1289,1742849436,41763.1289,SQS
67e1c5d5771d074a42d88271,1742849375,102728.6561,1742849436,41728.6561,SQS
67e1c5d5771d074a42d88256,1742849375,102580.8822,1742849436,41580.8822,SQS
67e1c5d5771d074a42d88223,1742849375,102212.4483,1742849436,41212.4483,SQS
67e1c5d5771d074a42d8827c,1742849375,102769.8135,1742849436,41769.8135,SQS
67e1c5d5771d074a42d8827b,1742849375,102766.4342,1742849436,41766.4342,SQS
67e1c5d5771d074a42d88286,1742849375,102786.9175,1742849436,41786.9175,SQS
67e1c5d5771d074a42d88249,1742849375,102533.3905,1742849436,41533.3905,SQS
67e1c5d5771d074a42d88245,1742849375,102493.9699,1742849436,41493.9699,SQS
67e1c5d5771d074a42d88247,1742849375,102530.021,1742849436,41530.021,SQS
67e1c5d5771d074a42d88257,1742849375,102582.7734,1742849436,41582.7734,SQS
67e1c5d5771d074a42d88259,1742849375,102586.7298,1742849436,41586.7298,SQS
67e1c5d5771d074a42d88279,1742849375,102733.8724,1742849436,41733.8724,SQS
67e1c5d5771d074a42d88281,1742849375,102776.8294,1742849436,41776.8294,SQS
67e1c5d5771d074a42d88287,1742849375,102789.6866,1742849436,41789.6866,SQS
67e1c5d5771d074a42d88285,1742849375,102786.015,1742849436,41786.015,SQS
67e1c5d5771d074a42d882f1,1742849375,103570.2425,1742849436,42570.2425,SQS
67e1c5d5771d074a42d8822e,1742849375,102373.4951,1742849436,41373.4951,SQS
67e1c5d5771d074a42d88262,1742849375,102627.6401,1742849436,41627.6401,SQS
67e1c5d5771d074a42d882b3,1742849375,102945.6135,1742849436,41945.6135,SQS
67e1c5d5771d074a42d8825f,1742849375,102624.4336,1742849436,41624.4336,SQS
67e1c5d5771d074a42d88260,1742849375,102652.0913,1742849436,41652.0913,SQS
67e1c5d5771d074a42d8824f,1742849375,102542.0957,1742849436,41542.0957,SQS
67e1c5d5771d074a42d88263,1742849375,102626.6568,1742849436,41626.6568,SQS
67e1c5d5771d074a42d88209,1742849375,102251.9185,1742849436,41251.9185,SQS
67e1c5d5771d074a42d88258,1742849375,102581.8139,1742849436,41581.8139,SQS
67e1c5d5771d074a42d88237,1742849375,102468.4667,1742849436,41468.4667,SQS
67e1c5d5771d074a42d88238,1742849375,102201.5861,1742849436,41201.5861,SQS
67e1c5d5771d074a42d881f7,1742849375,102046.6665,1742849436,41046.6665,SQS
67e1c5d5771d074a42d8823b,1742849375,102473.4697,1742849436,41473.4697,SQS
67e1c5d5771d074a42d882e2,1742849375,103518.6884,1742849436,42518.6884,SQS
67e1c5d5771d074a42d8824e,1742849375,102540.2691,1742849436,41540.2691,SQS
67e1c5d5771d074a42d8823a,1742849375,102472.579,1742849436,41472.579,SQS
67e1c5d5771d074a42d8820a,1742849375,102279.149,1742849436,41279.149,SQS
67e1c5d5771d074a42d88230,1742849375,102403.1382,1742849436,41403.1382,SQS
67e1c5d5771d074a42d88243,1742849375,102485.4417,1742849436,41485.4417,SQS
67e1c5d5771d074a42d88307,1742849375,103665.924,1742849436,42665.924,SQS
67e1c5d5771d074a42d8824c,1742849375,102537.7086,1742849436,41537.7086,SQS
67e1c5d5771d074a42d8820e,1742849375,102255.3973,1742849436,41255.3973,SQS
67e1c5d5771d074a42d881f4,1742849375,101954.3354,1742849436,40954.3354,SQS
67e1c5d5771d074a42d881f9,1742849375,102017.3301,1742849436,41017.3301,SQS
67e1c5d5771d074a42d88234,1742849375,102363.2351,1742849436,41363.2351,SQS
67e1c5d5771d074a42d88233,1742849375,102435.9532,1742849436,41435.9532,SQS
67e1c5d5771d074a42d88205,1742849375,102207.6925,1742849436,41207.6925,SQS
67e1c5d5771d074a42d88204,1742849375,102206.7362,1742849436,41206.7362,SQS
67e1c5d5771d074a42d881fc,1742849375,102079.3692,1742849436,41079.3692,SQS
67e1c5d5771d074a42d881fb,1742849375,101956.1597,1742849436,40956.1597,SQS
67e1c5d5771d074a42d8823f,1742849375,102480.192,1742849436,41480.192,SQS
67e1c5d5771d074a42d8822c,1742849375,102369.7681,1742849436,41369.7681,SQS
67e1c5d5771d074a42d88242,1742849375,102487.1875,1742849436,41487.1875,SQS
67e1c5d5771d074a42d8820d,1742849375,102311.7005,1742849436,41311.7005,SQS
67e1c5d5771d074a42d8826a,1742849375,102202.4195,1742849436,41202.4195,SQS
67e1c5d5771d074a42d88232,1742849375,102435.0953,1742849436,41435.0953,SQS
67e1c5d5771d074a42d881f8,1742849375,102078.4618,1742849436,41078.4618,SQS
67e1c5d5771d074a42d8825a,1742849375,102587.7211,1742849436,41587.7211,SQS
67e1c5d5771d074a42d8821d,1742849375,102341.4128,1742849436,41341.4128,SQS
67e1c5d5771d074a42d8821b,1742849375,102337.671,1742849436,41337.671,SQS
67e1c5d5771d074a42d8821a,1742849375,102335.0871,1742849436,41335.0871,SQS
67e1c5d5771d074a42d8825b,1742849375,102590.4984,1742849436,41590.4984,SQS
67e1c5d5771d074a42d88220,1742849375,102345.7332,1742849436,41345.7332,SQS
67e1c5d5771d074a42d88203,1742849375,102204.2751,1742849436,41204.2751,SQS
67e1c5d5771d074a42d88254,1742849375,102577.1409,1742849436,41577.1409,SQS
67e1c5d5771d074a42d88210,1742849375,102314.8671,1742849436,41314.8671,SQS
67e1c5d5771d074a42d88202,1742849375,102203.3789,1742849436,41203.3789,SQS
67e1c5d5771d074a42d88213,1742849375,102318.8328,1742849436,41318.8328,SQS
67e1c5d5771d074a42d8820b,1742849375,102281.7681,1742849436,41281.7681,SQS
67e1c5d5771d074a42d88217,1742849375,102329.4222,1742849436,41329.4222,SQS
67e1c5d5771d074a42d88240,1742849375,102482.806,1742849436,41482.806,SQS
67e1c5d5771d074a42d8822f,1742849375,102404.779,1742849436,41404.779,SQS
67e1c5d5771d074a42d8820c,1742849375,102283.7373,1742849436,41283.7373,SQS
67e1c5d5771d074a42d88212,1742849375,102318.062,1742849436,41318.062,SQS
67e1c5d5771d074a42d88200,1742849375,102142.8613,1742849436,41142.8613,SQS
67e1c5d5771d074a42d8821e,1742849375,102342.3635,1742849436,41342.3635,SQS
67e1c5d5771d074a42d88218,1742849375,102330.9046,1742849436,41330.9046,SQS
67e1c5d5771d074a42d88250,1742849375,102544.7099,1742849436,41544.7099,SQS
67e1c5d5771d074a42d8821f,1742849375,102344.8437,1742849436,41344.8437,SQS
67e1c5d5771d074a42d881fe,1742849375,102109.6994,1742849436,41109.6994,SQS
67e1c5d5771d074a42d8825e,1742849375,102622.5338,1742849436,41622.5338,SQS
67e1c5d5771d074a42d88268,1742849375,102663.0546,1742849436,41663.0546,SQS
67e1c5d5771d074a42d88222,1742849375,102349.3179,1742849436,41349.3179,SQS
67e1c5d5771d074a42d88228,1742849375,102357.7396,1742849436,41357.7396,SQS
67e1c5d5771d074a42d8821c,1742849375,102338.4847,1742849436,41338.4847,SQS
67e1c5d5771d074a42d8825c,1742849375,102591.4592,1742849436,41591.4592,SQS
67e1c5d5771d074a42d881f6,1742849375,101953.4963,1742849436,40953.4963,SQS
67e1c5d5771d074a42d88244,1742849375,102490.253,1742849436,41490.253,SQS
67e1c5d5771d074a42d8820f,1742849375,102310.8957,1742849436,41310.8957,SQS
67e1c5d5771d074a42d88252,1742849375,102493.0979,1742849436,41493.0979,SQS
67e1c5d5771d074a42d882f0,1742849375,103569.1452,1742849436,42569.1452,SQS
67e1c5d5771d074a42d88224,1742849375,102351.7328,1742849436,41351.7328,SQS
67e1c5d5771d074a42d8824a,1742849375,102534.3424,1742849436,41534.3424,SQS
67e1c5d5771d074a42d88207,1742849375,102210.0521,1742849436,41210.0521,SQS
67e1c5d5771d074a42d8823e,1742849375,102479.3707,1742849436,41479.3707,SQS
67e1c5d5771d074a42d88206,1742849375,102143.6801,1742849436,41143.6801,SQS
67e1c5d5771d074a42d88248,1742849375,102530.9036,1742849436,41530.9036,SQS
67e1c5d5771d074a42d8824b,1742849375,102536.8693,1742849436,41536.8693,SQS
67e1c5d5771d074a42d88216,1742849375,102324.5528,1742849436,41324.5528,SQS
67e1c5d5771d074a42d88246,1742849375,102527.2462,1742849436,41527.2462,SQS
67e1c5d5771d074a42d882ef,1742849375,102822.8691,1742849436,41822.8691,SQS
67e1c5d5771d074a42d88208,1742849375,102170.5887,1742849436,41170.5887,SQS
67e1c5d5771d074a42d8824d,1742849375,102492.3199,1742849436,41492.3199,SQS
67e1c5d5771d074a42d88226,1742849375,102355.3058,1742849436,41355.3058,SQS
67e1c5d5771d074a42d882e3,1742849375,103521.7872,1742849436,42521.7872,SQS
67e1c5d5771d074a42d88236,1742849375,102465.1433,1742849436,41465.1433,SQS
67e1c5d5771d074a42d88264,1742849375,102651.237,1742849436,41651.237,SQS
67e1c5d5771d074a42d8827e,1742849375,102772.3033,1742849436,41772.3033,SQS
67e1c5d5771d074a42d881fa,1742849375,102082.2528,1742849436,41082.2528,SQS
67e1c5d5771d074a42d88229,1742849375,101984.6882,1742849436,40984.6882,SQS
67e1c5d5771d074a42d881e9,1742849375,101850.5483,1742849435,41850.5483,SQS
67e1c5d5771d074a42d881f5,1742849375,101985.7255,1742849435,41985.7255,SQS
67e1c5d5771d074a42d88227,1742849375,101893.7217,1742849435,41893.7217,SQS
67e1c5d5771d074a42d88251,1742849375,102573.7384,1742849435,42573.7384,SQS
67e1c5d5771d074a42d881ef,1742849375,101863.5177,1742849435,41863.5177,SQS
67e1c5d5771d074a42d881ad,1742849375,101609.2182,1742849435,41609.2182,SQS
67e1c5d5771d074a42d881ea,1742849375,101853.9824,1742849435,41853.9824,SQS
67e1c5d5771d074a42d881d5,1742849375,101741.3249,1742849435,41741.3249,SQS
67e1c5d5771d074a42d881d1,1742849375,101743.1649,1742849435,41743.1649,SQS
67e1c5d5771d074a42d881d9,1742849375,101765.5993,1742849435,41765.5993,SQS
67e1c5d5771d074a42d881ac,1742849375,101608.4487,1742849435,41608.4487,SQS
67e1c5d5771d074a42d881ed,1742849375,101859.8718,1742849435,41859.8718,SQS
67e1c5d5771d074a42d881a3,1742849375,101569.9671,1742849435,41569.9671,SQS
67e1c5d5771d074a42d881ab,1742849375,101565.9424,1742849435,41565.9424,SQS
67e1c5d5771d074a42d881ec,1742849375,101856.6735,1742849435,41856.6735,SQS
67e1c5d5771d074a42d881ca,1742849375,101744.9075,1742849435,41744.9075,SQS
67e1c5d5771d074a42d881d3,1742849375,101758.3364,1742849435,41758.3364,SQS
67e1c5d5771d074a42d88199,1742849375,101522.9065,1742849435,41522.9065,SQS
67e1c5d5771d074a42d881d0,1742849375,101753.7827,1742849435,41753.7827,SQS
67e1c5d5771d074a42d881d7,1742849375,101742.3676,1742849435,41742.3676,SQS
67e1c5d5771d074a42d881dc,1742849375,101771.9343,1742849435,41771.9343,SQS
67e1c5d5771d074a42d881db,1742849375,101769.0488,1742849435,41769.0488,SQS
67e1c5d5771d074a42d881d8,1742849375,101764.7651,1742849435,41764.7651,SQS
67e1c5d5771d074a42d881d2,1742849375,101756.1144,1742849435,41756.1144,SQS
67e1c5d5771d074a42d8819e,1742849375,101531.5882,1742849435,41531.5882,SQS
67e1c5d5771d074a42d881d4,1742849375,101759.0567,1742849435,41759.0567,SQS
67e1c5d5771d074a42d881af,1742849375,101643.4811,1742849435,41643.4811,SQS
67e1c5d5771d074a42d881b0,1742849375,101644.3267,1742849435,41644.3267,SQS
67e1c5d5771d074a42d8819b,1742849375,101527.6852,1742849435,41527.6852,SQS
67e1c5d5771d074a42d881ee,1742849375,101862.6661,1742849435,41862.6661,SQS
67e1c5d5771d074a42d881c4,1742849375,101708.7207,1742849435,41708.7207,SQS
67e1c5d5771d074a42d881a1,1742849375,101566.7422,1742849435,41566.7422,SQS
67e1c5d5771d074a42d881f3,1742849375,101925.9327,1742849435,41925.9327,SQS
67e1c5d5771d074a42d881eb,1742849375,101857.8334,1742849435,41857.8334,SQS
67e1c5d5771d074a42d881c5,1742849375,101710.3531,1742849435,41710.3531,SQS
67e1c5d5771d074a42d881c9,1742849375,101744.1264,1742849435,41744.1264,SQS
67e1c5d5771d074a42d881cc,1742849375,101748.1974,1742849435,41748.1974,SQS
67e1c5d5771d074a42d881cb,1742849375,101747.3328,1742849435,41747.3328,SQS
67e1c5d5771d074a42d881f0,1742849375,101866.0203,1742849435,41866.0203,SQS
67e1c5d5771d074a42d881d6,1742849375,101761.4893,1742849435,41761.4893,SQS
67e1c5d5771d074a42d8823c,1742849375,102476.3104,1742849435,42476.3104,SQS
67e1c5d5771d074a42d881e8,1742849375,101848.0532,1742849435,41848.0532,SQS
67e1c5d5771d074a42d8823d,1742849375,101892.8168,1742849435,41892.8168,SQS
67e1c5d5771d074a42d881f2,1742849375,101924.2028,1742849435,41924.2028,SQS
67e1c5d5771d074a42d88253,1742849375,101866.8842,1742849435,41866.8842,SQS
67e1c5d5771d074a42d8822a,1742849375,102360.161,1742849435,42360.161,SQS
67e1c5d5771d074a42d881a5,1742849375,101598.5481,1742849435,41598.5481,SQS
67e1c5d5771d074a42d881f1,1742849375,101922.4603,1742849435,41922.4603,SQS
67e1c5d5771d074a42d8822b,1742849375,102362.4342,1742849435,42362.4342,SQS
67e1c5d5771d074a42d881da,1742849375,101768.1717,1742849435,41768.1717,SQS
67e1c5d5771d074a42d881c8,1742849375,101738.1252,1742849435,41738.1252,SQS
67e1c5d5771d074a42d881a8,1742849375,101602.304,1742849435,41602.304,SQS
67e1c5d5771d074a42d881cf,1742849375,101752.2057,1742849434,42752.2057,SQS
67e1c5d5771d074a42d88185,1742849375,101367.864,1742849434,42367.864,SQS
67e1c5d5771d074a42d8817b,1742849375,101303.3548,1742849434,42303.3548,SQS
67e1c5d5771d074a42d8817f,1742849375,101337.6486,1742849434,42337.6486,SQS
67e1c5d5771d074a42d8817d,1742849375,101333.5833,1742849434,42333.5833,SQS
67e1c5d5771d074a42d88175,1742849375,101210.498,1742849434,42210.498,SQS
67e1c5d5771d074a42d88255,1742849375,101815.7579,1742849434,42815.7579,SQS
67e1c5d5771d074a42d8817a,1742849375,101180.7067,1742849434,42180.7067,SQS
67e1c5d5771d074a42d8818a,1742849375,101405.6671,1742849434,42405.6671,SQS
67e1c5d5771d074a42d88195,1742849375,101483.1336,1742849434,42483.1336,SQS
67e1c5d5771d074a42d88174,1742849375,101149.2656,1742849434,42149.2656,SQS
67e1c5d5771d074a42d88172,1742849375,101059.0093,1742849434,42059.0093,SQS
67e1c5d5771d074a42d88177,1742849375,101241.5028,1742849434,42241.5028,SQS
67e1c5d5771d074a42d8819f,1742849375,101041.8889,1742849434,42041.8889,SQS
67e1c5d5771d074a42d881cd,1742849375,101740.5109,1742849434,42740.5109,SQS
67e1c5d5771d074a42d881bf,1742849375,101668.8888,1742849434,42668.8888,SQS
67e1c5d5771d074a42d8819a,1742849375,101526.1356,1742849434,42526.1356,SQS
67e1c5d5771d074a42d881bd,1742849375,101665.834,1742849434,42665.834,SQS
67e1c5d5771d074a42d88171,1742849375,101059.7701,1742849434,42059.7701,SQS
67e1c5d5771d074a42d8817e,1742849375,101335.3119,1742849434,42335.3119,SQS
67e1c5d5771d074a42d8817c,1742849375,101209.6431,1742849434,42209.6431,SQS
67e1c5d5771d074a42d88196,1742849375,101519.3936,1742849434,42519.3936,SQS
67e1c5d5771d074a42d881a6,1742849375,101599.3448,1742849434,42599.3448,SQS
67e1c5d5771d074a42d881aa,1742849375,101605.3153,1742849434,42605.3153,SQS
67e1c5d5771d074a42d8816d,1742849375,101048.3658,1742849434,42048.3658,SQS
67e1c5d5771d074a42d8816f,1742849375,101055.6638,1742849434,42055.6638,SQS
67e1c5d5771d074a42d8818d,1742849375,101472.9147,1742849434,42472.9147,SQS
67e1c5d5771d074a42d881dd,1742849375,101772.834,1742849434,42772.834,SQS
67e1c5d5771d074a42d88186,1742849375,101395.6353,1742849434,42395.6353,SQS
67e1c5d5771d074a42d88184,1742849375,101369.4519,1742849434,42369.4519,SQS
67e1c5d5771d074a42d881de,1742849375,101775.4751,1742849434,42775.4751,SQS
67e1c5d5771d074a42d88194,1742849375,101480.5528,1742849434,42480.5528,SQS
67e1c5d5771d074a42d8819c,1742849375,101526.9439,1742849434,42526.9439,SQS
67e1c5d5771d074a42d8818f,1742849375,101476.3011,1742849434,42476.3011,SQS
67e1c5d5771d074a42d881b3,1742849375,101650.6337,1742849434,42650.6337,SQS
67e1c5d5771d074a42d881ce,1742849375,101751.3503,1742849434,42751.3503,SQS
67e1c5d5771d074a42d881bc,1742849375,101660.2052,1742849434,42660.2052,SQS
67e1c5d5771d074a42d88183,1742849375,101367.0435,1742849434,42367.0435,SQS
67e1c5d5771d074a42d881b2,1742849375,101648.2896,1742849434,42648.2896,SQS
67e1c5d5771d074a42d881b6,1742849375,101654.3211,1742849434,42654.3211,SQS
67e1c5d5771d074a42d881b4,1742849375,101536.5603,1742849434,42536.5603,SQS
67e1c5d5771d074a42d881bb,1742849375,101664.0841,1742849434,42664.0841,SQS
67e1c5d5771d074a42d881ba,1742849375,101661.7853,1742849434,42661.7853,SQS
67e1c5d5771d074a42d881b8,1742849375,101657.2852,1742849434,42657.2852,SQS
67e1c5d5771d074a42d881c0,1742849375,101658.09,1742849434,42658.09,SQS
67e1c5d5771d074a42d88197,1742849375,101520.2771,1742849434,42520.2771,SQS
67e1c5d5771d074a42d881be,1742849375,101668.1035,1742849434,42668.1035,SQS
67e1c5d5771d074a42d8818e,1742849375,101408.2063,1742849434,42408.2063,SQS
67e1c5d5771d074a42d88193,1742849375,101481.3484,1742849434,42481.3484,SQS
67e1c5d5771d074a42d88192,1742849375,101366.1439,1742849434,42366.1439,SQS
67e1c5d5771d074a42d881a7,1742849375,101601.5873,1742849434,42601.5873,SQS
67e1c5d5771d074a42d8819d,1742849375,101530.8039,1742849434,42530.8039,SQS
67e1c5d5771d074a42d88162,1742849375,100915.1782,1742849434,41915.1782,SQS
67e1c5d5771d074a42d88168,1742849375,101009.9169,1742849434,42009.9169,SQS
67e1c5d5771d074a42d88170,1742849375,101056.5492,1742849434,42056.5492,SQS
67e1c5d5771d074a42d8816c,1742849375,101047.6252,1742849434,42047.6252,SQS
67e1c5d5771d074a42d8816e,1742849375,101043.5642,1742849434,42043.5642,SQS
67e1c5d5771d074a42d88178,1742849375,101243.257,1742849434,42243.257,SQS
67e1c5d5771d074a42d88176,1742849375,101214.48,1742849434,42214.48,SQS
67e1c5d5771d074a42d88180,1742849375,101086.5033,1742849434,42086.5033,SQS
67e1c5d5771d074a42d88173,1742849375,101042.7187,1742849434,42042.7187,SQS
67e1c5d5771d074a42d8815e,1742849375,100827.3199,1742849434,41827.3199,SQS
67e1c5d5771d074a42d88188,1742849375,101401.2572,1742849434,42401.2572,SQS
67e1c5d5771d074a42d88169,1742849375,101039.2397,1742849434,42039.2397,SQS
67e1c5d5771d074a42d8818c,1742849375,101442.143,1742849434,42442.143,SQS
67e1c5d5771d074a42d88161,1742849375,100947.2293,1742849434,41947.2293,SQS
67e1c5d5771d074a42d881a2,1742849375,101567.5217,1742849434,42567.5217,SQS
67e1c5d5771d074a42d881b7,1742849375,101655.0658,1742849434,42655.0658,SQS
67e1c5d5771d074a42d88182,1742849375,101117.3301,1742849434,42117.3301,SQS
67e1c5d5771d074a42d881c2,1742849375,101040.9799,1742849434,42040.9799,SQS
67e1c5d5771d074a42d88158,1742849375,100794.732,1742849434,41794.732,SQS
67e1c5d5771d074a42d88157,1742849375,100793.8751,1742849434,41793.8751,SQS
67e1c5d5771d074a42d8815c,1742849375,100823.9527,1742849434,41823.9527,SQS
67e1c5d5771d074a42d88164,1742849375,100978.0636,1742849434,41978.0636,SQS
67e1c5d5771d074a42d8815b,1742849375,100823.0568,1742849434,41823.0568,SQS
67e1c5d5771d074a42d881df,1742849375,101776.3713,1742849434,42776.3713,SQS
67e1c5d5771d074a42d8816a,1742849375,101044.5174,1742849434,42044.5174,SQS
67e1c5d5771d074a42d88190,1742849375,101398.7144,1742849434,42398.7144,SQS
67e1c5d5771d074a42d88163,1742849375,100884.1578,1742849434,41884.1578,SQS
67e1c5d5771d074a42d8816b,1742849375,101045.3219,1742849434,42045.3219,SQS
67e1c5d5771d074a42d88166,1742849375,100977.1697,1742849434,41977.1697,SQS
67e1c5d5771d074a42d88167,1742849375,101008.2568,1742849434,42008.2568,SQS
67e1c5d5771d074a42d881ae,1742849375,101611.6545,1742849434,42611.6545,SQS
67e1c5d5771d074a42d8818b,1742849375,101401.5042,1742849434,42401.5042,SQS
67e1c5d6771d074a42d888f9,1742849375,114337.6122,1742849434,55337.6122,SQS
67e1c5d5771d074a42d88160,1742849375,100946.2052,1742849434,41946.2052,SQS
67e1c5d5771d074a42d88165,1742849375,100979.8728,1742849434,41979.8728,SQS
67e1c5d5771d074a42d88179,1742849375,101272.8013,1742849434,42272.8013,SQS
67e1c5d5771d074a42d88181,1742849375,101340.2965,1742849434,42340.2965,SQS
67e1c5d5771d074a42d88187,1742849375,101397.9365,1742849434,42397.9365,SQS
67e1c5d5771d074a42d88189,1742849375,101403.0584,1742849434,42403.0584,SQS
67e1c5d5771d074a42d88191,1742849375,101404.8014,1742849434,42404.8014,SQS
67e1c5d5771d074a42d88159,1742849375,100793.0785,1742849434,41793.0785,SQS
67e1c5d5771d074a42d88198,1742849375,101523.7213,1742849434,42523.7213,SQS
67e1c5d5771d074a42d881a0,1742849375,101534.5892,1742849434,42534.5892,SQS
67e1c5d5771d074a42d881a4,1742849375,101570.7962,1742849434,42570.7962,SQS
67e1c5d5771d074a42d881a9,1742849375,101604.5164,1742849434,42604.5164,SQS
67e1c5d5771d074a42d881b1,1742849375,101647.4127,1742849434,42647.4127,SQS
67e1c5d5771d074a42d881b5,1742849375,101652.1845,1742849434,42652.1845,SQS
67e1c5d5771d074a42d881b9,1742849375,101660.9758,1742849434,42660.9758,SQS
67e1c5d5771d074a42d881c1,1742849375,101671.271,1742849434,42671.271,SQS
67e1c5d5771d074a42d881c3,1742849375,101706.0719,1742849434,42706.0719,SQS
67e1c5d5771d074a42d881c6,1742849375,101707.8568,1742849434,42707.8568,SQS
67e1c5d5771d074a42d881c7,1742849375,101737.2834,1742849434,42737.2834,SQS
67e1c5d5771d074a42d881e1,1742849375,101779.8536,1742849433,43779.8536,SQS
67e1c5d5771d074a42d881e5,1742849375,101787.5877,1742849433,43787.5877,SQS
67e1c5d5771d074a42d88146,1742849375,100530.4031,1742849433,42530.4031,SQS
67e1c5d5771d074a42d880f6,1742849375,99822.7131,1742849433,41822.7131,SQS
67e1c5d5771d074a42d88144,1742849375,100558.6847,1742849433,42558.6847,SQS
67e1c5d5771d074a42d880f3,1742849375,99818.4348,1742849433,41818.4348,SQS
67e1c5d5771d074a42d880f2,1742849375,99792.9682,1742849433,41792.9682,SQS
67e1c5d5771d074a42d880f1,1742849375,99792.1375,1742849433,41792.1375,SQS
67e1c5d5771d074a42d881e2,1742849375,101780.7338,1742849433,43780.7338,SQS
67e1c5d5771d074a42d88153,1742849375,100435.0406,1742849433,42435.0406,SQS
67e1c5d5771d074a42d880ea,1742849375,99779.7464,1742849433,41779.7464,SQS
67e1c5d5771d074a42d88309,1742849375,103689.4162,1742849433,45689.4162,SQS
67e1c5d5771d074a42d88341,1742849375,100258.4293,1742849433,42258.4293,SQS
67e1c5d5771d074a42d88345,1742849375,104219.7638,1742849433,46219.7638,SQS
67e1c5d5771d074a42d88349,1742849375,104254.2416,1742849433,46254.2416,SQS
67e1c5d5771d074a42d88100,1742849375,99839.4126,1742849433,41839.4126,SQS
67e1c5d5771d074a42d880fb,1742849375,99831.8982,1742849433,41831.8982,SQS
67e1c5d5771d074a42d88147,1742849375,100652.3516,1742849433,42652.3516,SQS
67e1c5d5771d074a42d88347,1742849375,104247.7688,1742849433,46247.7688,SQS
67e1c5d5771d074a42d88148,1742849375,100683.7161,1742849433,42683.7161,SQS
67e1c5d5771d074a42d88102,1742849375,99842.8435,1742849433,41842.8435,SQS
67e1c5d5771d074a42d88104,1742849375,99845.4551,1742849433,41845.4551,SQS
67e1c5d5771d074a42d88106,1742849375,99849.0715,1742849433,41849.0715,SQS
67e1c5d5771d074a42d8826f,1742849375,102672.7477,1742849433,44672.7477,SQS
67e1c5d5771d074a42d880fa,1742849375,99829.3393,1742849433,41829.3393,SQS
67e1c5d5771d074a42d880d0,1742849375,99737.3809,1742849433,41737.3809,SQS
67e1c5d5771d074a42d8811a,1742849375,99939.5073,1742849433,41939.5073,SQS
67e1c5d5771d074a42d8811b,1742849375,99940.4376,1742849433,41940.4376,SQS
67e1c5d5771d074a42d8814a,1742849375,100687.009,1742849433,42687.009,SQS
67e1c5d5771d074a42d8810a,1742849375,99856.4282,1742849433,41856.4282,SQS
67e1c5d5771d074a42d88140,1742849375,100467.8068,1742849433,42467.8068,SQS
67e1c5d5771d074a42d881e4,1742849375,101784.1528,1742849433,43784.1528,SQS
67e1c5d5771d074a42d8834b,1742849375,100095.5816,1742849433,42095.5816,SQS
67e1c5d5771d074a42d880ef,1742849375,99787.5253,1742849433,41787.5253,SQS
67e1c5d5771d074a42d880e0,1742849375,99762.3439,1742849433,41762.3439,SQS
67e1c5d5771d074a42d881e7,1742849375,101845.849,1742849433,43845.849,SQS
67e1c5d5771d074a42d8834c,1742849375,104260.4737,1742849433,46260.4737,SQS
67e1c5d5771d074a42d881e6,1742849375,101786.7247,1742849433,43786.7247,SQS
67e1c5d5771d074a42d88118,1742849375,99914.9993,1742849433,41914.9993,SQS
67e1c5d5771d074a42d8833e,1742849375,104209.1373,1742849433,46209.1373,SQS
67e1c5d5771d074a42d8811e,1742849375,99947.6324,1742849433,41947.6324,SQS
67e1c5d5771d074a42d88344,1742849375,104218.8829,1742849433,46218.8829,SQS
67e1c5d5771d074a42d880e4,1742849375,99770.2857,1742849433,41770.2857,SQS
67e1c5d5771d074a42d88346,1742849375,100253.4042,1742849433,42253.4042,SQS
67e1c5d5771d074a42d88342,1742849375,104215.2003,1742849433,46215.2003,SQS
67e1c5d5771d074a42d8834e,1742849375,104263.6582,1742849433,46263.6582,SQS
67e1c5d5771d074a42d8826d,1742849375,100620.7622,1742849433,42620.7622,SQS
67e1c5d5771d074a42d8826e,1742849375,100373.9925,1742849433,42373.9925,SQS
67e1c5d5771d074a42d88340,1742849375,104211.7317,1742849433,46211.7317,SQS
67e1c5d5771d074a42d88343,1742849375,104216.2679,1742849433,46216.2679,SQS
67e1c5d5771d074a42d88348,1742849375,104250.4444,1742849433,46250.4444,SQS
67e1c5d5771d074a42d8834a,1742849375,104256.9544,1742849433,46256.9544,SQS
67e1c5d5771d074a42d88117,1742849375,99912.3552,1742849433,41912.3552,SQS
67e1c5d5771d074a42d880e2,1742849375,99766.6515,1742849433,41766.6515,SQS
67e1c5d5771d074a42d88108,1742849375,99852.728,1742849433,41852.728,SQS
67e1c5d5771d074a42d88270,1742849375,102673.6499,1742849433,44673.6499,SQS
67e1c5d5771d074a42d8826b,1742849375,102667.2014,1742849433,44667.2014,SQS
67e1c5d5771d074a42d88103,1742849375,99817.6905,1742849433,41817.6905,SQS
67e1c5d5771d074a42d8814e,1742849375,100693.3181,1742849433,42693.3181,SQS
67e1c5d5771d074a42d8813b,1742849375,100374.9216,1742849433,42374.9216,SQS
67e1c5d5771d074a42d88143,1742849375,100531.4228,1742849433,42531.4228,SQS
67e1c5d5771d074a42d8813f,1742849375,100437.6628,1742849433,42437.6628,SQS
67e1c5d5771d074a42d88129,1742849375,100019.489,1742849433,42019.489,SQS
67e1c5d5771d074a42d88152,1742849375,100733.464,1742849433,42733.464,SQS
67e1c5d5771d074a42d881e3,1742849375,101783.3122,1742849433,43783.3122,SQS
67e1c5d5771d074a42d880d9,1742849375,99751.1353,1742849433,41751.1353,SQS
67e1c5d5771d074a42d8815a,1742849375,100798.2445,1742849433,42798.2445,SQS
67e1c5d5771d074a42d880f4,1742849375,99819.2898,1742849433,41819.2898,SQS
67e1c5d5771d074a42d88156,1742849375,100764.0339,1742849433,42764.0339,SQS
67e1c5d5771d074a42d88308,1742849375,103690.3211,1742849433,45690.3211,SQS
67e1c5d5771d074a42d88154,1742849375,100466.0416,1742849433,42466.0416,SQS
67e1c5d5771d074a42d8830a,1742849375,103720.2667,1742849433,45720.2667,SQS
67e1c5d5771d074a42d88306,1742849375,100792.2366,1742849433,42792.2366,SQS
67e1c5d5771d074a42d8814c,1742849375,100690.2595,1742849433,42690.2595,SQS
67e1c5d5771d074a42d880df,1742849375,99761.2977,1742849433,41761.2977,SQS
67e1c5d5771d074a42d88150,1742849375,100729.3869,1742849433,42729.3869,SQS
67e1c5d5771d074a42d8814f,1742849375,100694.2856,1742849433,42694.2856,SQS
67e1c5d5771d074a42d880e5,1742849375,99771.1696,1742849433,41771.1696,SQS
67e1c5d5771d074a42d88142,1742849375,100497.9843,1742849433,42497.9843,SQS
67e1c5d5771d074a42d880f8,1742849375,99825.9555,1742849433,41825.9555,SQS
67e1c5d5771d074a42d8833d,1742849375,104208.2314,1742849433,46208.2314,SQS
67e1c5d5771d074a42d8833f,1742849375,100280.3908,1742849433,42280.3908,SQS
67e1c5d5771d074a42d880e8,1742849375,99777.3015,1742849433,41777.3015,SQS
67e1c5d5771d074a42d880f5,1742849375,99821.8525,1742849433,41821.8525,SQS
67e1c5d5771d074a42d880f9,1742849375,99828.4749,1742849433,41828.4749,SQS
67e1c5d5771d074a42d88101,1742849375,99841.9267,1742849433,41841.9267,SQS
67e1c5d5771d074a42d88105,1742849375,99848.1575,1742849433,41848.1575,SQS
67e1c5d5771d074a42d88107,1742849375,99851.8647,1742849433,41851.8647,SQS
67e1c5d5771d074a42d88109,1742849375,99855.5062,1742849433,41855.5062,SQS
67e1c5d5771d074a42d88119,1742849375,99910.8002,1742849433,41910.8002,SQS
67e1c5d5771d074a42d8811d,1742849375,99944.0284,1742849433,41944.0284,SQS
67e1c5d5771d074a42d8811f,1742849375,99946.6989,1742849433,41946.6989,SQS
67e1c5d5771d074a42d88131,1742849375,100129.1303,1742849433,42129.1303,SQS
67e1c5d5771d074a42d8812e,1742849375,100065.542,1742849433,42065.542,SQS
67e1c5d5771d074a42d8812b,1742849375,100024.0023,1742849433,42024.0023,SQS
67e1c5d5771d074a42d8812a,1742849375,100021.6398,1742849433,42021.6398,SQS
67e1c5d5771d074a42d88141,1742849375,100469.8146,1742849433,42469.8146,SQS
67e1c5d5771d074a42d88145,1742849375,100560.3588,1742849433,42560.3588,SQS
67e1c5d5771d074a42d8812f,1742849375,100064.5211,1742849433,42064.5211,SQS
67e1c5d5771d074a42d88149,1742849375,100684.6086,1742849433,42684.6086,SQS
67e1c5d5771d074a42d88151,1742849375,100731.4606,1742849433,42731.4606,SQS
67e1c5d5771d074a42d88155,1742849375,100763.1486,1742849433,42763.1486,SQS
67e1c5d5771d074a42d88133,1742849375,100132.0252,1742849433,42132.0252,SQS
67e1c5d5771d074a42d8812c,1742849375,100025.2184,1742849433,42025.2184,SQS
67e1c5d5771d074a42d8812d,1742849375,100018.4263,1742849433,42018.4263,SQS
67e1c5d5771d074a42d88135,1742849375,100249.3833,1742849433,42249.3833,SQS
67e1c5d5771d074a42d8815f,1742849375,100855.1488,1742849433,42855.1488,SQS
67e1c5d5771d074a42d88120,1742849375,99950.4668,1742849433,41950.4668,SQS
67e1c5d5771d074a42d88136,1742849375,100250.273,1742849433,42250.273,SQS
67e1c5d5771d074a42d8813d,1742849375,100404.8362,1742849433,42404.8362,SQS
67e1c5d5771d074a42d88139,1742849375,100313.1309,1742849433,42313.1309,SQS
67e1c5d5771d074a42d88138,1742849375,100311.3566,1742849433,42311.3566,SQS
67e1c5d5771d074a42d8813a,1742849375,100187.3655,1742849433,42187.3655,SQS
67e1c5d5771d074a42d88137,1742849375,100255.9631,1742849433,42255.9631,SQS
67e1c5d5771d074a42d8814d,1742849375,100691.022,1742849433,42691.022,SQS
67e1c5d5771d074a42d88134,1742849375,100156.3355,1742849433,42156.3355,SQS
67e1c5d5771d074a42d8815d,1742849375,100826.4927,1742849433,42826.4927,SQS
67e1c5d5771d074a42d88132,1742849375,100128.1445,1742849433,42128.1445,SQS
67e1c5d5771d074a42d8814b,1742849375,100687.8274,1742849433,42687.8274,SQS
67e1c5d5771d074a42d8813e,1742849375,100408.5314,1742849433,42408.5314,SQS
67e1c5d5771d074a42d881e0,1742849375,100857.4331,1742849433,42857.4331,SQS
67e1c5d5771d074a42d8813c,1742849375,100405.863,1742849433,42405.863,SQS
67e1c5d5771d074a42d880d8,1742849375,99750.256,1742849433,41750.256,SQS
67e1c5d5771d074a42d88130,1742849375,100125.6594,1742849433,42125.6594,SQS
67e1c5d5771d074a42d8811c,1742849375,99943.1195,1742849433,41943.1195,SQS
67e1c5d5771d074a42d8826c,1742849375,102668.0795,1742849433,44668.0795,SQS
67e1c5d5771d074a42d880b0,1742849375,99417.46,1742849432,42417.46,SQS
67e1c5d5771d074a42d880ae,1742849375,99413.3104,1742849432,42413.3104,SQS
67e1c5d5771d074a42d880b4,1742849375,99426.1366,1742849432,42426.1366,SQS
67e1c5d5771d074a42d880b3,1742849375,99425.0833,1742849432,42425.0833,SQS
67e1c5d5771d074a42d880ad,1742849375,99297.7681,1742849432,42297.7681,SQS
67e1c5d5771d074a42d880b2,1742849375,99196.0933,1742849432,42196.0933,SQS
67e1c5d5771d074a42d880ac,1742849375,99383.2171,1742849432,42383.2171,SQS
67e1c5d5771d074a42d880ee,1742849375,99786.5959,1742849432,42786.5959,SQS
67e1c5d5771d074a42d880b6,1742849375,99428.3507,1742849432,42428.3507,SQS
67e1c5d5771d074a42d880ab,1742849375,99380.5749,1742849432,42380.5749,SQS
67e1c5d5771d074a42d880f7,1742849375,99825.1181,1742849432,42825.1181,SQS
67e1c5d5771d074a42d880bc,1742849375,99443.7531,1742849432,42443.7531,SQS
67e1c5d5771d074a42d880bb,1742849375,99440.7232,1742849432,42440.7232,SQS
67e1c5d5771d074a42d880ba,1742849375,99423.1033,1742849432,42423.1033,SQS
67e1c5d5771d074a42d880be,1742849375,99452.1961,1742849432,42452.1961,SQS
67e1c5d5771d074a42d880fe,1742849375,99836.0092,1742849432,42836.0092,SQS
67e1c5d5771d074a42d880c0,1742849375,99456.5264,1742849432,42456.5264,SQS
67e1c5d5771d074a42d880fc,1742849375,99832.7377,1742849432,42832.7377,SQS
67e1c5d5771d074a42d88061,1742849375,98918.8704,1742849432,41918.8704,SQS
67e1c5d5771d074a42d88062,1742849375,98919.8048,1742849432,41919.8048,SQS
67e1c5d5771d074a42d88064,1742849375,98923.6086,1742849432,41923.6086,SQS
67e1c5d5771d074a42d88066,1742849375,98926.3,1742849432,41926.3,SQS
67e1c5d5771d074a42d880c6,1742849375,99661.6798,1742849432,42661.6798,SQS
67e1c5d5771d074a42d880aa,1742849375,99377.0618,1742849432,42377.0618,SQS
67e1c5d5771d074a42d8806b,1742849375,98937.8501,1742849432,41937.8501,SQS
67e1c5d5771d074a42d880b8,1742849375,99433.396,1742849432,42433.396,SQS
67e1c5d5771d074a42d880c2,1742849375,99521.9645,1742849432,42521.9645,SQS
67e1c5d5771d074a42d88076,1742849375,99018.1929,1742849432,42018.1929,SQS
67e1c5d5771d074a42d88070,1742849375,98945.4825,1742849432,41945.4825,SQS
67e1c5d5771d074a42d88074,1742849375,99015.3262,1742849432,42015.3262,SQS
67e1c5d5771d074a42d8807a,1742849375,99060.9769,1742849432,42060.9769,SQS
67e1c5d5771d074a42d8807b,1742849375,99059.1947,1742849432,42059.1947,SQS
67e1c5d5771d074a42d880ca,1742849375,99725.148,1742849432,42725.148,SQS
67e1c5d5771d074a42d8807c,1742849375,99063.7455,1742849432,42063.7455,SQS
67e1c5d5771d074a42d88080,1742849375,99069.94,1742849432,42069.94,SQS
67e1c5d5771d074a42d88082,1742849375,99073.563,1742849432,42073.563,SQS
67e1c5d5771d074a42d8806e,1742849375,98942.057,1742849432,41942.057,SQS
67e1c5d5771d074a42d8807e,1742849375,99067.323,1742849432,42067.323,SQS
67e1c5d5771d074a42d8808e,1742849375,99095.5247,1742849432,42095.5247,SQS
67e1c5d5771d074a42d8808c,1742849375,99091.6255,1742849432,42091.6255,SQS
67e1c5d5771d074a42d88090,1742849375,99098.3425,1742849432,42098.3425,SQS
67e1c5d5771d074a42d8808b,1742849375,99083.1046,1742849432,42083.1046,SQS
67e1c5d5771d074a42d88093,1742849375,99167.4163,1742849432,42167.4163,SQS
67e1c5d5771d074a42d88092,1742849375,99136.1051,1742849432,42136.1051,SQS
67e1c5d5771d074a42d8808a,1742849375,99088.7109,1742849432,42088.7109,SQS
67e1c5d5771d074a42d88096,1742849375,99289.0152,1742849432,42289.0152,SQS
67e1c5d5771d074a42d88098,1742849375,99292.6107,1742849432,42292.6107,SQS
67e1c5d5771d074a42d880cb,1742849375,99723.381,1742849432,42723.381,SQS
67e1c5d5771d074a42d8809b,1742849375,99258.051,1742849432,42258.051,SQS
67e1c5d5771d074a42d88094,1742849375,99168.4278,1742849432,42168.4278,SQS
67e1c5d5771d074a42d8809a,1742849375,99258.8859,1742849432,42258.8859,SQS
67e1c5d5771d074a42d880ce,1742849375,99732.0648,1742849432,42732.0648,SQS
67e1c5d5771d074a42d8809e,1742849375,99304.3486,1742849432,42304.3486,SQS
67e1c5d5771d074a42d880ed,1742849375,99783.9031,1742849432,42783.9031,SQS
67e1c5d5771d074a42d880d3,1742849375,99738.2822,1742849432,42738.2822,SQS
67e1c5d5771d074a42d880d2,1742849375,99740.8384,1742849432,42740.8384,SQS
67e1c5d5771d074a42d880a0,1742849375,99307.0579,1742849432,42307.0579,SQS
67e1c5d5771d074a42d880ec,1742849375,99783.1578,1742849432,42783.1578,SQS
67e1c5d5771d074a42d8809f,1742849375,99303.3548,1742849432,42303.3548,SQS
67e1c5d5771d074a42d880d4,1742849375,99735.3923,1742849432,42735.3923,SQS
67e1c5d5771d074a42d880cc,1742849375,99728.6245,1742849432,42728.6245,SQS
67e1c5d5771d074a42d880a2,1742849375,99310.9457,1742849432,42310.9457,SQS
67e1c5d5771d074a42d880eb,1742849375,99490.8283,1742849432,42490.8283,SQS
67e1c5d5771d074a42d8809c,1742849375,99299.4254,1742849432,42299.4254,SQS
67e1c5d5771d074a42d8806c,1742849375,98938.7195,1742849432,41938.7195,SQS
67e1c5d5771d074a42d880e6,1742849375,99773.8212,1742849432,42773.8212,SQS
67e1c5d5771d074a42d880da,1742849375,99746.9161,1742849432,42746.9161,SQS
67e1c5d5771d074a42d880dc,1742849375,99755.384,1742849432,42755.384,SQS
67e1c5d5771d074a42d88086,1742849375,99057.4117,1742849432,42057.4117,SQS
67e1c5d5771d074a42d8808d,1742849375,99094.6499,1742849432,42094.6499,SQS
67e1c5d5771d074a42d8806a,1742849375,98932.5427,1742849432,41932.5427,SQS
67e1c5d5771d074a42d88063,1742849375,98922.7302,1742849432,41922.7302,SQS
67e1c5d5771d074a42d88077,1742849375,99021.0762,1742849432,42021.0762,SQS
67e1c5d5771d074a42d88084,1742849375,99077.3863,1742849432,42077.3863,SQS
67e1c5d5771d074a42d880c3,1742849375,99523.216,1742849432,42523.216,SQS
67e1c5d5771d074a42d880db,1742849375,99754.5494,1742849432,42754.5494,SQS
67e1c5d5771d074a42d880a7,1742849375,99371.1667,1742849432,42371.1667,SQS
67e1c5d5771d074a42d880af,1742849375,99414.4849,1742849432,42414.4849,SQS
67e1c5d5771d074a42d88097,1742849375,99290.9507,1742849432,42290.9507,SQS
67e1c5d5771d074a42d88083,1742849375,99074.6438,1742849432,42074.6438,SQS
67e1c5d5771d074a42d880a4,1742849375,99314.1344,1742849432,42314.1344,SQS
67e1c5d5771d074a42d880a3,1742849375,99298.5976,1742849432,42298.5976,SQS
67e1c5d5771d074a42d880c4,1742849375,99588.4304,1742849432,42588.4304,SQS
67e1c5d5771d074a42d88065,1742849375,98927.2884,1742849432,41927.2884,SQS
67e1c5d5771d074a42d88067,1742849375,98930.8072,1742849432,41930.8072,SQS
67e1c5d5771d074a42d88068,1742849375,98933.4239,1742849432,41933.4239,SQS
67e1c5d5771d074a42d8806d,1742849375,98931.6418,1742849432,41931.6418,SQS
67e1c5d5771d074a42d8806f,1742849375,98942.8987,1742849432,41942.8987,SQS
67e1c5d5771d074a42d88071,1742849375,98946.3835,1742849432,41946.3835,SQS
67e1c5d5771d074a42d88075,1742849375,99017.2548,1742849432,42017.2548,SQS
67e1c5d5771d074a42d88078,1742849375,99021.9912,1742849432,42021.9912,SQS
67e1c5d5771d074a42d88079,1742849375,99060.0939,1742849432,42060.0939,SQS
67e1c5d5771d074a42d8807d,1742849375,99066.4729,1742849432,42066.4729,SQS
67e1c5d5771d074a42d8807f,1742849375,99058.3508,1742849432,42058.3508,SQS
67e1c5d5771d074a42d88081,1742849375,99014.3694,1742849432,42014.3694,SQS
67e1c5d5771d074a42d88085,1742849375,99078.5093,1742849432,42078.5093,SQS
67e1c5d5771d074a42d88087,1742849375,99083.935,1742849432,42083.935,SQS
67e1c5d5771d074a42d88088,1742849375,99084.8981,1742849432,42084.8981,SQS
67e1c5d5771d074a42d88089,1742849375,99087.7319,1742849432,42087.7319,SQS
67e1c5d5771d074a42d8808f,1742849375,99082.1877,1742849432,42082.1877,SQS
67e1c5d5771d074a42d88095,1742849375,99172.1578,1742849432,42172.1578,SQS
67e1c5d5771d074a42d88099,1742849375,99293.4238,1742849432,42293.4238,SQS
67e1c5d5771d074a42d8809d,1742849375,99300.2888,1742849432,42300.2888,SQS
67e1c5d5771d074a42d880a1,1742849375,99308.0331,1742849432,42308.0331,SQS
67e1c5d5771d074a42d880a5,1742849375,99366.7603,1742849432,42366.7603,SQS
67e1c5d5771d074a42d880a8,1742849375,99372.1322,1742849432,42372.1322,SQS
67e1c5d5771d074a42d880a9,1742849375,99375.8131,1742849432,42375.8131,SQS
67e1c5d5771d074a42d880b1,1742849375,99418.4277,1742849432,42418.4277,SQS
67e1c5d5771d074a42d880b5,1742849375,99424.0905,1742849432,42424.0905,SQS
67e1c5d5771d074a42d880b7,1742849375,99432.4397,1742849432,42432.4397,SQS
67e1c5d5771d074a42d880b9,1742849375,99422.1837,1742849432,42422.1837,SQS
67e1c5d5771d074a42d880bd,1742849375,99445.257,1742849432,42445.257,SQS
67e1c5d5771d074a42d880bf,1742849375,99453.3582,1742849432,42453.3582,SQS
67e1c5d5771d074a42d880c1,1742849375,99493.0555,1742849432,42493.0555,SQS
67e1c5d5771d074a42d880c5,1742849375,99591.4937,1742849432,42591.4937,SQS
67e1c5d5771d074a42d880c7,1742849375,99664.9502,1742849432,42664.9502,SQS
67e1c5d5771d074a42d880c8,1742849375,99629.8008,1742849432,42629.8008,SQS
67e1c5d5771d074a42d880c9,1742849375,99724.2741,1742849432,42724.2741,SQS
67e1c5d5771d074a42d880cd,1742849375,99729.5085,1742849432,42729.5085,SQS
67e1c5d5771d074a42d880cf,1742849375,99732.8367,1742849432,42732.8367,SQS
67e1c5d5771d074a42d880d1,1742849375,99739.9369,1742849432,42739.9369,SQS
67e1c5d5771d074a42d880d5,1742849375,99736.3637,1742849432,42736.3637,SQS
67e1c5d5771d074a42d880d6,1742849375,99745.9993,1742849432,42745.9993,SQS
67e1c5d5771d074a42d880d7,1742849375,99747.7103,1742849432,42747.7103,SQS
67e1c5d5771d074a42d880dd,1742849375,99757.8663,1742849432,42757.8663,SQS
67e1c5d5771d074a42d880de,1742849375,99758.7514,1742849432,42758.7514,SQS
67e1c5d5771d074a42d880e1,1742849375,99764.7608,1742849432,42764.7608,SQS
67e1c5d5771d074a42d880e3,1742849375,99765.794,1742849432,42765.794,SQS
67e1c5d5771d074a42d880e7,1742849375,99774.7174,1742849432,42774.7174,SQS
67e1c5d5771d074a42d880e9,1742849375,99778.1685,1742849432,42778.1685,SQS
67e1c5d5771d074a42d880f0,1742849375,99722.5104,1742849432,42722.5104,SQS
67e1c5d5771d074a42d880fd,1742849375,99835.1413,1742849432,42835.1413,SQS
67e1c5d5771d074a42d880ff,1742849375,99838.6168,1742849432,42838.6168,SQS
67e1c5d5771d074a42d880a6,1742849375,99335.835,1742849432,42335.835,SQS
67e1c5d5771d074a42d88014,1742849375,98359.1181,1742849431,42359.1181,SQS
67e1c5d5771d074a42d88013,1742849375,98330.9479,1742849431,42330.9479,SQS
67e1c5d5771d074a42d8801a,1742849375,98452.2052,1742849431,42452.2052,SQS
67e1c5d5771d074a42d8801b,1742849375,98485.8387,1742849431,42485.8387,SQS
67e1c5d5771d074a42d8801e,1742849375,98490.2564,1742849431,42490.2564,SQS
67e1c5d5771d074a42d8801c,1742849375,98484.6572,1742849431,42484.6572,SQS
67e1c5d5771d074a42d88022,1742849375,98521.1995,1742849431,42521.1995,SQS
67e1c5d5771d074a42d88016,1742849375,98362.915,1742849431,42362.915,SQS
67e1c5d5771d074a42d88026,1742849375,98529.0904,1742849431,42529.0904,SQS
67e1c5d5771d074a42d8802c,1742849375,98628.3643,1742849431,42628.3643,SQS
67e1c5d5771d074a42d8802e,1742849375,98631.8967,1742849431,42631.8967,SQS
67e1c5d5771d074a42d88030,1742849375,98634.4493,1742849431,42634.4493,SQS
67e1c5d5771d074a42d88024,1742849375,98525.1731,1742849431,42525.1731,SQS
67e1c5d5771d074a42d8802a,1742849375,98623.6131,1742849431,42623.6131,SQS
67e1c5d5771d074a42d88034,1742849375,98700.1854,1742849431,42700.1854,SQS
67e1c5d5771d074a42d88033,1742849375,98731.1757,1742849431,42731.1757,SQS
67e1c5d5771d074a42d88036,1742849375,98763.8425,1742849431,42763.8425,SQS
67e1c5d5771d074a42d88032,1742849375,98733.0553,1742849431,42733.0553,SQS
67e1c5d5771d074a42d8803c,1742849375,98775.2462,1742849431,42775.2462,SQS
67e1c5d5771d074a42d8803b,1742849375,98772.4782,1742849431,42772.4782,SQS
67e1c5d5771d074a42d8803a,1742849375,98771.605,1742849431,42771.605,SQS
67e1c5d5771d074a42d8805b,1742849375,98908.9761,1742849431,42908.9761,SQS
67e1c5d5771d074a42d88042,1742849375,98637.156,1742849431,42637.156,SQS
67e1c5d5771d074a42d8804a,1742849375,98820.649,1742849431,42820.649,SQS
67e1c5d5771d074a42d88046,1742849375,98815.4455,1742849431,42815.4455,SQS
67e1c5d5771d074a42d8804e,1742849375,98825.9202,1742849431,42825.9202,SQS
67e1c5d5771d074a42d8804c,1742849375,98812.4425,1742849431,42812.4425,SQS
67e1c5d5771d074a42d88050,1742849375,98856.1041,1742849431,42856.1041,SQS
67e1c5d5771d074a42d88054,1742849375,98863.8541,1742849431,42863.8541,SQS
67e1c5d5771d074a42d88053,1742849375,98861.1678,1742849431,42861.1678,SQS
67e1c5d5771d074a42d8804b,1742849375,98821.6142,1742849431,42821.6142,SQS
67e1c5d5771d074a42d88052,1742849375,98860.3717,1742849431,42860.3717,SQS
67e1c5d5771d074a42d8805a,1742849375,98906.3675,1742849431,42906.3675,SQS
67e1c5d5771d074a42d8805c,1742849375,98909.9501,1742849431,42909.9501,SQS
67e1c5d5771d074a42d8805e,1742849375,98914.1868,1742849431,42914.1868,SQS
67e1c5d5771d074a42d88056,1742849375,98867.3938,1742849431,42867.3938,SQS
67e1c5d5771d074a42d8803e,1742849375,98779.8969,1742849431,42779.8969,SQS
67e1c5d5771d074a42d88072,1742849375,98981.8778,1742849431,42981.8778,SQS
67e1c5d5771d074a42d87fc2,1742849375,97763.4228,1742849431,41763.4228,SQS
67e1c5d5771d074a42d87fc0,1742849375,97759.8665,1742849431,41759.8665,SQS
67e1c5d5771d074a42d87fc4,1742849375,97801.8613,1742849431,41801.8613,SQS
67e1c5d5771d074a42d87fc3,1742849375,97765.4418,1742849431,41765.4418,SQS
67e1c5d5771d074a42d87fca,1742849375,97898.4997,1742849431,41898.4997,SQS
67e1c5d5771d074a42d87fc8,1742849375,97866.1265,1742849431,41866.1265,SQS
67e1c5d5771d074a42d87fcb,1742849375,97901.5958,1742849431,41901.5958,SQS
67e1c5d5771d074a42d87fcc,1742849375,97903.1337,1742849431,41903.1337,SQS
67e1c5d5771d074a42d87fd4,1742849375,98041.4331,1742849431,42041.4331,SQS
67e1c5d5771d074a42d87fd3,1742849375,98038.9842,1742849431,42038.9842,SQS
67e1c5d5771d074a42d87fd6,1742849375,98044.6226,1742849431,42044.6226,SQS
67e1c5d5771d074a42d87fd2,1742849375,98038.1557,1742849431,42038.1557,SQS
67e1c5d5771d074a42d87fc6,1742849375,97832.3255,1742849431,41832.3255,SQS
67e1c5d5771d074a42d87fdc,1742849375,98053.3018,1742849431,42053.3018,SQS
67e1c5d5771d074a42d87fde,1742849375,98058.5704,1742849431,42058.5704,SQS
67e1c5d5771d074a42d87fdb,1742849375,98054.0849,1742849431,42054.0849,SQS
67e1c5d5771d074a42d87fe0,1742849375,98063.8005,1742849431,42063.8005,SQS
67e1c5d5771d074a42d87fda,1742849375,98051.0085,1742849431,42051.0085,SQS
67e1c5d5771d074a42d88020,1742849375,98515.1692,1742849431,42515.1692,SQS
67e1c5d5771d074a42d87fe2,1742849375,98061.9514,1742849431,42061.9514,SQS
67e1c5d5771d074a42d87fe7,1742849375,98072.9332,1742849431,42072.9332,SQS
67e1c5d5771d074a42d87fe4,1742849375,98062.9357,1742849431,42062.9357,SQS
67e1c5d5771d074a42d87ff4,1742849375,98117.9997,1742849431,42117.9997,SQS
67e1c5d5771d074a42d87fef,1742849375,98088.2195,1742849431,42088.2195,SQS
67e1c5d5771d074a42d87ff6,1742849375,98122.6241,1742849431,42122.6241,SQS
67e1c5d5771d074a42d87ffc,1742849375,98132.4649,1742849431,42132.4649,SQS
67e1c5d5771d074a42d87ffb,1742849375,98129.3596,1742849431,42129.3596,SQS
67e1c5d5771d074a42d87ffa,1742849375,98128.612,1742849431,42128.612,SQS
67e1c5d5771d074a42d87ffe,1742849375,98131.5066,1742849431,42131.5066,SQS
67e1c5d5771d074a42d88000,1742849375,98137.935,1742849431,42137.935,SQS
67e1c5d5771d074a42d87fed,1742849375,98084.6374,1742849431,42084.6374,SQS
67e1c5d5771d074a42d88002,1742849375,98127.7894,1742849431,42127.7894,SQS
67e1c5d5771d074a42d87feb,1742849375,98080.818,1742849431,42080.818,SQS
67e1c5d5771d074a42d87fea,1742849375,98076.1739,1742849431,42076.1739,SQS
67e1c5d5771d074a42d87fce,1742849375,97904.9195,1742849431,41904.9195,SQS
67e1c5d5771d074a42d8802b,1742849375,98627.3067,1742849431,42627.3067,SQS
67e1c5d6771d074a42d888f7,1742849375,98033.7333,1742849431,42033.7333,SQS
67e1c5d5771d074a42d8810b,1742849375,99791.295,1742849431,43791.295,SQS
67e1c5d5771d074a42d87ff7,1742849375,98123.4082,1742849431,42123.4082,SQS
67e1c5d5771d074a42d88017,1742849375,98365.5645,1742849431,42365.5645,SQS
67e1c5d5771d074a42d88023,1742849375,98522.1903,1742849431,42522.1903,SQS
67e1c5d5771d074a42d8803f,1742849375,98778.8176,1742849431,42778.8176,SQS
67e1c5d5771d074a42d88043,1742849375,98669.2414,1742849431,42669.2414,SQS
67e1c5d5771d074a42d88044,1742849375,98809.6579,1742849431,42809.6579,SQS
67e1c5d5771d074a42d88057,1742849375,98901.7754,1742849431,42901.7754,SQS
67e1c5d6771d074a42d888f4,1742849375,114301.2752,1742849431,58301.2752,SQS
67e1c5d5771d074a42d87fbe,1742849375,97692.8768,1742849431,41692.8768,SQS
67e1c5d6771d074a42d888f5,1742849375,114304.5745,1742849431,58304.5745,SQS
67e1c5d6771d074a42d888f6,1742849375,114305.6898,1742849431,58305.6898,SQS
67e1c5d5771d074a42d87fcf,1742849375,98002.7593,1742849431,42002.7593,SQS
67e1c5d5771d074a42d87fc1,1742849375,97761.5364,1742849431,41761.5364,SQS
67e1c5d5771d074a42d87fc5,1742849375,97803.5382,1742849431,41803.5382,SQS
67e1c5d5771d074a42d87fc7,1742849375,97865.2222,1742849431,41865.2222,SQS
67e1c5d5771d074a42d87fc9,1742849375,97894.9345,1742849431,41894.9345,SQS
67e1c5d5771d074a42d87fcd,1742849375,97940.9213,1742849431,41940.9213,SQS
67e1c5d5771d074a42d87fd0,1742849375,98034.6891,1742849431,42034.6891,SQS
67e1c5d5771d074a42d87fd1,1742849375,98035.4923,1742849431,42035.4923,SQS
67e1c5d5771d074a42d87fd5,1742849375,98042.2303,1742849431,42042.2303,SQS
67e1c5d5771d074a42d87fd7,1742849375,98045.3337,1742849431,42045.3337,SQS
67e1c5d5771d074a42d87fd8,1742849375,98049.0325,1742849431,42049.0325,SQS
67e1c5d5771d074a42d87fd9,1742849375,98047.8089,1742849431,42047.8089,SQS
67e1c5d5771d074a42d87fe1,1742849375,98064.6484,1742849431,42064.6484,SQS
67e1c5d5771d074a42d87fe5,1742849375,98070.0839,1742849431,42070.0839,SQS
67e1c5d5771d074a42d87fe9,1742849375,98077.0599,1742849431,42077.0599,SQS
67e1c5d5771d074a42d87ff5,1742849375,98120.3065,1742849431,42120.3065,SQS
67e1c5d5771d074a42d87ff8,1742849375,98121.1349,1742849431,42121.1349,SQS
67e1c5d5771d074a42d87ff9,1742849375,98118.7867,1742849431,42118.7867,SQS
67e1c5d5771d074a42d87ffd,1742849375,98133.1579,1742849431,42133.1579,SQS
67e1c5d5771d074a42d87fff,1742849375,98136.4126,1742849431,42136.4126,SQS
67e1c5d5771d074a42d88001,1742849375,98137.202,1742849431,42137.202,SQS
67e1c5d5771d074a42d88015,1742849375,98361.9806,1742849431,42361.9806,SQS
67e1c5d5771d074a42d88018,1742849375,98330.0699,1742849431,42330.0699,SQS
67e1c5d5771d074a42d88019,1742849375,98368.19,1742849431,42368.19,SQS
67e1c5d5771d074a42d8801d,1742849375,98489.063,1742849431,42489.063,SQS
67e1c5d5771d074a42d8801f,1742849375,98514.2141,1742849431,42514.2141,SQS
67e1c5d5771d074a42d88021,1742849375,98390.1608,1742849431,42390.1608,SQS
67e1c5d5771d074a42d88025,1742849375,98526.1961,1742849431,42526.1961,SQS
67e1c5d5771d074a42d88027,1742849375,98530.3947,1742849431,42530.3947,SQS
67e1c5d5771d074a42d88028,1742849375,98519.1725,1742849431,42519.1725,SQS
67e1c5d5771d074a42d88029,1742849375,98594.5555,1742849431,42594.5555,SQS
67e1c5d5771d074a42d8802d,1742849375,98631.0412,1742849431,42631.0412,SQS
67e1c5d5771d074a42d8802f,1742849375,98626.3309,1742849431,42626.3309,SQS
67e1c5d5771d074a42d88031,1742849375,98732.2032,1742849431,42732.2032,SQS
67e1c5d5771d074a42d88035,1742849375,98701.0887,1742849431,42701.0887,SQS
67e1c5d5771d074a42d88037,1742849375,98764.6253,1742849431,42764.6253,SQS
67e1c5d5771d074a42d88038,1742849375,98768.8068,1742849431,42768.8068,SQS
67e1c5d5771d074a42d88039,1742849375,98767.904,1742849431,42767.904,SQS
67e1c5d5771d074a42d8803d,1742849375,98776.074,1742849431,42776.074,SQS
67e1c5d5771d074a42d88040,1742849375,98782.3405,1742849431,42782.3405,SQS
67e1c5d5771d074a42d88041,1742849375,98783.226,1742849431,42783.226,SQS
67e1c5d5771d074a42d88045,1742849375,98624.6195,1742849431,42624.6195,SQS
67e1c5d5771d074a42d88047,1742849375,98814.2807,1742849431,42814.2807,SQS
67e1c5d5771d074a42d88048,1742849375,98813.3689,1742849431,42813.3689,SQS
67e1c5d5771d074a42d88049,1742849375,98818.0848,1742849431,42818.0848,SQS
67e1c5d5771d074a42d8804d,1742849375,98825.066,1742849431,42825.066,SQS
67e1c5d5771d074a42d8804f,1742849375,98855.3028,1742849431,42855.3028,SQS
67e1c5d5771d074a42d88051,1742849375,98856.9233,1742849431,42856.9233,SQS
67e1c5d5771d074a42d88055,1742849375,98864.7305,1742849431,42864.7305,SQS
67e1c5d5771d074a42d88058,1742849375,98902.8382,1742849431,42902.8382,SQS
67e1c5d5771d074a42d88059,1742849375,98592.4482,1742849431,42592.4482,SQS
67e1c5d5771d074a42d8805d,1742849375,98520.2702,1742849431,42520.2702,SQS
67e1c5d5771d074a42d8805f,1742849375,98915.0786,1742849431,42915.0786,SQS
67e1c5d5771d074a42d88060,1742849375,98913.376,1742849431,42913.376,SQS
67e1c5d5771d074a42d88069,1742849375,98929.9117,1742849431,42929.9117,SQS
67e1c5d5771d074a42d88073,1742849375,99012.0381,1742849431,43012.0381,SQS
67e1c5d5771d074a42d8810d,1742849375,98421.227,1742849431,42421.227,SQS
67e1c5d5771d074a42d88091,1742849375,99011.0445,1742849431,43011.0445,SQS
67e1c5d5771d074a42d87fdf,1742849375,98059.4154,1742849431,42059.4154,SQS
67e1c5d5771d074a42d87fe3,1742849375,98067.3642,1742849431,42067.3642,SQS
67e1c5d6771d074a42d888f8,1742849375,114308.7403,1742849431,58308.7403,SQS
67e1c5d5771d074a42d88012,1742849375,98328.2116,1742849430,43328.2116,SQS
67e1c5d5771d074a42d88010,1742849375,98268.6635,1742849430,43268.6635,SQS
67e1c5d5771d074a42d8800e,1742849375,98238.7305,1742849430,43238.7305,SQS
67e1c5d5771d074a42d8800c,1742849375,98204.242,1742849430,43204.242,SQS
67e1c5d5771d074a42d87fba,1742849375,97656.7656,1742849430,42656.7656,SQS
67e1c5d5771d074a42d87fbb,1742849375,97655.1668,1742849430,42655.1668,SQS
67e1c5d5771d074a42d87fbc,1742849375,97526.4854,1742849430,42526.4854,SQS
67e1c5d5771d074a42d87fb6,1742849375,97651.0524,1742849430,42651.0524,SQS
67e1c5d5771d074a42d8800b,1742849375,98205.2751,1742849430,43205.2751,SQS
67e1c5d5771d074a42d87ff2,1742849375,98113.569,1742849430,43113.569,SQS
67e1c5d5771d074a42d87ff3,1742849375,98114.4086,1742849430,43114.4086,SQS
67e1c5d5771d074a42d88006,1742849375,98144.3002,1742849430,43144.3002,SQS
67e1c5d5771d074a42d88004,1742849375,97427.2699,1742849430,42427.2699,SQS
67e1c5d5771d074a42d8800a,1742849375,98174.764,1742849430,43174.764,SQS
67e1c5d5771d074a42d87f52,1742849375,96857.1965,1742849430,41857.1965,SQS
67e1c5d5771d074a42d87f55,1742849375,96863.321,1742849430,41863.321,SQS
67e1c5d5771d074a42d87f58,1742849375,96869.3829,1742849430,41869.3829,SQS
67e1c5d5771d074a42d87f51,1742849375,96829.7284,1742849430,41829.7284,SQS
67e1c5d5771d074a42d87f56,1742849375,96865.9225,1742849430,41865.9225,SQS
67e1c5d5771d074a42d87f5c,1742849375,96876.4181,1742849430,41876.4181,SQS
67e1c5d5771d074a42d87f5a,1742849375,96872.9628,1742849430,41872.9628,SQS
67e1c5d5771d074a42d87f5e,1742849375,96861.6137,1742849430,41861.6137,SQS
67e1c5d5771d074a42d87f62,1742849375,96887.322,1742849430,41887.322,SQS
67e1c5d5771d074a42d87f66,1742849375,96860.7254,1742849430,41860.7254,SQS
67e1c5d5771d074a42d87f60,1742849375,96883.5084,1742849430,41883.5084,SQS
67e1c5d5771d074a42d87f65,1742849375,96950.4014,1742849430,41950.4014,SQS
67e1c5d5771d074a42d87f6b,1742849375,96962.4263,1742849430,41962.4263,SQS
67e1c5d5771d074a42d87f6a,1742849375,96959.6324,1742849430,41959.6324,SQS
67e1c5d5771d074a42d87f68,1742849375,96956.0155,1742849430,41956.0155,SQS
67e1c5d5771d074a42d87f72,1742849375,96975.6944,1742849430,41975.6944,SQS
67e1c5d5771d074a42d87f74,1742849375,96979.4868,1742849430,41979.4868,SQS
67e1c5d5771d074a42d87f76,1742849375,96983.1311,1742849430,41983.1311,SQS
67e1c5d5771d074a42d87f7a,1742849375,96990.5547,1742849430,41990.5547,SQS
67e1c5d5771d074a42d87f7c,1742849375,96993.5756,1742849430,41993.5756,SQS
67e1c5d5771d074a42d87f7e,1742849375,97026.9528,1742849430,42026.9528,SQS
67e1c5d5771d074a42d87f78,1742849375,96986.9155,1742849430,41986.9155,SQS
67e1c5d5771d074a42d87f82,1742849375,97058.6332,1742849430,42058.6332,SQS
67e1c5d5771d074a42d87f84,1742849375,97062.4547,1742849430,42062.4547,SQS
67e1c5d5771d074a42d87f90,1742849375,97168.7333,1742849430,42168.7333,SQS
67e1c5d5771d074a42d87f8e,1742849375,97137.8545,1742849430,42137.8545,SQS
67e1c5d5771d074a42d87f92,1742849375,97172.2174,1742849430,42172.2174,SQS
67e1c5d5771d074a42d87f93,1742849375,97173.3198,1742849430,42173.3198,SQS
67e1c5d5771d074a42d87f8c,1742849375,97135.1305,1742849430,42135.1305,SQS
67e1c5d5771d074a42d87f94,1742849375,97107.5171,1742849430,42107.5171,SQS
67e1c5d5771d074a42d87f9a,1742849375,97338.7279,1742849430,42338.7279,SQS
67e1c5d5771d074a42d87f9e,1742849375,97336.6514,1742849430,42336.6514,SQS
67e1c5d5771d074a42d87f96,1742849375,97176.9366,1742849430,42176.9366,SQS
67e1c5d5771d074a42d87f9c,1742849375,97337.6992,1742849430,42337.6992,SQS
67e1c5d5771d074a42d87fa2,1742849375,97376.1849,1742849430,42376.1849,SQS
67e1c5d5771d074a42d87fa0,1742849375,97372.1794,1742849430,42372.1794,SQS
67e1c5d5771d074a42d87fa4,1742849375,97379.9309,1742849430,42379.9309,SQS
67e1c5d5771d074a42d87faa,1742849375,97424.5333,1742849430,42424.5333,SQS
67e1c5d5771d074a42d87fa6,1742849375,97417.0045,1742849430,42417.0045,SQS
67e1c5d5771d074a42d87fb5,1742849375,97648.4263,1742849430,42648.4263,SQS
67e1c5d5771d074a42d87fae,1742849375,97523.4553,1742849430,42523.4553,SQS
67e1c5d5771d074a42d87fa5,1742849375,97415.9602,1742849430,42415.9602,SQS
67e1c5d5771d074a42d87f81,1742849375,97057.6008,1742849430,42057.6008,SQS
67e1c5d5771d074a42d87fb4,1742849375,97647.5077,1742849430,42647.5077,SQS
67e1c5d5771d074a42d87f71,1742849375,96972.2186,1742849430,41972.2186,SQS
67e1c5d5771d074a42d87ff0,1742849375,98089.2813,1742849430,43089.2813,SQS
67e1c5d5771d074a42d87fb2,1742849375,97584.3574,1742849430,42584.3574,SQS
67e1c5d5771d074a42d88113,1742849375,99870.3867,1742849430,44870.3867,SQS
67e1c5d5771d074a42d87f57,1742849375,96866.8602,1742849430,41866.8602,SQS
67e1c5d5771d074a42d87f67,1742849375,96954.8431,1742849430,41954.8431,SQS
67e1c5d5771d074a42d87f5f,1742849375,96882.6337,1742849430,41882.6337,SQS
67e1c5d5771d074a42d87f73,1742849375,96976.59,1742849430,41976.59,SQS
67e1c5d5771d074a42d87f7d,1742849375,96881.5868,1742849430,41881.5868,SQS
67e1c5d5771d074a42d87f8f,1742849375,97166.0542,1742849430,42166.0542,SQS
67e1c5d5771d074a42d87f97,1742849375,97244.4582,1742849430,42244.4582,SQS
67e1c5d5771d074a42d87fa7,1742849375,97420.0018,1742849430,42420.0018,SQS
67e1c5d5771d074a42d87fab,1742849375,97461.4277,1742849430,42461.4277,SQS
67e1c5d5771d074a42d87faf,1742849375,97522.5748,1742849430,42522.5748,SQS
67e1c5d5771d074a42d87fac,1742849375,97463.8549,1742849430,42463.8549,SQS
67e1c5d5771d074a42d87f9b,1742849375,97339.627,1742849430,42339.627,SQS
67e1c5d5771d074a42d87f98,1742849375,97275.6624,1742849430,42275.6624,SQS
67e1c5d5771d074a42d87f59,1742849375,96870.2537,1742849430,41870.2537,SQS
67e1c5d5771d074a42d87f5d,1742849375,96877.2033,1742849430,41877.2033,SQS
67e1c5d5771d074a42d87f61,1742849375,96886.3192,1742849430,41886.3192,SQS
67e1c5d5771d074a42d87f63,1742849375,96919.0595,1742849430,41919.0595,SQS
67e1c5d5771d074a42d87f69,1742849375,96958.7941,1742849430,41958.7941,SQS
67e1c5d5771d074a42d87f75,1742849375,96980.4541,1742849430,41980.4541,SQS
67e1c5d5771d074a42d87f77,1742849375,96984.0135,1742849430,41984.0135,SQS
67e1c5d5771d074a42d87f79,1742849375,96987.7526,1742849430,41987.7526,SQS
67e1c5d5771d074a42d87f89,1742849375,97070.6746,1742849430,42070.6746,SQS
67e1c5d5771d074a42d87f8d,1742849375,97108.633,1742849430,42108.633,SQS
67e1c5d5771d074a42d87f91,1742849375,97169.7211,1742849430,42169.7211,SQS
67e1c5d5771d074a42d87f99,1742849375,97243.5474,1742849430,42243.5474,SQS
67e1c5d5771d074a42d87f9d,1742849375,97306.6501,1742849430,42306.6501,SQS
67e1c5d5771d074a42d87f9f,1742849375,97371.2149,1742849430,42371.2149,SQS
67e1c5d5771d074a42d87fa1,1742849375,97375.1586,1742849430,42375.1586,SQS
67e1c5d5771d074a42d87fa3,1742849375,97378.9429,1742849430,42378.9429,SQS
67e1c5d5771d074a42d87fa8,1742849375,97420.8852,1742849430,42420.8852,SQS
67e1c5d5771d074a42d87fa9,1742849375,97423.5492,1742849430,42423.5492,SQS
67e1c5d5771d074a42d87fad,1742849375,97465.7302,1742849430,42465.7302,SQS
67e1c5d5771d074a42d87fb0,1742849375,97553.6313,1742849430,42553.6313,SQS
67e1c5d5771d074a42d87fb1,1742849375,97555.5654,1742849430,42555.5654,SQS
67e1c5d5771d074a42d87fb3,1742849375,97492.0264,1742849430,42492.0264,SQS
67e1c5d5771d074a42d87fb7,1742849375,97651.8664,1742849430,42651.8664,SQS
67e1c5d5771d074a42d87fb8,1742849375,97654.3656,1742849430,42654.3656,SQS
67e1c5d5771d074a42d87fb9,1742849375,97657.6686,1742849430,42657.6686,SQS
67e1c5d5771d074a42d87fbd,1742849375,97662.169,1742849430,42662.169,SQS
67e1c5d5771d074a42d87fbf,1742849375,97755.7438,1742849430,42755.7438,SQS
67e1c5d5771d074a42d87fdd,1742849375,98056.0362,1742849430,43056.0362,SQS
67e1c5d5771d074a42d87fe6,1742849375,97759.1264,1742849430,42759.1264,SQS
67e1c5d5771d074a42d87fe8,1742849375,98075.3107,1742849430,43075.3107,SQS
67e1c5d5771d074a42d87fec,1742849375,98081.8085,1742849430,43081.8085,SQS
67e1c5d5771d074a42d87fee,1742849375,98085.6143,1742849430,43085.6143,SQS
67e1c5d5771d074a42d87ff1,1742849375,97618.3625,1742849430,42618.3625,SQS
67e1c5d5771d074a42d88003,1742849375,98117.1446,1742849430,43117.1446,SQS
67e1c5d5771d074a42d88005,1742849375,98143.4314,1742849430,43143.4314,SQS
67e1c5d5771d074a42d88007,1742849375,98146.7155,1742849430,43146.7155,SQS
67e1c5d5771d074a42d88008,1742849375,98147.5176,1742849430,43147.5176,SQS
67e1c5d5771d074a42d88009,1742849375,98173.5049,1742849430,43173.5049,SQS
67e1c5d5771d074a42d8800d,1742849375,98235.3545,1742849430,43235.3545,SQS
67e1c5d5771d074a42d8800f,1742849375,98266.2272,1742849430,43266.2272,SQS
67e1c5d5771d074a42d88011,1742849375,98267.2603,1742849430,43267.2603,SQS
67e1c5d5771d074a42d8810e,1742849375,99862.1001,1742849430,44862.1001,SQS
67e1c5d5771d074a42d88110,1742849375,99865.7621,1742849430,44865.7621,SQS
67e1c5d5771d074a42d88114,1742849375,99873.3301,1742849430,44873.3301,SQS
67e1c5d5771d074a42d88112,1742849375,99869.5266,1742849430,44869.5266,SQS
67e1c5d5771d074a42d8810c,1742849375,98300.1214,1742849430,43300.1214,SQS
67e1c5d5771d074a42d8810f,1742849375,99863.0306,1742849430,44863.0306,SQS
67e1c5d5771d074a42d88111,1742849375,99866.6554,1742849430,44866.6554,SQS
67e1c5d5771d074a42d88115,1742849375,99874.3522,1742849430,44874.3522,SQS
67e1c5d5771d074a42d88116,1742849375,99908.8507,1742849430,44908.8507,SQS
67e1c5d5771d074a42d88121,1742849375,99951.3423,1742849430,44951.3423,SQS
67e1c5d5771d074a42d87ee8,1742849375,95910.7796,1742849429,41910.7796,SQS
67e1c5d5771d074a42d87f2a,1742849375,96464.2004,1742849429,42464.2004,SQS
67e1c5d5771d074a42d87f2b,1742849375,96465.0234,1742849429,42465.0234,SQS
67e1c5d5771d074a42d87f2c,1742849375,96467.6186,1742849429,42467.6186,SQS
67e1c5d5771d074a42d87f34,1742849375,96484.1467,1742849429,42484.1467,SQS
67e1c5d5771d074a42d87f33,1742849375,96479.5551,1742849429,42479.5551,SQS
67e1c5d5771d074a42d87f32,1742849375,96478.666,1742849429,42478.666,SQS
67e1c5d5771d074a42d87f3b,1742849375,96524.2516,1742849429,42524.2516,SQS
67e1c5d5771d074a42d87f3a,1742849375,96523.2539,1742849429,42523.2539,SQS
67e1c5d5771d074a42d87f36,1742849375,96487.4815,1742849429,42487.4815,SQS
67e1c5d5771d074a42d87f3e,1742849375,96528.7725,1742849429,42528.7725,SQS
67e1c5d5771d074a42d87f40,1742849375,96562.3966,1742849429,42562.3966,SQS
67e1c5d5771d074a42d87f42,1742849375,96565.3368,1742849429,42565.3368,SQS
67e1c5d5771d074a42d87f44,1742849375,96569.045,1742849429,42569.045,SQS
67e1c5d5771d074a42d87f3c,1742849375,96518.6984,1742849429,42518.6984,SQS
67e1c5d5771d074a42d87f48,1742849375,96626.234,1742849429,42626.234,SQS
67e1c5d5771d074a42d87f2e,1742849375,96471.2121,1742849429,42471.2121,SQS
67e1c5d5771d074a42d87f4c,1742849375,96755.0983,1742849429,42755.0983,SQS
67e1c5d5771d074a42d87f4b,1742849375,96685.8798,1742849429,42685.8798,SQS
67e1c5d5771d074a42d87ee3,1742849375,95900.6987,1742849429,41900.6987,SQS
67e1c5d5771d074a42d87f4a,1742849375,96656.252,1742849429,42656.252,SQS
67e1c5d5771d074a42d87f26,1742849375,96277.6708,1742849429,42277.6708,SQS
67e1c5d5771d074a42d87ee2,1742849375,95898.1017,1742849429,41898.1017,SQS
67e1c5d5771d074a42d87ee6,1742849375,95904.3182,1742849429,41904.3182,SQS
67e1c5d5771d074a42d87eec,1742849375,95975.6797,1742849429,41975.6797,SQS
67e1c5d5771d074a42d87eee,1742849375,95976.6284,1742849429,41976.6284,SQS
67e1c5d5771d074a42d87ef3,1742849375,96041.2446,1742849429,42041.2446,SQS
67e1c5d5771d074a42d87ef2,1742849375,96034.4405,1742849429,42034.4405,SQS
67e1c5d5771d074a42d87ef0,1742849375,96036.2863,1742849429,42036.2863,SQS
67e1c5d5771d074a42d87efb,1742849375,96138.9624,1742849429,42138.9624,SQS
67e1c5d5771d074a42d87efa,1742849375,96138.0846,1742849429,42138.0846,SQS
67e1c5d5771d074a42d87f6c,1742849375,96963.2823,1742849429,42963.2823,SQS
67e1c5d5771d074a42d87f02,1742849375,96239.6766,1742849429,42239.6766,SQS
67e1c5d5771d074a42d87f06,1742849375,96272.387,1742849429,42272.387,SQS
67e1c5d5771d074a42d87f0b,1742849375,96319.6916,1742849429,42319.6916,SQS
67e1c5d5771d074a42d87f0a,1742849375,96313.833,1742849429,42313.833,SQS
67e1c5d5771d074a42d87f0e,1742849375,96327.1059,1742849429,42327.1059,SQS
67e1c5d5771d074a42d87f10,1742849375,96365.9854,1742849429,42365.9854,SQS
67e1c5d5771d074a42d87f12,1742849375,96370.1034,1742849429,42370.1034,SQS
67e1c5d5771d074a42d87f14,1742849375,96408.3795,1742849429,42408.3795,SQS
67e1c5d5771d074a42d87f16,1742849375,96364.8775,1742849429,42364.8775,SQS
67e1c5d5771d074a42d87f86,1742849375,97065.9085,1742849429,43065.9085,SQS
67e1c5d5771d074a42d87f6e,1742849375,96966.9593,1742849429,42966.9593,SQS
67e1c5d5771d074a42d87f04,1742849375,96268.0949,1742849429,42268.0949,SQS
67e1c5d5771d074a42d87f4e,1742849375,96760.7809,1742849429,42760.7809,SQS
67e1c5d5771d074a42d87f22,1742849375,96452.5106,1742849429,42452.5106,SQS
67e1c5d5771d074a42d87f8b,1742849375,97104.1867,1742849429,43104.1867,SQS
67e1c5d5771d074a42d87f8a,1742849375,97073.7611,1742849429,43073.7611,SQS
67e1c5d5771d074a42d87ee1,1742849375,95897.2076,1742849429,41897.2076,SQS
67e1c5d5771d074a42d87ee5,1742849375,95905.2328,1742849429,41905.2328,SQS
67e1c5d5771d074a42d87eea,1742849375,95972.2739,1742849429,41972.2739,SQS
67e1c5d5771d074a42d87ef4,1742849375,96097.229,1742849429,42097.229,SQS
67e1c5d5771d074a42d87ef6,1742849375,96130.8014,1742849429,42130.8014,SQS
67e1c5d5771d074a42d87efc,1742849375,96175.1109,1742849429,42175.1109,SQS
67e1c5d5771d074a42d87f0c,1742849375,96321.1212,1742849429,42321.1212,SQS
67e1c5d5771d074a42d87f15,1742849375,96409.2853,1742849429,42409.2853,SQS
67e1c5d5771d074a42d87efe,1742849375,96180.5711,1742849429,42180.5711,SQS
67e1c5d5771d074a42d87f1a,1742849375,96439.2706,1742849429,42439.2706,SQS
67e1c5d5771d074a42d87f1c,1742849375,96442.6202,1742849429,42442.6202,SQS
67e1c5d5771d074a42d87f1e,1742849375,96437.4513,1742849429,42437.4513,SQS
67e1c5d5771d074a42d87eff,1742849375,96176.0305,1742849429,42176.0305,SQS
67e1c5d5771d074a42d87f03,1742849375,96268.9086,1742849429,42268.9086,SQS
67e1c5d5771d074a42d87f13,1742849375,96371.1285,1742849429,42371.1285,SQS
67e1c5d5771d074a42d87f17,1742849375,96413.3904,1742849429,42413.3904,SQS
67e1c5d5771d074a42d87f1b,1742849375,96441.7203,1742849429,42441.7203,SQS
67e1c5d5771d074a42d87f1f,1742849375,96446.685,1742849429,42446.685,SQS
67e1c5d5771d074a42d87f18,1742849375,96414.4394,1742849429,42414.4394,SQS
67e1c5d5771d074a42d87f27,1742849375,96460.0359,1742849429,42460.0359,SQS
67e1c5d5771d074a42d87f2f,1742849375,96472.179,1742849429,42472.179,SQS
67e1c5d5771d074a42d87f24,1742849375,96455.8036,1742849429,42455.8036,SQS
67e1c5d5771d074a42d87f37,1742849375,95909.8393,1742849429,41909.8393,SQS
67e1c5d5771d074a42d87f23,1742849375,96453.3742,1742849429,42453.3742,SQS
67e1c5d5771d074a42d87f47,1742849375,96627.0978,1742849429,42627.0978,SQS
67e1c5d5771d074a42d87f83,1742849375,97061.5792,1742849429,43061.5792,SQS
67e1c5d5771d074a42d87eeb,1742849375,95974.0014,1742849429,41974.0014,SQS
67e1c5d5771d074a42d87ee9,1742849375,95943.3627,1742849429,41943.3627,SQS
67e1c5d5771d074a42d87eed,1742849375,96004.9666,1742849429,42004.9666,SQS
67e1c5d5771d074a42d87eef,1742849375,96035.3277,1742849429,42035.3277,SQS
67e1c5d5771d074a42d87ef1,1742849375,96038.1975,1742849429,42038.1975,SQS
67e1c5d5771d074a42d87ef5,1742849375,96127.6233,1742849429,42127.6233,SQS
67e1c5d5771d074a42d87ef7,1742849375,96131.7515,1742849429,42131.7515,SQS
67e1c5d5771d074a42d87ef8,1742849375,96134.4551,1742849429,42134.4551,SQS
67e1c5d5771d074a42d87ef9,1742849375,96135.3361,1742849429,42135.3361,SQS
67e1c5d5771d074a42d87efd,1742849375,96177.9067,1742849429,42177.9067,SQS
67e1c5d5771d074a42d87f00,1742849375,96236.4146,1742849429,42236.4146,SQS
67e1c5d5771d074a42d87f01,1742849375,96238.8191,1742849429,42238.8191,SQS
67e1c5d5771d074a42d87f05,1742849375,96205.8266,1742849429,42205.8266,SQS
67e1c5d5771d074a42d87f07,1742849375,96275.6029,1742849429,42275.6029,SQS
67e1c5d5771d074a42d87f08,1742849375,96179.6663,1742849429,42179.6663,SQS
67e1c5d5771d074a42d87f09,1742849375,96281.0286,1742849429,42281.0286,SQS
67e1c5d5771d074a42d87f0d,1742849375,96280.0284,1742849429,42280.0284,SQS
67e1c5d5771d074a42d87f0f,1742849375,96325.6906,1742849429,42325.6906,SQS
67e1c5d5771d074a42d87f11,1742849375,96366.9592,1742849429,42366.9592,SQS
67e1c5d5771d074a42d87f19,1742849375,96438.3556,1742849429,42438.3556,SQS
67e1c5d5771d074a42d87f1d,1742849375,96444.2461,1742849429,42444.2461,SQS
67e1c5d5771d074a42d87f20,1742849375,96449.1004,1742849429,42449.1004,SQS
67e1c5d5771d074a42d87f21,1742849375,96449.9736,1742849429,42449.9736,SQS
67e1c5d5771d074a42d87f25,1742849375,96456.6513,1742849429,42456.6513,SQS
67e1c5d5771d074a42d87f28,1742849375,96460.8879,1742849429,42460.8879,SQS
67e1c5d5771d074a42d87f29,1742849375,96096.3057,1742849429,42096.3057,SQS
67e1c5d5771d074a42d87f2d,1742849375,96468.6477,1742849429,42468.6477,SQS
67e1c5d5771d074a42d87f30,1742849375,96474.9821,1742849429,42474.9821,SQS
67e1c5d5771d074a42d87f31,1742849375,96475.9525,1742849429,42475.9525,SQS
67e1c5d5771d074a42d87f35,1742849375,96482.7132,1742849429,42482.7132,SQS
67e1c5d5771d074a42d87f38,1742849375,96519.5937,1742849429,42519.5937,SQS
67e1c5d5771d074a42d87f39,1742849375,96520.4545,1742849429,42520.4545,SQS
67e1c5d5771d074a42d87f3d,1742849375,96527.8752,1742849429,42527.8752,SQS
67e1c5d5771d074a42d87f3f,1742849375,96561.4377,1742849429,42561.4377,SQS
67e1c5d5771d074a42d87f49,1742849375,96655.3177,1742849429,42655.3177,SQS
67e1c5d5771d074a42d87f4d,1742849375,96759.1236,1742849429,42759.1236,SQS
67e1c5d5771d074a42d87f4f,1742849375,96794.0476,1742849429,42794.0476,SQS
67e1c5d5771d074a42d87f50,1742849375,96826.7109,1742849429,42826.7109,SQS
67e1c5d5771d074a42d87f53,1742849375,96858.1641,1742849429,42858.1641,SQS
67e1c5d5771d074a42d87f54,1742849375,96862.4165,1742849429,42862.4165,SQS
67e1c5d5771d074a42d87f5b,1742849375,96873.8327,1742849429,42873.8327,SQS
67e1c5d5771d074a42d87ee7,1742849375,95907.9354,1742849429,41907.9354,SQS
67e1c5d5771d074a42d87f64,1742849375,96880.7181,1742849429,42880.7181,SQS
67e1c5d5771d074a42d87f6d,1742849375,96966.0798,1742849429,42966.0798,SQS
67e1c5d5771d074a42d87f6f,1742849375,96969.6356,1742849429,42969.6356,SQS
67e1c5d5771d074a42d87f70,1742849375,96970.458,1742849429,42970.458,SQS
67e1c5d5771d074a42d87f7b,1742849375,96992.7439,1742849429,42992.7439,SQS
67e1c5d5771d074a42d87f7f,1742849375,97030.1351,1742849429,43030.1351,SQS
67e1c5d5771d074a42d87f80,1742849375,97031.1266,1742849429,43031.1266,SQS
67e1c5d5771d074a42d87f85,1742849375,96716.67,1742849429,42716.67,SQS
67e1c5d5771d074a42d87f87,1742849375,97066.8224,1742849429,43066.8224,SQS
67e1c5d5771d074a42d87f88,1742849375,97069.7415,1742849429,43069.7415,SQS
67e1c5d5771d074a42d87f95,1742849375,97212.6355,1742849429,43212.6355,SQS
67e1c5d5771d074a42d87e6f,1742849375,95292.9054,1742849428,42292.9054,SQS
67e1c5d5771d074a42d87e64,1742849375,95069.8408,1742849428,42069.8408,SQS
67e1c5d5771d074a42d87e76,1742849375,95383.3218,1742849428,42383.3218,SQS
67e1c5d5771d074a42d87e6a,1742849375,95067.0519,1742849428,42067.0519,SQS
67e1c5d5771d074a42d87e6c,1742849375,95259.3285,1742849428,42259.3285,SQS
67e1c5d5771d074a42d87e66,1742849375,95073.2287,1742849428,42073.2287,SQS
67e1c5d5771d074a42d87e72,1742849375,95197.2236,1742849428,42197.2236,SQS
67e1c5d5771d074a42d87e70,1742849375,95295.5054,1742849428,42295.5054,SQS
67e1c5d5771d074a42d87e82,1742849375,95300.0234,1742849428,42300.0234,SQS
67e1c5d5771d074a42d87f43,1742849375,96517.7583,1742849428,43517.7583,SQS
67e1c5d5771d074a42d87e84,1742849375,95440.0209,1742849428,42440.0209,SQS
67e1c5d5771d074a42d87e8a,1742849375,95449.6504,1742849428,42449.6504,SQS
67e1c5d5771d074a42d87e8b,1742849375,95437.2142,1742849428,42437.2142,SQS
67e1c5d5771d074a42d87e8c,1742849375,95453.075,1742849428,42453.075,SQS
67e1c5d5771d074a42d87e93,1742849375,95553.9586,1742849428,42553.9586,SQS
67e1c5d5771d074a42d87e8e,1742849375,95493.0185,1742849428,42493.0185,SQS
67e1c5d5771d074a42d87e92,1742849375,95522.9102,1742849428,42522.9102,SQS
67e1c5d5771d074a42d87e96,1742849375,95572.2463,1742849428,42572.2463,SQS
67e1c5d5771d074a42d87eb4,1742849375,95680.1421,1742849428,42680.1421,SQS
67e1c5d5771d074a42d87e98,1742849375,95560.9439,1742849428,42560.9439,SQS
67e1c5d5771d074a42d87e86,1742849375,95443.4685,1742849428,42443.4685,SQS
67e1c5d5771d074a42d87e94,1742849375,95497.1432,1742849428,42497.1432,SQS
67e1c5d5771d074a42d87ebc,1742849375,95772.8514,1742849428,42772.8514,SQS
67e1c5d5771d074a42d87ebb,1742849375,95771.9282,1742849428,42771.9282,SQS
67e1c5d5771d074a42d87e9c,1742849375,95609.3212,1742849428,42609.3212,SQS
67e1c5d5771d074a42d87e9b,1742849375,95606.2141,1742849428,42606.2141,SQS
67e1c5d5771d074a42d87e9a,1742849375,95570.9744,1742849428,42570.9744,SQS
67e1c5d5771d074a42d87ea4,1742849375,95623.3233,1742849428,42623.3233,SQS
67e1c5d5771d074a42d87eca,1742849375,95826.4593,1742849428,42826.4593,SQS
67e1c5d5771d074a42d87ea2,1742849375,95620.0244,1742849428,42620.0244,SQS
67e1c5d5771d074a42d87ea6,1742849375,95626.9566,1742849428,42626.9566,SQS
67e1c5d5771d074a42d87eac,1742849375,95665.3508,1742849428,42665.3508,SQS
67e1c5d5771d074a42d87eab,1742849375,95663.2971,1742849428,42663.2971,SQS
67e1c5d5771d074a42d87ed2,1742849375,95833.4359,1742849428,42833.4359,SQS
67e1c5d5771d074a42d87ea0,1742849375,95616.4515,1742849428,42616.4515,SQS
67e1c5d5771d074a42d87e9e,1742849375,95612.9554,1742849428,42612.9554,SQS
67e1c5d5771d074a42d87eae,1742849375,95669.8946,1742849428,42669.8946,SQS
67e1c5d5771d074a42d87eb3,1742849375,95677.1252,1742849428,42677.1252,SQS
67e1c5d5771d074a42d87eb2,1742849375,95676.3712,1742849428,42676.3712,SQS
67e1c5d5771d074a42d87eb6,1742849375,95739.7831,1742849428,42739.7831,SQS
67e1c5d5771d074a42d87eba,1742849375,95748.0321,1742849428,42748.0321,SQS
67e1c5d5771d074a42d87ebe,1742849375,95776.5423,1742849428,42776.5423,SQS
67e1c5d5771d074a42d87ed0,1742849375,95839.0137,1742849428,42839.0137,SQS
67e1c5d5771d074a42d87ec6,1742849375,95819.1476,1742849428,42819.1476,SQS
67e1c5d5771d074a42d87ecc,1742849375,95830.3856,1742849428,42830.3856,SQS
67e1c5d5771d074a42d87ed6,1742849375,95848.791,1742849428,42848.791,SQS
67e1c5d5771d074a42d87ece,1742849375,95835.6,1742849428,42835.6,SQS
67e1c5d5771d074a42d87ec0,1742849375,95780.1701,1742849428,42780.1701,SQS
67e1c5d5771d074a42d87ed4,1742849375,95845.1927,1742849428,42845.1927,SQS
67e1c5d5771d074a42d87edd,1742849375,95857.8787,1742849428,42857.8787,SQS
67e1c5d5771d074a42d87e6e,1742849375,95291.9833,1742849428,42291.9833,SQS
67e1c5d5771d074a42d87e7a,1742849375,95394.4437,1742849428,42394.4437,SQS
67e1c5d5771d074a42d87e78,1742849375,95389.9641,1742849428,42389.9641,SQS
67e1c5d5771d074a42d87e7c,1742849375,95398.3428,1742849428,42398.3428,SQS
67e1c5d5771d074a42d87eb8,1742849375,95744.09,1742849428,42744.09,SQS
67e1c5d5771d074a42d87e80,1742849375,95432.6402,1742849428,42432.6402,SQS
67e1c5d5771d074a42d87ec7,1742849375,95820.0205,1742849428,42820.0205,SQS
67e1c5d5771d074a42d87ecb,1742849375,95827.4584,1742849428,42827.4584,SQS
67e1c5d5771d074a42d87ec8,1742849375,95822.702,1742849428,42822.702,SQS
67e1c5d5771d074a42d87ed3,1742849375,95842.4952,1742849428,42842.4952,SQS
67e1c5d5771d074a42d87e6b,1742849375,95198.1294,1742849428,42198.1294,SQS
67e1c5d5771d074a42d87e67,1742849375,95104.2038,1742849428,42104.2038,SQS
67e1c5d5771d074a42d87e73,1742849375,95068.8208,1742849428,42068.8208,SQS
67e1c5d5771d074a42d87e7b,1742849375,95395.4453,1742849428,42395.4453,SQS
67e1c5d5771d074a42d87e83,1742849375,95439.1199,1742849428,42439.1199,SQS
67e1c5d5771d074a42d87e8f,1742849375,95491.965,1742849428,42491.965,SQS
67e1c5d5771d074a42d87ea7,1742849375,95627.8505,1742849428,42627.8505,SQS
67e1c5d5771d074a42d87e65,1742849375,95070.6605,1742849428,42070.6605,SQS
67e1c5d5771d074a42d87e68,1742849375,95136.1827,1742849428,42136.1827,SQS
67e1c5d5771d074a42d87e69,1742849375,95067.961,1742849428,42067.961,SQS
67e1c5d5771d074a42d87e6d,1742849375,95290.1474,1742849428,42290.1474,SQS
67e1c5d5771d074a42d87e71,1742849375,95296.4337,1742849428,42296.4337,SQS
67e1c5d5771d074a42d87e75,1742849375,95352.149,1742849428,42352.149,SQS
67e1c5d5771d074a42d87e77,1742849375,95386.6229,1742849428,42386.6229,SQS
67e1c5d5771d074a42d87e79,1742849375,95391.2101,1742849428,42391.2101,SQS
67e1c5d5771d074a42d87e7d,1742849375,95399.5096,1742849428,42399.5096,SQS
67e1c5d5771d074a42d87e7f,1742849375,95429.7906,1742849428,42429.7906,SQS
67e1c5d5771d074a42d87e81,1742849375,95433.6642,1742849428,42433.6642,SQS
67e1c5d5771d074a42d87e85,1742849375,95442.6238,1742849428,42442.6238,SQS
67e1c5d5771d074a42d87e87,1742849375,95445.9593,1742849428,42445.9593,SQS
67e1c5d5771d074a42d87e88,1742849375,95446.7977,1742849428,42446.7977,SQS
67e1c5d5771d074a42d87e89,1742849375,95438.2168,1742849428,42438.2168,SQS
67e1c5d5771d074a42d87e8d,1742849375,95453.9949,1742849428,42453.9949,SQS
67e1c5d5771d074a42d87e90,1742849375,95498.1351,1742849428,42498.1351,SQS
67e1c5d5771d074a42d87e91,1742849375,95499.0229,1742849428,42499.0229,SQS
67e1c5d5771d074a42d87e95,1742849375,95557.9115,1742849428,42557.9115,SQS
67e1c5d5771d074a42d87e97,1742849375,95600.5709,1742849428,42600.5709,SQS
67e1c5d5771d074a42d87e99,1742849375,95603.5147,1742849428,42603.5147,SQS
67e1c5d5771d074a42d87e9d,1742849375,95610.2396,1742849428,42610.2396,SQS
67e1c5d5771d074a42d87e9f,1742849375,95613.8812,1742849428,42613.8812,SQS
67e1c5d5771d074a42d87ea1,1742849375,95617.3573,1742849428,42617.3573,SQS
67e1c5d5771d074a42d87ea5,1742849375,95624.2183,1742849428,42624.2183,SQS
67e1c5d5771d074a42d87ead,1742849375,95666.2004,1742849428,42666.2004,SQS
67e1c5d5771d074a42d87eb0,1742849375,95673.5359,1742849428,42673.5359,SQS
67e1c5d5771d074a42d87eb1,1742849375,95672.6106,1742849428,42672.6106,SQS
67e1c5d5771d074a42d87eb9,1742849375,95747.0075,1742849428,42747.0075,SQS
67e1c5d5771d074a42d87ebd,1742849375,95775.6985,1742849428,42775.6985,SQS
67e1c5d5771d074a42d87ebf,1742849375,95779.2626,1742849428,42779.2626,SQS
67e1c5d5771d074a42d87ec9,1742849375,95823.6283,1742849428,42823.6283,SQS
67e1c5d5771d074a42d87ecd,1742849375,95834.7131,1742849428,42834.7131,SQS
67e1c5d5771d074a42d87ecf,1742849375,95838.1453,1742849428,42838.1453,SQS
67e1c5d5771d074a42d87ed1,1742849375,95831.2937,1742849428,42831.2937,SQS
67e1c5d5771d074a42d87ed5,1742849375,95846.1277,1742849428,42846.1277,SQS
67e1c5d5771d074a42d87ed7,1742849375,95849.7085,1742849428,42849.7085,SQS
67e1c5d5771d074a42d87ed8,1742849375,95852.3827,1742849428,42852.3827,SQS
67e1c5d5771d074a42d87ed9,1742849375,95853.3558,1742849428,42853.3558,SQS
67e1c5d5771d074a42d87ee4,1742849375,95901.6414,1742849428,42901.6414,SQS
67e1c5d5771d074a42d87e7e,1742849375,95388.8235,1742849428,42388.8235,SQS
67e1c5d5771d074a42d87f41,1742849375,96516.6252,1742849428,43516.6252,SQS
67e1c5d5771d074a42d87eaf,1742849375,95668.824,1742849428,42668.824,SQS
67e1c5d5771d074a42d87ea3,1742849375,95620.8786,1742849428,42620.8786,SQS
67e1c5d5771d074a42d87eb7,1742849375,95743.1687,1742849428,42743.1687,SQS
67e1c5d5771d074a42d87e74,1742849375,95322.9255,1742849428,42322.9255,SQS
67e1c5d6771d074a42d88485,1742849375,99987.7988,1742849427,47987.7988,SQS
67e1c5d6771d074a42d88491,1742849375,94485.2131,1742849427,42485.2131,SQS
67e1c5d5771d074a42d87e3e,1742849375,94733.8522,1742849427,42733.8522,SQS
67e1c5d5771d074a42d87e3c,1742849375,94704.6773,1742849427,42704.6773,SQS
67e1c5d5771d074a42d87e42,1742849375,94739.2222,1742849427,42739.2222,SQS
67e1c5d5771d074a42d87e3a,1742849375,94701.0548,1742849427,42701.0548,SQS
67e1c5d5771d074a42d87e46,1742849375,94747.6953,1742849427,42747.6953,SQS
67e1c5d5771d074a42d87e4c,1742849375,94758.9531,1742849427,42758.9531,SQS
67e1c5d5771d074a42d87e4e,1742849375,94762.4282,1742849427,42762.4282,SQS
67e1c5d6771d074a42d88495,1742849375,106456.9008,1742849427,54456.9008,SQS
67e1c5d5771d074a42d87e52,1742849375,94770.2303,1742849427,42770.2303,SQS
67e1c5d5771d074a42d87e56,1742849375,94873.7818,1742849427,42873.7818,SQS
67e1c5d5771d074a42d87e5e,1742849375,95030.3442,1742849427,43030.3442,SQS
67e1c5d5771d074a42d87e5b,1742849375,94967.2711,1742849427,42967.2711,SQS
67e1c5d5771d074a42d87e5a,1742849375,94965.4296,1742849427,42965.4296,SQS
67e1c5d6771d074a42d8849a,1742849375,106467.7396,1742849427,54467.7396,SQS
67e1c5d5771d074a42d87edb,1742849375,95818.2717,1742849427,43818.2717,SQS
67e1c5d6771d074a42d88493,1742849375,106452.8492,1742849427,54452.8492,SQS
67e1c5d6771d074a42d8849b,1742849375,106468.748,1742849427,54468.748,SQS
67e1c5d5771d074a42d87e22,1742849375,94333.932,1742849427,42333.932,SQS
67e1c5d5771d074a42d87e26,1742849375,94376.9553,1742849427,42376.9553,SQS
67e1c5d5771d074a42d87e2e,1742849375,94437.6382,1742849427,42437.6382,SQS
67e1c5d5771d074a42d87e32,1742849375,94546.2918,1742849427,42546.2918,SQS
67e1c5d5771d074a42d87e30,1742849375,94488.0466,1742849427,42488.0466,SQS
67e1c5d5771d074a42d87e2c,1742849375,94447.7332,1742849427,42447.7332,SQS
67e1c5d5771d074a42d8834d,1742849375,99986.2339,1742849427,47986.2339,SQS
67e1c5d5771d074a42d87eaa,1742849375,95632.1293,1742849427,43632.1293,SQS
67e1c5d5771d074a42d87ec2,1742849375,94933.5221,1742849427,42933.5221,SQS
67e1c5d5771d074a42d87ede,1742849375,94774.9243,1742849427,42774.9243,SQS
67e1c5d5771d074a42d87e2f,1742849375,94487.0602,1742849427,42487.0602,SQS
67e1c5d5771d074a42d87e2b,1742849375,94444.7771,1742849427,42444.7771,SQS
67e1c5d5771d074a42d87e36,1742849375,94517.7154,1742849427,42517.7154,SQS
67e1c5d5771d074a42d87e33,1742849375,94518.6613,1742849427,42518.6613,SQS
67e1c5d5771d074a42d87e3b,1742849375,94673.8824,1742849427,42673.8824,SQS
67e1c5d5771d074a42d87e44,1742849375,94743.9305,1742849427,42743.9305,SQS
67e1c5d5771d074a42d87e50,1742849375,94766.3903,1742849427,42766.3903,SQS
67e1c5d5771d074a42d87e54,1742849375,94773.9543,1742849427,42773.9543,SQS
67e1c5d5771d074a42d87e4a,1742849375,94755.2624,1742849427,42755.2624,SQS
67e1c5d5771d074a42d87e53,1742849375,94771.1415,1742849427,42771.1415,SQS
67e1c5d5771d074a42d87e5c,1742849375,95027.5412,1742849427,43027.5412,SQS
67e1c5d5771d074a42d87e60,1742849375,95061.0849,1742849427,43061.0849,SQS
67e1c5d5771d074a42d87e63,1742849375,95064.3817,1742849427,43064.3817,SQS
67e1c5d5771d074a42d87e62,1742849375,95063.479,1742849427,43063.479,SQS
67e1c5d5771d074a42d88127,1742849375,99961.6,1742849427,47961.6,SQS
67e1c5d5771d074a42d87e37,1742849375,94671.0973,1742849427,42671.0973,SQS
67e1c5d5771d074a42d87e43,1742849375,94743.0227,1742849427,42743.0227,SQS
67e1c5d5771d074a42d87e3f,1742849375,94735.6594,1742849427,42735.6594,SQS
67e1c5d5771d074a42d87e47,1742849375,94750.5552,1742849427,42750.5552,SQS
67e1c5d5771d074a42d87e4b,1742849375,94758.0247,1742849427,42758.0247,SQS
67e1c5d5771d074a42d87e40,1742849375,94736.5961,1742849427,42736.5961,SQS
67e1c5d5771d074a42d87e34,1742849375,94608.0691,1742849427,42608.0691,SQS
67e1c5d5771d074a42d87e29,1742849375,94440.711,1742849427,42440.711,SQS
67e1c5d5771d074a42d87e2d,1742849375,94448.8171,1742849427,42448.8171,SQS
67e1c5d5771d074a42d87e31,1742849375,94486.2002,1742849427,42486.2002,SQS
67e1c5d5771d074a42d87e35,1742849375,94639.051,1742849427,42639.051,SQS
67e1c5d5771d074a42d87e38,1742849375,94516.7026,1742849427,42516.7026,SQS
67e1c5d5771d074a42d87e39,1742849375,94675.7256,1742849427,42675.7256,SQS
67e1c5d5771d074a42d87e3d,1742849375,94705.5324,1742849427,42705.5324,SQS
67e1c5d5771d074a42d87e41,1742849375,94740.2498,1742849427,42740.2498,SQS
67e1c5d5771d074a42d87e45,1742849375,94746.7562,1742849427,42746.7562,SQS
67e1c5d5771d074a42d87e48,1742849375,94751.4876,1742849427,42751.4876,SQS
67e1c5d5771d074a42d87e49,1742849375,94754.3314,1742849427,42754.3314,SQS
67e1c5d5771d074a42d87e4d,1742849375,94761.5967,1742849427,42761.5967,SQS
67e1c5d5771d074a42d87e4f,1742849375,94438.7492,1742849427,42438.7492,SQS
67e1c5d5771d074a42d87e51,1742849375,94767.3594,1742849427,42767.3594,SQS
67e1c5d5771d074a42d87e55,1742849375,94871.912,1742849427,42871.912,SQS
67e1c5d5771d074a42d87e57,1742849375,94902.5471,1742849427,42902.5471,SQS
67e1c5d5771d074a42d87e58,1742849375,94934.8704,1742849427,42934.8704,SQS
67e1c5d5771d074a42d87e59,1742849375,94938.2676,1742849427,42938.2676,SQS
67e1c5d5771d074a42d87e5d,1742849375,95029.4132,1742849427,43029.4132,SQS
67e1c5d5771d074a42d87e5f,1742849375,95059.4211,1742849427,43059.4211,SQS
67e1c5d5771d074a42d87e61,1742849375,95026.615,1742849427,43026.615,SQS
67e1c5d5771d074a42d87ea8,1742849375,94995.6736,1742849427,42995.6736,SQS
67e1c5d5771d074a42d87ea9,1742849375,95631.2221,1742849427,43631.2221,SQS
67e1c5d5771d074a42d87eb5,1742849375,95681.0687,1742849427,43681.0687,SQS
67e1c5d5771d074a42d87ec1,1742849375,95742.2369,1742849427,43742.2369,SQS
67e1c5d5771d074a42d87ec3,1742849375,95783.7751,1742849427,43783.7751,SQS
67e1c5d5771d074a42d87ec4,1742849375,94812.0153,1742849427,42812.0153,SQS
67e1c5d5771d074a42d87ec5,1742849375,94840.5593,1742849427,42840.5593,SQS
67e1c5d5771d074a42d87edc,1742849375,94996.6811,1742849427,42996.6811,SQS
67e1c5d5771d074a42d87edf,1742849375,95860.5711,1742849427,43860.5711,SQS
67e1c5d5771d074a42d87ee0,1742849375,95895.3399,1742849427,43895.3399,SQS
67e1c5d5771d074a42d87f45,1742849375,96569.9274,1742849427,44569.9274,SQS
67e1c5d5771d074a42d87f46,1742849375,96623.6739,1742849427,44623.6739,SQS
67e1c5d5771d074a42d87eda,1742849375,95817.2355,1742849427,43817.2355,SQS
67e1c5d5771d074a42d88123,1742849375,99954.103,1742849427,47954.103,SQS
67e1c5d5771d074a42d88122,1742849375,94811.0892,1742849427,42811.0892,SQS
67e1c5d5771d074a42d88124,1742849375,99956.9546,1742849427,47956.9546,SQS
67e1c5d5771d074a42d88126,1742849375,99960.6466,1742849427,47960.6466,SQS
67e1c5d5771d074a42d88125,1742849375,99957.9114,1742849427,47957.9114,SQS
67e1c5d5771d074a42d88128,1742849375,99964.4214,1742849427,47964.4214,SQS
67e1c5d5771d074a42d87da7,1742849375,93028.9818,1742849426,42028.9818,SQS
67e1c5d5771d074a42d87dac,1742849375,93095.9672,1742849426,42095.9672,SQS
67e1c5d5771d074a42d87dab,1742849375,93094.8666,1742849426,42094.8666,SQS
67e1c5d5771d074a42d87daf,1742849375,93101.2946,1742849426,42101.2946,SQS
67e1c5d5771d074a42d87d54,1742849375,92660.2767,1742849426,41660.2767,SQS
67e1c5d5771d074a42d87db6,1742849375,93118.1909,1742849426,42118.1909,SQS
67e1c5d5771d074a42d87db2,1742849375,93110.1086,1742849426,42110.1086,SQS
67e1c5d5771d074a42d87d58,1742849375,92667.3189,1742849426,41667.3189,SQS
67e1c5d5771d074a42d87d62,1742849375,92742.7072,1742849426,41742.7072,SQS
67e1c5d5771d074a42d87d6b,1742849375,92758.3978,1742849426,41758.3978,SQS
67e1c5d5771d074a42d87d6a,1742849375,92757.5047,1742849426,41757.5047,SQS
67e1c5d5771d074a42d87d6e,1742849375,92756.7251,1742849426,41756.7251,SQS
67e1c5d5771d074a42d87d72,1742849375,92768.2407,1742849426,41768.2407,SQS
67e1c5d5771d074a42d87d7b,1742849375,92818.0619,1742849426,41818.0619,SQS
67e1c5d5771d074a42d87d79,1742849375,92810.0621,1742849426,41810.0621,SQS
67e1c5d5771d074a42d87d7c,1742849375,92820.4333,1742849426,41820.4333,SQS
67e1c5d5771d074a42d87d7f,1742849375,92817.162,1742849426,41817.162,SQS
67e1c5d6771d074a42d88492,1742849375,106451.8732,1742849426,55451.8732,SQS
67e1c5d5771d074a42d87d8b,1742849375,92870.8913,1742849426,41870.8913,SQS
67e1c5d5771d074a42d87d8e,1742849375,92875.8205,1742849426,41875.8205,SQS
67e1c5d5771d074a42d87d5b,1742849375,92704.568,1742849426,41704.568,SQS
67e1c5d5771d074a42d87d90,1742849375,92879.6631,1742849426,41879.6631,SQS
67e1c5d5771d074a42d87d94,1742849375,92886.8002,1742849426,41886.8002,SQS
67e1c5d6771d074a42d88496,1742849375,106459.8535,1742849426,55459.8535,SQS
67e1c5d5771d074a42d87d93,1742849375,92885.9207,1742849426,41885.9207,SQS
67e1c5d6771d074a42d88494,1742849375,106455.894,1742849426,55455.894,SQS
67e1c5d6771d074a42d88497,1742849375,106460.8136,1742849426,55460.8136,SQS
67e1c5d5771d074a42d87d3d,1742849375,92622.2716,1742849426,41622.2716,SQS
67e1c5d5771d074a42d87d3b,1742849375,92619.6493,1742849426,41619.6493,SQS
67e1c5d5771d074a42d87d40,1742849375,92627.2044,1742849426,41627.2044,SQS
67e1c5d6771d074a42d88499,1742849375,106464.6851,1742849426,55464.6851,SQS
67e1c5d6771d074a42d88498,1742849375,106463.7085,1742849426,55463.7085,SQS
67e1c5d5771d074a42d87e09,1742849375,93864.8268,1742849426,42864.8268,SQS
67e1c5d5771d074a42d87e0e,1742849375,93962.5726,1742849426,42962.5726,SQS
67e1c5d5771d074a42d87e16,1742849375,94055.1838,1742849426,43055.1838,SQS
67e1c5d5771d074a42d87e15,1742849375,94051.0355,1742849426,43051.0355,SQS
67e1c5d5771d074a42d87e10,1742849375,93991.654,1742849426,42991.654,SQS
67e1c5d5771d074a42d87e0a,1742849375,93832.9316,1742849426,42832.9316,SQS
67e1c5d5771d074a42d87e1e,1742849375,94269.1881,1742849426,43269.1881,SQS
67e1c5d5771d074a42d87e1b,1742849375,94114.881,1742849426,43114.881,SQS
67e1c5d5771d074a42d87d4a,1742849375,92646.0393,1742849426,41646.0393,SQS
67e1c5d5771d074a42d8834f,1742849375,104324.5299,1742849426,53324.5299,SQS
67e1c5d5771d074a42d87e0c,1742849375,93958.0018,1742849426,42958.0018,SQS
67e1c5d5771d074a42d87e0b,1742849375,93925.9836,1742849426,42925.9836,SQS
67e1c5d5771d074a42d87e13,1742849375,94020.2303,1742849426,43020.2303,SQS
67e1c5d5771d074a42d87e1c,1742849375,94236.8395,1742849426,43236.8395,SQS
67e1c5d5771d074a42d87e20,1742849375,94298.025,1742849426,43298.025,SQS
67e1c5d5771d074a42d87e1a,1742849375,94143.5369,1742849426,43143.5369,SQS
67e1c5d5771d074a42d87d46,1742849375,92638.8344,1742849426,41638.8344,SQS
67e1c5d5771d074a42d87d45,1742849375,92637.1441,1742849426,41637.1441,SQS
67e1c5d5771d074a42d87d5c,1742849375,92707.5629,1742849426,41707.5629,SQS
67e1c5d5771d074a42d87d64,1742849375,92745.9114,1742849426,41745.9114,SQS
67e1c5d5771d074a42d87d60,1742849375,92739.1843,1742849426,41739.1843,SQS
67e1c5d5771d074a42d87d68,1742849375,92752.2811,1742849426,41752.2811,SQS
67e1c5d5771d074a42d87d6d,1742849375,92760.7089,1742849426,41760.7089,SQS
67e1c5d5771d074a42d87d56,1742849375,92664.2223,1742849426,41664.2223,SQS
67e1c5d5771d074a42d87d84,1742849375,92832.9594,1742849426,41832.9594,SQS
67e1c5d5771d074a42d87d80,1742849375,92825.6742,1742849426,41825.6742,SQS
67e1c5d5771d074a42d87d8c,1742849375,92871.9962,1742849426,41871.9962,SQS
67e1c5d5771d074a42d87d86,1742849375,92861.8419,1742849426,41861.8419,SQS
67e1c5d5771d074a42d87da2,1742849375,92964.8557,1742849426,41964.8557,SQS
67e1c5d5771d074a42d87daa,1742849375,93091.5707,1742849426,42091.5707,SQS
67e1c5d5771d074a42d87dbc,1742849375,93156.5462,1742849426,42156.5462,SQS
67e1c5d5771d074a42d87ddc,1742849375,93388.1447,1742849426,42388.1447,SQS
67e1c5d5771d074a42d87de0,1742849375,93395.2439,1742849426,42395.2439,SQS
67e1c5d5771d074a42d87de4,1742849375,93387.3021,1742849426,42387.3021,SQS
67e1c5d5771d074a42d87e17,1742849375,94081.9204,1742849426,43081.9204,SQS
67e1c5d5771d074a42d87e23,1742849375,94337.3274,1742849426,43337.3274,SQS
67e1c5d5771d074a42d87e24,1742849375,94340.7263,1742849426,43340.7263,SQS
67e1c5d5771d074a42d87d28,1742849375,92558.3398,1742849426,41558.3398,SQS
67e1c5d5771d074a42d87d34,1742849375,92608.2995,1742849426,41608.2995,SQS
67e1c5d5771d074a42d87d57,1742849375,92666.5168,1742849426,41666.5168,SQS
67e1c5d5771d074a42d87d63,1742849375,92743.5995,1742849426,41743.5995,SQS
67e1c5d5771d074a42d87d61,1742849375,92740.0517,1742849426,41740.0517,SQS
67e1c5d5771d074a42d87d69,1742849375,92753.1811,1742849426,41753.1811,SQS
67e1c5d5771d074a42d87d6f,1742849375,92763.3455,1742849426,41763.3455,SQS
67e1c5d5771d074a42d87d70,1742849375,92766.4396,1742849426,41766.4396,SQS
67e1c5d5771d074a42d87d85,1742849375,92858.8797,1742849426,41858.8797,SQS
67e1c5d5771d074a42d87d82,1742849375,92829.4851,1742849426,41829.4851,SQS
67e1c5d6771d074a42d8853d,1742849375,107750.4347,1742849426,56750.4347,SQS
67e1c5d6771d074a42d8853e,1742849375,107811.1496,1742849426,56811.1496,SQS
67e1c5d5771d074a42d87d91,1742849375,92856.6834,1742849426,41856.6834,SQS
67e1c5d5771d074a42d87da3,1742849375,92999.5695,1742849426,41999.5695,SQS
67e1c5d5771d074a42d87d38,1742849375,92614.0422,1742849426,41614.0422,SQS
67e1c5d6771d074a42d8853b,1742849375,106493.6829,1742849426,55493.6829,SQS
67e1c5d5771d074a42d87d59,1742849375,92656.1147,1742849426,41656.1147,SQS
67e1c5d5771d074a42d87d5d,1742849375,92732.5932,1742849426,41732.5932,SQS
67e1c5d5771d074a42d87d71,1742849375,92769.0736,1742849426,41769.0736,SQS
67e1c5d5771d074a42d87d87,1742849375,92862.7394,1742849426,41862.7394,SQS
67e1c5d5771d074a42d87d95,1742849375,92919.5389,1742849426,41919.5389,SQS
67e1c5d6771d074a42d888f1,1742849375,107749.2714,1742849426,56749.2714,SQS
67e1c5d5771d074a42d87dad,1742849375,93099.0704,1742849426,42099.0704,SQS
67e1c5d5771d074a42d87dbd,1742849375,93159.0577,1742849426,42159.0577,SQS
67e1c5d5771d074a42d87da9,1742849375,93090.4665,1742849426,42090.4665,SQS
67e1c5d5771d074a42d87ddd,1742849375,93389.0284,1742849426,42389.0284,SQS
67e1c5d5771d074a42d87ddf,1742849375,93392.5104,1742849426,42392.5104,SQS
67e1c5d5771d074a42d87de1,1742849375,93396.1123,1742849426,42396.1123,SQS
67e1c5d5771d074a42d87de5,1742849375,93429.9938,1742849426,42429.9938,SQS
67e1c5d5771d074a42d87de3,1742849375,93403.4564,1742849426,42403.4564,SQS
67e1c5d5771d074a42d87e0d,1742849375,93959.1094,1742849426,42959.1094,SQS
67e1c5d5771d074a42d87e0f,1742849375,93989.4614,1742849426,42989.4614,SQS
67e1c5d5771d074a42d87e11,1742849375,93993.8488,1742849426,42993.8488,SQS
67e1c5d5771d074a42d87e18,1742849375,94083.7822,1742849426,43083.7822,SQS
67e1c5d5771d074a42d87e19,1742849375,94082.8313,1742849426,43082.8313,SQS
67e1c5d5771d074a42d87e1d,1742849375,94239.5779,1742849426,43239.5779,SQS
67e1c5d5771d074a42d87e1f,1742849375,94298.9136,1742849426,43298.9136,SQS
67e1c5d5771d074a42d87e21,1742849375,94331.6517,1742849426,43331.6517,SQS
67e1c5d5771d074a42d87e25,1742849375,94343.69,1742849426,43343.69,SQS
67e1c5d5771d074a42d87e27,1742849375,94378.0461,1742849426,43378.0461,SQS
67e1c5d5771d074a42d87e28,1742849375,94439.6834,1742849426,43439.6834,SQS
67e1c5d5771d074a42d87e2a,1742849375,94443.6916,1742849426,43443.6916,SQS
67e1c5d5771d074a42d87d16,1742849375,92398.3763,1742849426,41398.3763,SQS
67e1c5d5771d074a42d87d24,1742849375,92519.0558,1742849426,41519.0558,SQS
67e1c5d5771d074a42d87d1e,1742849375,92413.4218,1742849426,41413.4218,SQS
67e1c5d5771d074a42d87d2b,1742849375,92593.6696,1742849426,41593.6696,SQS
67e1c5d5771d074a42d87d53,1742849375,92659.5194,1742849426,41659.5194,SQS
67e1c5d5771d074a42d87d31,1742849375,92602.6841,1742849426,41602.6841,SQS
67e1c5d5771d074a42d87dde,1742849375,93391.6519,1742849426,42391.6519,SQS
67e1c5d5771d074a42d87d51,1742849375,92515.4811,1742849425,42515.4811,SQS
67e1c5d5771d074a42d87d52,1742849375,92658.726,1742849425,42658.726,SQS
67e1c5d5771d074a42d87d36,1742849375,92606.7364,1742849425,42606.7364,SQS
67e1c5d5771d074a42d87d3a,1742849375,92617.2181,1742849425,42617.2181,SQS
67e1c5d5771d074a42d87d4e,1742849375,92652.0551,1742849425,42652.0551,SQS
67e1c5d5771d074a42d87ce3,1742849375,92232.5433,1742849425,42232.5433,SQS
67e1c5d5771d074a42d87d32,1742849375,92603.6666,1742849425,42603.6666,SQS
67e1c5d5771d074a42d87d3e,1742849375,92624.6593,1742849425,42624.6593,SQS
67e1c5d5771d074a42d87d42,1742849375,92630.3429,1742849425,42630.3429,SQS
67e1c5d5771d074a42d87d43,1742849375,92631.9153,1742849425,42631.9153,SQS
67e1c5d5771d074a42d87d4f,1742849375,92635.1457,1742849425,42635.1457,SQS
67e1c5d5771d074a42d87cdf,1742849375,92223.4213,1742849425,42223.4213,SQS
67e1c5d5771d074a42d87cbe,1742849375,91814.7611,1742849425,41814.7611,SQS
67e1c5d5771d074a42d87cc6,1742849375,91887.4449,1742849425,41887.4449,SQS
67e1c5d5771d074a42d87ccb,1742849375,91962.5885,1742849425,41962.5885,SQS
67e1c5d5771d074a42d87cca,1742849375,91959.8517,1742849425,41959.8517,SQS
67e1c5d5771d074a42d87cd6,1742849375,92037.5411,1742849425,42037.5411,SQS
67e1c5d5771d074a42d87cda,1742849375,92161.5932,1742849425,42161.5932,SQS
67e1c5d5771d074a42d87cd4,1742849375,91970.4209,1742849425,41970.4209,SQS
67e1c5d5771d074a42d87cde,1742849375,92189.9762,1742849425,42189.9762,SQS
67e1c5d5771d074a42d87ce2,1742849375,92229.1419,1742849425,42229.1419,SQS
67e1c5d5771d074a42d87ce6,1742849375,92236.5974,1742849425,42236.5974,SQS
67e1c5d5771d074a42d87cea,1742849375,92242.1848,1742849425,42242.1848,SQS
67e1c5d5771d074a42d87ce4,1742849375,92233.3178,1742849425,42233.3178,SQS
67e1c5d5771d074a42d87cd3,1742849375,92006.3103,1742849425,42006.3103,SQS
67e1c5d5771d074a42d87ced,1742849375,92249.0863,1742849425,42249.0863,SQS
67e1c5d5771d074a42d87cfa,1742849375,92300.8488,1742849425,42300.8488,SQS
67e1c5d5771d074a42d87cf4,1742849375,92257.9212,1742849425,42257.9212,SQS
67e1c5d5771d074a42d87cfe,1742849375,92301.6991,1742849425,42301.6991,SQS
67e1c5d5771d074a42d87d0c,1742849375,92381.2925,1742849425,42381.2925,SQS
67e1c5d5771d074a42d87d13,1742849375,92391.9035,1742849425,42391.9035,SQS
67e1c5d5771d074a42d87d0e,1742849375,92383.7849,1742849425,42383.7849,SQS
67e1c5d5771d074a42d87d14,1742849375,92394.2572,1742849425,42394.2572,SQS
67e1c5d5771d074a42d87d1c,1742849375,92412.513,1742849425,42412.513,SQS
67e1c5d5771d074a42d87d23,1742849375,92484.5979,1742849425,42484.5979,SQS
67e1c5d5771d074a42d87cf2,1742849375,92245.1372,1742849425,42245.1372,SQS
67e1c5d5771d074a42d87d2c,1742849375,92594.5975,1742849425,42594.5975,SQS
67e1c5d5771d074a42d87cf7,1742849375,92263.5126,1742849425,42263.5126,SQS
67e1c5d5771d074a42d87cf8,1742849375,92264.2302,1742849425,42264.2302,SQS
67e1c5d5771d074a42d87cfb,1742849375,92329.4083,1742849425,42329.4083,SQS
67e1c5d5771d074a42d87cef,1742849375,92247.3609,1742849425,42247.3609,SQS
67e1c5d5771d074a42d87cf1,1742849375,92246.4941,1742849425,42246.4941,SQS
67e1c5d5771d074a42d87cfc,1742849375,92330.1883,1742849425,42330.1883,SQS
67e1c5d5771d074a42d87d0d,1742849375,92377.7125,1742849425,42377.7125,SQS
67e1c5d5771d074a42d87d0f,1742849375,92386.2561,1742849425,42386.2561,SQS
67e1c5d5771d074a42d87d17,1742849375,92400.7652,1742849425,42400.7652,SQS
67e1c5d5771d074a42d87d2a,1742849375,92559.9455,1742849425,42559.9455,SQS
67e1c5d5771d074a42d87d33,1742849375,92605.8761,1742849425,42605.8761,SQS
67e1c5d5771d074a42d87d47,1742849375,92639.8448,1742849425,42639.8448,SQS
67e1c5d5771d074a42d87d4b,1742849375,92646.8922,1742849425,42646.8922,SQS
67e1c5d5771d074a42d87d66,1742849375,92749.1898,1742849425,42749.1898,SQS
67e1c5d5771d074a42d87cc4,1742849375,91911.8883,1742849425,41911.8883,SQS
67e1c5d5771d074a42d87cf0,1742849375,92252.2084,1742849425,42252.2084,SQS
67e1c5d5771d074a42d87cc7,1742849375,91919.7469,1742849425,41919.7469,SQS
67e1c5d5771d074a42d87cc8,1742849375,91918.8177,1742849425,41918.8177,SQS
67e1c5d5771d074a42d87cc9,1742849375,91921.1186,1742849425,41921.1186,SQS
67e1c5d5771d074a42d87cd5,1742849375,92009.3978,1742849425,42009.3978,SQS
67e1c5d5771d074a42d87cd9,1742849375,92097.1703,1742849425,42097.1703,SQS
67e1c5d5771d074a42d87ce1,1742849375,92229.3728,1742849425,42229.3728,SQS
67e1c5d5771d074a42d87ce5,1742849375,92235.6071,1742849425,42235.6071,SQS
67e1c5d5771d074a42d87ce8,1742849375,92226.6285,1742849425,42226.6285,SQS
67e1c5d5771d074a42d87cf3,1742849375,92256.2803,1742849425,42256.2803,SQS
67e1c5d5771d074a42d87cf9,1742849375,92298.4463,1742849425,42298.4463,SQS
67e1c5d5771d074a42d87cfd,1742849375,92332.3772,1742849425,42332.3772,SQS
67e1c5d5771d074a42d87cff,1742849375,92266.501,1742849425,42266.501,SQS
67e1c5d5771d074a42d87d01,1742849375,92334.5615,1742849425,42334.5615,SQS
67e1c5d5771d074a42d87d09,1742849375,92376.85,1742849425,42376.85,SQS
67e1c5d5771d074a42d87d11,1742849375,92389.2672,1742849425,42389.2672,SQS
67e1c5d5771d074a42d87d15,1742849375,92397.5229,1742849425,42397.5229,SQS
67e1c5d5771d074a42d87d18,1742849375,92401.6125,1742849425,42401.6125,SQS
67e1c5d5771d074a42d87d19,1742849375,92404.2416,1742849425,42404.2416,SQS
67e1c5d5771d074a42d87d1b,1742849375,92409.6813,1742849425,42409.6813,SQS
67e1c5d5771d074a42d87d1f,1742849375,92416.7969,1742849425,42416.7969,SQS
67e1c5d5771d074a42d87d20,1742849375,92395.1595,1742849425,42395.1595,SQS
67e1c5d5771d074a42d87d25,1742849375,92548.6139,1742849425,42548.6139,SQS
67e1c5d5771d074a42d87d27,1742849375,92556.1282,1742849425,42556.1282,SQS
67e1c5d5771d074a42d87d29,1742849375,92559.1347,1742849425,42559.1347,SQS
67e1c5d5771d074a42d87d2d,1742849375,92563.0514,1742849425,42563.0514,SQS
67e1c5d5771d074a42d87d2f,1742849375,92599.5496,1742849425,42599.5496,SQS
67e1c5d5771d074a42d87d30,1742849375,92546.5902,1742849425,42546.5902,SQS
67e1c5d5771d074a42d87d35,1742849375,92609.9468,1742849425,42609.9468,SQS
67e1c5d5771d074a42d87d37,1742849375,92611.5289,1742849425,42611.5289,SQS
67e1c5d5771d074a42d87d39,1742849375,92614.8293,1742849425,42614.8293,SQS
67e1c5d5771d074a42d87d3c,1742849375,92621.4065,1742849425,42621.4065,SQS
67e1c5d5771d074a42d87d41,1742849375,92629.644,1742849425,42629.644,SQS
67e1c5d5771d074a42d87d44,1742849375,92618.7612,1742849425,42618.7612,SQS
67e1c5d5771d074a42d87ce7,1742849375,92230.9465,1742849425,42230.9465,SQS
67e1c5d5771d074a42d87d48,1742849375,92642.5514,1742849425,42642.5514,SQS
67e1c5d5771d074a42d87d49,1742849375,92643.4288,1742849425,42643.4288,SQS
67e1c5d5771d074a42d87d4c,1742849375,92649.4661,1742849425,42649.4661,SQS
67e1c5d5771d074a42d87d4d,1742849375,92650.385,1742849425,42650.385,SQS
67e1c5d5771d074a42d87d55,1742849375,92663.3792,1742849425,42663.3792,SQS
67e1c5d5771d074a42d87d5e,1742849375,92735.1418,1742849425,42735.1418,SQS
67e1c5d5771d074a42d87d5f,1742849375,92735.9533,1742849425,42735.9533,SQS
67e1c5d5771d074a42d87d65,1742849375,92746.7363,1742849425,42746.7363,SQS
67e1c5d5771d074a42d87d6c,1742849375,92755.9585,1742849425,42755.9585,SQS
67e1c5d5771d074a42d87d7d,1742849375,92821.2395,1742849425,42821.2395,SQS
67e1c5d5771d074a42d87d83,1742849375,92830.325,1742849425,42830.325,SQS
67e1c5d5771d074a42d87d89,1742849375,92866.4067,1742849425,42866.4067,SQS
67e1c5d5771d074a42d87d8f,1742849375,92878.7049,1742849425,42878.7049,SQS
67e1c5d5771d074a42d87d00,1742849375,92255.493,1742849425,42255.493,SQS
67e1c5d5771d074a42d87e14,1742849375,94023.2054,1742849425,44023.2054,SQS
67e1c5d5771d074a42d87d08,1742849375,92347.8534,1742849425,42347.8534,SQS
67e1c5d5771d074a42d87cd7,1742849375,92042.0476,1742849425,42042.0476,SQS
67e1c5d5771d074a42d87d0b,1742849375,92380.4508,1742849425,42380.4508,SQS
67e1c5d5771d074a42d87d0a,1742849375,92346.5569,1742849425,42346.5569,SQS
67e1c5d5771d074a42d87d12,1742849375,92390.2141,1742849425,42390.2141,SQS
67e1c5d5771d074a42d87d1a,1742849375,92408.5291,1742849425,42408.5291,SQS
67e1c5d5771d074a42d87d10,1742849375,92387.0267,1742849425,42387.0267,SQS
67e1c5d5771d074a42d87d1d,1742849375,92414.2259,1742849425,42414.2259,SQS
67e1c5d5771d074a42d87d22,1742849375,92486.7996,1742849425,42486.7996,SQS
67e1c5d5771d074a42d87d26,1742849375,92550.1925,1742849425,42550.1925,SQS
67e1c5d5771d074a42d87cee,1742849375,92248.1763,1742849425,42248.1763,SQS
67e1c5d5771d074a42d87cf5,1742849375,92260.3378,1742849425,42260.3378,SQS
67e1c5d5771d074a42d87cd0,1742849375,91971.1872,1742849425,41971.1872,SQS
67e1c5d5771d074a42d87ccd,1742849375,91879.8965,1742849425,41879.8965,SQS
67e1c5d5771d074a42d87cdb,1742849375,92127.9002,1742849425,42127.9002,SQS
67e1c5d5771d074a42d87ce0,1742849375,92224.4451,1742849425,42224.4451,SQS
67e1c5d5771d074a42d87cdd,1742849375,92194.0429,1742849425,42194.0429,SQS
67e1c5d5771d074a42d87ceb,1742849375,92241.3864,1742849425,42241.3864,SQS
67e1c5d5771d074a42d87cb0,1742849375,91770.5599,1742849425,41770.5599,SQS
67e1c5d5771d074a42d87d2e,1742849375,92598.8118,1742849425,42598.8118,SQS
67e1c5d5771d074a42d87cf6,1742849375,92258.8276,1742849425,42258.8276,SQS
67e1c5d5771d074a42d87ca2,1742849375,91662.7696,1742849424,42662.7696,SQS
67e1c5d5771d074a42d87ca6,1742849375,91756.8279,1742849424,42756.8279,SQS
67e1c5d5771d074a42d87cae,1742849375,91769.8123,1742849424,42769.8123,SQS
67e1c5d5771d074a42d87cb2,1742849375,91774.4242,1742849424,42774.4242,SQS
67e1c5d5771d074a42d87cb6,1742849375,91780.7353,1742849424,42780.7353,SQS
67e1c5d5771d074a42d87cc0,1742849375,91882.0302,1742849424,42882.0302,SQS
67e1c5d5771d074a42d87cbb,1742849375,91803.917,1742849424,42803.917,SQS
67e1c5d5771d074a42d87d77,1742849375,92776.1733,1742849424,43776.1733,SQS
67e1c5d5771d074a42d87ca7,1742849375,91757.6918,1742849424,42757.6918,SQS
67e1c5d5771d074a42d87cb7,1742849375,91804.6557,1742849424,42804.6557,SQS
67e1c5d5771d074a42d87c99,1742849375,91510.3468,1742849424,42510.3468,SQS
67e1c5d5771d074a42d87cbf,1742849375,91851.7614,1742849424,42851.7614,SQS
67e1c5d5771d074a42d87ca1,1742849375,91632.7549,1742849424,42632.7549,SQS
67e1c5d5771d074a42d87ca3,1742849375,91693.8337,1742849424,42693.8337,SQS
67e1c5d5771d074a42d87caf,1742849375,91771.3723,1742849424,42771.3723,SQS
67e1c5d5771d074a42d87cb8,1742849375,91807.1267,1742849424,42807.1267,SQS
67e1c5d5771d074a42d87cb9,1742849375,91806.3435,1742849424,42806.3435,SQS
67e1c5d5771d074a42d87cc1,1742849375,91884.6338,1742849424,42884.6338,SQS
67e1c5d5771d074a42d87cc3,1742849375,91912.6566,1742849424,42912.6566,SQS
67e1c5d5771d074a42d87cc5,1742849375,91915.6957,1742849424,42915.6957,SQS
67e1c5d5771d074a42d87cd8,1742849375,92035.7192,1742849424,43035.7192,SQS
67e1c5d5771d074a42d87ce9,1742849375,92010.1473,1742849424,43010.1473,SQS
67e1c5d5771d074a42d87ccc,1742849375,91961.8295,1742849424,42961.8295,SQS
67e1c5d5771d074a42d87cdc,1742849375,92163.8574,1742849424,43163.8574,SQS
67e1c5d5771d074a42d87e08,1742849375,93774.2052,1742849424,44774.2052,SQS
67e1c5d5771d074a42d87cbd,1742849375,91813.2266,1742849424,42813.2266,SQS
67e1c5d5771d074a42d87ccf,1742849375,91968.2987,1742849424,42968.2987,SQS
67e1c5d5771d074a42d87cad,1742849375,91479.7873,1742849424,42479.7873,SQS
67e1c5d5771d074a42d87ca0,1742849375,91631.7662,1742849424,42631.7662,SQS
67e1c5d5771d074a42d87c9f,1742849375,91573.6857,1742849424,42573.6857,SQS
67e1c5d5771d074a42d87c9c,1742849375,91544.7533,1742849424,42544.7533,SQS
67e1c5d5771d074a42d87ca5,1742849375,91696.2722,1742849424,42696.2722,SQS
67e1c5d5771d074a42d87cd1,1742849375,91964.9218,1742849424,42964.9218,SQS
67e1c5d5771d074a42d87caa,1742849375,91763.4449,1742849424,42763.4449,SQS
67e1c5d5771d074a42d87d9c,1742849375,92955.8008,1742849423,44955.8008,SQS
67e1c5d5771d074a42d87db5,1742849375,93115.8412,1742849423,45115.8412,SQS
67e1c5d5771d074a42d87db3,1742849375,93111.2736,1742849423,45111.2736,SQS
67e1c5d5771d074a42d87dc1,1742849375,91478.9786,1742849423,43478.9786,SQS
67e1c5d5771d074a42d87d73,1742849375,92770.8927,1742849423,44770.8927,SQS
67e1c5d5771d074a42d87d74,1742849375,92657.9181,1742849423,44657.9181,SQS
67e1c5d5771d074a42d87d7a,1742849375,92812.3457,1742849423,44812.3457,SQS
67e1c5d5771d074a42d87d9a,1742849375,92953.2842,1742849423,44953.2842,SQS
67e1c5d5771d074a42d87d9e,1742849375,92961.1944,1742849423,44961.1944,SQS
67e1c5d5771d074a42d87c8c,1742849375,91340.171,1742849423,43340.171,SQS
67e1c5d5771d074a42d87d98,1742849375,92949.4308,1742849423,44949.4308,SQS
67e1c5d5771d074a42d87da0,1742849375,92952.5343,1742849423,44952.5343,SQS
67e1c5d5771d074a42d87c8e,1742849375,91430.4614,1742849423,43430.4614,SQS
67e1c5d5771d074a42d87c94,1742849375,91439.825,1742849423,43439.825,SQS
67e1c5d5771d074a42d87c96,1742849375,91476.9967,1742849423,43476.9967,SQS
67e1c5d5771d074a42d87c9a,1742849375,91513.7725,1742849423,43513.7725,SQS
67e1c5d5771d074a42d87cab,1742849375,91764.2674,1742849423,43764.2674,SQS
67e1c5d5771d074a42d87cd2,1742849375,92005.4803,1742849423,44005.4803,SQS
67e1c5d5771d074a42d87d02,1742849375,92262.7515,1742849423,44262.7515,SQS
67e1c5d5771d074a42d87d04,1742849375,92339.8771,1742849423,44339.8771,SQS
67e1c5d5771d074a42d87c7e,1742849375,91159.8059,1742849423,43159.8059,SQS
67e1c5d5771d074a42d87d78,1742849375,92777.2638,1742849423,44777.2638,SQS
67e1c5d5771d074a42d87d7e,1742849375,92818.8692,1742849423,44818.8692,SQS
67e1c5d4771d074a42d87c6e,1742849375,91044.5547,1742849423,43044.5547,SQS
67e1c5d4771d074a42d87c68,1742849375,90975.4193,1742849423,42975.4193,SQS
67e1c5d5771d074a42d87d9f,1742849375,92960.3716,1742849423,44960.3716,SQS
67e1c5d4771d074a42d87c73,1742849375,91081.7689,1742849423,43081.7689,SQS
67e1c5d4771d074a42d87c6b,1742849375,90985.5268,1742849423,42985.5268,SQS
67e1c5d5771d074a42d87c77,1742849375,91124.1999,1742849423,43124.1999,SQS
67e1c5d5771d074a42d87c7d,1742849375,91157.7322,1742849423,43157.7322,SQS
67e1c5d5771d074a42d87c83,1742849375,91170.7041,1742849423,43170.7041,SQS
67e1c5d5771d074a42d87c82,1742849375,91166.6408,1742849423,43166.6408,SQS
67e1c5d5771d074a42d87c7b,1742849375,91151.5404,1742849423,43151.5404,SQS
67e1c5d4771d074a42d87c6c,1742849375,90984.2614,1742849423,42984.2614,SQS
67e1c5d4771d074a42d87c69,1742849375,90977.5884,1742849423,42977.5884,SQS
67e1c5d4771d074a42d87c6d,1742849375,91013.0827,1742849423,43013.0827,SQS
67e1c5d4771d074a42d87c6f,1742849375,91074.7051,1742849423,43074.7051,SQS
67e1c5d5771d074a42d87c78,1742849375,91126.765,1742849423,43126.765,SQS
67e1c5d5771d074a42d87c79,1742849375,91128.82,1742849423,43128.82,SQS
67e1c5d5771d074a42d87c7f,1742849375,91161.754,1742849423,43161.754,SQS
67e1c5d5771d074a42d87c85,1742849375,91198.7882,1742849423,43198.7882,SQS
67e1c5d5771d074a42d87c89,1742849375,91299.9741,1742849423,43299.9741,SQS
67e1c5d5771d074a42d87c8d,1742849375,91230.6118,1742849423,43230.6118,SQS
67e1c5d5771d074a42d87c8f,1742849375,91431.2895,1742849423,43431.2895,SQS
67e1c5d5771d074a42d87c95,1742849375,91442.6702,1742849423,43442.6702,SQS
67e1c5d5771d074a42d87c97,1742849375,91481.4589,1742849423,43481.4589,SQS
67e1c5d5771d074a42d87c98,1742849375,91509.5645,1742849423,43509.5645,SQS
67e1c5d5771d074a42d87c9e,1742849375,91571.6287,1742849423,43571.6287,SQS
67e1c5d5771d074a42d87ca8,1742849375,91760.2163,1742849423,43760.2163,SQS
67e1c5d5771d074a42d87ca9,1742849375,91760.9642,1742849423,43760.9642,SQS
67e1c5d5771d074a42d87cac,1742849375,91766.5085,1742849423,43766.5085,SQS
67e1c5d5771d074a42d87cb1,1742849375,91768.1209,1742849423,43768.1209,SQS
67e1c5d5771d074a42d87cba,1742849375,91808.8186,1742849423,43808.8186,SQS
67e1c5d5771d074a42d87cbc,1742849375,91811.7639,1742849423,43811.7639,SQS
67e1c5d5771d074a42d87c76,1742849375,91122.1437,1742849423,43122.1437,SQS
67e1c5d5771d074a42d87d05,1742849375,92340.647,1742849423,44340.647,SQS
67e1c5d5771d074a42d87d06,1742849375,91480.605,1742849423,43480.605,SQS
67e1c5d5771d074a42d87d07,1742849375,92343.6523,1742849423,44343.6523,SQS
67e1c5d5771d074a42d87d21,1742849375,92453.39,1742849423,44453.39,SQS
67e1c5d5771d074a42d87d50,1742849375,92636.2037,1742849423,44636.2037,SQS
67e1c5d5771d074a42d87c7a,1742849375,91153.3003,1742849423,43153.3003,SQS
67e1c5d5771d074a42d87d67,1742849375,92749.9864,1742849423,44749.9864,SQS
67e1c5d5771d074a42d87d75,1742849375,91755.9271,1742849423,43755.9271,SQS
67e1c5d5771d074a42d87d8d,1742849375,92874.8433,1742849423,44874.8433,SQS
67e1c5d5771d074a42d87d97,1742849375,92921.8444,1742849423,44921.8444,SQS
67e1c5d5771d074a42d87d99,1742849375,92950.2124,1742849423,44950.2124,SQS
67e1c5d5771d074a42d87da1,1742849375,92963.3674,1742849423,44963.3674,SQS
67e1c5d5771d074a42d87db9,1742849375,92815.507,1742849423,44815.507,SQS
67e1c5d5771d074a42d87dc9,1742849375,93177.208,1742849423,45177.208,SQS
67e1c5d5771d074a42d87db7,1742849375,92884.2941,1742849423,44884.2941,SQS
67e1c5d5771d074a42d87db8,1742849375,93151.0401,1742849423,45151.0401,SQS
67e1c5d5771d074a42d87c81,1742849375,91167.7573,1742849423,43167.7573,SQS
67e1c5d5771d074a42d87c8b,1742849375,91338.3932,1742849423,43338.3932,SQS
67e1c5d5771d074a42d87c8a,1742849375,91301.4899,1742849423,43301.4899,SQS
67e1c5d5771d074a42d87c88,1742849375,91297.1298,1742849423,43297.1298,SQS
67e1c5d5771d074a42d87c7c,1742849375,91155.7901,1742849423,43155.7901,SQS
67e1c5d5771d074a42d87cb4,1742849375,91777.353,1742849423,43777.353,SQS
67e1c5d5771d074a42d87c92,1742849375,91436.2097,1742849423,43436.2097,SQS
67e1c5d5771d074a42d87c90,1742849375,91399.4408,1742849423,43399.4408,SQS
67e1c5d5771d074a42d87dba,1742849375,92816.3922,1742849422,45816.3922,SQS
67e1c5d5771d074a42d87dbe,1742849375,93159.7877,1742849422,46159.7877,SQS
67e1c5d4771d074a42d87c62,1742849375,90938.9906,1742849422,43938.9906,SQS
67e1c5d5771d074a42d87dca,1742849375,93179.76,1742849422,46179.76,SQS
67e1c5d5771d074a42d87dce,1742849375,93246.8708,1742849422,46246.8708,SQS
67e1c5d5771d074a42d87dcb,1742849375,93180.7036,1742849422,46180.7036,SQS
67e1c5d4771d074a42d87c04,1742849375,90350.2823,1742849422,43350.2823,SQS
67e1c5d5771d074a42d87d92,1742849375,92883.2833,1742849422,45883.2833,SQS
67e1c5d5771d074a42d87da4,1742849375,93000.6054,1742849422,46000.6054,SQS
67e1c5d5771d074a42d87dbb,1742849375,93155.7067,1742849422,46155.7067,SQS
67e1c5d5771d074a42d87dc6,1742849375,93173.9152,1742849422,46173.9152,SQS
67e1c5d5771d074a42d87dc4,1742849375,93170.4842,1742849422,46170.4842,SQS
67e1c5d5771d074a42d87db1,1742849375,93106.797,1742849422,46106.797,SQS
67e1c5d5771d074a42d87dcc,1742849375,93213.8431,1742849422,46213.8431,SQS
67e1c5d5771d074a42d87c9b,1742849375,91514.6983,1742849422,44514.6983,SQS
67e1c5d5771d074a42d87dd0,1742849375,90611.4961,1742849422,43611.4961,SQS
67e1c5d4771d074a42d87c26,1742849375,90521.5844,1742849422,43521.5844,SQS
67e1c5d4771d074a42d87c1a,1742849375,90446.0665,1742849422,43446.0665,SQS
67e1c5d4771d074a42d87c22,1742849375,90486.9494,1742849422,43486.9494,SQS
67e1c5d4771d074a42d87c2c,1742849375,90557.2617,1742849422,43557.2617,SQS
67e1c5d4771d074a42d87c2e,1742849375,90555.5918,1742849422,43555.5918,SQS
67e1c5d4771d074a42d87c42,1742849375,90640.5663,1742849422,43640.5663,SQS
67e1c5d4771d074a42d87c4c,1742849375,90769.2516,1742849422,43769.2516,SQS
67e1c5d4771d074a42d87c50,1742849375,90846.4826,1742849422,43846.4826,SQS
67e1c5d4771d074a42d87c4a,1742849375,90775.9401,1742849422,43775.9401,SQS
67e1c5d4771d074a42d87c16,1742849375,90412.4246,1742849422,43412.4246,SQS
67e1c5d4771d074a42d87c54,1742849375,90879.8309,1742849422,43879.8309,SQS
67e1c5d4771d074a42d87c53,1742849375,90876.2861,1742849422,43876.2861,SQS
67e1c5d4771d074a42d87c60,1742849375,90925.1652,1742849422,43925.1652,SQS
67e1c5d4771d074a42d87c5c,1742849375,90922.464,1742849422,43922.464,SQS
67e1c5d4771d074a42d87c32,1742849375,90562.8395,1742849422,43562.8395,SQS
67e1c5d5771d074a42d87dd1,1742849375,93251.1057,1742849422,46251.1057,SQS
67e1c5d4771d074a42d87c2b,1742849375,90556.4068,1742849422,43556.4068,SQS
67e1c5d4771d074a42d87c37,1742849375,90573.6218,1742849422,43573.6218,SQS
67e1c5d4771d074a42d87c64,1742849375,90967.435,1742849422,43967.435,SQS
67e1c5d4771d074a42d87c44,1742849375,90764.5728,1742849422,43764.5728,SQS
67e1c5d4771d074a42d87c3f,1742849375,90672.8068,1742849422,43672.8068,SQS
67e1c5d4771d074a42d87c46,1742849375,90701.596,1742849422,43701.596,SQS
67e1c5d4771d074a42d87c3c,1742849375,90609.9067,1742849422,43609.9067,SQS
67e1c5d4771d074a42d87c72,1742849375,91080.0289,1742849422,44080.0289,SQS
67e1c5d4771d074a42d87c3b,1742849375,90578.6737,1742849422,43578.6737,SQS
67e1c5d4771d074a42d87c5a,1742849375,90889.0588,1742849422,43889.0588,SQS
67e1c5d4771d074a42d87c4e,1742849375,90842.0186,1742849422,43842.0186,SQS
67e1c5d4771d074a42d87c4b,1742849375,90777.843,1742849422,43777.843,SQS
67e1c5d4771d074a42d87c17,1742849375,90439.1915,1742849422,43439.1915,SQS
67e1c5d4771d074a42d87c43,1742849375,90737.3018,1742849422,43737.3018,SQS
67e1c5d4771d074a42d87c5b,1742849375,90920.6848,1742849422,43920.6848,SQS
67e1c5d4771d074a42d87c18,1742849375,90440.0759,1742849422,43440.0759,SQS
67e1c5d4771d074a42d87c19,1742849375,90443.4143,1742849422,43443.4143,SQS
67e1c5d4771d074a42d87c1d,1742849375,90450.3044,1742849422,43450.3044,SQS
67e1c5d4771d074a42d87c1f,1742849375,90453.7039,1742849422,43453.7039,SQS
67e1c5d4771d074a42d87c21,1742849375,90456.939,1742849422,43456.939,SQS
67e1c5d4771d074a42d87c23,1742849375,90516.0636,1742849422,43516.0636,SQS
67e1c5d4771d074a42d87c27,1742849375,90523.5527,1742849422,43523.5527,SQS
67e1c5d4771d074a42d87c28,1742849375,90547.0841,1742849422,43547.0841,SQS
67e1c5d4771d074a42d87c29,1742849375,90457.771,1742849422,43457.771,SQS
67e1c5d4771d074a42d87c2d,1742849375,90553.4556,1742849422,43553.4556,SQS
67e1c5d4771d074a42d87c2f,1742849375,90554.6262,1742849422,43554.6262,SQS
67e1c5d4771d074a42d87c30,1742849375,90561.9624,1742849422,43561.9624,SQS
67e1c5d4771d074a42d87c34,1742849375,90567.6555,1742849422,43567.6555,SQS
67e1c5d4771d074a42d87c38,1742849375,90572.7928,1742849422,43572.7928,SQS
67e1c5d4771d074a42d87c39,1742849375,90575.2307,1742849422,43575.2307,SQS
67e1c5d4771d074a42d87c3d,1742849375,90612.2921,1742849422,43612.2921,SQS
67e1c5d4771d074a42d87c40,1742849375,90674.7433,1742849422,43674.7433,SQS
67e1c5d4771d074a42d87c41,1742849375,90676.6531,1742849422,43676.6531,SQS
67e1c5d4771d074a42d87c45,1742849375,90765.4782,1742849422,43765.4782,SQS
67e1c5d4771d074a42d87c47,1742849375,90770.1382,1742849422,43770.1382,SQS
67e1c5d4771d074a42d87c48,1742849375,90771.0226,1742849422,43771.0226,SQS
67e1c5d4771d074a42d87c49,1742849375,90774.1162,1742849422,43774.1162,SQS
67e1c5d4771d074a42d87c4d,1742849375,90841.1695,1742849422,43841.1695,SQS
67e1c5d4771d074a42d87c4f,1742849375,90844.7854,1742849422,43844.7854,SQS
67e1c5d4771d074a42d87c51,1742849375,90873.6078,1742849422,43873.6078,SQS
67e1c5d4771d074a42d87c55,1742849375,90879.0312,1742849422,43879.0312,SQS
67e1c5d4771d074a42d87c57,1742849375,90883.0518,1742849422,43883.0518,SQS
67e1c5d4771d074a42d87c58,1742849375,90883.83,1742849422,43883.83,SQS
67e1c5d4771d074a42d87c59,1742849375,90887.4451,1742849422,43887.4451,SQS
67e1c5d4771d074a42d87c5d,1742849375,90926.3171,1742849422,43926.3171,SQS
67e1c5d4771d074a42d87c5f,1742849375,90930.6081,1742849422,43930.6081,SQS
67e1c5d4771d074a42d87c61,1742849375,90935.607,1742849422,43935.607,SQS
67e1c5d4771d074a42d87c63,1742849375,90940.6557,1742849422,43940.6557,SQS
67e1c5d4771d074a42d87c65,1742849375,90966.6536,1742849422,43966.6536,SQS
67e1c5d4771d074a42d87c66,1742849375,90970.7462,1742849422,43970.7462,SQS
67e1c5d5771d074a42d87c74,1742849375,91082.6873,1742849422,44082.6873,SQS
67e1c5d4771d074a42d87c71,1742849375,91078.2481,1742849422,44078.2481,SQS
67e1c5d4771d074a42d87c70,1742849375,91075.5643,1742849422,44075.5643,SQS
67e1c5d5771d074a42d87c80,1742849375,91164.6799,1742849422,44164.6799,SQS
67e1c5d5771d074a42d87c84,1742849375,91152.4226,1742849422,44152.4226,SQS
67e1c5d5771d074a42d87c86,1742849375,91291.2796,1742849422,44291.2796,SQS
67e1c5d5771d074a42d87c87,1742849375,91294.5826,1742849422,44294.5826,SQS
67e1c5d5771d074a42d87c91,1742849375,91260.0751,1742849422,44260.0751,SQS
67e1c5d5771d074a42d87cc2,1742849375,91910.9575,1742849422,44910.9575,SQS
67e1c5d4771d074a42d87c52,1742849375,90875.4345,1742849422,43875.4345,SQS
67e1c5d4771d074a42d87c56,1742849375,90882.2623,1742849422,43882.2623,SQS
67e1c5d5771d074a42d87cec,1742849375,92010.916,1742849422,45010.916,SQS
67e1c5d4771d074a42d87c15,1742849375,90411.4737,1742849422,43411.4737,SQS
67e1c5d5771d074a42d87d3f,1742849375,92625.4878,1742849422,45625.4878,SQS
67e1c5d4771d074a42d87c07,1742849375,90354.3452,1742849422,43354.3452,SQS
67e1c5d5771d074a42d87d76,1742849375,92345.6914,1742849422,45345.6914,SQS
67e1c5d4771d074a42d87c0d,1742849375,90399.2679,1742849422,43399.2679,SQS
67e1c5d5771d074a42d87d9d,1742849375,92954.7517,1742849422,45954.7517,SQS
67e1c5d5771d074a42d87da5,1742849375,93003.365,1742849422,46003.365,SQS
67e1c5d5771d074a42d87dcf,1742849375,93247.6911,1742849422,46247.6911,SQS
67e1c5d5771d074a42d87da6,1742849375,93027.9796,1742849422,46027.9796,SQS
67e1c5d5771d074a42d87da8,1742849375,93058.0507,1742849422,46058.0507,SQS
67e1c5d4771d074a42d87c1c,1742849375,90448.6524,1742849422,43448.6524,SQS
67e1c5d4771d074a42d87c1b,1742849375,90446.9034,1742849422,43446.9034,SQS
67e1c5d5771d074a42d87dbf,1742849375,93162.4032,1742849422,46162.4032,SQS
67e1c5d5771d074a42d87dc0,1742849375,93163.275,1742849422,46163.275,SQS
67e1c5d5771d074a42d87dcd,1742849375,93214.7652,1742849422,46214.7652,SQS
67e1c5d5771d074a42d87dc5,1742849375,93167.4479,1742849422,46167.4479,SQS
67e1c5d4771d074a42d87c1e,1742849375,90452.7631,1742849422,43452.7631,SQS
67e1c5d4771d074a42d87c5e,1742849375,90919.0332,1742849422,43919.0332,SQS
67e1c5d4771d074a42d87c20,1742849375,90444.246,1742849422,43444.246,SQS
67e1c5d4771d074a42d87c36,1742849375,90570.4163,1742849422,43570.4163,SQS
67e1c5d4771d074a42d87c3e,1742849375,90670.7774,1742849422,43670.7774,SQS
67e1c5d4771d074a42d87c3a,1742849375,90577.7918,1742849422,43577.7918,SQS
67e1c5d5771d074a42d87c93,1742849375,91435.3124,1742849422,44435.3124,SQS
67e1c5d5771d074a42d87d5a,1742849375,92669.8556,1742849421,46669.8556,SQS
67e1c5d5771d074a42d87d9b,1742849375,92956.7796,1742849421,46956.7796,SQS
67e1c5d5771d074a42d87d8a,1742849375,92867.4365,1742849421,46867.4365,SQS
67e1c5d4771d074a42d87bdc,1742849375,90161.1934,1742849421,44161.1934,SQS
67e1c5d4771d074a42d87be0,1742849375,90165.5786,1742849421,44165.5786,SQS
67e1c5d4771d074a42d87bde,1742849375,90160.3371,1742849421,44160.3371,SQS
67e1c5d4771d074a42d87bea,1742849375,90239.5962,1742849421,44239.5962,SQS
67e1c5d4771d074a42d87bf2,1742849375,90300.415,1742849421,44300.415,SQS
67e1c5d4771d074a42d87bfc,1742849375,90304.2995,1742849421,44304.2995,SQS
67e1c5d4771d074a42d87bfe,1742849375,90329.7815,1742849421,44329.7815,SQS
67e1c5d4771d074a42d87c02,1742849375,90347.8092,1742849421,44347.8092,SQS
67e1c5d4771d074a42d87c01,1742849375,90344.0857,1742849421,44344.0857,SQS
67e1c5d4771d074a42d87c12,1742849375,90406.6695,1742849421,44406.6695,SQS
67e1c5d4771d074a42d87c6a,1742849375,90980.439,1742849421,44980.439,SQS
67e1c5d4771d074a42d87baf,1742849375,89757.6698,1742849421,43757.6698,SQS
67e1c5d4771d074a42d87bb5,1742849375,89861.3593,1742849421,43861.3593,SQS
67e1c5d4771d074a42d87bb7,1742849375,89927.413,1742849421,43927.413,SQS
67e1c5d4771d074a42d87bb8,1742849375,89931.8939,1742849421,43931.8939,SQS
67e1c5d4771d074a42d87bb9,1742849375,89935.1033,1742849421,43935.1033,SQS
67e1c5d4771d074a42d87bbd,1742849375,89946.3131,1742849421,43946.3131,SQS
67e1c5d4771d074a42d87bbf,1742849375,89973.2138,1742849421,43973.2138,SQS
67e1c5d4771d074a42d87bc0,1742849375,89978.5766,1742849421,43978.5766,SQS
67e1c5d4771d074a42d87bc3,1742849375,90010.3266,1742849421,44010.3266,SQS
67e1c5d4771d074a42d87bc4,1742849375,90009.5231,1742849421,44009.5231,SQS
67e1c5d4771d074a42d87bc5,1742849375,90005.1777,1742849421,44005.1777,SQS
67e1c5d4771d074a42d87bc7,1742849375,90015.5205,1742849421,44015.5205,SQS
67e1c5d4771d074a42d87bc8,1742849375,90017.847,1742849421,44017.847,SQS
67e1c5d4771d074a42d87bc9,1742849375,90020.5029,1742849421,44020.5029,SQS
67e1c5d4771d074a42d87bcd,1742849375,90026.3105,1742849421,44026.3105,SQS
67e1c5d4771d074a42d87bcf,1742849375,90019.687,1742849421,44019.687,SQS
67e1c5d4771d074a42d87bd5,1742849375,90071.3946,1742849421,44071.3946,SQS
67e1c5d4771d074a42d87bd7,1742849375,90098.2965,1742849421,44098.2965,SQS
67e1c5d4771d074a42d87bd8,1742849375,90101.0269,1742849421,44101.0269,SQS
67e1c5d4771d074a42d87bd9,1742849375,90129.2869,1742849421,44129.2869,SQS
67e1c5d4771d074a42d87bdd,1742849375,90162.0705,1742849421,44162.0705,SQS
67e1c5d4771d074a42d87bdf,1742849375,90101.9539,1742849421,44101.9539,SQS
67e1c5d4771d074a42d87be1,1742849375,90167.283,1742849421,44167.283,SQS
67e1c5d4771d074a42d87be5,1742849375,90174.597,1742849421,44174.597,SQS
67e1c5d4771d074a42d87be7,1742849375,90178.4992,1742849421,44178.4992,SQS
67e1c5d4771d074a42d87be8,1742849375,90181.2253,1742849421,44181.2253,SQS
67e1c5d4771d074a42d87be9,1742849375,90238.7149,1742849421,44238.7149,SQS
67e1c5d4771d074a42d87bed,1742849375,90245.3603,1742849421,44245.3603,SQS
67e1c5d4771d074a42d87bf0,1742849375,90273.4143,1742849421,44273.4143,SQS
67e1c5d4771d074a42d87bf1,1742849375,90275.1295,1742849421,44275.1295,SQS
67e1c5d4771d074a42d87bf5,1742849375,90237.7937,1742849421,44237.7937,SQS
67e1c5d4771d074a42d87bf7,1742849375,90330.6209,1742849421,44330.6209,SQS
67e1c5d4771d074a42d87bf8,1742849375,90332.2307,1742849421,44332.2307,SQS
67e1c5d4771d074a42d87bf9,1742849375,90333.958,1742849421,44333.958,SQS
67e1c5d4771d074a42d87bfd,1742849375,90339.9885,1742849421,44339.9885,SQS
67e1c5d4771d074a42d87bff,1742849375,90341.6376,1742849421,44341.6376,SQS
67e1c5d4771d074a42d87c03,1742849375,90346.9558,1742849421,44346.9558,SQS
67e1c5d4771d074a42d87c05,1742849375,90351.0933,1742849421,44351.0933,SQS
67e1c5d4771d074a42d87c06,1742849375,90353.5719,1742849421,44353.5719,SQS
67e1c5d4771d074a42d87c08,1742849375,90391.7515,1742849421,44391.7515,SQS
67e1c5d4771d074a42d87c09,1742849375,90392.6338,1742849421,44392.6338,SQS
67e1c5d4771d074a42d87c0c,1742849375,90398.406,1742849421,44398.406,SQS
67e1c5d4771d074a42d87c0f,1742849375,90402.5358,1742849421,44402.5358,SQS
67e1c5d4771d074a42d87c25,1742849375,90519.9982,1742849421,44519.9982,SQS
67e1c5d4771d074a42d87c2a,1742849375,90551.2243,1742849421,44551.2243,SQS
67e1c5d4771d074a42d87c31,1742849375,90442.5957,1742849421,44442.5957,SQS
67e1c5d4771d074a42d87c33,1742849375,90566.0559,1742849421,44566.0559,SQS
67e1c5d4771d074a42d87c35,1742849375,90566.8688,1742849421,44566.8688,SQS
67e1c5d4771d074a42d87c67,1742849375,90972.8591,1742849421,44972.8591,SQS
67e1c5d5771d074a42d87c75,1742849375,91120.3919,1742849421,45120.3919,SQS
67e1c5d5771d074a42d87c9d,1742849375,91570.8472,1742849421,45570.8472,SQS
67e1c5d5771d074a42d87ca4,1742849375,91697.269,1742849421,45697.269,SQS
67e1c5d4771d074a42d87bb2,1742849375,89820.1195,1742849421,43820.1195,SQS
67e1c5d5771d074a42d87cb5,1742849375,91779.9641,1742849421,45779.9641,SQS
67e1c5d4771d074a42d87bb3,1742849375,89854.053,1742849421,43854.053,SQS
67e1c5d4771d074a42d87bb4,1742849375,89857.894,1742849421,43857.894,SQS
67e1c5d5771d074a42d87cce,1742849375,91966.4395,1742849421,45966.4395,SQS
67e1c5d4771d074a42d87bb6,1742849375,89860.2813,1742849421,43860.2813,SQS
67e1c5d4771d074a42d87bba,1742849375,89937.7201,1742849421,43937.7201,SQS
67e1c5d4771d074a42d87bda,1742849375,90130.4589,1742849421,44130.4589,SQS
67e1c5d4771d074a42d87bbc,1742849375,89943.5166,1742849421,43943.5166,SQS
67e1c5d4771d074a42d87bbe,1742849375,89948.5894,1742849421,43948.5894,SQS
67e1c5d4771d074a42d87bc2,1742849375,90007.8441,1742849421,44007.8441,SQS
67e1c5d4771d074a42d87bc6,1742849375,90014.6775,1742849421,44014.6775,SQS
67e1c5d4771d074a42d87be2,1742849375,90169.9878,1742849421,44169.9878,SQS
67e1c5d4771d074a42d87bae,1742849375,89756.735,1742849421,43756.735,SQS
67e1c5d4771d074a42d87bbb,1742849375,89939.748,1742849421,43939.748,SQS
67e1c5d4771d074a42d87bb1,1742849375,89819.0991,1742849421,43819.0991,SQS
67e1c5d4771d074a42d87bcb,1742849375,90023.8816,1742849421,44023.8816,SQS
67e1c5d4771d074a42d87bca,1742849375,90021.3013,1742849421,44021.3013,SQS
67e1c5d4771d074a42d87bcc,1742849375,90025.501,1742849421,44025.501,SQS
67e1c5d4771d074a42d87bce,1742849375,90013.7726,1742849421,44013.7726,SQS
67e1c5d4771d074a42d87bfb,1742849375,90336.5101,1742849421,44336.5101,SQS
67e1c5d4771d074a42d87bfa,1742849375,90334.8806,1742849421,44334.8806,SQS
67e1c5d4771d074a42d87c0b,1742849375,90395.8969,1742849421,44395.8969,SQS
67e1c5d4771d074a42d87c0a,1742849375,90395.071,1742849421,44395.071,SQS
67e1c5d4771d074a42d87c10,1742849375,90403.3905,1742849421,44403.3905,SQS
67e1c5d5771d074a42d87d81,1742849375,92826.648,1742849421,46826.648,SQS
67e1c5d4771d074a42d87bd4,1742849375,90068.6541,1742849421,44068.6541,SQS
67e1c5d5771d074a42d87d88,1742849375,92859.9637,1742849421,46859.9637,SQS
67e1c5d4771d074a42d87c0e,1742849375,90356.7414,1742849421,44356.7414,SQS
67e1c5d5771d074a42d87d96,1742849375,92921.1059,1742849421,46921.1059,SQS
67e1c5d5771d074a42d87dae,1742849375,93100.1538,1742849421,47100.1538,SQS
67e1c5d5771d074a42d87db0,1742849375,93105.6924,1742849421,47105.6924,SQS
67e1c5d5771d074a42d87db4,1742849375,93114.6939,1742849421,47114.6939,SQS
67e1c5d5771d074a42d87dc3,1742849375,93169.5181,1742849421,47169.5181,SQS
67e1c5d5771d074a42d87dc7,1742849375,93174.8336,1742849421,47174.8336,SQS
67e1c5d5771d074a42d87dc8,1742849375,91437.9334,1742849421,45437.9334,SQS
67e1c5d4771d074a42d87bdb,1742849375,90133.4067,1742849421,44133.4067,SQS
67e1c5d4771d074a42d87be3,1742849375,90171.7132,1742849421,44171.7132,SQS
67e1c5d4771d074a42d87be4,1742849375,90170.8023,1742849421,44170.8023,SQS
67e1c5d4771d074a42d87c24,1742849375,90518.4632,1742849421,44518.4632,SQS
67e1c5d4771d074a42d87bd3,1742849375,90066.4491,1742849421,44066.4491,SQS
67e1c5d5771d074a42d87d03,1742849375,92338.3342,1742849421,46338.3342,SQS
67e1c5d4771d074a42d87beb,1742849375,90236.7179,1742849421,44236.7179,SQS
67e1c5d4771d074a42d87bec,1742849375,90242.7634,1742849421,44242.7634,SQS
67e1c5d4771d074a42d87bef,1742849375,90270.8646,1742849421,44270.8646,SQS
67e1c5d4771d074a42d87be6,1742849375,90177.6294,1742849421,44177.6294,SQS
67e1c5d4771d074a42d87bee,1742849375,90268.1483,1742849421,44268.1483,SQS
67e1c5d4771d074a42d87bf3,1742849375,90299.6356,1742849421,44299.6356,SQS
67e1c5d4771d074a42d87bf4,1742849375,90243.6193,1742849421,44243.6193,SQS
67e1c5d5771d074a42d87cb3,1742849375,91776.6036,1742849421,45776.6036,SQS
67e1c5d4771d074a42d87bf6,1742849375,90183.0291,1742849421,44183.0291,SQS
67e1c5d4771d074a42d87bd6,1742849375,90097.2532,1742849421,44097.2532,SQS
67e1c5d5771d074a42d87dd4,1742849375,93255.4967,1742849420,48255.4967,SQS
67e1c5d5771d074a42d87dd6,1742849375,93261.3816,1742849420,48261.3816,SQS
67e1c5d5771d074a42d87dda,1742849375,93321.6166,1742849420,48321.6166,SQS
67e1c5d5771d074a42d87df6,1742849375,93487.6541,1742849420,48487.6541,SQS
67e1c5d5771d074a42d87deb,1742849375,89031.723,1742849420,44031.723,SQS
67e1c5d5771d074a42d87def,1742849375,93446.343,1742849420,48446.343,SQS
67e1c5d5771d074a42d87df2,1742849375,93478.9687,1742849420,48478.9687,SQS
67e1c5d5771d074a42d87dec,1742849375,93439.9357,1742849420,48439.9357,SQS
67e1c5d5771d074a42d87dea,1742849375,89090.2538,1742849420,44090.2538,SQS
67e1c5d5771d074a42d87dd2,1742849375,93251.9959,1742849420,48251.9959,SQS
67e1c5d5771d074a42d87dd3,1742849375,93254.618,1742849420,48254.618,SQS
67e1c5d5771d074a42d87ddb,1742849375,93385.3635,1742849420,48385.3635,SQS
67e1c5d5771d074a42d87dd7,1742849375,89245.436,1742849420,44245.436,SQS
67e1c5d4771d074a42d87b53,1742849375,88472.1624,1742849420,43472.1624,SQS
67e1c5d4771d074a42d87b54,1742849375,88627.3695,1742849420,43627.3695,SQS
67e1c5d4771d074a42d87b55,1742849375,88657.9548,1742849420,43657.9548,SQS
67e1c5d4771d074a42d87b57,1742849375,88659.7527,1742849420,43659.7527,SQS
67e1c5d4771d074a42d87b58,1742849375,88662.4412,1742849420,43662.4412,SQS
67e1c5d4771d074a42d87b59,1742849375,88663.3534,1742849420,43663.3534,SQS
67e1c5d4771d074a42d87b5b,1742849375,88668.8242,1742849420,43668.8242,SQS
67e1c5d4771d074a42d87b5c,1742849375,88671.521,1742849420,43671.521,SQS
67e1c5d4771d074a42d87b5d,1742849375,88672.446,1742849420,43672.446,SQS
67e1c5d4771d074a42d87b5f,1742849375,88676.2494,1742849420,43676.2494,SQS
67e1c5d4771d074a42d87b60,1742849375,88666.225,1742849420,43666.225,SQS
67e1c5d4771d074a42d87b65,1742849375,88719.3742,1742849420,43719.3742,SQS
67e1c5d4771d074a42d87b67,1742849375,88750.9356,1742849420,43750.9356,SQS
67e1c5d4771d074a42d87b68,1742849375,88782.8238,1742849420,43782.8238,SQS
67e1c5d4771d074a42d87b69,1742849375,88812.4043,1742849420,43812.4043,SQS
67e1c5d4771d074a42d87b6b,1742849375,88842.3177,1742849420,43842.3177,SQS
67e1c5d4771d074a42d87b6c,1742849375,88906.2517,1742849420,43906.2517,SQS
67e1c5d4771d074a42d87b6d,1742849375,88935.23,1742849420,43935.23,SQS
67e1c5d4771d074a42d87b6f,1742849375,88937.0161,1742849420,43937.0161,SQS
67e1c5d4771d074a42d87b70,1742849375,88939.7765,1742849420,43939.7765,SQS
67e1c5d4771d074a42d87b71,1742849375,88967.857,1742849420,43967.857,SQS
67e1c5d4771d074a42d87b73,1742849375,89029.1873,1742849420,44029.1873,SQS
67e1c5d4771d074a42d87b74,1742849375,89032.4966,1742849420,44032.4966,SQS
67e1c5d4771d074a42d87b75,1742849375,89033.3542,1742849420,44033.3542,SQS
67e1c5d4771d074a42d87b77,1742849375,89036.7256,1742849420,44036.7256,SQS
67e1c5d4771d074a42d87b78,1742849375,89039.2128,1742849420,44039.2128,SQS
67e1c5d4771d074a42d87b79,1742849375,89040.0477,1742849420,44040.0477,SQS
67e1c5d4771d074a42d87b7b,1742849375,89043.5437,1742849420,44043.5437,SQS
67e1c5d4771d074a42d87b7c,1742849375,89030.0116,1742849420,44030.0116,SQS
67e1c5d4771d074a42d87b7d,1742849375,89047.1527,1742849420,44047.1527,SQS
67e1c5d4771d074a42d87b7f,1742849375,89050.6399,1742849420,44050.6399,SQS
67e1c5d4771d074a42d87b80,1742849375,89051.5123,1742849420,44051.5123,SQS
67e1c5d4771d074a42d87b81,1742849375,89054.0942,1742849420,44054.0942,SQS
67e1c5d4771d074a42d87b83,1742849375,88968.7746,1742849420,43968.7746,SQS
67e1c5d4771d074a42d87b84,1742849375,89057.705,1742849420,44057.705,SQS
67e1c5d4771d074a42d87b85,1742849375,89060.3974,1742849420,44060.3974,SQS
67e1c5d4771d074a42d87b87,1742849375,89063.8931,1742849420,44063.8931,SQS
67e1c5d4771d074a42d87b88,1742849375,89064.8021,1742849420,44064.8021,SQS
67e1c5d4771d074a42d87b89,1742849375,88626.1208,1742849420,43626.1208,SQS
67e1c5d4771d074a42d87b8d,1742849375,89188.0939,1742849420,44188.0939,SQS
67e1c5d4771d074a42d87b8f,1742849375,89184.2927,1742849420,44184.2927,SQS
67e1c5d4771d074a42d87b90,1742849375,89307.2676,1742849420,44307.2676,SQS
67e1c5d4771d074a42d87b91,1742849375,89338.227,1742849420,44338.227,SQS
67e1c5d4771d074a42d87b95,1742849375,89406.394,1742849420,44406.394,SQS
67e1c5d4771d074a42d87b97,1742849375,89464.1783,1742849420,44464.1783,SQS
67e1c5d4771d074a42d87b98,1742849375,89524.3358,1742849420,44524.3358,SQS
67e1c5d4771d074a42d87b99,1742849375,89493.2851,1742849420,44493.2851,SQS
67e1c5d4771d074a42d87b9d,1742849375,89589.6835,1742849420,44589.6835,SQS
67e1c5d4771d074a42d87b9f,1742849375,89592.9042,1742849420,44592.9042,SQS
67e1c5d4771d074a42d87ba0,1742849375,89593.6849,1742849420,44593.6849,SQS
67e1c5d4771d074a42d87ba1,1742849375,89618.0734,1742849420,44618.0734,SQS
67e1c5d4771d074a42d87ba3,1742849375,89557.7214,1742849420,44557.7214,SQS
67e1c5d4771d074a42d87ba4,1742849375,89621.7341,1742849420,44621.7341,SQS
67e1c5d4771d074a42d87ba5,1742849375,89624.3079,1742849420,44624.3079,SQS
67e1c5d4771d074a42d87ba7,1742849375,89627.7725,1742849420,44627.7725,SQS
67e1c5d4771d074a42d87ba8,1742849375,89628.6967,1742849420,44628.6967,SQS
67e1c5d4771d074a42d87ba9,1742849375,89400.3298,1742849420,44400.3298,SQS
67e1c5d4771d074a42d87bad,1742849375,89726.5014,1742849420,44726.5014,SQS
67e1c5d4771d074a42d87bb0,1742849375,89790.0738,1742849420,44790.0738,SQS
67e1c5d4771d074a42d87bc1,1742849375,90006.0124,1742849420,45006.0124,SQS
67e1c5d4771d074a42d87bd1,1742849375,90031.2297,1742849420,45031.2297,SQS
67e1c5d4771d074a42d87b4f,1742849375,88533.1053,1742849420,43533.1053,SQS
67e1c5d4771d074a42d87b56,1742849375,88657.0588,1742849420,43657.0588,SQS
67e1c5d4771d074a42d87b5a,1742849375,88667.9684,1742849420,43667.9684,SQS
67e1c5d4771d074a42d87c00,1742849375,90182.1395,1742849420,45182.1395,SQS
67e1c5d4771d074a42d87c11,1742849375,90405.7999,1742849420,45405.7999,SQS
67e1c5d4771d074a42d87b5e,1742849375,88675.3021,1742849420,43675.3021,SQS
67e1c5d4771d074a42d87c14,1742849375,89277.2758,1742849420,44277.2758,SQS
67e1c5d4771d074a42d87b66,1742849375,88751.7736,1742849420,43751.7736,SQS
67e1c5d4771d074a42d87b6a,1742849375,88874.1811,1742849420,43874.1811,SQS
67e1c5d4771d074a42d87b72,1742849375,88999.4193,1742849420,43999.4193,SQS
67e1c5d4771d074a42d87b76,1742849375,89035.8623,1742849420,44035.8623,SQS
67e1c5d4771d074a42d87b7a,1742849375,89042.6733,1742849420,44042.6733,SQS
67e1c5d4771d074a42d87b7e,1742849375,89048.0105,1742849420,44048.0105,SQS
67e1c5d4771d074a42d87b82,1742849375,89054.9954,1742849420,44054.9954,SQS
67e1c5d4771d074a42d87b86,1742849375,89061.2901,1742849420,44061.2901,SQS
67e1c5d4771d074a42d87b8b,1742849375,89121.5327,1742849420,44121.5327,SQS
67e1c5d4771d074a42d87b8c,1742849375,89185.2474,1742849420,44185.2474,SQS
67e1c5d4771d074a42d87b8e,1742849375,89187.2473,1742849420,44187.2473,SQS
67e1c5d4771d074a42d87b92,1742849375,89402.376,1742849420,44402.376,SQS
67e1c5d4771d074a42d87b93,1742849375,89401.3828,1742849420,44401.3828,SQS
67e1c5d4771d074a42d87b94,1742849375,89405.5502,1742849420,44405.5502,SQS
67e1c5d4771d074a42d87b96,1742849375,89432.2847,1742849420,44432.2847,SQS
67e1c5d4771d074a42d87b9a,1742849375,89558.6368,1742849420,44558.6368,SQS
67e1c5d4771d074a42d87b9b,1742849375,89559.6953,1742849420,44559.6953,SQS
67e1c5d4771d074a42d87b9c,1742849375,89588.0512,1742849420,44588.0512,SQS
67e1c5d4771d074a42d87b9e,1742849375,89590.6348,1742849420,44590.6348,SQS
67e1c5d4771d074a42d87ba2,1742849375,89618.9023,1742849420,44618.9023,SQS
67e1c5d4771d074a42d87ba6,1742849375,89625.2131,1742849420,44625.2131,SQS
67e1c5d4771d074a42d87baa,1742849375,89556.7211,1742849420,44556.7211,SQS
67e1c5d4771d074a42d87bab,1742849375,89663.7013,1742849420,44663.7013,SQS
67e1c5d4771d074a42d87bd0,1742849375,90030.3148,1742849420,45030.3148,SQS
67e1c5d4771d074a42d87bd2,1742849375,90033.9803,1742849420,45033.9803,SQS
67e1c5d4771d074a42d87c13,1742849375,89694.777,1742849420,44694.777,SQS
67e1c5d4771d074a42d87bac,1742849375,89664.7232,1742849420,44664.7232,SQS
67e1c5d5771d074a42d87dd5,1742849375,93258.8807,1742849420,48258.8807,SQS
67e1c5d5771d074a42d87dd8,1742849375,93294.2679,1742849420,48294.2679,SQS
67e1c5d5771d074a42d87dd9,1742849375,93295.3473,1742849420,48295.3473,SQS
67e1c5d5771d074a42d87de7,1742849375,93433.6885,1742849420,48433.6885,SQS
67e1c5d5771d074a42d87de8,1742849375,89183.2923,1742849420,44183.2923,SQS
67e1c5d5771d074a42d87de9,1742849375,93436.3917,1742849420,48436.3917,SQS
67e1c5d5771d074a42d87df3,1742849375,93479.9,1742849420,48479.9,SQS
67e1c5d5771d074a42d87de6,1742849375,93432.7471,1742849420,48432.7471,SQS
67e1c5d5771d074a42d87e06,1742849375,93680.4969,1742849419,49680.4969,SQS
67e1c5d5771d074a42d87e05,1742849375,93652.6083,1742849419,49652.6083,SQS
67e1c5d5771d074a42d87df0,1742849375,93447.2728,1742849419,49447.2728,SQS
67e1c5d4771d074a42d87ab0,1742849375,87231.1216,1742849419,43231.1216,SQS
67e1c5d4771d074a42d87ab3,1742849375,87236.763,1742849419,43236.763,SQS
67e1c5d4771d074a42d87ab5,1742849375,87240.3014,1742849419,43240.3014,SQS
67e1c5d4771d074a42d87ab7,1742849375,87279.6371,1742849419,43279.6371,SQS
67e1c5d4771d074a42d87ab8,1742849375,87280.4783,1742849419,43280.4783,SQS
67e1c5d4771d074a42d87aba,1742849375,87282.9745,1742849419,43282.9745,SQS
67e1c5d4771d074a42d87abd,1742849375,87290.3767,1742849419,43290.3767,SQS
67e1c5d4771d074a42d87ac3,1742849375,87479.1692,1742849419,43479.1692,SQS
67e1c5d4771d074a42d87ac5,1742849375,87287.1437,1742849419,43287.1437,SQS
67e1c5d4771d074a42d87ac8,1742849375,87605.1397,1742849419,43605.1397,SQS
67e1c5d4771d074a42d87ac9,1742849375,87606.8142,1742849419,43606.8142,SQS
67e1c5d4771d074a42d87acb,1742849375,87634.0864,1742849419,43634.0864,SQS
67e1c5d4771d074a42d87acc,1742849375,87727.0748,1742849419,43727.0748,SQS
67e1c5d4771d074a42d87acd,1742849375,87759.7676,1742849419,43759.7676,SQS
67e1c5d4771d074a42d87acf,1742849375,87790.697,1742849419,43790.697,SQS
67e1c5d4771d074a42d87ad0,1742849375,87820.8049,1742849419,43820.8049,SQS
67e1c5d4771d074a42d87ad1,1742849375,87603.3891,1742849419,43603.3891,SQS
67e1c5d4771d074a42d87ad2,1742849375,87852.447,1742849419,43852.447,SQS
67e1c5d4771d074a42d87ad4,1742849375,87851.0947,1742849419,43851.0947,SQS
67e1c5d4771d074a42d87ad5,1742849375,87916.5355,1742849419,43916.5355,SQS
67e1c5d4771d074a42d87ad7,1742849375,87918.8658,1742849419,43918.8658,SQS
67e1c5d4771d074a42d87ad8,1742849375,87883.7089,1742849419,43883.7089,SQS
67e1c5d4771d074a42d87ad9,1742849375,87924.6158,1742849419,43924.6158,SQS
67e1c5d4771d074a42d87adb,1742849375,87915.088,1742849419,43915.088,SQS
67e1c5d4771d074a42d87add,1742849375,87823.2787,1742849419,43823.2787,SQS
67e1c5d4771d074a42d87adf,1742849375,87934.0183,1742849419,43934.0183,SQS
67e1c5d4771d074a42d87ae1,1742849375,87938.6132,1742849419,43938.6132,SQS
67e1c5d4771d074a42d87ae4,1742849375,87947.1746,1742849419,43947.1746,SQS
67e1c5d4771d074a42d87ae5,1742849375,87948.2227,1742849419,43948.2227,SQS
67e1c5d4771d074a42d87ae7,1742849375,87952.1183,1742849419,43952.1183,SQS
67e1c5d4771d074a42d87ae8,1742849375,87976.7512,1742849419,43976.7512,SQS
67e1c5d4771d074a42d87ae9,1742849375,87978.7344,1742849419,43978.7344,SQS
67e1c5d4771d074a42d87aeb,1742849375,88007.0722,1742849419,44007.0722,SQS
67e1c5d4771d074a42d87aec,1742849375,87975.9642,1742849419,43975.9642,SQS
67e1c5d4771d074a42d87aed,1742849375,88010.625,1742849419,44010.625,SQS
67e1c5d4771d074a42d87aef,1742849375,88011.5696,1742849419,44011.5696,SQS
67e1c5d4771d074a42d87af0,1742849375,88006.0979,1742849419,44006.0979,SQS
67e1c5d4771d074a42d87af1,1742849375,88039.2856,1742849419,44039.2856,SQS
67e1c5d4771d074a42d87af2,1742849375,88040.0598,1742849419,44040.0598,SQS
67e1c5d4771d074a42d87af5,1742849375,88043.7847,1742849419,44043.7847,SQS
67e1c5d4771d074a42d87af7,1742849375,88048.2159,1742849419,44048.2159,SQS
67e1c5d4771d074a42d87af8,1742849375,88048.9799,1742849419,44048.9799,SQS
67e1c5d4771d074a42d87af9,1742849375,88051.0689,1742849419,44051.0689,SQS
67e1c5d4771d074a42d87afb,1742849375,88054.0869,1742849419,44054.0869,SQS
67e1c5d4771d074a42d87afc,1742849375,88055.5827,1742849419,44055.5827,SQS
67e1c5d4771d074a42d87afd,1742849375,88047.5206,1742849419,44047.5206,SQS
67e1c5d4771d074a42d87afe,1742849375,88057.7282,1742849419,44057.7282,SQS
67e1c5d4771d074a42d87aff,1742849375,88059.8835,1742849419,44059.8835,SQS
67e1c5d4771d074a42d87b00,1742849375,88060.624,1742849419,44060.624,SQS
67e1c5d4771d074a42d87b03,1742849375,88054.804,1742849419,44054.804,SQS
67e1c5d4771d074a42d87b04,1742849375,88065.6706,1742849419,44065.6706,SQS
67e1c5d4771d074a42d87b05,1742849375,88067.839,1742849419,44067.839,SQS
67e1c5d4771d074a42d87b06,1742849375,88068.6155,1742849419,44068.6155,SQS
67e1c5d4771d074a42d87b07,1742849375,88070.723,1742849419,44070.723,SQS
67e1c5d4771d074a42d87b0c,1742849375,88076.9579,1742849419,44076.9579,SQS
67e1c5d4771d074a42d87b0d,1742849375,87286.3083,1742849419,43286.3083,SQS
67e1c5d4771d074a42d87b0f,1742849375,88080.7111,1742849419,44080.7111,SQS
67e1c5d4771d074a42d87b10,1742849375,88081.4701,1742849419,44081.4701,SQS
67e1c5d4771d074a42d87b11,1742849375,88084.2459,1742849419,44084.2459,SQS
67e1c5d4771d074a42d87b13,1742849375,88087.4233,1742849419,44087.4233,SQS
67e1c5d4771d074a42d87b14,1742849375,88088.2391,1742849419,44088.2391,SQS
67e1c5d4771d074a42d87b15,1742849375,88090.8028,1742849419,44090.8028,SQS
67e1c5d4771d074a42d87b17,1742849375,88093.9277,1742849419,44093.9277,SQS
67e1c5d4771d074a42d87b18,1742849375,88094.7323,1742849419,44094.7323,SQS
67e1c5d4771d074a42d87b19,1742849375,88102.7257,1742849419,44102.7257,SQS
67e1c5d4771d074a42d87b1b,1742849375,88107.2158,1742849419,44107.2158,SQS
67e1c5d4771d074a42d87b1c,1742849375,88108.0428,1742849419,44108.0428,SQS
67e1c5d4771d074a42d87b1d,1742849375,88110.4449,1742849419,44110.4449,SQS
67e1c5d4771d074a42d87b1f,1742849375,88106.226,1742849419,44106.226,SQS
67e1c5d4771d074a42d87b20,1742849375,88101.8077,1742849419,44101.8077,SQS
67e1c5d4771d074a42d87b21,1742849375,88114.6746,1742849419,44114.6746,SQS
67e1c5d4771d074a42d87b23,1742849375,88117.9881,1742849419,44117.9881,SQS
67e1c5d4771d074a42d87b24,1742849375,88120.5352,1742849419,44120.5352,SQS
67e1c5d4771d074a42d87b25,1742849375,88121.3263,1742849419,44121.3263,SQS
67e1c5d4771d074a42d87b26,1742849375,88123.837,1742849419,44123.837,SQS
67e1c5d4771d074a42d87b27,1742849375,88124.673,1742849419,44124.673,SQS
67e1c5d4771d074a42d87b47,1742849375,88410.9229,1742849419,44410.9229,SQS
67e1c5d4771d074a42d87b48,1742849375,88413.1895,1742849419,44413.1895,SQS
67e1c5d4771d074a42d87b49,1742849375,88415.3512,1742849419,44415.3512,SQS
67e1c5d4771d074a42d87b4b,1742849375,88442.0899,1742849419,44442.0899,SQS
67e1c5d4771d074a42d87b4c,1742849375,88502.0134,1742849419,44502.0134,SQS
67e1c5d4771d074a42d87b4d,1742849375,88533.9325,1742849419,44533.9325,SQS
67e1c5d4771d074a42d87b4e,1742849375,88534.7166,1742849419,44534.7166,SQS
67e1c5d4771d074a42d87b50,1742849375,88535.6353,1742849419,44535.6353,SQS
67e1c5d4771d074a42d87b51,1742849375,88563.9895,1742849419,44563.9895,SQS
67e1c5d4771d074a42d87b52,1742849375,88564.8248,1742849419,44564.8248,SQS
67e1c5d4771d074a42d87b61,1742849375,88667.1095,1742849419,44667.1095,SQS
67e1c5d4771d074a42d87b62,1742849375,88440.1621,1742849419,44440.1621,SQS
67e1c5d4771d074a42d87b63,1742849375,88681.7742,1742849419,44681.7742,SQS
67e1c5d4771d074a42d87b64,1742849375,88682.7507,1742849419,44682.7507,SQS
67e1c5d4771d074a42d87b22,1742849375,88117.1632,1742849419,44117.1632,SQS
67e1c5d4771d074a42d87b6e,1742849375,88904.3913,1742849419,44904.3913,SQS
67e1c5d4771d074a42d87b46,1742849375,88347.0778,1742849419,44347.0778,SQS
67e1c5d4771d074a42d87b4a,1742849375,88417.762,1742849419,44417.762,SQS
67e1c5d4771d074a42d87b8a,1742849375,88471.1954,1742849419,44471.1954,SQS
67e1c5d4771d074a42d87abc,1742849375,87289.6522,1742849419,43289.6522,SQS
67e1c5d4771d074a42d87abf,1742849375,87326.8347,1742849419,43326.8347,SQS
67e1c5d4771d074a42d87ac2,1742849375,87448.2688,1742849419,43448.2688,SQS
67e1c5d4771d074a42d87aca,1742849375,87604.2758,1742849419,43604.2758,SQS
67e1c5d4771d074a42d87ab4,1742849375,87237.5471,1742849419,43237.5471,SQS
67e1c5d4771d074a42d87ace,1742849375,87758.0819,1742849419,43758.0819,SQS
67e1c5d4771d074a42d87b1e,1742849375,88111.3904,1742849419,44111.3904,SQS
67e1c5d4771d074a42d87ada,1742849375,87925.6849,1742849419,43925.6849,SQS
67e1c5d4771d074a42d87ade,1742849375,87933.1663,1742849419,43933.1663,SQS
67e1c5d4771d074a42d87ad6,1742849375,87917.6386,1742849419,43917.6386,SQS
67e1c5d5771d074a42d87ded,1742849375,93442.7522,1742849419,49442.7522,SQS
67e1c5d5771d074a42d87dee,1742849375,93443.6573,1742849419,49443.6573,SQS
67e1c5d4771d074a42d87aea,1742849375,87979.4996,1742849419,43979.4996,SQS
67e1c5d5771d074a42d87df1,1742849375,88409.5297,1742849419,44409.5297,SQS
67e1c5d5771d074a42d87e07,1742849375,87572.1209,1742849419,43572.1209,SQS
67e1c5d4771d074a42d87aee,1742849375,88013.9832,1742849419,44013.9832,SQS
67e1c5d4771d074a42d87af6,1742849375,88045.3328,1742849419,44045.3328,SQS
67e1c5d4771d074a42d87afa,1742849375,88050.429,1742849419,44050.429,SQS
67e1c5d4771d074a42d87b0e,1742849375,87235.8269,1742849419,43235.8269,SQS
67e1c5d4771d074a42d87b16,1742849375,88091.6449,1742849419,44091.6449,SQS
67e1c5d4771d074a42d87b12,1742849375,88085.0278,1742849419,44085.0278,SQS
67e1c5d4771d074a42d87a43,1742849375,86310.1878,1742849418,43310.1878,SQS
67e1c5d4771d074a42d87a45,1742849375,86378.6343,1742849418,43378.6343,SQS
67e1c5d4771d074a42d87a47,1742849375,86381.2574,1742849418,43381.2574,SQS
67e1c5d4771d074a42d87a48,1742849375,86384.6353,1742849418,43384.6353,SQS
67e1c5d4771d074a42d87a50,1742849375,86396.279,1742849418,43396.279,SQS
67e1c5d4771d074a42d87a55,1742849375,86429.5121,1742849418,43429.5121,SQS
67e1c5d4771d074a42d87a58,1742849375,86432.6359,1742849418,43432.6359,SQS
67e1c5d4771d074a42d87a59,1742849375,86440.5279,1742849418,43440.5279,SQS
67e1c5d4771d074a42d87a5b,1742849375,86504.5485,1742849418,43504.5485,SQS
67e1c5d4771d074a42d87a5c,1742849375,86505.4825,1742849418,43505.4825,SQS
67e1c5d4771d074a42d87a5d,1742849375,86509.6477,1742849418,43509.6477,SQS
67e1c5d4771d074a42d87a5e,1742849375,86510.4708,1742849418,43510.4708,SQS
67e1c5d4771d074a42d87a60,1742849375,86515.9062,1742849418,43515.9062,SQS
67e1c5d4771d074a42d87a61,1742849375,86516.8177,1742849418,43516.8177,SQS
67e1c5d4771d074a42d87a63,1742849375,86521.1464,1742849418,43521.1464,SQS
67e1c5d4771d074a42d87a64,1742849375,86517.602,1742849418,43517.602,SQS
67e1c5d4771d074a42d87a67,1742849375,86526.5356,1742849418,43526.5356,SQS
67e1c5d4771d074a42d87a68,1742849375,86527.378,1742849418,43527.378,SQS
67e1c5d4771d074a42d87a69,1742849375,86532.5762,1742849418,43532.5762,SQS
67e1c5d4771d074a42d87a6a,1742849375,86533.5767,1742849418,43533.5767,SQS
67e1c5d4771d074a42d87a6d,1742849375,86530.6919,1742849418,43530.6919,SQS
67e1c5d4771d074a42d87a6e,1742849375,86565.4762,1742849418,43565.4762,SQS
67e1c5d4771d074a42d87a70,1742849375,86568.0041,1742849418,43568.0041,SQS
67e1c5d4771d074a42d87a71,1742849375,86569.7464,1742849418,43569.7464,SQS
67e1c5d4771d074a42d87a73,1742849375,86572.9307,1742849418,43572.9307,SQS
67e1c5d4771d074a42d87a74,1742849375,86575.2758,1742849418,43575.2758,SQS
67e1c5d4771d074a42d87a75,1742849375,86611.2423,1742849418,43611.2423,SQS
67e1c5d4771d074a42d87a76,1742849375,86613.755,1742849418,43613.755,SQS
67e1c5d4771d074a42d87a78,1742849375,86645.8528,1742849418,43645.8528,SQS
67e1c5d4771d074a42d87a79,1742849375,86645.0433,1742849418,43645.0433,SQS
67e1c5d4771d074a42d87a7b,1742849375,86737.7571,1742849418,43737.7571,SQS
67e1c5d4771d074a42d87a7c,1742849375,86768.2338,1742849418,43768.2338,SQS
67e1c5d4771d074a42d87a7d,1742849375,86769.9707,1742849418,43769.9707,SQS
67e1c5d4771d074a42d87a7f,1742849375,86800.1896,1742849418,43800.1896,SQS
67e1c5d4771d074a42d87a80,1742849375,86801.9905,1742849418,43801.9905,SQS
67e1c5d4771d074a42d87a81,1742849375,86803.5798,1742849418,43803.5798,SQS
67e1c5d4771d074a42d87a83,1742849375,86859.2843,1742849418,43859.2843,SQS
67e1c5d4771d074a42d87a84,1742849375,86861.5048,1742849418,43861.5048,SQS
67e1c5d4771d074a42d87a85,1742849375,86805.905,1742849418,43805.905,SQS
67e1c5d4771d074a42d87a86,1742849375,86863.6846,1742849418,43863.6846,SQS
67e1c5d4771d074a42d87a87,1742849375,86891.9539,1742849418,43891.9539,SQS
67e1c5d4771d074a42d87a88,1742849375,86890.1041,1742849418,43890.1041,SQS
67e1c5d4771d074a42d87a89,1742849375,86866.8331,1742849418,43866.8331,SQS
67e1c5d4771d074a42d87a8b,1742849375,86983.1762,1742849418,43983.1762,SQS
67e1c5d4771d074a42d87a8c,1742849375,87014.4094,1742849418,44014.4094,SQS
67e1c5d4771d074a42d87a8d,1742849375,86953.7389,1742849418,43953.7389,SQS
67e1c5d4771d074a42d87a8f,1742849375,87049.5139,1742849418,44049.5139,SQS
67e1c5d4771d074a42d87a90,1742849375,87050.3377,1742849418,44050.3377,SQS
67e1c5d4771d074a42d87a91,1742849375,87047.7279,1742849418,44047.7279,SQS
67e1c5d4771d074a42d87a93,1742849375,87079.6459,1742849418,44079.6459,SQS
67e1c5d4771d074a42d87a94,1742849375,86766.1806,1742849418,43766.1806,SQS
67e1c5d4771d074a42d87a95,1742849375,87107.1447,1742849418,44107.1447,SQS
67e1c5d4771d074a42d87a96,1742849375,86802.7993,1742849418,43802.7993,SQS
67e1c5d4771d074a42d87a97,1742849375,87110.6413,1742849418,44110.6413,SQS
67e1c5d4771d074a42d87a98,1742849375,87112.4626,1742849418,44112.4626,SQS
67e1c5d4771d074a42d87a99,1742849375,87138.0738,1742849418,44138.0738,SQS
67e1c5d4771d074a42d87a9b,1742849375,87140.5456,1742849418,44140.5456,SQS
67e1c5d4771d074a42d87a9c,1742849375,87141.3515,1742849418,44141.3515,SQS
67e1c5d4771d074a42d87a9d,1742849375,87145.6737,1742849418,44145.6737,SQS
67e1c5d4771d074a42d87a9f,1742849375,87150.3007,1742849418,44150.3007,SQS
67e1c5d4771d074a42d87aa0,1742849375,87152.7898,1742849418,44152.7898,SQS
67e1c5d4771d074a42d87aa1,1742849375,87184.6337,1742849418,44184.6337,SQS
67e1c5d4771d074a42d87aa3,1742849375,87155.6782,1742849418,44155.6782,SQS
67e1c5d4771d074a42d87aa4,1742849375,87148.5769,1742849418,44148.5769,SQS
67e1c5d4771d074a42d87aa5,1742849375,87189.0594,1742849418,44189.0594,SQS
67e1c5d4771d074a42d87aa6,1742849375,87190.0611,1742849418,44190.0611,SQS
67e1c5d4771d074a42d87aa7,1742849375,87147.4308,1742849418,44147.4308,SQS
67e1c5d4771d074a42d87aa8,1742849375,87192.5992,1742849418,44192.5992,SQS
67e1c5d4771d074a42d87aa9,1742849375,87194.9493,1742849418,44194.9493,SQS
67e1c5d4771d074a42d87aab,1742849375,87200.3478,1742849418,44200.3478,SQS
67e1c5d4771d074a42d87aac,1742849375,87201.2089,1742849418,44201.2089,SQS
67e1c5d4771d074a42d87aad,1742849375,87202.7845,1742849418,44202.7845,SQS
67e1c5d4771d074a42d87aae,1742849375,87205.5218,1742849418,44205.5218,SQS
67e1c5d4771d074a42d87aaf,1742849375,87208.2139,1742849418,44208.2139,SQS
67e1c5d4771d074a42d87ab1,1742849375,87209.1641,1742849418,44209.1641,SQS
67e1c5d4771d074a42d87ab2,1742849375,87206.4366,1742849418,44206.4366,SQS
67e1c5d4771d074a42d87ab6,1742849375,87277.7656,1742849418,44277.7656,SQS
67e1c5d4771d074a42d87ab9,1742849375,87241.9799,1742849418,44241.9799,SQS
67e1c5d4771d074a42d87abb,1742849375,87287.9797,1742849418,44287.9797,SQS
67e1c5d4771d074a42d87abe,1742849375,87325.0607,1742849418,44325.0607,SQS
67e1c5d4771d074a42d87ac0,1742849375,87330.3071,1742849418,44330.3071,SQS
67e1c5d4771d074a42d87ac1,1742849375,87386.5555,1742849418,44386.5555,SQS
67e1c5d4771d074a42d87ac4,1742849375,87331.0662,1742849418,44331.0662,SQS
67e1c5d4771d074a42d87ac6,1742849375,87572.9043,1742849418,44572.9043,SQS
67e1c5d4771d074a42d87ac7,1742849375,87512.7925,1742849418,44512.7925,SQS
67e1c5d4771d074a42d87ad3,1742849375,87853.5049,1742849418,44853.5049,SQS
67e1c5d4771d074a42d87adc,1742849375,87928.8004,1742849418,44928.8004,SQS
67e1c5d4771d074a42d87ae0,1742849375,87937.3896,1742849418,44937.3896,SQS
67e1c5d4771d074a42d87ae2,1742849375,87942.4394,1742849418,44942.4394,SQS
67e1c5d4771d074a42d87ae3,1742849375,87943.615,1742849418,44943.615,SQS
67e1c5d4771d074a42d87ae6,1742849375,87951.1722,1742849418,44951.1722,SQS
67e1c5d4771d074a42d87af3,1742849375,88038.5101,1742849418,45038.5101,SQS
67e1c5d4771d074a42d87af4,1742849375,88042.9934,1742849418,45042.9934,SQS
67e1c5d4771d074a42d87b01,1742849375,88062.7159,1742849418,45062.7159,SQS
67e1c5d4771d074a42d87b02,1742849375,88063.3875,1742849418,45063.3875,SQS
67e1c5d4771d074a42d87b0a,1742849375,88074.6421,1742849418,45074.6421,SQS
67e1c5d4771d074a42d87b0b,1742849375,87285.4556,1742849418,44285.4556,SQS
67e1c5d4771d074a42d87b28,1742849375,87198.4128,1742849418,44198.4128,SQS
67e1c5d4771d074a42d87b29,1742849375,87199.3743,1742849418,44199.3743,SQS
67e1c5d4771d074a42d87b2b,1742849375,88129.5507,1742849418,45129.5507,SQS
67e1c5d4771d074a42d87b2c,1742849375,87143.7287,1742849418,44143.7287,SQS
67e1c5d4771d074a42d87b2d,1742849375,87144.9346,1742849418,44144.9346,SQS
67e1c5d4771d074a42d87b2a,1742849375,88128.6779,1742849418,45128.6779,SQS
67e1c5d4771d074a42d87b2e,1742849375,86865.9168,1742849418,43865.9168,SQS
67e1c5d4771d074a42d87a8a,1742849375,86867.6162,1742849418,43867.6162,SQS
67e1c5d4771d074a42d87a8e,1742849375,87046.8173,1742849418,44046.8173,SQS
67e1c5d4771d074a42d87a92,1742849375,87078.815,1742849418,44078.815,SQS
67e1c5d4771d074a42d87a7e,1742849375,86798.4953,1742849418,43798.4953,SQS
67e1c5d4771d074a42d87a9e,1742849375,87149.4259,1742849418,44149.4259,SQS
67e1c5d4771d074a42d87aa2,1742849375,87154.7441,1742849418,44154.7441,SQS
67e1c5d4771d074a42d87a9a,1742849375,87111.6603,1742849418,44111.6603,SQS
67e1c5d4771d074a42d87aaa,1742849375,87195.8022,1742849418,44195.8022,SQS
67e1c5d4771d074a42d87a44,1742849375,86347.678,1742849418,43347.678,SQS
67e1c5d4771d074a42d87a5a,1742849375,86502.7981,1742849418,43502.7981,SQS
67e1c5d4771d074a42d87a62,1742849375,86520.2285,1742849418,43520.2285,SQS
67e1c5d4771d074a42d87a66,1742849375,86508.5563,1742849418,43508.5563,SQS
67e1c5d4771d074a42d87a72,1742849375,86572.0848,1742849418,43572.0848,SQS
67e1c5d4771d074a42d87a7a,1742849375,86735.6422,1742849418,43735.6422,SQS
67e1c5d4771d074a42d87998,1742849375,84963.2323,1742849417,42963.2323,SQS
67e1c5d4771d074a42d879a0,1742849375,85092.1542,1742849417,43092.1542,SQS
67e1c5d4771d074a42d879a1,1742849375,85093.6621,1742849417,43093.6621,SQS
67e1c5d4771d074a42d879a3,1742849375,85099.3444,1742849417,43099.3444,SQS
67e1c5d4771d074a42d879a4,1742849375,85101.1044,1742849417,43101.1044,SQS
67e1c5d4771d074a42d879a5,1742849375,85096.8556,1742849417,43096.8556,SQS
67e1c5d4771d074a42d879a7,1742849375,85095.9952,1742849417,43095.9952,SQS
67e1c5d4771d074a42d879a8,1742849375,85138.5866,1742849417,43138.5866,SQS
67e1c5d4771d074a42d879a9,1742849375,85169.5874,1742849417,43169.5874,SQS
67e1c5d4771d074a42d879ac,1742849375,85174.0248,1742849417,43174.0248,SQS
67e1c5d4771d074a42d879b6,1742849375,85189.5028,1742849417,43189.5028,SQS
67e1c5d4771d074a42d879bb,1742849375,85195.798,1742849417,43195.798,SQS
67e1c5d4771d074a42d879bc,1742849375,85199.0048,1742849417,43199.0048,SQS
67e1c5d4771d074a42d879bd,1742849375,85199.7106,1742849417,43199.7106,SQS
67e1c5d4771d074a42d879bf,1742849375,85236.0235,1742849417,43236.0235,SQS
67e1c5d4771d074a42d879c0,1742849375,85262.5077,1742849417,43262.5077,SQS
67e1c5d4771d074a42d879c1,1742849375,85294.9846,1742849417,43294.9846,SQS
67e1c5d4771d074a42d879c3,1742849375,85234.3802,1742849417,43234.3802,SQS
67e1c5d4771d074a42d879c4,1742849375,85324.508,1742849417,43324.508,SQS
67e1c5d4771d074a42d879c5,1742849375,85326.8142,1742849417,43326.8142,SQS
67e1c5d4771d074a42d879c7,1742849375,85330.4376,1742849417,43330.4376,SQS
67e1c5d4771d074a42d879c8,1742849375,85331.253,1742849417,43331.253,SQS
67e1c5d4771d074a42d879c9,1742849375,85356.505,1742849417,43356.505,SQS
67e1c5d4771d074a42d879cb,1742849375,85387.8986,1742849417,43387.8986,SQS
67e1c5d4771d074a42d879cc,1742849375,85390.4056,1742849417,43390.4056,SQS
67e1c5d4771d074a42d879cd,1742849375,85392.1159,1742849417,43392.1159,SQS
67e1c5d4771d074a42d879ce,1742849375,85449.987,1742849417,43449.987,SQS
67e1c5d4771d074a42d879d0,1742849375,85480.886,1742849417,43480.886,SQS
67e1c5d4771d074a42d879d1,1742849375,85483.1268,1742849417,43483.1268,SQS
67e1c5d4771d074a42d879d2,1742849375,85484.6918,1742849417,43484.6918,SQS
67e1c5d4771d074a42d879d3,1742849375,85486.2784,1742849417,43486.2784,SQS
67e1c5d4771d074a42d879d7,1742849375,85448.8195,1742849417,43448.8195,SQS
67e1c5d4771d074a42d879d8,1742849375,85198.242,1742849417,43198.242,SQS
67e1c5d4771d074a42d879d9,1742849375,85495.6204,1742849417,43495.6204,SQS
67e1c5d4771d074a42d879db,1742849375,85498.2672,1742849417,43498.2672,SQS
67e1c5d4771d074a42d879dc,1742849375,85233.5711,1742849417,43233.5711,SQS
67e1c5d4771d074a42d879dd,1742849375,85526.1527,1742849417,43526.1527,SQS
67e1c5d4771d074a42d879df,1742849375,85589.9069,1742849417,43589.9069,SQS
67e1c5d4771d074a42d879e0,1742849375,85557.1845,1742849417,43557.1845,SQS
67e1c5d4771d074a42d879e1,1742849375,85593.0283,1742849417,43593.0283,SQS
67e1c5d4771d074a42d879e3,1742849375,85598.147,1742849417,43598.147,SQS
67e1c5d4771d074a42d879e4,1742849375,85599.6753,1742849417,43599.6753,SQS
67e1c5d4771d074a42d879e5,1742849375,85634.6718,1742849417,43634.6718,SQS
67e1c5d4771d074a42d879e6,1742849375,85671.1487,1742849417,43671.1487,SQS
67e1c5d4771d074a42d879e7,1742849375,85673.3212,1742849417,43673.3212,SQS
67e1c5d4771d074a42d879e8,1742849375,85676.4883,1742849417,43676.4883,SQS
67e1c5d4771d074a42d879e9,1742849375,85501.041,1742849417,43501.041,SQS
67e1c5d4771d074a42d879eb,1742849375,85715.0637,1742849417,43715.0637,SQS
67e1c5d4771d074a42d879ed,1742849375,85719.5356,1742849417,43719.5356,SQS
67e1c5d4771d074a42d879ef,1742849375,85744.743,1742849417,43744.743,SQS
67e1c5d4771d074a42d879f0,1742849375,85747.8918,1742849417,43747.8918,SQS
67e1c5d4771d074a42d879f1,1742849375,85747.068,1742849417,43747.068,SQS
67e1c5d4771d074a42d879f3,1742849375,85776.2227,1742849417,43776.2227,SQS
67e1c5d4771d074a42d879f4,1742849375,85778.6996,1742849417,43778.6996,SQS
67e1c5d4771d074a42d879f6,1742849375,85750.2874,1742849417,43750.2874,SQS
67e1c5d4771d074a42d879f8,1742849375,85810.9132,1742849417,43810.9132,SQS
67e1c5d4771d074a42d879f9,1742849375,85810.0215,1742849417,43810.0215,SQS
67e1c5d4771d074a42d879fc,1742849375,85815.7938,1742849417,43815.7938,SQS
67e1c5d4771d074a42d87a03,1742849375,85883.6584,1742849417,43883.6584,SQS
67e1c5d4771d074a42d87a04,1742849375,85884.5083,1742849417,43884.5083,SQS
67e1c5d4771d074a42d87a05,1742849375,85851.7443,1742849417,43851.7443,SQS
67e1c5d4771d074a42d87a07,1742849375,85946.7741,1742849417,43946.7741,SQS
67e1c5d4771d074a42d87a08,1742849375,85947.6618,1742849417,43947.6618,SQS
67e1c5d4771d074a42d87a09,1742849375,85852.838,1742849417,43852.838,SQS
67e1c5d4771d074a42d87a0b,1742849375,85980.4738,1742849417,43980.4738,SQS
67e1c5d4771d074a42d87a0c,1742849375,85983.1729,1742849417,43983.1729,SQS
67e1c5d4771d074a42d87a0d,1742849375,86007.3287,1742849417,44007.3287,SQS
67e1c5d4771d074a42d87a0f,1742849375,86017.8477,1742849417,44017.8477,SQS
67e1c5d4771d074a42d87a10,1742849375,86019.4156,1742849417,44019.4156,SQS
67e1c5d4771d074a42d87a11,1742849375,86053.3547,1742849417,44053.3547,SQS
67e1c5d4771d074a42d87a13,1742849375,85981.3205,1742849417,43981.3205,SQS
67e1c5d4771d074a42d87a14,1742849375,85978.2699,1742849417,43978.2699,SQS
67e1c5d4771d074a42d87a15,1742849375,85888.1033,1742849417,43888.1033,SQS
67e1c5d4771d074a42d87a16,1742849375,86060.4543,1742849417,44060.4543,SQS
67e1c5d4771d074a42d87a18,1742849375,86063.7305,1742849417,44063.7305,SQS
67e1c5d4771d074a42d87a19,1742849375,86067.2591,1742849417,44067.2591,SQS
67e1c5d4771d074a42d87a1b,1742849375,86072.1625,1742849417,44072.1625,SQS
67e1c5d4771d074a42d87a1c,1742849375,86102.0363,1742849417,44102.0363,SQS
67e1c5d4771d074a42d87a1d,1742849375,86102.9175,1742849417,44102.9175,SQS
67e1c5d4771d074a42d87a1f,1742849375,86106.551,1742849417,44106.551,SQS
67e1c5d4771d074a42d87a20,1742849375,86068.8051,1742849417,44068.8051,SQS
67e1c5d4771d074a42d87a21,1742849375,86133.3276,1742849417,44133.3276,SQS
67e1c5d4771d074a42d87a23,1742849375,86162.8295,1742849417,44162.8295,SQS
67e1c5d4771d074a42d87a24,1742849375,86165.4158,1742849417,44165.4158,SQS
67e1c5d4771d074a42d87a25,1742849375,86166.2197,1742849417,44166.2197,SQS
67e1c5d4771d074a42d87a26,1742849375,86169.0153,1742849417,44169.0153,SQS
67e1c5d4771d074a42d87a27,1742849375,86132.4173,1742849417,44132.4173,SQS
67e1c5d4771d074a42d87a28,1742849375,86170.8512,1742849417,44170.8512,SQS
67e1c5d4771d074a42d87a29,1742849375,86176.5954,1742849417,44176.5954,SQS
67e1c5d4771d074a42d87a2b,1742849375,86210.3897,1742849417,44210.3897,SQS
67e1c5d4771d074a42d87a2c,1742849375,86211.2487,1742849417,44211.2487,SQS
67e1c5d4771d074a42d87a2d,1742849375,86213.6321,1742849417,44213.6321,SQS
67e1c5d4771d074a42d87a2f,1742849375,86217.2595,1742849417,44217.2595,SQS
67e1c5d4771d074a42d87a30,1742849375,86218.1386,1742849417,44218.1386,SQS
67e1c5d4771d074a42d87a31,1742849375,86173.994,1742849417,44173.994,SQS
67e1c5d4771d074a42d87a33,1742849375,86255.5772,1742849417,44255.5772,SQS
67e1c5d4771d074a42d87a34,1742849375,86134.2841,1742849417,44134.2841,SQS
67e1c5d4771d074a42d87a35,1742849375,86257.2988,1742849417,44257.2988,SQS
67e1c5d4771d074a42d87a36,1742849375,86259.7806,1742849417,44259.7806,SQS
67e1c5d4771d074a42d87a3a,1742849375,86264.6526,1742849417,44264.6526,SQS
67e1c5d4771d074a42d87a3c,1742849375,86268.0744,1742849417,44268.0744,SQS
67e1c5d4771d074a42d87a3d,1742849375,86269.0105,1742849417,44269.0105,SQS
67e1c5d4771d074a42d87a3f,1742849375,86272.5773,1742849417,44272.5773,SQS
67e1c5d4771d074a42d87a40,1742849375,86304.4041,1742849417,44304.4041,SQS
67e1c5d4771d074a42d87a41,1742849375,86303.5919,1742849417,44303.5919,SQS
67e1c5d4771d074a42d87a42,1742849375,86306.7552,1742849417,44306.7552,SQS
67e1c5d4771d074a42d87a46,1742849375,86309.3071,1742849417,44309.3071,SQS
67e1c5d4771d074a42d87a49,1742849375,86383.8565,1742849417,44383.8565,SQS
67e1c5d4771d074a42d87a4b,1742849375,86387.0635,1742849417,44387.0635,SQS
67e1c5d4771d074a42d87a4c,1742849375,86389.4932,1742849417,44389.4932,SQS
67e1c5d4771d074a42d87a4d,1742849375,86390.3738,1742849417,44390.3738,SQS
67e1c5d4771d074a42d87a4e,1742849375,86392.7739,1742849417,44392.7739,SQS
67e1c5d4771d074a42d87a4f,1742849375,86393.5653,1742849417,44393.5653,SQS
67e1c5d4771d074a42d87a51,1742849375,86397.1628,1742849417,44397.1628,SQS
67e1c5d4771d074a42d87a52,1742849375,86425.196,1742849417,44425.196,SQS
67e1c5d4771d074a42d87a53,1742849375,86399.7322,1742849417,44399.7322,SQS
67e1c5d4771d074a42d87a54,1742849375,86427.8299,1742849417,44427.8299,SQS
67e1c5d4771d074a42d87a56,1742849375,86428.713,1742849417,44428.713,SQS
67e1c5d4771d074a42d87a5f,1742849375,86513.053,1742849417,44513.053,SQS
67e1c5d4771d074a42d87a65,1742849375,86513.9449,1742849417,44513.9449,SQS
67e1c5d4771d074a42d87a6b,1742849375,86531.5126,1742849417,44531.5126,SQS
67e1c5d4771d074a42d87a6c,1742849375,86529.8857,1742849417,44529.8857,SQS
67e1c5d4771d074a42d87a6f,1742849375,86567.169,1742849417,44567.169,SQS
67e1c5d4771d074a42d87a82,1742849375,86644.2107,1742849417,44644.2107,SQS
67e1c5d4771d074a42d879d6,1742849375,85491.5559,1742849417,43491.5559,SQS
67e1c5d4771d074a42d879da,1742849375,85494.655,1742849417,43494.655,SQS
67e1c5d4771d074a42d879de,1742849375,85588.2536,1742849417,43588.2536,SQS
67e1c5d4771d074a42d879e2,1742849375,85593.9368,1742849417,43593.9368,SQS
67e1c5d4771d074a42d879ea,1742849375,85714.19,1742849417,43714.19,SQS
67e1c5d4771d074a42d879ee,1742849375,85743.9433,1742849417,43743.9433,SQS
67e1c5d4771d074a42d879fa,1742849375,85813.3367,1742849417,43813.3367,SQS
67e1c5d4771d074a42d87a02,1742849375,85854.0061,1742849417,43854.0061,SQS
67e1c5d4771d074a42d87a0a,1742849375,85977.3779,1742849417,43977.3779,SQS
67e1c5d4771d074a42d87a06,1742849375,85913.8127,1742849417,43913.8127,SQS
67e1c5d4771d074a42d87a0e,1742849375,86013.7998,1742849417,44013.7998,SQS
67e1c5d4771d074a42d87a12,1742849375,86054.8637,1742849417,44054.8637,SQS
67e1c5d4771d074a42d87a1a,1742849375,86070.1205,1742849417,44070.1205,SQS
67e1c5d4771d074a42d87a1e,1742849375,86105.6149,1742849417,44105.6149,SQS
67e1c5d4771d074a42d87a22,1742849375,86161.8607,1742849417,44161.8607,SQS
67e1c5d4771d074a42d87a2a,1742849375,86177.5662,1742849417,44177.5662,SQS
67e1c5d4771d074a42d87a2e,1742849375,86214.5732,1742849417,44214.5732,SQS
67e1c5d4771d074a42d87a32,1742849375,86175.5763,1742849417,44175.5763,SQS
67e1c5d4771d074a42d87a3e,1742849375,86271.7945,1742849417,44271.7945,SQS
67e1c5d4771d074a42d87a4a,1742849375,86302.0067,1742849417,44302.0067,SQS
67e1c5d4771d074a42d879a2,1742849375,85097.7568,1742849417,43097.7568,SQS
67e1c5d4771d074a42d879aa,1742849375,85092.912,1742849417,43092.912,SQS
67e1c5d4771d074a42d879a6,1742849375,85103.5125,1742849417,43103.5125,SQS
67e1c5d4771d074a42d879be,1742849375,85235.2647,1742849417,43235.2647,SQS
67e1c5d4771d074a42d879c2,1742849375,85293.5445,1742849417,43293.5445,SQS
67e1c5d4771d074a42d879ca,1742849375,85358.9467,1742849417,43358.9467,SQS
67e1c5d4771d074a42d87921,1742849375,84177.7365,1742849416,43177.7365,SQS
67e1c5d4771d074a42d87922,1742849375,84181.6753,1742849416,43181.6753,SQS
67e1c5d4771d074a42d87923,1742849375,84184.0043,1742849416,43184.0043,SQS
67e1c5d4771d074a42d87927,1742849375,84190.5566,1742849416,43190.5566,SQS
67e1c5d4771d074a42d87928,1742849375,84191.2972,1742849416,43191.2972,SQS
67e1c5d4771d074a42d87929,1742849375,84193.75,1742849416,43193.75,SQS
67e1c5d4771d074a42d8792d,1742849375,84199.5364,1742849416,43199.5364,SQS
67e1c5d4771d074a42d87935,1742849375,84237.7556,1742849416,43237.7556,SQS
67e1c5d4771d074a42d87937,1742849375,84236.0649,1742849416,43236.0649,SQS
67e1c5d4771d074a42d8793b,1742849375,84276.9028,1742849416,43276.9028,SQS
67e1c5d4771d074a42d87940,1742849375,84284.9502,1742849416,43284.9502,SQS
67e1c5d4771d074a42d87941,1742849375,84286.9463,1742849416,43286.9463,SQS
67e1c5d4771d074a42d87943,1742849375,84289.2826,1742849416,43289.2826,SQS
67e1c5d4771d074a42d87945,1742849375,84294.5733,1742849416,43294.5733,SQS
67e1c5d4771d074a42d87947,1742849375,84298.1319,1742849416,43298.1319,SQS
67e1c5d4771d074a42d87948,1742849375,84333.6449,1742849416,43333.6449,SQS
67e1c5d4771d074a42d87949,1742849375,84335.3498,1742849416,43335.3498,SQS
67e1c5d4771d074a42d8794b,1742849375,84299.8387,1742849416,43299.8387,SQS
67e1c5d4771d074a42d8794c,1742849375,84341.2384,1742849416,43341.2384,SQS
67e1c5d4771d074a42d8794d,1742849375,84340.1613,1742849416,43340.1613,SQS
67e1c5d4771d074a42d8794f,1742849375,84344.5976,1742849416,43344.5976,SQS
67e1c5d4771d074a42d87950,1742849375,84347.1996,1742849416,43347.1996,SQS
67e1c5d4771d074a42d87951,1742849375,84349.0072,1742849416,43349.0072,SQS
67e1c5d4771d074a42d87953,1742849375,84352.4181,1742849416,43352.4181,SQS
67e1c5d4771d074a42d87954,1742849375,84355.0187,1742849416,43355.0187,SQS
67e1c5d4771d074a42d87955,1742849375,84355.8333,1742849416,43355.8333,SQS
67e1c5d4771d074a42d87956,1742849375,84348.0583,1742849416,43348.0583,SQS
67e1c5d4771d074a42d87957,1742849375,84292.6354,1742849416,43292.6354,SQS
67e1c5d4771d074a42d87958,1742849375,84359.8628,1742849416,43359.8628,SQS
67e1c5d4771d074a42d8795c,1742849375,84366.6766,1742849416,43366.6766,SQS
67e1c5d4771d074a42d8795f,1742849375,84370.5357,1742849416,43370.5357,SQS
67e1c5d4771d074a42d87961,1742849375,84374.348,1742849416,43374.348,SQS
67e1c5d4771d074a42d87967,1742849375,84413.6339,1742849416,43413.6339,SQS
67e1c5d4771d074a42d87968,1742849375,84414.445,1742849416,43414.445,SQS
67e1c5d4771d074a42d87969,1742849375,84442.358,1742849416,43442.358,SQS
67e1c5d4771d074a42d8796b,1742849375,84412.8118,1742849416,43412.8118,SQS
67e1c5d4771d074a42d8796c,1742849375,84446.915,1742849416,43446.915,SQS
67e1c5d4771d074a42d8796d,1742849375,84447.6966,1742849416,43447.6966,SQS
67e1c5d4771d074a42d8796f,1742849375,84450.0466,1742849416,43450.0466,SQS
67e1c5d4771d074a42d87970,1742849375,84452.6548,1742849416,43452.6548,SQS
67e1c5d4771d074a42d87979,1742849375,84491.1205,1742849416,43491.1205,SQS
67e1c5d4771d074a42d8797b,1742849375,84493.8319,1742849416,43493.8319,SQS
67e1c5d4771d074a42d8797c,1742849375,84496.4547,1742849416,43496.4547,SQS
67e1c5d4771d074a42d8797d,1742849375,84497.3548,1742849416,43497.3548,SQS
67e1c5d4771d074a42d8797f,1742849375,84535.6572,1742849416,43535.6572,SQS
67e1c5d4771d074a42d87980,1742849375,84567.8476,1742849416,43567.8476,SQS
67e1c5d4771d074a42d87981,1742849375,84570.8646,1742849416,43570.8646,SQS
67e1c5d4771d074a42d87983,1742849375,84598.0862,1742849416,43598.0862,SQS
67e1c5d4771d074a42d87984,1742849375,84660.3724,1742849416,43660.3724,SQS
67e1c5d4771d074a42d87985,1742849375,84664.1385,1742849416,43664.1385,SQS
67e1c5d4771d074a42d87986,1742849375,84667.1039,1742849416,43667.1039,SQS
67e1c5d4771d074a42d87987,1742849375,84704.6335,1742849416,43704.6335,SQS
67e1c5d4771d074a42d87988,1742849375,84706.4256,1742849416,43706.4256,SQS
67e1c5d4771d074a42d87989,1742849375,84735.6569,1742849416,43735.6569,SQS
67e1c5d4771d074a42d8798b,1742849375,84770.6336,1742849416,43770.6336,SQS
67e1c5d4771d074a42d8798c,1742849375,84798.4294,1742849416,43798.4294,SQS
67e1c5d4771d074a42d8798d,1742849375,84797.5897,1742849416,43797.5897,SQS
67e1c5d4771d074a42d8798f,1742849375,84862.8672,1742849416,43862.8672,SQS
67e1c5d4771d074a42d87990,1742849375,84860.9846,1742849416,43860.9846,SQS
67e1c5d4771d074a42d87991,1742849375,84895.0083,1742849416,43895.0083,SQS
67e1c5d4771d074a42d87993,1742849375,84897.8638,1742849416,43897.8638,SQS
67e1c5d4771d074a42d87994,1742849375,84922.7602,1742849416,43922.7602,SQS
67e1c5d4771d074a42d87995,1742849375,84954.4252,1742849416,43954.4252,SQS
67e1c5d4771d074a42d87996,1742849375,84955.2241,1742849416,43955.2241,SQS
67e1c5d4771d074a42d87997,1742849375,84964.2268,1742849416,43964.2268,SQS
67e1c5d4771d074a42d87999,1742849375,85000.6331,1742849416,44000.6331,SQS
67e1c5d4771d074a42d8799b,1742849375,85003.8662,1742849416,44003.8662,SQS
67e1c5d4771d074a42d8799c,1742849375,85030.1703,1742849416,44030.1703,SQS
67e1c5d4771d074a42d8799d,1742849375,84955.9685,1742849416,43955.9685,SQS
67e1c5d4771d074a42d8799e,1742849375,85065.1035,1742849416,44065.1035,SQS
67e1c5d4771d074a42d8799f,1742849375,85066.7827,1742849416,44066.7827,SQS
67e1c5d4771d074a42d879ab,1742849375,85064.3323,1742849416,44064.3323,SQS
67e1c5d4771d074a42d879ad,1742849375,85174.7129,1742849416,44174.7129,SQS
67e1c5d4771d074a42d879af,1742849375,85176.903,1742849416,44176.903,SQS
67e1c5d4771d074a42d879b0,1742849375,84663.1588,1742849416,43663.1588,SQS
67e1c5d4771d074a42d879b1,1742849375,85180.775,1742849416,44180.775,SQS
67e1c5d4771d074a42d879b3,1742849375,85183.7566,1742849416,44183.7566,SQS
67e1c5d4771d074a42d879b4,1742849375,85184.4422,1742849416,44184.4422,SQS
67e1c5d4771d074a42d879b5,1742849375,85186.0927,1742849416,44186.0927,SQS
67e1c5d4771d074a42d879b7,1742849375,85187.9415,1742849416,44187.9415,SQS
67e1c5d4771d074a42d879b8,1742849375,85191.0103,1742849416,44191.0103,SQS
67e1c5d4771d074a42d879b9,1742849375,85193.0894,1742849416,44193.0894,SQS
67e1c5d4771d074a42d879ba,1742849375,85193.9099,1742849416,44193.9099,SQS
67e1c5d4771d074a42d879c6,1742849375,85328.4734,1742849416,44328.4734,SQS
67e1c5d4771d074a42d879cf,1742849375,85479.6648,1742849416,44479.6648,SQS
67e1c5d4771d074a42d879d4,1742849375,85487.9025,1742849416,44487.9025,SQS
67e1c5d4771d074a42d879d5,1742849375,85489.7085,1742849416,44489.7085,SQS
67e1c5d4771d074a42d879ec,1742849375,85717.438,1742849416,44717.438,SQS
67e1c5d4771d074a42d879f2,1742849375,85774.1628,1742849416,44774.1628,SQS
67e1c5d4771d074a42d879f5,1742849375,84629.7419,1742849416,43629.7419,SQS
67e1c5d4771d074a42d879f7,1742849375,84659.002,1742849416,43659.002,SQS
67e1c5d4771d074a42d879fb,1742849375,85807.7424,1742849416,44807.7424,SQS
67e1c5d4771d074a42d879fd,1742849375,85816.5961,1742849416,44816.5961,SQS
67e1c5d4771d074a42d879fe,1742849375,85818.948,1742849416,44818.948,SQS
67e1c5d4771d074a42d879ff,1742849375,85819.9533,1742849416,44819.9533,SQS
67e1c5d4771d074a42d87a00,1742849375,85822.3997,1742849416,44822.3997,SQS
67e1c5d4771d074a42d87a01,1742849375,85824.9178,1742849416,44824.9178,SQS
67e1c5d4771d074a42d87a17,1742849375,85823.1932,1742849416,44823.1932,SQS
67e1c5d4771d074a42d87a37,1742849375,85826.5193,1742849416,44826.5193,SQS
67e1c5d4771d074a42d87a38,1742849375,84628.865,1742849416,43628.865,SQS
67e1c5d4771d074a42d87a39,1742849375,86263.0315,1742849416,45263.0315,SQS
67e1c5d4771d074a42d87a3b,1742849375,86265.4451,1742849416,45265.4451,SQS
67e1c5d5771d074a42d87e12,1742849375,93740.0011,1742849416,52740.0011,SQS
67e1c5d4771d074a42d8792f,1742849375,84224.1551,1742849416,43224.1551,SQS
67e1c5d4771d074a42d87934,1742849375,84233.6856,1742849416,43233.6856,SQS
67e1c5d4771d074a42d8793a,1742849375,84277.6311,1742849416,43277.6311,SQS
67e1c5d4771d074a42d87942,1742849375,84285.7182,1742849416,43285.7182,SQS
67e1c5d4771d074a42d87946,1742849375,84295.4919,1742849416,43295.4919,SQS
67e1c5d4771d074a42d8794a,1742849375,84336.3093,1742849416,43336.3093,SQS
67e1c5d4771d074a42d8794e,1742849375,84343.7797,1742849416,43343.7797,SQS
67e1c5d4771d074a42d87952,1742849375,84351.6065,1742849416,43351.6065,SQS
67e1c5d4771d074a42d8795b,1742849375,84364.2194,1742849416,43364.2194,SQS
67e1c5d4771d074a42d8795e,1742849375,84284.1638,1742849416,43284.1638,SQS
67e1c5d4771d074a42d8796a,1742849375,84443.2487,1742849416,43443.2487,SQS
67e1c5d4771d074a42d8796e,1742849375,84411.9508,1742849416,43411.9508,SQS
67e1c5d4771d074a42d8797a,1742849375,84492.8743,1742849416,43492.8743,SQS
67e1c5d4771d074a42d8797e,1742849375,84500.0284,1742849416,43500.0284,SQS
67e1c5d4771d074a42d87982,1742849375,84574.3838,1742849416,43574.3838,SQS
67e1c5d4771d074a42d8798a,1742849375,84768.0114,1742849416,43768.0114,SQS
67e1c5d4771d074a42d8798e,1742849375,84861.9625,1742849416,43861.9625,SQS
67e1c5d4771d074a42d87992,1742849375,84896.9784,1742849416,43896.9784,SQS
67e1c5d4771d074a42d8799a,1742849375,85001.4622,1742849416,44001.4622,SQS
67e1c5d4771d074a42d879ae,1742849375,85177.6706,1742849416,44177.6706,SQS
67e1c5d4771d074a42d879b2,1742849375,85181.4653,1742849416,44181.4653,SQS
67e1c5d4771d074a42d87920,1742849375,84179.1828,1742849416,43179.1828,SQS
67e1c5d4771d074a42d8791b,1742849375,84138.1638,1742849416,43138.1638,SQS
67e1c5d3771d074a42d878ae,1742849375,83148.9256,1742849415,43148.9256,SQS
67e1c5d3771d074a42d878b2,1742849375,83159.1046,1742849415,43159.1046,SQS
67e1c5d3771d074a42d878b6,1742849375,83220.2399,1742849415,43220.2399,SQS
67e1c5d3771d074a42d878ba,1742849375,83278.8694,1742849415,43278.8694,SQS
67e1c5d3771d074a42d878c2,1742849375,83378.2816,1742849415,43378.2816,SQS
67e1c5d3771d074a42d878be,1742849375,83341.8563,1742849415,43341.8563,SQS
67e1c5d3771d074a42d878ce,1742849375,83484.6359,1742849415,43484.6359,SQS
67e1c5d3771d074a42d878d2,1742849375,83449.2238,1742849415,43449.2238,SQS
67e1c5d5771d074a42d87e02,1742849375,93586.895,1742849415,53586.895,SQS
67e1c5d3771d074a42d878ab,1742849375,83116.0738,1742849415,43116.0738,SQS
67e1c5d3771d074a42d878af,1742849375,83152.3635,1742849415,43152.3635,SQS
67e1c5d3771d074a42d878b0,1742849375,83154.9157,1742849415,43154.9157,SQS
67e1c5d3771d074a42d878b1,1742849375,83157.0757,1742849415,43157.0757,SQS
67e1c5d3771d074a42d878b3,1742849375,83186.9749,1742849415,43186.9749,SQS
67e1c5d3771d074a42d878b4,1742849375,83189.0374,1742849415,43189.0374,SQS
67e1c5d3771d074a42d878b5,1742849375,83217.6499,1742849415,43217.6499,SQS
67e1c5d3771d074a42d878b7,1742849375,83219.3909,1742849415,43219.3909,SQS
67e1c5d3771d074a42d878b8,1742849375,83249.3801,1742849415,43249.3801,SQS
67e1c5d3771d074a42d878b9,1742849375,83250.2113,1742849415,43250.2113,SQS
67e1c5d3771d074a42d878bb,1742849375,83252.7536,1742849415,43252.7536,SQS
67e1c5d3771d074a42d878bc,1742849375,83311.4978,1742849415,43311.4978,SQS
67e1c5d3771d074a42d878bd,1742849375,83312.3287,1742849415,43312.3287,SQS
67e1c5d3771d074a42d878bf,1742849375,83372.5318,1742849415,43372.5318,SQS
67e1c5d3771d074a42d878c0,1742849375,83374.8954,1742849415,43374.8954,SQS
67e1c5d3771d074a42d878c1,1742849375,83376.6177,1742849415,43376.6177,SQS
67e1c5d3771d074a42d878c3,1742849375,83403.6476,1742849415,43403.6476,SQS
67e1c5d3771d074a42d878c4,1742849375,83375.7627,1742849415,43375.7627,SQS
67e1c5d3771d074a42d878c5,1742849375,83406.961,1742849415,43406.961,SQS
67e1c5d3771d074a42d878c6,1742849375,83410.3546,1742849415,43410.3546,SQS
67e1c5d3771d074a42d878c7,1742849375,83409.5402,1742849415,43409.5402,SQS
67e1c5d3771d074a42d878c8,1742849375,83407.8092,1742849415,43407.8092,SQS
67e1c5d3771d074a42d878c9,1742849375,83144.8979,1742849415,43144.8979,SQS
67e1c5d3771d074a42d878cb,1742849375,83480.204,1742849415,43480.204,SQS
67e1c5d3771d074a42d878cc,1742849375,83481.2692,1742849415,43481.2692,SQS
67e1c5d3771d074a42d878cd,1742849375,83483.8189,1742849415,43483.8189,SQS
67e1c5d3771d074a42d878cf,1742849375,83485.554,1742849415,43485.554,SQS
67e1c5d3771d074a42d878d0,1742849375,83488.9265,1742849415,43488.9265,SQS
67e1c5d3771d074a42d878d1,1742849375,83489.7702,1742849415,43489.7702,SQS
67e1c5d3771d074a42d878d3,1742849375,83492.2687,1742849415,43492.2687,SQS
67e1c5d3771d074a42d878d5,1742849375,83559.9237,1742849415,43559.9237,SQS
67e1c5d3771d074a42d878d6,1742849375,83588.6948,1742849415,43588.6948,SQS
67e1c5d3771d074a42d878d7,1742849375,83620.6217,1742849415,43620.6217,SQS
67e1c5d3771d074a42d878d8,1742849375,83651.6582,1742849415,43651.6582,SQS
67e1c5d3771d074a42d878d9,1742849375,83589.5612,1742849415,43589.5612,SQS
67e1c5d3771d074a42d878db,1742849375,83650.7709,1742849415,43650.7709,SQS
67e1c5d3771d074a42d878dc,1742849375,83656.299,1742849415,43656.299,SQS
67e1c5d3771d074a42d878dd,1742849375,83683.5838,1742849415,43683.5838,SQS
67e1c5d3771d074a42d878df,1742849375,83693.9297,1742849415,43693.9297,SQS
67e1c5d3771d074a42d878e0,1742849375,83728.0164,1742849415,43728.0164,SQS
67e1c5d3771d074a42d878e1,1742849375,83728.8842,1742849415,43728.8842,SQS
67e1c5d3771d074a42d878e3,1742849375,83789.8701,1742849415,43789.8701,SQS
67e1c5d3771d074a42d878e4,1742849375,83622.9639,1742849415,43622.9639,SQS
67e1c5d3771d074a42d878e5,1742849375,83821.5858,1742849415,43821.5858,SQS
67e1c5d3771d074a42d878e6,1742849375,83824.9455,1742849415,43824.9455,SQS
67e1c5d3771d074a42d878e7,1742849375,83853.2256,1742849415,43853.2256,SQS
67e1c5d3771d074a42d878e8,1742849375,83884.0464,1742849415,43884.0464,SQS
67e1c5d4771d074a42d878e9,1742849375,83915.589,1742849415,43915.589,SQS
67e1c5d4771d074a42d878eb,1742849375,83949.6128,1742849415,43949.6128,SQS
67e1c5d4771d074a42d878ec,1742849375,83976.3121,1742849415,43976.3121,SQS
67e1c5d4771d074a42d878ed,1742849375,83979.707,1742849415,43979.707,SQS
67e1c5d4771d074a42d878ef,1742849375,83978.838,1742849415,43978.838,SQS
67e1c5d4771d074a42d878f0,1742849375,84010.5261,1742849415,44010.5261,SQS
67e1c5d4771d074a42d878f1,1742849375,84012.0722,1742849415,44012.0722,SQS
67e1c5d4771d074a42d878f3,1742849375,84014.3443,1742849415,44014.3443,SQS
67e1c5d4771d074a42d878f4,1742849375,84015.315,1742849415,44015.315,SQS
67e1c5d4771d074a42d878f5,1742849375,84018.3145,1742849415,44018.3145,SQS
67e1c5d4771d074a42d878f6,1742849375,84020.6031,1742849415,44020.6031,SQS
67e1c5d4771d074a42d878f7,1742849375,84022.1387,1742849415,44022.1387,SQS
67e1c5d4771d074a42d878f8,1742849375,84019.1255,1742849415,44019.1255,SQS
67e1c5d4771d074a42d878f9,1742849375,84027.1525,1742849415,44027.1525,SQS
67e1c5d4771d074a42d878fb,1742849375,84029.3261,1742849415,44029.3261,SQS
67e1c5d4771d074a42d878fc,1742849375,84030.8232,1742849415,44030.8232,SQS
67e1c5d4771d074a42d878fd,1742849375,84033.7061,1742849415,44033.7061,SQS
67e1c5d4771d074a42d878ff,1742849375,84036.703,1742849415,44036.703,SQS
67e1c5d4771d074a42d87900,1742849375,84037.4921,1742849415,44037.4921,SQS
67e1c5d4771d074a42d87901,1742849375,84026.2937,1742849415,44026.2937,SQS
67e1c5d4771d074a42d87903,1742849375,84042.2838,1742849415,44042.2838,SQS
67e1c5d4771d074a42d87904,1742849375,84043.0304,1742849415,44043.0304,SQS
67e1c5d4771d074a42d87905,1742849375,84045.3015,1742849415,44045.3015,SQS
67e1c5d4771d074a42d87906,1742849375,84046.0278,1742849415,44046.0278,SQS
67e1c5d4771d074a42d87907,1742849375,84023.7096,1742849415,44023.7096,SQS
67e1c5d4771d074a42d87908,1742849375,83692.4004,1742849415,43692.4004,SQS
67e1c5d4771d074a42d87909,1742849375,84048.238,1742849415,44048.238,SQS
67e1c5d4771d074a42d8790b,1742849375,84054.6914,1742849415,44054.6914,SQS
67e1c5d4771d074a42d8790c,1742849375,84055.4283,1742849415,44055.4283,SQS
67e1c5d4771d074a42d8790d,1742849375,84057.6425,1742849415,44057.6425,SQS
67e1c5d4771d074a42d8790f,1742849375,84060.512,1742849415,44060.512,SQS
67e1c5d4771d074a42d87910,1742849375,84061.2316,1742849415,44061.2316,SQS
67e1c5d4771d074a42d87911,1742849375,84063.4428,1742849415,44063.4428,SQS
67e1c5d4771d074a42d87913,1742849375,84066.3484,1742849415,44066.3484,SQS
67e1c5d4771d074a42d87914,1742849375,84067.0179,1742849415,44067.0179,SQS
67e1c5d4771d074a42d87915,1742849375,84102.4712,1742849415,44102.4712,SQS
67e1c5d4771d074a42d87916,1742849375,84131.1565,1742849415,44131.1565,SQS
67e1c5d4771d074a42d87917,1742849375,84051.0272,1742849415,44051.0272,SQS
67e1c5d4771d074a42d87918,1742849375,84052.3171,1742849415,44052.3171,SQS
67e1c5d4771d074a42d87919,1742849375,84135.759,1742849415,44135.759,SQS
67e1c5d4771d074a42d8791a,1742849375,84135.0465,1742849415,44135.0465,SQS
67e1c5d4771d074a42d8791c,1742849375,84138.9757,1742849415,44138.9757,SQS
67e1c5d4771d074a42d8791d,1742849375,84141.2686,1742849415,44141.2686,SQS
67e1c5d4771d074a42d8791e,1742849375,84141.9544,1742849415,44141.9544,SQS
67e1c5d4771d074a42d8791f,1742849375,84144.1796,1742849415,44144.1796,SQS
67e1c5d4771d074a42d87924,1742849375,84185.81,1742849415,44185.81,SQS
67e1c5d4771d074a42d87925,1742849375,84187.4203,1742849415,44187.4203,SQS
67e1c5d4771d074a42d87926,1742849375,84186.6731,1742849415,44186.6731,SQS
67e1c5d4771d074a42d8792b,1742849375,84195.3802,1742849415,44195.3802,SQS
67e1c5d4771d074a42d8792c,1742849375,84196.9586,1742849415,44196.9586,SQS
67e1c5d4771d074a42d8792e,1742849375,84201.2476,1742849415,44201.2476,SQS
67e1c5d4771d074a42d87930,1742849375,84229.9001,1742849415,44229.9001,SQS
67e1c5d4771d074a42d87931,1742849375,84229.1391,1742849415,44229.1391,SQS
67e1c5d4771d074a42d87932,1742849375,84228.3896,1742849415,44228.3896,SQS
67e1c5d4771d074a42d87933,1742849375,84232.9514,1742849415,44232.9514,SQS
67e1c5d4771d074a42d87936,1742849375,84270.6623,1742849415,44270.6623,SQS
67e1c5d4771d074a42d87938,1742849375,84273.8973,1742849415,44273.8973,SQS
67e1c5d4771d074a42d87939,1742849375,84274.6051,1742849415,44274.6051,SQS
67e1c5d4771d074a42d8793c,1742849375,84235.223,1742849415,44235.223,SQS
67e1c5d4771d074a42d8793d,1742849375,84226.5118,1742849415,44226.5118,SQS
67e1c5d4771d074a42d8793e,1742849375,84280.8825,1742849415,44280.8825,SQS
67e1c5d4771d074a42d8793f,1742849375,84227.5245,1742849415,44227.5245,SQS
67e1c5d4771d074a42d87944,1742849375,84291.8491,1742849415,44291.8491,SQS
67e1c5d4771d074a42d87959,1742849375,84360.6985,1742849415,44360.6985,SQS
67e1c5d4771d074a42d8795a,1742849375,84363.263,1742849415,44363.263,SQS
67e1c5d4771d074a42d8795d,1742849375,84367.5689,1742849415,44367.5689,SQS
67e1c5d4771d074a42d87960,1742849375,84373.3964,1742849415,44373.3964,SQS
67e1c5d4771d074a42d87962,1742849375,84144.9595,1742849415,44144.9595,SQS
67e1c5d4771d074a42d87963,1742849375,84379.0578,1742849415,44379.0578,SQS
67e1c5d4771d074a42d87964,1742849375,84377.9936,1742849415,44377.9936,SQS
67e1c5d4771d074a42d87965,1742849375,84381.7409,1742849415,44381.7409,SQS
67e1c5d4771d074a42d87966,1742849375,84382.6649,1742849415,44382.6649,SQS
67e1c5d4771d074a42d87971,1742849375,84453.6176,1742849415,44453.6176,SQS
67e1c5d4771d074a42d87972,1742849375,84457.0688,1742849415,44457.0688,SQS
67e1c5d4771d074a42d87973,1742849375,84458.0505,1742849415,44458.0505,SQS
67e1c5d4771d074a42d87976,1742849375,84461.9661,1742849415,44461.9661,SQS
67e1c5d4771d074a42d87b2f,1742849375,83310.6344,1742849415,43310.6344,SQS
67e1c5d4771d074a42d87b30,1742849375,88134.6848,1742849415,48134.6848,SQS
67e1c5d5771d074a42d87e04,1742849375,93648.2769,1742849415,53648.2769,SQS
67e1c5d4771d074a42d878fa,1742849375,84024.4754,1742849415,44024.4754,SQS
67e1c5d4771d074a42d87902,1742849375,84040.0001,1742849415,44040.0001,SQS
67e1c5d4771d074a42d8790a,1742849375,84053.1781,1742849415,44053.1781,SQS
67e1c5d4771d074a42d878fe,1742849375,84034.4331,1742849415,44034.4331,SQS
67e1c5d4771d074a42d8790e,1742849375,84058.3843,1742849415,44058.3843,SQS
67e1c5d4771d074a42d87912,1742849375,84064.1741,1742849415,44064.1741,SQS
67e1c5d3771d074a42d878e2,1742849375,83760.0105,1742849415,43760.0105,SQS
67e1c5d3771d074a42d878da,1742849375,83654.3734,1742849415,43654.3734,SQS
67e1c5d3771d074a42d878de,1742849375,83689.8972,1742849415,43689.8972,SQS
67e1c5d4771d074a42d878ea,1742849375,83823.1313,1742849415,43823.1313,SQS
67e1c5d4771d074a42d8792a,1742849375,84180.9124,1742849415,44180.9124,SQS
67e1c5d4771d074a42d878ee,1742849375,84008.1586,1742849415,44008.1586,SQS
67e1c5d4771d074a42d878f2,1742849375,84013.6827,1742849415,44013.6827,SQS
67e1c5d3771d074a42d8786a,1742849375,82525.4065,1742849414,43525.4065,SQS
67e1c5d3771d074a42d8786e,1742849375,82505.0838,1742849414,43505.0838,SQS
67e1c5d3771d074a42d87862,1742849375,82510.7893,1742849414,43510.7893,SQS
67e1c5d3771d074a42d8787a,1742849375,82604.9668,1742849414,43604.9668,SQS
67e1c5d3771d074a42d8788a,1742849375,82736.1268,1742849414,43736.1268,SQS
67e1c5d3771d074a42d8788e,1742849375,82829.3538,1742849414,43829.3538,SQS
67e1c5d3771d074a42d8787e,1742849375,82615.9009,1742849414,43615.9009,SQS
67e1c5d3771d074a42d87892,1742849375,82862.897,1742849414,43862.897,SQS
67e1c5d3771d074a42d8789a,1742849375,82970.5422,1742849414,43970.5422,SQS
67e1c5d3771d074a42d8789e,1742849375,83001.242,1742849414,44001.242,SQS
67e1c5d3771d074a42d878a2,1742849375,83031.5962,1742849414,44031.5962,SQS
67e1c5d3771d074a42d87802,1742849375,81808.5533,1742849414,42808.5533,SQS
67e1c5d3771d074a42d8780e,1742849375,81828.4988,1742849414,42828.4988,SQS
67e1c5d3771d074a42d87816,1742849375,81871.3233,1742849414,42871.3233,SQS
67e1c5d3771d074a42d8781c,1742849375,81816.6964,1742849414,42816.6964,SQS
67e1c5d3771d074a42d8781e,1742849375,81916.3006,1742849414,42916.3006,SQS
67e1c5d3771d074a42d8782e,1742849375,81946.6979,1742849414,42946.6979,SQS
67e1c5d3771d074a42d87832,1742849375,81953.0184,1742849414,42953.0184,SQS
67e1c5d3771d074a42d87836,1742849375,81960.8071,1742849414,42960.8071,SQS
67e1c5d3771d074a42d8783a,1742849375,81994.8301,1742849414,42994.8301,SQS
67e1c5d3771d074a42d8784e,1742849375,82111.5174,1742849414,43111.5174,SQS
67e1c5d3771d074a42d87852,1742849375,82271.55,1742849414,43271.55,SQS
67e1c5d3771d074a42d8785a,1742849375,82317.8997,1742849414,43317.8997,SQS
67e1c5d3771d074a42d8785e,1742849375,82473.402,1742849414,43473.402,SQS
67e1c5d3771d074a42d877fd,1742849375,81765.5388,1742849414,42765.5388,SQS
67e1c5d3771d074a42d877fe,1742849375,81767.906,1742849414,42767.906,SQS
67e1c5d3771d074a42d87800,1742849375,81775.5406,1742849414,42775.5406,SQS
67e1c5d3771d074a42d87803,1742849375,81810.8589,1742849414,42810.8589,SQS
67e1c5d3771d074a42d87804,1742849375,81813.3064,1742849414,42813.3064,SQS
67e1c5d3771d074a42d87805,1742849375,81810.0772,1742849414,42810.0772,SQS
67e1c5d3771d074a42d87806,1742849375,81815.8849,1742849414,42815.8849,SQS
67e1c5d3771d074a42d87808,1742849375,81812.5284,1742849414,42812.5284,SQS
67e1c5d3771d074a42d8780a,1742849375,81822.0851,1742849414,42822.0851,SQS
67e1c5d3771d074a42d8780d,1742849375,81825.1605,1742849414,42825.1605,SQS
67e1c5d3771d074a42d8780f,1742849375,81831.7516,1742849414,42831.7516,SQS
67e1c5d3771d074a42d87810,1742849375,81830.9136,1742849414,42830.9136,SQS
67e1c5d3771d074a42d87811,1742849375,81833.3208,1742849414,42833.3208,SQS
67e1c5d3771d074a42d87813,1742849375,81835.5097,1742849414,42835.5097,SQS
67e1c5d3771d074a42d87814,1742849375,81829.3231,1742849414,42829.3231,SQS
67e1c5d3771d074a42d87817,1742849375,81873.0198,1742849414,42873.0198,SQS
67e1c5d3771d074a42d87818,1742849375,81873.9214,1742849414,42873.9214,SQS
67e1c5d3771d074a42d87819,1742849375,81876.2271,1742849414,42876.2271,SQS
67e1c5d3771d074a42d8781a,1742849375,81877.7615,1742849414,42877.7615,SQS
67e1c5d3771d074a42d8781d,1742849375,81880.0579,1742849414,42880.0579,SQS
67e1c5d3771d074a42d8782c,1742849375,81943.5479,1742849414,42943.5479,SQS
67e1c5d3771d074a42d8782d,1742849375,81944.3337,1742849414,42944.3337,SQS
67e1c5d3771d074a42d8782f,1742849375,81947.4842,1742849414,42947.4842,SQS
67e1c5d3771d074a42d87830,1742849375,81950.0465,1742849414,42950.0465,SQS
67e1c5d3771d074a42d87831,1742849375,81952.1593,1742849414,42952.1593,SQS
67e1c5d3771d074a42d87833,1742849375,81957.2564,1742849414,42957.2564,SQS
67e1c5d3771d074a42d87834,1742849375,81955.6082,1742849414,42955.6082,SQS
67e1c5d3771d074a42d87835,1742849375,81960.0344,1742849414,42960.0344,SQS
67e1c5d3771d074a42d87837,1742849375,81963.385,1742849414,42963.385,SQS
67e1c5d3771d074a42d87838,1742849375,81964.2454,1742849414,42964.2454,SQS
67e1c5d3771d074a42d87839,1742849375,81956.4132,1742849414,42956.4132,SQS
67e1c5d3771d074a42d8783b,1742849375,81995.7874,1742849414,42995.7874,SQS
67e1c5d3771d074a42d8783c,1742849375,82023.4326,1742849414,43023.4326,SQS
67e1c5d3771d074a42d8783d,1742849375,82025.7088,1742849414,43025.7088,SQS
67e1c5d3771d074a42d8783e,1742849375,82026.5006,1742849414,43026.5006,SQS
67e1c5d3771d074a42d87840,1742849375,82030.1982,1742849414,43030.1982,SQS
67e1c5d3771d074a42d8784b,1742849375,82105.367,1742849414,43105.367,SQS
67e1c5d3771d074a42d8784c,1742849375,82106.7754,1742849414,43106.7754,SQS
67e1c5d3771d074a42d8784d,1742849375,82104.4511,1742849414,43104.4511,SQS
67e1c5d3771d074a42d8784f,1742849375,82209.3348,1742849414,43209.3348,SQS
67e1c5d3771d074a42d87850,1742849375,82179.9046,1742849414,43179.9046,SQS
67e1c5d3771d074a42d87851,1742849375,82240.6698,1742849414,43240.6698,SQS
67e1c5d3771d074a42d87853,1742849375,82304.4396,1742849414,43304.4396,SQS
67e1c5d3771d074a42d87854,1742849375,82305.5476,1742849414,43305.5476,SQS
67e1c5d3771d074a42d87855,1742849375,82309.4589,1742849414,43309.4589,SQS
67e1c5d3771d074a42d87856,1742849375,82310.3299,1742849414,43310.3299,SQS
67e1c5d3771d074a42d87857,1742849375,82313.9284,1742849414,43313.9284,SQS
67e1c5d3771d074a42d87858,1742849375,82312.9716,1742849414,43312.9716,SQS
67e1c5d3771d074a42d87859,1742849375,82316.8826,1742849414,43316.8826,SQS
67e1c5d3771d074a42d8785b,1742849375,82349.9725,1742849414,43349.9725,SQS
67e1c5d3771d074a42d8785d,1742849375,82410.9851,1742849414,43410.9851,SQS
67e1c5d3771d074a42d8785f,1742849375,82506.1446,1742849414,43506.1446,SQS
67e1c5d3771d074a42d87860,1742849375,82507.1956,1742849414,43507.1956,SQS
67e1c5d3771d074a42d87861,1742849375,82509.9149,1742849414,43509.9149,SQS
67e1c5d3771d074a42d87863,1742849375,82513.4785,1742849414,43513.4785,SQS
67e1c5d3771d074a42d87864,1742849375,82514.3604,1742849414,43514.3604,SQS
67e1c5d3771d074a42d87865,1742849375,82517.1006,1742849414,43517.1006,SQS
67e1c5d3771d074a42d87866,1742849375,82518.0214,1742849414,43518.0214,SQS
67e1c5d3771d074a42d87867,1742849375,82520.9086,1742849414,43520.9086,SQS
67e1c5d3771d074a42d87868,1742849375,82521.7645,1742849414,43521.7645,SQS
67e1c5d3771d074a42d87869,1742849375,82441.5984,1742849414,43441.5984,SQS
67e1c5d3771d074a42d8786b,1742849375,82526.38,1742849414,43526.38,SQS
67e1c5d3771d074a42d8786c,1742849375,82529.0606,1742849414,43529.0606,SQS
67e1c5d3771d074a42d8786d,1742849375,82529.9971,1742849414,43529.9971,SQS
67e1c5d3771d074a42d8786f,1742849375,82532.6736,1742849414,43532.6736,SQS
67e1c5d3771d074a42d87870,1742849375,82565.6493,1742849414,43565.6493,SQS
67e1c5d3771d074a42d87871,1742849375,82535.4918,1742849414,43535.4918,SQS
67e1c5d3771d074a42d87878,1742849375,82605.8836,1742849414,43605.8836,SQS
67e1c5d3771d074a42d87879,1742849375,82606.8332,1742849414,43606.8332,SQS
67e1c5d3771d074a42d8787b,1742849375,82609.4786,1742849414,43609.4786,SQS
67e1c5d3771d074a42d8787c,1742849375,82612.269,1742849414,43612.269,SQS
67e1c5d3771d074a42d8787d,1742849375,82613.1553,1742849414,43613.1553,SQS
67e1c5d3771d074a42d8787f,1742849375,82616.7389,1742849414,43616.7389,SQS
67e1c5d3771d074a42d87880,1742849375,82619.391,1742849414,43619.391,SQS
67e1c5d3771d074a42d87881,1742849375,82620.3133,1742849414,43620.3133,SQS
67e1c5d3771d074a42d87889,1742849375,82708.8455,1742849414,43708.8455,SQS
67e1c5d3771d074a42d8788b,1742849375,82769.2719,1742849414,43769.2719,SQS
67e1c5d3771d074a42d8788c,1742849375,82770.295,1742849414,43770.295,SQS
67e1c5d3771d074a42d8788d,1742849375,82768.2845,1742849414,43768.2845,SQS
67e1c5d3771d074a42d8788f,1742849375,82830.5409,1742849414,43830.5409,SQS
67e1c5d3771d074a42d87890,1742849375,82864.0627,1742849414,43864.0627,SQS
67e1c5d3771d074a42d87891,1742849375,82865.0474,1742849414,43865.0474,SQS
67e1c5d3771d074a42d87893,1742849375,82868.6231,1742849414,43868.6231,SQS
67e1c5d3771d074a42d87894,1742849375,82872.6228,1742849414,43872.6228,SQS
67e1c5d3771d074a42d87895,1742849375,82873.9059,1742849414,43873.9059,SQS
67e1c5d3771d074a42d87896,1742849375,82937.6074,1742849414,43937.6074,SQS
67e1c5d3771d074a42d87897,1742849375,82941.3339,1742849414,43941.3339,SQS
67e1c5d3771d074a42d87898,1742849375,82942.2454,1742849414,43942.2454,SQS
67e1c5d3771d074a42d87899,1742849375,82969.5425,1742849414,43969.5425,SQS
67e1c5d3771d074a42d8789b,1742849375,82973.1857,1742849414,43973.1857,SQS
67e1c5d3771d074a42d8789c,1742849375,82975.9017,1742849414,43975.9017,SQS
67e1c5d3771d074a42d8789d,1742849375,82976.7554,1742849414,43976.7554,SQS
67e1c5d3771d074a42d8789f,1742849375,83002.0228,1742849414,44002.0228,SQS
67e1c5d3771d074a42d878a0,1742849375,82974.1134,1742849414,43974.1134,SQS
67e1c5d3771d074a42d878a1,1742849375,83004.6034,1742849414,44004.6034,SQS
67e1c5d3771d074a42d878a3,1742849375,83063.9244,1742849414,44063.9244,SQS
67e1c5d3771d074a42d878a4,1742849375,83064.7945,1742849414,44064.7945,SQS
67e1c5d3771d074a42d878a5,1742849375,83067.3815,1742849414,44067.3815,SQS
67e1c5d3771d074a42d878a6,1742849375,83068.2144,1742849414,44068.2144,SQS
67e1c5d3771d074a42d878a7,1742849375,83070.8196,1742849414,44070.8196,SQS
67e1c5d3771d074a42d878a8,1742849375,83071.7961,1742849414,44071.7961,SQS
67e1c5d3771d074a42d878a9,1742849375,83109.831,1742849414,44109.831,SQS
67e1c5d3771d074a42d878aa,1742849375,83112.0931,1742849414,44112.0931,SQS
67e1c5d3771d074a42d878ac,1742849375,83115.138,1742849414,44115.138,SQS
67e1c5d3771d074a42d878ad,1742849375,83114.0679,1742849414,44114.0679,SQS
67e1c5d3771d074a42d878ca,1742849375,83414.4681,1742849414,44414.4681,SQS
67e1c5d3771d074a42d878d4,1742849375,83074.3696,1742849414,44074.3696,SQS
67e1c5d4771d074a42d87974,1742849375,83494.8869,1742849414,44494.8869,SQS
67e1c5d4771d074a42d87975,1742849375,83558.9805,1742849414,44558.9805,SQS
67e1c5d4771d074a42d87977,1742849375,83108.879,1742849414,44108.879,SQS
67e1c5d4771d074a42d87978,1742849375,84464.6782,1742849414,45464.6782,SQS
67e1c5d4771d074a42d87a57,1742849375,84490.0197,1742849414,45490.0197,SQS
67e1c5d4771d074a42d87a77,1742849375,86614.598,1742849414,47614.598,SQS
67e1c5d4771d074a42d87b31,1742849375,83062.8298,1742849414,44062.8298,SQS
67e1c5d4771d074a42d87b33,1742849375,88139.0089,1742849414,49139.0089,SQS
67e1c5d4771d074a42d87b34,1742849375,88141.5044,1742849414,49141.5044,SQS
67e1c5d4771d074a42d87b35,1742849375,88142.4485,1742849414,49142.4485,SQS
67e1c5d4771d074a42d87b36,1742849375,82939.4969,1742849414,43939.4969,SQS
67e1c5d4771d074a42d87b37,1742849375,88144.9188,1742849414,49144.9188,SQS
67e1c5d4771d074a42d87b38,1742849375,88178.5139,1742849414,49178.5139,SQS
67e1c5d4771d074a42d87b39,1742849375,88179.5391,1742849414,49179.5391,SQS
67e1c5d4771d074a42d87b3b,1742849375,88182.9632,1742849414,49182.9632,SQS
67e1c5d4771d074a42d87b3c,1742849375,88183.8733,1742849414,49183.8733,SQS
67e1c5d4771d074a42d87b3d,1742849375,88186.5252,1742849414,49186.5252,SQS
67e1c5d4771d074a42d87b3f,1742849375,88188.3461,1742849414,49188.3461,SQS
67e1c5d4771d074a42d87b32,1742849375,88138.1811,1742849414,49138.1811,SQS
67e1c5d4771d074a42d87b3a,1742849375,82940.4158,1742849414,43940.4158,SQS
67e1c5d3771d074a42d877be,1742849375,81139.8521,1742849413,43139.8521,SQS
67e1c5d3771d074a42d877c2,1742849375,81236.6257,1742849413,43236.6257,SQS
67e1c5d3771d074a42d877c6,1742849375,81327.1236,1742849413,43327.1236,SQS
67e1c5d3771d074a42d877ca,1742849375,81512.8401,1742849413,43512.8401,SQS
67e1c5d3771d074a42d877ce,1742849375,81543.1182,1742849413,43543.1182,SQS
67e1c5d3771d074a42d877d2,1742849375,81606.5943,1742849413,43606.5943,SQS
67e1c5d3771d074a42d877da,1742849375,81618.9577,1742849413,43618.9577,SQS
67e1c5d3771d074a42d877de,1742849375,81625.0915,1742849413,43625.0915,SQS
67e1c5d3771d074a42d877e2,1742849375,81631.649,1742849413,43631.649,SQS
67e1c5d3771d074a42d877ea,1742849375,81644.2341,1742849413,43644.2341,SQS
67e1c5d3771d074a42d877ee,1742849375,81653.2206,1742849413,43653.2206,SQS
67e1c5d3771d074a42d877f2,1742849375,81659.1275,1742849413,43659.1275,SQS
67e1c5d3771d074a42d877fa,1742849375,81701.2643,1742849413,43701.2643,SQS
67e1c5d3771d074a42d87823,1742849375,81924.5783,1742849413,43924.5783,SQS
67e1c5d3771d074a42d877b1,1742849375,80864.544,1742849413,42864.544,SQS
67e1c5d3771d074a42d877b2,1742849375,80953.9096,1742849413,42953.9096,SQS
67e1c5d3771d074a42d877b5,1742849375,81108.9631,1742849413,43108.9631,SQS
67e1c5d3771d074a42d877b6,1742849375,81110.6343,1742849413,43110.6343,SQS
67e1c5d3771d074a42d877b7,1742849375,81112.6176,1742849413,43112.6176,SQS
67e1c5d3771d074a42d877bb,1742849375,81116.5765,1742849413,43116.5765,SQS
67e1c5d3771d074a42d877bc,1742849375,80863.6863,1742849413,42863.6863,SQS
67e1c5d3771d074a42d877bf,1742849375,81233.3301,1742849413,43233.3301,SQS
67e1c5d3771d074a42d877c0,1742849375,81234.9888,1742849413,43234.9888,SQS
67e1c5d3771d074a42d877c1,1742849375,81237.4395,1742849413,43237.4395,SQS
67e1c5d3771d074a42d877c3,1742849375,81239.8758,1742849413,43239.8758,SQS
67e1c5d3771d074a42d877c4,1742849375,81263.8709,1742849413,43263.8709,SQS
67e1c5d3771d074a42d877c5,1742849375,81294.9506,1742849413,43294.9506,SQS
67e1c5d3771d074a42d877c7,1742849375,81329.4694,1742849413,43329.4694,SQS
67e1c5d3771d074a42d877c8,1742849375,81358.0493,1742849413,43358.0493,SQS
67e1c5d3771d074a42d877c9,1742849375,81419.1751,1742849413,43419.1751,SQS
67e1c5d3771d074a42d877cb,1742849375,81514.7275,1742849413,43514.7275,SQS
67e1c5d3771d074a42d877cc,1742849375,81516.2252,1742849413,43516.2252,SQS
67e1c5d3771d074a42d877cd,1742849375,81512.0299,1742849413,43512.0299,SQS
67e1c5d3771d074a42d877cf,1742849375,81480.9536,1742849413,43480.9536,SQS
67e1c5d3771d074a42d877d0,1742849375,81573.9851,1742849413,43573.9851,SQS
67e1c5d3771d074a42d877d1,1742849375,81576.4498,1742849413,43576.4498,SQS
67e1c5d3771d074a42d877d3,1742849375,81605.7253,1742849413,43605.7253,SQS
67e1c5d3771d074a42d877d5,1742849375,81609.6547,1742849413,43609.6547,SQS
67e1c5d3771d074a42d877d6,1742849375,81610.4267,1742849413,43610.4267,SQS
67e1c5d3771d074a42d877d7,1742849375,81613.0734,1742849413,43613.0734,SQS
67e1c5d3771d074a42d877d8,1742849375,81615.4362,1742849413,43615.4362,SQS
67e1c5d3771d074a42d877d9,1742849375,81617.3882,1742849413,43617.3882,SQS
67e1c5d3771d074a42d877db,1742849375,81619.7808,1742849413,43619.7808,SQS
67e1c5d3771d074a42d877dc,1742849375,81623.4917,1742849413,43623.4917,SQS
67e1c5d3771d074a42d877dd,1742849375,81625.868,1742849413,43625.868,SQS
67e1c5d3771d074a42d877df,1742849375,81622.3844,1742849413,43622.3844,SQS
67e1c5d3771d074a42d877e0,1742849375,81628.5044,1742849413,43628.5044,SQS
67e1c5d3771d074a42d877e1,1742849375,81630.8683,1742849413,43630.8683,SQS
67e1c5d3771d074a42d877e3,1742849375,81614.5605,1742849413,43614.5605,SQS
67e1c5d3771d074a42d877e4,1742849375,81634.7861,1742849413,43634.7861,SQS
67e1c5d3771d074a42d877e5,1742849375,81635.5229,1742849413,43635.5229,SQS
67e1c5d3771d074a42d877e6,1742849375,81637.1111,1742849413,43637.1111,SQS
67e1c5d3771d074a42d877e7,1742849375,81641.3431,1742849413,43641.3431,SQS
67e1c5d3771d074a42d877e8,1742849375,81639.4226,1742849413,43639.4226,SQS
67e1c5d3771d074a42d877eb,1742849375,81647.9509,1742849413,43647.9509,SQS
67e1c5d3771d074a42d877ec,1742849375,81648.9326,1742849413,43648.9326,SQS
67e1c5d3771d074a42d877ed,1742849375,81652.4303,1742849413,43652.4303,SQS
67e1c5d3771d074a42d877ef,1742849375,81655.4591,1742849413,43655.4591,SQS
67e1c5d3771d074a42d877f0,1742849375,81656.1821,1742849413,43656.1821,SQS
67e1c5d3771d074a42d877f1,1742849375,81658.3734,1742849413,43658.3734,SQS
67e1c5d3771d074a42d877f3,1742849375,81651.697,1742849413,43651.697,SQS
67e1c5d3771d074a42d877f4,1742849375,81661.9388,1742849413,43661.9388,SQS
67e1c5d3771d074a42d877f5,1742849375,81662.5792,1742849413,43662.5792,SQS
67e1c5d3771d074a42d877f6,1742849375,81664.7129,1742849413,43664.7129,SQS
67e1c5d3771d074a42d877f7,1742849375,81665.4247,1742849413,43665.4247,SQS
67e1c5d3771d074a42d877f8,1742849375,81698.2669,1742849413,43698.2669,SQS
67e1c5d3771d074a42d877fb,1742849375,81761.7373,1742849413,43761.7373,SQS
67e1c5d3771d074a42d877fc,1742849375,81763.6076,1742849413,43763.6076,SQS
67e1c5d3771d074a42d877ff,1742849375,81728.9425,1742849413,43728.9425,SQS
67e1c5d3771d074a42d87801,1742849375,81774.4169,1742849413,43774.4169,SQS
67e1c5d3771d074a42d87807,1742849375,81817.4776,1742849413,43817.4776,SQS
67e1c5d3771d074a42d87809,1742849375,81819.6482,1742849413,43819.6482,SQS
67e1c5d3771d074a42d8780b,1742849375,81823.5808,1742849413,43823.5808,SQS
67e1c5d3771d074a42d8780c,1742849375,81760.1069,1742849413,43760.1069,SQS
67e1c5d3771d074a42d87812,1742849375,81827.4572,1742849413,43827.4572,SQS
67e1c5d3771d074a42d87815,1742849375,81869.4593,1742849413,43869.4593,SQS
67e1c5d3771d074a42d8781b,1742849375,81646.9509,1742849413,43646.9509,SQS
67e1c5d3771d074a42d87824,1742849375,81925.4046,1742849413,43925.4046,SQS
67e1c5d3771d074a42d877b0,1742849375,80892.5681,1742849413,42892.5681,SQS
67e1c5d3771d074a42d877b4,1742849375,81015.8968,1742849413,43015.8968,SQS
67e1c5d5771d074a42d87e03,1742849375,93587.8583,1742849413,55587.8583,SQS
67e1c5d3771d074a42d87712,1742849375,79977.5149,1742849412,42977.5149,SQS
67e1c5d3771d074a42d8770b,1742849375,79903.3203,1742849412,42903.3203,SQS
67e1c5d3771d074a42d87716,1742849375,79984.1718,1742849412,42984.1718,SQS
67e1c5d3771d074a42d87722,1742849375,80095.9003,1742849412,43095.9003,SQS
67e1c5d3771d074a42d87726,1742849375,80100.3956,1742849412,43100.3956,SQS
67e1c5d3771d074a42d8772e,1742849375,80113.9756,1742849412,43113.9756,SQS
67e1c5d3771d074a42d87732,1742849375,80118.6737,1742849412,43118.6737,SQS
67e1c5d3771d074a42d8773a,1742849375,80164.8193,1742849412,43164.8193,SQS
67e1c5d3771d074a42d8773e,1742849375,80172.758,1742849412,43172.758,SQS
67e1c5d3771d074a42d87742,1742849375,80178.7512,1742849412,43178.7512,SQS
67e1c5d3771d074a42d8774e,1742849375,80226.6745,1742849412,43226.6745,SQS
67e1c5d3771d074a42d87752,1742849375,80229.1833,1742849412,43229.1833,SQS
67e1c5d3771d074a42d87756,1742849375,80239.7731,1742849412,43239.7731,SQS
67e1c5d3771d074a42d8775a,1742849375,80222.0552,1742849412,43222.0552,SQS
67e1c5d3771d074a42d8775e,1742849375,80247.5949,1742849412,43247.5949,SQS
67e1c5d3771d074a42d87762,1742849375,80256.3391,1742849412,43256.3391,SQS
67e1c5d3771d074a42d8776e,1742849375,80343.2158,1742849412,43343.2158,SQS
67e1c5d3771d074a42d8777a,1742849375,80599.3651,1742849412,43599.3651,SQS
67e1c5d3771d074a42d8777e,1742849375,80603.7449,1742849412,43603.7449,SQS
67e1c5d3771d074a42d8778e,1742849375,80630.9194,1742849412,43630.9194,SQS
67e1c5d3771d074a42d87792,1742849375,80660.4815,1742849412,43660.4815,SQS
67e1c5d3771d074a42d8778a,1742849375,80624.9361,1742849412,43624.9361,SQS
67e1c5d3771d074a42d8779a,1742849375,80668.3616,1742849412,43668.3616,SQS
67e1c5d3771d074a42d877a2,1742849375,80689.3496,1742849412,43689.3496,SQS
67e1c5d3771d074a42d87706,1742849375,79869.9918,1742849412,42869.9918,SQS
67e1c5d5771d074a42d87e01,1742849375,93561.5042,1742849412,56561.5042,SQS
67e1c5d3771d074a42d876e2,1742849375,79421.3536,1742849412,42421.3536,SQS
67e1c5d3771d074a42d876eb,1742849375,79549.6813,1742849412,42549.6813,SQS
67e1c5d3771d074a42d876f3,1742849375,79595.1978,1742849412,42595.1978,SQS
67e1c5d3771d074a42d876e7,1742849375,79514.9146,1742849412,42514.9146,SQS
67e1c5d3771d074a42d876ed,1742849375,79553.7984,1742849412,42553.7984,SQS
67e1c5d3771d074a42d876f7,1742849375,79627.5242,1742849412,42627.5242,SQS
67e1c5d3771d074a42d876f8,1742849375,79628.4412,1742849412,42628.4412,SQS
67e1c5d3771d074a42d876fd,1742849375,79686.1021,1742849412,42686.1021,SQS
67e1c5d3771d074a42d876ff,1742849375,79714.1737,1742849412,42714.1737,SQS
67e1c5d3771d074a42d87700,1742849375,79745.9186,1742849412,42745.9186,SQS
67e1c5d3771d074a42d87701,1742849375,79775.9834,1742849412,42775.9834,SQS
67e1c5d3771d074a42d87702,1742849375,79779.3963,1742849412,42779.3963,SQS
67e1c5d3771d074a42d87704,1742849375,79654.0986,1742849412,42654.0986,SQS
67e1c5d3771d074a42d87705,1742849375,79843.047,1742849412,42843.047,SQS
67e1c5d3771d074a42d87707,1742849375,79873.2791,1742849412,42873.2791,SQS
67e1c5d3771d074a42d87708,1742849375,79872.4917,1742849412,42872.4917,SQS
67e1c5d3771d074a42d87709,1742849375,79900.0278,1742849412,42900.0278,SQS
67e1c5d3771d074a42d8770c,1742849375,79904.8695,1742849412,42904.8695,SQS
67e1c5d3771d074a42d8770e,1742849375,79908.1191,1742849412,42908.1191,SQS
67e1c5d3771d074a42d87711,1742849375,79948.1404,1742849412,42948.1404,SQS
67e1c5d3771d074a42d87713,1742849375,79949.6936,1742849412,42949.6936,SQS
67e1c5d3771d074a42d87714,1742849375,79979.9826,1742849412,42979.9826,SQS
67e1c5d3771d074a42d87715,1742849375,79983.413,1742849412,42983.413,SQS
67e1c5d3771d074a42d87717,1742849375,79981.8244,1742849412,42981.8244,SQS
67e1c5d3771d074a42d87718,1742849375,79986.5703,1742849412,42986.5703,SQS
67e1c5d3771d074a42d87719,1742849375,79989.1854,1742849412,42989.1854,SQS
67e1c5d3771d074a42d8771a,1742849375,80056.8553,1742849412,43056.8553,SQS
67e1c5d3771d074a42d8771c,1742849375,80056.0129,1742849412,43056.0129,SQS
67e1c5d3771d074a42d8771d,1742849375,80060.7013,1742849412,43060.7013,SQS
67e1c5d3771d074a42d8771e,1742849375,80055.1199,1742849412,43055.1199,SQS
67e1c5d3771d074a42d8771f,1742849375,80087.8908,1742849412,43087.8908,SQS
67e1c5d3771d074a42d87721,1742849375,80059.1026,1742849412,43059.1026,SQS
67e1c5d3771d074a42d87723,1742849375,80096.6196,1742849412,43096.6196,SQS
67e1c5d3771d074a42d87724,1742849375,80093.261,1742849412,43093.261,SQS
67e1c5d3771d074a42d87725,1742849375,80099.6787,1742849412,43099.6787,SQS
67e1c5d3771d074a42d87727,1742849375,80102.6938,1742849412,43102.6938,SQS
67e1c5d3771d074a42d87728,1742849375,80095.1569,1742849412,43095.1569,SQS
67e1c5d3771d074a42d87729,1742849375,80104.3063,1742849412,43104.3063,SQS
67e1c5d3771d074a42d8772a,1742849375,80105.119,1742849412,43105.119,SQS
67e1c5d3771d074a42d8772c,1742849375,80110.1425,1742849412,43110.1425,SQS
67e1c5d3771d074a42d8772d,1742849375,80110.881,1742849412,43110.881,SQS
67e1c5d3771d074a42d8772f,1742849375,80113.2272,1742849412,43113.2272,SQS
67e1c5d3771d074a42d87730,1742849375,80116.1966,1742849412,43116.1966,SQS
67e1c5d3771d074a42d87731,1742849375,80117.841,1742849412,43117.841,SQS
67e1c5d3771d074a42d87733,1742849375,80120.2749,1742849412,43120.2749,SQS
67e1c5d3771d074a42d87734,1742849375,80122.479,1742849412,43122.479,SQS
67e1c5d3771d074a42d87735,1742849375,80124.095,1742849412,43124.095,SQS
67e1c5d3771d074a42d87736,1742849375,80124.9176,1742849412,43124.9176,SQS
67e1c5d3771d074a42d87737,1742849375,80127.3255,1742849412,43127.3255,SQS
67e1c5d3771d074a42d87738,1742849375,80165.7364,1742849412,43165.7364,SQS
67e1c5d3771d074a42d87739,1742849375,80163.9463,1742849412,43163.9463,SQS
67e1c5d3771d074a42d8773b,1742849375,80169.0997,1742849412,43169.0997,SQS
67e1c5d3771d074a42d8773c,1742849375,80169.7795,1742849412,43169.7795,SQS
67e1c5d3771d074a42d8773d,1742849375,80128.916,1742849412,43128.916,SQS
67e1c5d3771d074a42d8773f,1742849375,80173.4917,1742849412,43173.4917,SQS
67e1c5d3771d074a42d87740,1742849375,80175.6732,1742849412,43175.6732,SQS
67e1c5d3771d074a42d87741,1742849375,80176.451,1742849412,43176.451,SQS
67e1c5d3771d074a42d87743,1742849375,80210.8478,1742849412,43210.8478,SQS
67e1c5d3771d074a42d87744,1742849375,80211.599,1742849412,43211.599,SQS
67e1c5d3771d074a42d87745,1742849375,80128.1528,1742849412,43128.1528,SQS
67e1c5d3771d074a42d87746,1742849375,80214.6463,1742849412,43214.6463,SQS
67e1c5d3771d074a42d87749,1742849375,80026.0485,1742849412,43026.0485,SQS
67e1c5d3771d074a42d8774b,1742849375,80222.8833,1742849412,43222.8833,SQS
67e1c5d3771d074a42d8774c,1742849375,80223.6267,1742849412,43223.6267,SQS
67e1c5d3771d074a42d8774d,1742849375,80225.9327,1742849412,43225.9327,SQS
67e1c5d3771d074a42d8774f,1742849375,80229.9683,1742849412,43229.9683,SQS
67e1c5d3771d074a42d87750,1742849375,80230.7047,1742849412,43230.7047,SQS
67e1c5d3771d074a42d87753,1742849375,80235.2751,1742849412,43235.2751,SQS
67e1c5d3771d074a42d87754,1742849375,80236.0164,1742849412,43236.0164,SQS
67e1c5d3771d074a42d87755,1742849375,80238.2765,1742849412,43238.2765,SQS
67e1c5d3771d074a42d87757,1742849375,80239.0446,1742849412,43239.0446,SQS
67e1c5d3771d074a42d87758,1742849375,80242.9066,1742849412,43242.9066,SQS
67e1c5d3771d074a42d87759,1742849375,80243.6067,1742849412,43243.6067,SQS
67e1c5d3771d074a42d8775b,1742849375,80246.8429,1742849412,43246.8429,SQS
67e1c5d3771d074a42d8775c,1742849375,80249.1767,1742849412,43249.1767,SQS
67e1c5d3771d074a42d8775d,1742849375,80249.8887,1742849412,43249.8887,SQS
67e1c5d3771d074a42d8775f,1742849375,80252.6855,1742849412,43252.6855,SQS
67e1c5d3771d074a42d87760,1742849375,80253.3865,1742849412,43253.3865,SQS
67e1c5d3771d074a42d87761,1742849375,80255.5334,1742849412,43255.5334,SQS
67e1c5d3771d074a42d87763,1742849375,80258.5264,1742849412,43258.5264,SQS
67e1c5d3771d074a42d87764,1742849375,80259.2987,1742849412,43259.2987,SQS
67e1c5d3771d074a42d87766,1742849375,80262.3201,1742849412,43262.3201,SQS
67e1c5d3771d074a42d87767,1742849375,80263.0759,1742849412,43263.0759,SQS
67e1c5d3771d074a42d87768,1742849375,80265.3473,1742849412,43265.3473,SQS
67e1c5d3771d074a42d87769,1742849375,80266.0808,1742849412,43266.0808,SQS
67e1c5d3771d074a42d8776a,1742849375,80268.2227,1742849412,43268.2227,SQS
67e1c5d3771d074a42d8776c,1742849375,79982.6522,1742849412,42982.6522,SQS
67e1c5d3771d074a42d8776f,1742849375,80348.4271,1742849412,43348.4271,SQS
67e1c5d3771d074a42d87770,1742849375,80350.2776,1742849412,43350.2776,SQS
67e1c5d3771d074a42d87771,1742849375,80411.487,1742849412,43411.487,SQS
67e1c5d3771d074a42d87772,1742849375,80413.0657,1742849412,43413.0657,SQS
67e1c5d3771d074a42d87774,1742849375,80417.2616,1742849412,43417.2616,SQS
67e1c5d3771d074a42d87775,1742849375,80442.6343,1742849412,43442.6343,SQS
67e1c5d3771d074a42d87778,1742849375,80473.6146,1742849412,43473.6146,SQS
67e1c5d3771d074a42d87779,1742849375,80598.5989,1742849412,43598.5989,SQS
67e1c5d3771d074a42d8777b,1742849375,80601.5725,1742849412,43601.5725,SQS
67e1c5d3771d074a42d8777c,1742849375,80597.6086,1742849412,43597.6086,SQS
67e1c5d3771d074a42d8777d,1742849375,80566.6355,1742849412,43566.6355,SQS
67e1c5d3771d074a42d8777f,1742849375,80604.5196,1742849412,43604.5196,SQS
67e1c5d3771d074a42d87780,1742849375,80505.4427,1742849412,43505.4427,SQS
67e1c5d3771d074a42d87781,1742849375,80347.6006,1742849412,43347.6006,SQS
67e1c5d3771d074a42d87782,1742849375,80608.2398,1742849412,43608.2398,SQS
67e1c5d3771d074a42d87784,1742849375,80610.5514,1742849412,43610.5514,SQS
67e1c5d3771d074a42d87785,1742849375,80616.4503,1742849412,43616.4503,SQS
67e1c5d3771d074a42d87786,1742849375,80615.5984,1742849412,43615.5984,SQS
67e1c5d3771d074a42d87787,1742849375,80620.8217,1742849412,43620.8217,SQS
67e1c5d3771d074a42d87788,1742849375,80621.5692,1742849412,43621.5692,SQS
67e1c5d3771d074a42d87789,1742849375,80618.9853,1742849412,43618.9853,SQS
67e1c5d3771d074a42d8778b,1742849375,80626.7719,1742849412,43626.7719,SQS
67e1c5d3771d074a42d8778c,1742849375,80627.575,1742849412,43627.575,SQS
67e1c5d3771d074a42d8778d,1742849375,80630.063,1742849412,43630.063,SQS
67e1c5d3771d074a42d8778f,1742849375,80633.5751,1742849412,43633.5751,SQS
67e1c5d3771d074a42d87790,1742849375,80620.0284,1742849412,43620.0284,SQS
67e1c5d3771d074a42d87791,1742849375,80661.3587,1742849412,43661.3587,SQS
67e1c5d3771d074a42d87793,1742849375,80665.1502,1742849412,43665.1502,SQS
67e1c5d3771d074a42d87794,1742849375,80664.1918,1742849412,43664.1918,SQS
67e1c5d3771d074a42d87795,1742849375,80669.2403,1742849412,43669.2403,SQS
67e1c5d3771d074a42d87796,1742849375,80670.081,1742849412,43670.081,SQS
67e1c5d3771d074a42d87797,1742849375,80671.8199,1742849412,43671.8199,SQS
67e1c5d3771d074a42d87798,1742849375,80674.1083,1742849412,43674.1083,SQS
67e1c5d3771d074a42d87799,1742849375,80667.5787,1742849412,43667.5787,SQS
67e1c5d3771d074a42d8779b,1742849375,80677.7802,1742849412,43677.7802,SQS
67e1c5d3771d074a42d8779c,1742849375,80678.6767,1742849412,43678.6767,SQS
67e1c5d3771d074a42d8779d,1742849375,80679.6827,1742849412,43679.6827,SQS
67e1c5d3771d074a42d8779e,1742849375,80614.6917,1742849412,43614.6917,SQS
67e1c5d3771d074a42d877a0,1742849375,80684.8502,1742849412,43684.8502,SQS
67e1c5d3771d074a42d877a1,1742849375,80686.5809,1742849412,43686.5809,SQS
67e1c5d3771d074a42d877a3,1742849375,80694.8977,1742849412,43694.8977,SQS
67e1c5d3771d074a42d877a4,1742849375,80695.7349,1742849412,43695.7349,SQS
67e1c5d3771d074a42d877a5,1742849375,80693.2286,1742849412,43693.2286,SQS
67e1c5d3771d074a42d877a6,1742849375,80694.0645,1742849412,43694.0645,SQS
67e1c5d3771d074a42d877a7,1742849375,80699.3063,1742849412,43699.3063,SQS
67e1c5d3771d074a42d877a8,1742849375,80692.337,1742849412,43692.337,SQS
67e1c5d3771d074a42d877aa,1742849375,80704.5708,1742849412,43704.5708,SQS
67e1c5d3771d074a42d877ac,1742849375,80345.8661,1742849412,43345.8661,SQS
67e1c5d3771d074a42d877ad,1742849375,80738.6488,1742849412,43738.6488,SQS
67e1c5d3771d074a42d877ae,1742849375,80829.9692,1742849412,43829.9692,SQS
67e1c5d3771d074a42d877af,1742849375,80798.9219,1742849412,43798.9219,SQS
67e1c5d3771d074a42d877b3,1742849375,80861.3656,1742849412,43861.3656,SQS
67e1c5d3771d074a42d877b8,1742849375,81112.8448,1742849412,44112.8448,SQS
67e1c5d3771d074a42d877b9,1742849375,81114.2942,1742849412,44114.2942,SQS
67e1c5d3771d074a42d877ba,1742849375,80862.8116,1742849412,43862.8116,SQS
67e1c5d3771d074a42d877bd,1742849375,81171.8057,1742849412,44171.8057,SQS
67e1c5d3771d074a42d877e9,1742849375,81640.5391,1742849412,44640.5391,SQS
67e1c5d3771d074a42d877f9,1742849375,81644.928,1742849412,44644.928,SQS
67e1c5d3771d074a42d8781f,1742849375,81918.5496,1742849412,44918.5496,SQS
67e1c5d3771d074a42d87820,1742849375,81919.3071,1742849412,44919.3071,SQS
67e1c5d3771d074a42d87821,1742849375,81921.5475,1742849412,44921.5475,SQS
67e1c5d3771d074a42d87822,1742849375,81922.2835,1742849412,44922.2835,SQS
67e1c5d3771d074a42d87825,1742849375,80380.503,1742849412,43380.503,SQS
67e1c5d3771d074a42d87827,1742849375,81934.8388,1742849412,44934.8388,SQS
67e1c5d3771d074a42d87829,1742849375,81937.2759,1742849412,44937.2759,SQS
67e1c5d3771d074a42d8782a,1742849375,81938.039,1742849412,44938.039,SQS
67e1c5d3771d074a42d8783f,1742849375,81940.4789,1742849412,44940.4789,SQS
67e1c5d3771d074a42d876ae,1742849375,78846.0073,1742849411,42846.0073,SQS
67e1c5d3771d074a42d876b6,1742849375,78911.5974,1742849411,42911.5974,SQS
67e1c5d3771d074a42d876ba,1742849375,78944.2807,1742849411,42944.2807,SQS
67e1c5d3771d074a42d876be,1742849375,78969.8928,1742849411,42969.8928,SQS
67e1c5d3771d074a42d876c2,1742849375,79005.2335,1742849411,43005.2335,SQS
67e1c5d3771d074a42d876ca,1742849375,79054.4177,1742849411,43054.4177,SQS
67e1c5d3771d074a42d876ce,1742849375,79128.104,1742849411,43128.104,SQS
67e1c5d3771d074a42d876d2,1742849375,79223.7336,1742849411,43223.7336,SQS
67e1c5d3771d074a42d876da,1742849375,79378.8535,1742849411,43378.8535,SQS
67e1c5d3771d074a42d876de,1742849375,79450.2954,1742849411,43450.2954,SQS
67e1c5d3771d074a42d876ee,1742849375,79548.4786,1742849411,43548.4786,SQS
67e1c5d3771d074a42d8769f,1742849375,78650.9708,1742849411,42650.9708,SQS
67e1c5d3771d074a42d876a0,1742849375,78706.4509,1742849411,42706.4509,SQS
67e1c5d3771d074a42d876a1,1742849375,78707.3684,1742849411,42707.3684,SQS
67e1c5d3771d074a42d876a3,1742849375,78738.4781,1742849411,42738.4781,SQS
67e1c5d3771d074a42d876a4,1742849375,78768.2319,1742849411,42768.2319,SQS
67e1c5d3771d074a42d876a5,1742849375,78769.1197,1742849411,42769.1197,SQS
67e1c5d3771d074a42d876a6,1742849375,78710.8762,1742849411,42710.8762,SQS
67e1c5d3771d074a42d876a8,1742849375,78801.6552,1742849411,42801.6552,SQS
67e1c5d3771d074a42d876a9,1742849375,78803.9052,1742849411,42803.9052,SQS
67e1c5d3771d074a42d876aa,1742849375,78804.7801,1742849411,42804.7801,SQS
67e1c5d3771d074a42d876ab,1742849375,78807.1436,1742849411,42807.1436,SQS
67e1c5d3771d074a42d876af,1742849375,78877.678,1742849411,42877.678,SQS
67e1c5d3771d074a42d876b0,1742849375,78812.4419,1742849411,42812.4419,SQS
67e1c5d3771d074a42d876b1,1742849375,78880.0507,1742849411,42880.0507,SQS
67e1c5d3771d074a42d876b2,1742849375,78876.8202,1742849411,42876.8202,SQS
67e1c5d3771d074a42d876b4,1742849375,78909.5834,1742849411,42909.5834,SQS
67e1c5d3771d074a42d876b5,1742849375,78912.4244,1742849411,42912.4244,SQS
67e1c5d3771d074a42d876b7,1742849375,78938.89,1742849411,42938.89,SQS
67e1c5d3771d074a42d876b8,1742849375,78939.8673,1742849411,42939.8673,SQS
67e1c5d3771d074a42d876b9,1742849375,78942.3828,1742849411,42942.3828,SQS
67e1c5d3771d074a42d876bb,1742849375,78970.8282,1742849411,42970.8282,SQS
67e1c5d3771d074a42d876bc,1742849375,78972.7578,1742849411,42972.7578,SQS
67e1c5d3771d074a42d876bd,1742849375,78975.6696,1742849411,42975.6696,SQS
67e1c5d3771d074a42d876bf,1742849375,78946.3768,1742849411,42946.3768,SQS
67e1c5d3771d074a42d876c0,1742849375,79003.5963,1742849411,43003.5963,SQS
67e1c5d3771d074a42d876c1,1742849375,79006.0775,1742849411,43006.0775,SQS
67e1c5d3771d074a42d876c3,1742849375,79010.1302,1742849411,43010.1302,SQS
67e1c5d3771d074a42d876c4,1742849375,79013.2354,1742849411,43013.2354,SQS
67e1c5d3771d074a42d876c5,1742849375,79048.2227,1742849411,43048.2227,SQS
67e1c5d3771d074a42d876c6,1742849375,79012.2901,1742849411,43012.2901,SQS
67e1c5d3771d074a42d876c7,1742849375,79050.6751,1742849411,43050.6751,SQS
67e1c5d3771d074a42d876c8,1742849375,79050.9983,1742849411,43050.9983,SQS
67e1c5d3771d074a42d876cb,1742849375,79056.8053,1742849411,43056.8053,SQS
67e1c5d3771d074a42d876cc,1742849375,79057.6362,1742849411,43057.6362,SQS
67e1c5d3771d074a42d876cd,1742849375,79126.6928,1742849411,43126.6928,SQS
67e1c5d3771d074a42d876cf,1742849375,79188.7458,1742849411,43188.7458,SQS
67e1c5d3771d074a42d876d0,1742849375,79187.9518,1742849411,43187.9518,SQS
67e1c5d3771d074a42d876d1,1742849375,79220.2231,1742849411,43220.2231,SQS
67e1c5d3771d074a42d876d3,1742849375,79250.3101,1742849411,43250.3101,SQS
67e1c5d3771d074a42d876d4,1742849375,79279.7116,1742849411,43279.7116,SQS
67e1c5d3771d074a42d876d5,1742849375,79282.1521,1742849411,43282.1521,SQS
67e1c5d3771d074a42d876d6,1742849375,79280.6152,1742849411,43280.6152,SQS
67e1c5d3771d074a42d876d7,1742849375,79284.4699,1742849411,43284.4699,SQS
67e1c5d3771d074a42d876d8,1742849375,79341.8159,1742849411,43341.8159,SQS
67e1c5d3771d074a42d876d9,1742849375,79374.4711,1742849411,43374.4711,SQS
67e1c5d3771d074a42d876db,1742849375,79381.0856,1742849411,43381.0856,SQS
67e1c5d3771d074a42d876dc,1742849375,79384.1935,1742849411,43384.1935,SQS
67e1c5d3771d074a42d876dd,1742849375,79383.2928,1742849411,43383.2928,SQS
67e1c5d3771d074a42d876df,1742849375,79450.2872,1742849411,43450.2872,SQS
67e1c5d3771d074a42d876e0,1742849375,79285.239,1742849411,43285.239,SQS
67e1c5d3771d074a42d876e1,1742849375,79452.9322,1742849411,43452.9322,SQS
67e1c5d3771d074a42d876e3,1742849375,79456.4057,1742849411,43456.4057,SQS
67e1c5d3771d074a42d876e4,1742849375,79481.5211,1742849411,43481.5211,SQS
67e1c5d3771d074a42d876e5,1742849375,79457.5372,1742849411,43457.5372,SQS
67e1c5d3771d074a42d876e6,1742849375,79512.7052,1742849411,43512.7052,SQS
67e1c5d3771d074a42d876e8,1742849375,79543.34,1742849411,43543.34,SQS
67e1c5d3771d074a42d876e9,1742849375,79544.1849,1742849411,43544.1849,SQS
67e1c5d3771d074a42d876ea,1742849375,79547.4224,1742849411,43547.4224,SQS
67e1c5d3771d074a42d876ec,1742849375,79552.7459,1742849411,43552.7459,SQS
67e1c5d3771d074a42d876ef,1742849375,79311.9098,1742849411,43311.9098,SQS
67e1c5d3771d074a42d876f0,1742849375,79558.8874,1742849411,43558.8874,SQS
67e1c5d3771d074a42d876f1,1742849375,79095.6353,1742849411,43095.6353,SQS
67e1c5d3771d074a42d876f2,1742849375,79593.5234,1742849411,43593.5234,SQS
67e1c5d3771d074a42d876f4,1742849375,79591.3766,1742849411,43591.3766,SQS
67e1c5d3771d074a42d876f5,1742849375,79622.7895,1742849411,43622.7895,SQS
67e1c5d3771d074a42d876f6,1742849375,79624.7116,1742849411,43624.7116,SQS
67e1c5d3771d074a42d876f9,1742849375,79124.929,1742849411,43124.929,SQS
67e1c5d3771d074a42d876fa,1742849375,79125.862,1742849411,43125.862,SQS
67e1c5d3771d074a42d876fb,1742849375,79682.9184,1742849411,43682.9184,SQS
67e1c5d3771d074a42d876fc,1742849375,79683.6998,1742849411,43683.6998,SQS
67e1c5d3771d074a42d876fe,1742849375,79686.8919,1742849411,43686.8919,SQS
67e1c5d3771d074a42d87703,1742849375,79778.5289,1742849411,43778.5289,SQS
67e1c5d3771d074a42d8770a,1742849375,79900.8964,1742849411,43900.8964,SQS
67e1c5d3771d074a42d8770d,1742849375,79904.1004,1742849411,43904.1004,SQS
67e1c5d3771d074a42d8770f,1742849375,79908.9553,1742849411,43908.9553,SQS
67e1c5d3771d074a42d87710,1742849375,79946.6195,1742849411,43946.6195,SQS
67e1c5d3771d074a42d8771b,1742849375,80057.5604,1742849411,44057.5604,SQS
67e1c5d3771d074a42d87720,1742849375,80090.8834,1742849411,44090.8834,SQS
67e1c5d3771d074a42d8772b,1742849375,80107.5849,1742849411,44107.5849,SQS
67e1c5d3771d074a42d87747,1742849375,80215.4545,1742849411,44215.4545,SQS
67e1c5d3771d074a42d87748,1742849375,80025.1692,1742849411,44025.1692,SQS
67e1c5d3771d074a42d8774a,1742849375,80219.248,1742849411,44219.248,SQS
67e1c5d3771d074a42d87751,1742849375,80232.1902,1742849411,44232.1902,SQS
67e1c5d3771d074a42d87765,1742849375,80220.068,1742849411,44220.068,SQS
67e1c5d3771d074a42d8776b,1742849375,80268.9519,1742849411,44268.9519,SQS
67e1c5d3771d074a42d8776d,1742849375,80303.0103,1742849411,44303.0103,SQS
67e1c5d3771d074a42d87773,1742849375,80414.6751,1742849411,44414.6751,SQS
67e1c5d3771d074a42d87776,1742849375,80416.3762,1742849411,44416.3762,SQS
67e1c5d3771d074a42d87777,1742849375,80474.4241,1742849411,44474.4241,SQS
67e1c5d3771d074a42d87783,1742849375,80611.2169,1742849411,44611.2169,SQS
67e1c5d3771d074a42d8779f,1742849375,80683.9078,1742849411,44683.9078,SQS
67e1c5d3771d074a42d877a9,1742849375,80690.4098,1742849411,44690.4098,SQS
67e1c5d3771d074a42d877ab,1742849375,80703.6763,1742849411,44703.6763,SQS
67e1c5d3771d074a42d87826,1742849375,80346.7801,1742849411,44346.7801,SQS
67e1c5d3771d074a42d87828,1742849375,81933.9527,1742849411,45933.9527,SQS
67e1c5d3771d074a42d8782b,1742849375,81941.9088,1742849411,45941.9088,SQS
67e1c5d3771d074a42d87841,1742849375,82031.0325,1742849411,46031.0325,SQS
67e1c5d3771d074a42d87842,1742849375,77902.33,1742849410,42902.33,SQS
67e1c5d3771d074a42d87672,1742849375,78273.2451,1742849410,43273.2451,SQS
67e1c5d3771d074a42d8766e,1742849375,78215.4103,1742849410,43215.4103,SQS
67e1c5d3771d074a42d8767a,1742849375,78458.417,1742849410,43458.417,SQS
67e1c5d3771d074a42d8767e,1742849375,78471.3078,1742849410,43471.3078,SQS
67e1c5d3771d074a42d87682,1742849375,78469.8346,1742849410,43469.8346,SQS
67e1c5d3771d074a42d8768a,1742849375,78025.1592,1742849410,43025.1592,SQS
67e1c5d3771d074a42d8768e,1742849375,78499.4206,1742849410,43499.4206,SQS
67e1c5d3771d074a42d87692,1742849375,78597.8502,1742849410,43597.8502,SQS
67e1c5d3771d074a42d8769a,1742849375,78643.8118,1742849410,43643.8118,SQS
67e1c5d3771d074a42d875dc,1742849375,77336.3777,1742849410,42336.3777,SQS
67e1c5d3771d074a42d875de,1742849375,77344.8259,1742849410,42344.8259,SQS
67e1c5d3771d074a42d875eb,1742849375,77457.4811,1742849410,42457.4811,SQS
67e1c5d3771d074a42d875ee,1742849375,77483.2651,1742849410,42483.2651,SQS
67e1c5d3771d074a42d875fa,1742849375,77539.1328,1742849410,42539.1328,SQS
67e1c5d3771d074a42d875fe,1742849375,77545.6403,1742849410,42545.6403,SQS
67e1c5d3771d074a42d87602,1742849375,77554.1686,1742849410,42554.1686,SQS
67e1c5d3771d074a42d875f2,1742849375,77528.2617,1742849410,42528.2617,SQS
67e1c5d3771d074a42d8760b,1742849375,77571.6768,1742849410,42571.6768,SQS
67e1c5d3771d074a42d87612,1742849375,77584.3175,1742849410,42584.3175,SQS
67e1c5d3771d074a42d87616,1742849375,77591.9685,1742849410,42591.9685,SQS
67e1c5d3771d074a42d8761a,1742849375,77597.5799,1742849410,42597.5799,SQS
67e1c5d3771d074a42d87622,1742849375,77609.4764,1742849410,42609.4764,SQS
67e1c5d3771d074a42d87636,1742849375,77752.2827,1742849410,42752.2827,SQS
67e1c5d3771d074a42d8763a,1742849375,77746.3527,1742849410,42746.3527,SQS
67e1c5d3771d074a42d87642,1742849375,77805.6294,1742849410,42805.6294,SQS
67e1c5d3771d074a42d87632,1742849375,77745.3745,1742849410,42745.3745,SQS
67e1c5d3771d074a42d8764c,1742849375,77842.8,1742849410,42842.8,SQS
67e1c5d3771d074a42d87656,1742849375,77904.0404,1742849410,42904.0404,SQS
67e1c5d3771d074a42d8765a,1742849375,77931.9515,1742849410,42931.9515,SQS
67e1c5d3771d074a42d87662,1742849375,77971.0052,1742849410,42971.0052,SQS
67e1c5d3771d074a42d8765e,1742849375,77964.512,1742849410,42964.512,SQS
67e1c5d3771d074a42d875d8,1742849375,77327.7239,1742849410,42327.7239,SQS
67e1c5d3771d074a42d875dd,1742849375,77343.8753,1742849410,42343.8753,SQS
67e1c5d3771d074a42d875df,1742849375,77348.835,1742849410,42348.835,SQS
67e1c5d3771d074a42d875e0,1742849375,77347.899,1742849410,42347.899,SQS
67e1c5d3771d074a42d875e1,1742849375,77404.7556,1742849410,42404.7556,SQS
67e1c5d3771d074a42d875e2,1742849375,77406.3862,1742849410,42406.3862,SQS
67e1c5d3771d074a42d875e4,1742849375,77443.9894,1742849410,42443.9894,SQS
67e1c5d3771d074a42d875e5,1742849375,77408.4744,1742849410,42408.4744,SQS
67e1c5d3771d074a42d875e6,1742849375,77443.1301,1742849410,42443.1301,SQS
67e1c5d3771d074a42d875e7,1742849375,77448.0778,1742849410,42448.0778,SQS
67e1c5d3771d074a42d875e9,1742849375,77451.5678,1742849410,42451.5678,SQS
67e1c5d3771d074a42d875ec,1742849375,77456.5439,1742849410,42456.5439,SQS
67e1c5d3771d074a42d875ef,1742849375,77489.28,1742849410,42489.28,SQS
67e1c5d3771d074a42d875f6,1742849375,77536.0731,1742849410,42536.0731,SQS
67e1c5d3771d074a42d875f8,1742849375,77534.5512,1742849410,42534.5512,SQS
67e1c5d3771d074a42d875f9,1742849375,77539.9092,1742849410,42539.9092,SQS
67e1c5d3771d074a42d875fb,1742849375,77541.6116,1742849410,42541.6116,SQS
67e1c5d3771d074a42d875fc,1742849375,77544.5752,1742849410,42544.5752,SQS
67e1c5d3771d074a42d875fd,1742849375,77546.8963,1742849410,42546.8963,SQS
67e1c5d3771d074a42d875ff,1742849375,77550.7007,1742849410,42550.7007,SQS
67e1c5d3771d074a42d87600,1742849375,77555.1621,1742849410,42555.1621,SQS
67e1c5d3771d074a42d87601,1742849375,77556.0597,1742849410,42556.0597,SQS
67e1c5d3771d074a42d87603,1742849375,77559.5762,1742849410,42559.5762,SQS
67e1c5d3771d074a42d87604,1742849375,77560.4571,1742849410,42560.4571,SQS
67e1c5d3771d074a42d87605,1742849375,77563.1003,1742849410,42563.1003,SQS
67e1c5d3771d074a42d87606,1742849375,77563.9133,1742849410,42563.9133,SQS
67e1c5d3771d074a42d87607,1742849375,77566.4432,1742849410,42566.4432,SQS
67e1c5d3771d074a42d87611,1742849375,77583.5486,1742849410,42583.5486,SQS
67e1c5d3771d074a42d87613,1742849375,77588.5915,1742849410,42588.5915,SQS
67e1c5d3771d074a42d87614,1742849375,77589.4574,1742849410,42589.4574,SQS
67e1c5d3771d074a42d87615,1742849375,77586.7925,1742849410,42586.7925,SQS
67e1c5d3771d074a42d87617,1742849375,77587.8297,1742849410,42587.8297,SQS
67e1c5d3771d074a42d87618,1742849375,77594.402,1742849410,42594.402,SQS
67e1c5d3771d074a42d87619,1742849375,77596.7955,1742849410,42596.7955,SQS
67e1c5d3771d074a42d8761b,1742849375,77599.9366,1742849410,42599.9366,SQS
67e1c5d3771d074a42d8761c,1742849375,77600.7857,1742849410,42600.7857,SQS
67e1c5d3771d074a42d8761d,1742849375,77603.0702,1742849410,42603.0702,SQS
67e1c5d3771d074a42d8761e,1742849375,77603.8947,1742849410,42603.8947,SQS
67e1c5d3771d074a42d8761f,1742849375,77606.3472,1742849410,42606.3472,SQS
67e1c5d3771d074a42d87620,1742849375,77607.1419,1742849410,42607.1419,SQS
67e1c5d3771d074a42d87623,1742849375,77612.5919,1742849410,42612.5919,SQS
67e1c5d3771d074a42d87624,1742849375,77613.4194,1742849410,42613.4194,SQS
67e1c5d3771d074a42d87625,1742849375,77610.989,1742849410,42610.989,SQS
67e1c5d3771d074a42d87626,1742849375,77616.4126,1742849410,42616.4126,SQS
67e1c5d3771d074a42d87628,1742849375,77619.3326,1742849410,42619.3326,SQS
67e1c5d3771d074a42d87629,1742849375,77621.737,1742849410,42621.737,SQS
67e1c5d3771d074a42d8762a,1742849375,77622.4745,1742849410,42622.4745,SQS
67e1c5d3771d074a42d8762d,1742849375,77626.2477,1742849410,42626.2477,SQS
67e1c5d3771d074a42d8762e,1742849375,77627.011,1742849410,42627.011,SQS
67e1c5d3771d074a42d87630,1742849375,77714.369,1742849410,42714.369,SQS
67e1c5d3771d074a42d87631,1742849375,77654.1673,1742849410,42654.1673,SQS
67e1c5d3771d074a42d87633,1742849375,77747.1887,1742849410,42747.1887,SQS
67e1c5d3771d074a42d87634,1742849375,77749.8203,1742849410,42749.8203,SQS
67e1c5d3771d074a42d87635,1742849375,77750.6245,1742849410,42750.6245,SQS
67e1c5d3771d074a42d87637,1742849375,77719.6435,1742849410,42719.6435,SQS
67e1c5d3771d074a42d87638,1742849375,77755.9435,1742849410,42755.9435,SQS
67e1c5d3771d074a42d87639,1742849375,77756.7636,1742849410,42756.7636,SQS
67e1c5d3771d074a42d8763b,1742849375,77792.4617,1742849410,42792.4617,SQS
67e1c5d3771d074a42d8763d,1742849375,77794.8578,1742849410,42794.8578,SQS
67e1c5d3771d074a42d87641,1742849375,77804.8445,1742849410,42804.8445,SQS
67e1c5d3771d074a42d87643,1742849375,77802.3387,1742849410,42802.3387,SQS
67e1c5d3771d074a42d87644,1742849375,77803.211,1742849410,42803.211,SQS
67e1c5d3771d074a42d87645,1742849375,77804.0396,1742849410,42804.0396,SQS
67e1c5d3771d074a42d87646,1742849375,77809.7381,1742849410,42809.7381,SQS
67e1c5d3771d074a42d87647,1742849375,77812.0394,1742849410,42812.0394,SQS
67e1c5d3771d074a42d8764d,1742849375,77843.549,1742849410,42843.549,SQS
67e1c5d3771d074a42d8764f,1742849375,77845.8202,1742849410,42845.8202,SQS
67e1c5d3771d074a42d87655,1742849375,77903.197,1742849410,42903.197,SQS
67e1c5d3771d074a42d87657,1742849375,77906.569,1742849410,42906.569,SQS
67e1c5d3771d074a42d87658,1742849375,77907.4049,1742849410,42907.4049,SQS
67e1c5d3771d074a42d87659,1742849375,77910.0363,1742849410,42910.0363,SQS
67e1c5d3771d074a42d8765b,1742849375,77932.8148,1742849410,42932.8148,SQS
67e1c5d3771d074a42d8765c,1742849375,77962.9088,1742849410,42962.9088,SQS
67e1c5d3771d074a42d8765d,1742849375,77965.3412,1742849410,42965.3412,SQS
67e1c5d3771d074a42d8765f,1742849375,77966.2084,1742849410,42966.2084,SQS
67e1c5d3771d074a42d87660,1742849375,77969.4113,1742849410,42969.4113,SQS
67e1c5d3771d074a42d87661,1742849375,77971.8712,1742849410,42971.8712,SQS
67e1c5d3771d074a42d87663,1742849375,78026.0743,1742849410,43026.0743,SQS
67e1c5d3771d074a42d87664,1742849375,78028.4582,1742849410,43028.4582,SQS
67e1c5d3771d074a42d87665,1742849375,78027.6281,1742849410,43027.6281,SQS
67e1c5d3771d074a42d87666,1742849375,78024.2984,1742849410,43024.2984,SQS
67e1c5d3771d074a42d87667,1742849375,78032.928,1742849410,43032.928,SQS
67e1c5d3771d074a42d87668,1742849375,78032.0571,1742849410,43032.0571,SQS
67e1c5d3771d074a42d87669,1742849375,78057.2772,1742849410,43057.2772,SQS
67e1c5d3771d074a42d8766b,1742849375,78181.9294,1742849410,43181.9294,SQS
67e1c5d3771d074a42d8766c,1742849375,78211.3517,1742849410,43211.3517,SQS
67e1c5d3771d074a42d8766d,1742849375,78216.647,1742849410,43216.647,SQS
67e1c5d3771d074a42d8766f,1742849375,78179.8038,1742849410,43179.8038,SQS
67e1c5d3771d074a42d87670,1742849375,78148.2452,1742849410,43148.2452,SQS
67e1c5d3771d074a42d87671,1742849375,78214.1619,1742849410,43214.1619,SQS
67e1c5d3771d074a42d87673,1742849375,78334.4744,1742849410,43334.4744,SQS
67e1c5d3771d074a42d87674,1742849375,78338.3962,1742849410,43338.3962,SQS
67e1c5d3771d074a42d87675,1742849375,78337.271,1742849410,43337.271,SQS
67e1c5d3771d074a42d87676,1742849375,78396.2909,1742849410,43396.2909,SQS
67e1c5d3771d074a42d87677,1742849375,78397.2725,1742849410,43397.2725,SQS
67e1c5d3771d074a42d87678,1742849375,78427.4139,1742849410,43427.4139,SQS
67e1c5d3771d074a42d87679,1742849375,78459.6466,1742849410,43459.6466,SQS
67e1c5d3771d074a42d8767b,1742849375,78462.6634,1742849410,43462.6634,SQS
67e1c5d3771d074a42d8767c,1742849375,78463.5919,1742849410,43463.5919,SQS
67e1c5d3771d074a42d8767d,1742849375,78464.6778,1742849410,43464.6778,SQS
67e1c5d3771d074a42d8767f,1742849375,78472.5665,1742849410,43472.5665,SQS
67e1c5d3771d074a42d87680,1742849375,78468.5122,1742849410,43468.5122,SQS
67e1c5d3771d074a42d87681,1742849375,78476.6526,1742849410,43476.6526,SQS
67e1c5d3771d074a42d87683,1742849375,78479.7413,1742849410,43479.7413,SQS
67e1c5d3771d074a42d87684,1742849375,78482.6889,1742849410,43482.6889,SQS
67e1c5d3771d074a42d87685,1742849375,78483.6135,1742849410,43483.6135,SQS
67e1c5d3771d074a42d87686,1742849375,78487.3758,1742849410,43487.3758,SQS
67e1c5d3771d074a42d87687,1742849375,78488.3045,1742849410,43488.3045,SQS
67e1c5d3771d074a42d87688,1742849375,78490.313,1742849410,43490.313,SQS
67e1c5d3771d074a42d87689,1742849375,78486.3441,1742849410,43486.3441,SQS
67e1c5d3771d074a42d8768b,1742849375,78495.8506,1742849410,43495.8506,SQS
67e1c5d3771d074a42d8768c,1742849375,78496.7859,1742849410,43496.7859,SQS
67e1c5d3771d074a42d8768d,1742849375,78495.0288,1742849410,43495.0288,SQS
67e1c5d3771d074a42d8768f,1742849375,78535.7663,1742849410,43535.7663,SQS
67e1c5d3771d074a42d87690,1742849375,78537.6747,1742849410,43537.6747,SQS
67e1c5d3771d074a42d87691,1742849375,78567.9765,1742849410,43567.9765,SQS
67e1c5d3771d074a42d87693,1742849375,78631.6922,1742849410,43631.6922,SQS
67e1c5d3771d074a42d87694,1742849375,78632.7648,1742849410,43632.7648,SQS
67e1c5d3771d074a42d87695,1742849375,78630.8169,1742849410,43630.8169,SQS
67e1c5d3771d074a42d87696,1742849375,78636.5077,1742849410,43636.5077,SQS
67e1c5d3771d074a42d87697,1742849375,78637.439,1742849410,43637.439,SQS
67e1c5d3771d074a42d87698,1742849375,78639.4084,1742849410,43639.4084,SQS
67e1c5d3771d074a42d87699,1742849375,78642.1639,1742849410,43642.1639,SQS
67e1c5d3771d074a42d8769b,1742849375,78642.9822,1742849410,43642.9822,SQS
67e1c5d3771d074a42d8769c,1742849375,78647.3774,1742849410,43647.3774,SQS
67e1c5d3771d074a42d8769d,1742849375,78648.3495,1742849410,43648.3495,SQS
67e1c5d3771d074a42d8769e,1742849375,78536.7964,1742849410,43536.7964,SQS
67e1c5d3771d074a42d876a2,1742849375,78709.93,1742849410,43709.93,SQS
67e1c5d3771d074a42d876a7,1742849375,78800.8525,1742849410,43800.8525,SQS
67e1c5d3771d074a42d876ac,1742849375,78807.9242,1742849410,43807.9242,SQS
67e1c5d3771d074a42d876ad,1742849375,78810.7999,1742849410,43810.7999,SQS
67e1c5d3771d074a42d876b3,1742849375,78881.6331,1742849410,43881.6331,SQS
67e1c5d3771d074a42d876c9,1742849375,79009.1744,1742849410,44009.1744,SQS
67e1c5d3771d074a42d87843,1742849375,82035.2036,1742849410,47035.2036,SQS
67e1c5d3771d074a42d87844,1742849375,82036.1698,1742849410,47036.1698,SQS
67e1c5d3771d074a42d87845,1742849375,82069.9014,1742849410,47069.9014,SQS
67e1c5d3771d074a42d87846,1742849375,82070.7249,1742849410,47070.7249,SQS
67e1c5d3771d074a42d8766a,1742849375,78117.2147,1742849410,43117.2147,SQS
67e1c5d5771d074a42d87e00,1742849375,93559.4847,1742849410,58559.4847,SQS
67e1c5d3771d074a42d875be,1742849375,76924.3383,1742849409,42924.3383,SQS
67e1c5d3771d074a42d875c2,1742849375,76992.1765,1742849409,42992.1765,SQS
67e1c5d3771d074a42d875ca,1742849375,77156.1097,1742849409,43156.1097,SQS
67e1c5d3771d074a42d875ce,1742849375,77224.9648,1742849409,43224.9648,SQS
67e1c5d3771d074a42d875ba,1742849375,76866.4708,1742849409,42866.4708,SQS
67e1c5d3771d074a42d875d2,1742849375,77230.073,1742849409,43230.073,SQS
67e1c5d3771d074a42d87572,1742849375,76269.1632,1742849409,42269.1632,SQS
67e1c5d3771d074a42d8757a,1742849375,76347.9826,1742849409,42347.9826,SQS
67e1c5d3771d074a42d87582,1742849375,76387.6808,1742849409,42387.6808,SQS
67e1c5d3771d074a42d8758a,1742849375,76426.9146,1742849409,42426.9146,SQS
67e1c5d3771d074a42d8759e,1742849375,76539.0797,1742849409,42539.0797,SQS
67e1c5d3771d074a42d875aa,1742849375,76646.3699,1742849409,42646.3699,SQS
67e1c5d3771d074a42d875ae,1742849375,76709.2371,1742849409,42709.2371,SQS
67e1c5d3771d074a42d87565,1742849375,76165.5465,1742849409,42165.5465,SQS
67e1c5d3771d074a42d87566,1742849375,76195.8484,1742849409,42195.8484,SQS
67e1c5d3771d074a42d87568,1742849375,76256.7338,1742849409,42256.7338,SQS
67e1c5d3771d074a42d87569,1742849375,76257.6409,1742849409,42257.6409,SQS
67e1c5d3771d074a42d875b2,1742849375,76802.4377,1742849409,42802.4377,SQS
67e1c5d3771d074a42d8756a,1742849375,76260.0426,1742849409,42260.0426,SQS
67e1c5d3771d074a42d8756f,1742849375,76268.0939,1742849409,42268.0939,SQS
67e1c5d3771d074a42d87570,1742849375,76303.3895,1742849409,42303.3895,SQS
67e1c5d3771d074a42d87571,1742849375,76305.0192,1742849409,42305.0192,SQS
67e1c5d3771d074a42d87573,1742849375,76266.4598,1742849409,42266.4598,SQS
67e1c5d3771d074a42d87574,1742849375,76338.2403,1742849409,42338.2403,SQS
67e1c5d3771d074a42d87575,1742849375,76339.1791,1742849409,42339.1791,SQS
67e1c5d3771d074a42d87576,1742849375,76342.8149,1742849409,42342.8149,SQS
67e1c5d3771d074a42d87577,1742849375,76343.6742,1742849409,42343.6742,SQS
67e1c5d3771d074a42d87578,1742849375,76342.0186,1742849409,42342.0186,SQS
67e1c5d3771d074a42d87579,1742849375,76347.0326,1742849409,42347.0326,SQS
67e1c5d3771d074a42d8757b,1742849375,76336.4962,1742849409,42336.4962,SQS
67e1c5d3771d074a42d8757c,1742849375,76351.2678,1742849409,42351.2678,SQS
67e1c5d3771d074a42d8757d,1742849375,76352.1164,1742849409,42352.1164,SQS
67e1c5d3771d074a42d8757f,1742849375,76382.1604,1742849409,42382.1604,SQS
67e1c5d3771d074a42d87580,1742849375,76383.8889,1742849409,42383.8889,SQS
67e1c5d3771d074a42d87581,1742849375,76384.8728,1742849409,42384.8728,SQS
67e1c5d3771d074a42d87583,1742849375,76411.9473,1742849409,42411.9473,SQS
67e1c5d3771d074a42d87584,1742849375,76417.3713,1742849409,42417.3713,SQS
67e1c5d3771d074a42d87585,1742849375,76418.3496,1742849409,42418.3496,SQS
67e1c5d3771d074a42d87586,1742849375,76421.4044,1742849409,42421.4044,SQS
67e1c5d3771d074a42d87587,1742849375,76422.3622,1742849409,42422.3622,SQS
67e1c5d3771d074a42d87588,1742849375,76416.3519,1742849409,42416.3519,SQS
67e1c5d3771d074a42d87589,1742849375,76426.0809,1742849409,42426.0809,SQS
67e1c5d3771d074a42d8758b,1742849375,76429.5366,1742849409,42429.5366,SQS
67e1c5d3771d074a42d8758c,1742849375,76430.3858,1742849409,42430.3858,SQS
67e1c5d3771d074a42d8758d,1742849375,76432.9627,1742849409,42432.9627,SQS
67e1c5d3771d074a42d8758e,1742849375,76433.9394,1742849409,42433.9394,SQS
67e1c5d3771d074a42d8758f,1742849375,76436.4913,1742849409,42436.4913,SQS
67e1c5d3771d074a42d87590,1742849375,76437.3467,1742849409,42437.3467,SQS
67e1c5d3771d074a42d87591,1742849375,76415.4264,1742849409,42415.4264,SQS
67e1c5d3771d074a42d8759b,1742849375,76509.793,1742849409,42509.793,SQS
67e1c5d3771d074a42d8759c,1742849375,76510.8435,1742849409,42510.8435,SQS
67e1c5d3771d074a42d8759d,1742849375,76538.1256,1742849409,42538.1256,SQS
67e1c5d3771d074a42d8759f,1742849375,76541.6653,1742849409,42541.6653,SQS
67e1c5d3771d074a42d875a0,1742849375,76542.5636,1742849409,42542.5636,SQS
67e1c5d3771d074a42d875a1,1742849375,76545.6479,1742849409,42545.6479,SQS
67e1c5d3771d074a42d875a2,1742849375,76547.2015,1742849409,42547.2015,SQS
67e1c5d3771d074a42d875a3,1742849375,76550.8852,1742849409,42550.8852,SQS
67e1c5d3771d074a42d875a4,1742849375,76582.5735,1742849409,42582.5735,SQS
67e1c5d3771d074a42d875a9,1742849375,76619.2336,1742849409,42619.2336,SQS
67e1c5d3771d074a42d875ab,1742849375,76647.2133,1742849409,42647.2133,SQS
67e1c5d3771d074a42d875ac,1742849375,76644.4184,1742849409,42644.4184,SQS
67e1c5d3771d074a42d875ad,1742849375,76676.1312,1742849409,42676.1312,SQS
67e1c5d3771d074a42d875af,1742849375,76738.4344,1742849409,42738.4344,SQS
67e1c5d3771d074a42d875b0,1742849375,76771.5349,1742849409,42771.5349,SQS
67e1c5d3771d074a42d875b1,1742849375,76799.5613,1742849409,42799.5613,SQS
67e1c5d3771d074a42d875b3,1742849375,76804.4956,1742849409,42804.4956,SQS
67e1c5d3771d074a42d875b4,1742849375,76807.5459,1742849409,42807.5459,SQS
67e1c5d3771d074a42d875b5,1742849375,76809.323,1742849409,42809.323,SQS
67e1c5d3771d074a42d875b6,1742849375,76831.1609,1742849409,42831.1609,SQS
67e1c5d3771d074a42d875b7,1742849375,76861.5343,1742849409,42861.5343,SQS
67e1c5d3771d074a42d875b8,1742849375,76863.5954,1742849409,42863.5954,SQS
67e1c5d3771d074a42d875b9,1742849375,76833.3678,1742849409,42833.3678,SQS
67e1c5d3771d074a42d875bb,1742849375,76892.4225,1742849409,42892.4225,SQS
67e1c5d3771d074a42d875bc,1742849375,76895.2572,1742849409,42895.2572,SQS
67e1c5d3771d074a42d875bd,1742849375,76898.0678,1742849409,42898.0678,SQS
67e1c5d3771d074a42d875bf,1742849375,76985.6556,1742849409,42985.6556,SQS
67e1c5d3771d074a42d875c0,1742849375,76986.9891,1742849409,42986.9891,SQS
67e1c5d3771d074a42d875c1,1742849375,76991.2494,1742849409,42991.2494,SQS
67e1c5d3771d074a42d875c3,1742849375,76994.7146,1742849409,42994.7146,SQS
67e1c5d3771d074a42d875c4,1742849375,76995.6522,1742849409,42995.6522,SQS
67e1c5d3771d074a42d875c5,1742849375,77064.6714,1742849409,43064.6714,SQS
67e1c5d3771d074a42d875c6,1742849375,77065.4803,1742849409,43065.4803,SQS
67e1c5d3771d074a42d875c7,1742849375,77093.9987,1742849409,43093.9987,SQS
67e1c5d3771d074a42d875c8,1742849375,77068.707,1742849409,43068.707,SQS
67e1c5d3771d074a42d875c9,1742849375,77062.972,1742849409,43062.972,SQS
67e1c5d3771d074a42d875cb,1742849375,77187.8353,1742849409,43187.8353,SQS
67e1c5d3771d074a42d875cc,1742849375,77218.4103,1742849409,43218.4103,SQS
67e1c5d3771d074a42d875cd,1742849375,77220.6243,1742849409,43220.6243,SQS
67e1c5d3771d074a42d875cf,1742849375,77227.0526,1742849409,43227.0526,SQS
67e1c5d3771d074a42d875d0,1742849375,77223.8069,1742849409,43223.8069,SQS
67e1c5d3771d074a42d875d1,1742849375,77230.7908,1742849409,43230.7908,SQS
67e1c5d3771d074a42d875d3,1742849375,77233.0872,1742849409,43233.0872,SQS
67e1c5d3771d074a42d875d4,1742849375,77264.5084,1742849409,43264.5084,SQS
67e1c5d3771d074a42d875d5,1742849375,77299.3395,1742849409,43299.3395,SQS
67e1c5d3771d074a42d875d6,1742849375,77328.7672,1742849409,43328.7672,SQS
67e1c5d3771d074a42d875d7,1742849375,77330.9404,1742849409,43330.9404,SQS
67e1c5d3771d074a42d875d9,1742849375,77333.8613,1742849409,43333.8613,SQS
67e1c5d3771d074a42d875da,1742849375,77338.2904,1742849409,43338.2904,SQS
67e1c5d3771d074a42d875db,1742849375,77340.5912,1742849409,43340.5912,SQS
67e1c5d3771d074a42d875e3,1742849375,77435.6742,1742849409,43435.6742,SQS
67e1c5d3771d074a42d875e8,1742849375,77441.92,1742849409,43441.92,SQS
67e1c5d3771d074a42d875ea,1742849375,77454.1563,1742849409,43454.1563,SQS
67e1c5d3771d074a42d875ed,1742849375,77481.6481,1742849409,43481.6481,SQS
67e1c5d3771d074a42d875f0,1742849375,77264.5289,1742849409,43264.5289,SQS
67e1c5d3771d074a42d875f1,1742849375,77491.7231,1742849409,43491.7231,SQS
67e1c5d3771d074a42d875f3,1742849375,77530.0891,1742849409,43530.0891,SQS
67e1c5d3771d074a42d875f4,1742849375,77531.732,1742849409,43531.732,SQS
67e1c5d3771d074a42d875f5,1742849375,77066.2978,1742849409,43066.2978,SQS
67e1c5d3771d074a42d875f7,1742849375,77535.3162,1742849409,43535.3162,SQS
67e1c5d3771d074a42d87608,1742849375,77567.2816,1742849409,43567.2816,SQS
67e1c5d3771d074a42d87609,1742849375,77569.8944,1742849409,43569.8944,SQS
67e1c5d3771d074a42d8760a,1742849375,77570.8542,1742849409,43570.8542,SQS
67e1c5d3771d074a42d8760c,1742849375,77574.8873,1742849409,43574.8873,SQS
67e1c5d3771d074a42d8760d,1742849375,77575.6973,1742849409,43575.6973,SQS
67e1c5d3771d074a42d8760e,1742849375,77576.6355,1742849409,43576.6355,SQS
67e1c5d3771d074a42d8760f,1742849375,77579.6735,1742849409,43579.6735,SQS
67e1c5d3771d074a42d87610,1742849375,77580.4624,1742849409,43580.4624,SQS
67e1c5d3771d074a42d87621,1742849375,77582.8385,1742849409,43582.8385,SQS
67e1c5d3771d074a42d87627,1742849375,77617.1394,1742849409,43617.1394,SQS
67e1c5d3771d074a42d8762b,1742849375,77620.1288,1742849409,43620.1288,SQS
67e1c5d3771d074a42d8762c,1742849375,76989.2932,1742849409,42989.2932,SQS
67e1c5d3771d074a42d8762f,1742849375,77653.2004,1742849409,43653.2004,SQS
67e1c5d3771d074a42d8763c,1742849375,77716.9473,1742849409,43716.9473,SQS
67e1c5d3771d074a42d8763e,1742849375,77797.3245,1742849409,43797.3245,SQS
67e1c5d3771d074a42d8763f,1742849375,77799.1409,1742849409,43799.1409,SQS
67e1c5d3771d074a42d87640,1742849375,77799.9674,1742849409,43799.9674,SQS
67e1c5d3771d074a42d87648,1742849375,77812.881,1742849409,43812.881,SQS
67e1c5d3771d074a42d87649,1742849375,77815.1905,1742849409,43815.1905,SQS
67e1c5d3771d074a42d8764a,1742849375,77838.1718,1742849409,43838.1718,SQS
67e1c5d3771d074a42d8764b,1742849375,77840.5392,1742849409,43840.5392,SQS
67e1c5d3771d074a42d8764e,1742849375,77841.3249,1742849409,43841.3249,SQS
67e1c5d3771d074a42d87650,1742849375,77869.6363,1742849409,43869.6363,SQS
67e1c5d3771d074a42d87651,1742849375,77871.3953,1742849409,43871.3953,SQS
67e1c5d3771d074a42d87652,1742849375,77186.9889,1742849409,43186.9889,SQS
67e1c5d3771d074a42d87653,1742849375,77873.969,1742849409,43873.969,SQS
67e1c5d3771d074a42d87654,1742849375,77874.8414,1742849409,43874.8414,SQS
67e1c5d5771d074a42d87dfe,1742849375,77063.8483,1742849409,43063.8483,SQS
67e1c5d3771d074a42d87847,1742849375,77901.4596,1742849409,43901.4596,SQS
67e1c5d3771d074a42d87848,1742849375,82074.4236,1742849409,48074.4236,SQS
67e1c5d3771d074a42d87849,1742849375,82075.3101,1742849409,48075.3101,SQS
67e1c5d3771d074a42d8784a,1742849375,82102.6912,1742849409,48102.6912,SQS
67e1c5d3771d074a42d87872,1742849375,82308.508,1742849409,48308.508,SQS
67e1c5d3771d074a42d87875,1742849375,82596.6925,1742849409,48596.6925,SQS
67e1c5d2771d074a42d874cb,1742849375,74987.0641,1742849408,41987.0641,SQS
67e1c5d2771d074a42d874cd,1742849375,74991.1718,1742849408,41991.1718,SQS
67e1c5d2771d074a42d874ce,1742849375,74992.1614,1742849408,41992.1614,SQS
67e1c5d2771d074a42d874cf,1742849375,75018.7609,1742849408,42018.7609,SQS
67e1c5d2771d074a42d874d0,1742849375,75019.5464,1742849408,42019.5464,SQS
67e1c5d2771d074a42d874d1,1742849375,75049.0016,1742849408,42049.0016,SQS
67e1c5d2771d074a42d874d2,1742849375,75049.9096,1742849408,42049.9096,SQS
67e1c5d2771d074a42d874d3,1742849375,75052.2827,1742849408,42052.2827,SQS
67e1c5d2771d074a42d874d4,1742849375,75053.0568,1742849408,42053.0568,SQS
67e1c5d2771d074a42d874db,1742849375,75090.6966,1742849408,42090.6966,SQS
67e1c5d2771d074a42d874dc,1742849375,75091.6927,1742849408,42091.6927,SQS
67e1c5d2771d074a42d874dd,1742849375,75094.2815,1742849408,42094.2815,SQS
67e1c5d2771d074a42d874de,1742849375,75096.895,1742849408,42096.895,SQS
67e1c5d2771d074a42d874df,1742849375,75097.7106,1742849408,42097.7106,SQS
67e1c5d2771d074a42d874e0,1742849375,75100.2115,1742849408,42100.2115,SQS
67e1c5d2771d074a42d874e1,1742849375,75092.4543,1742849408,42092.4543,SQS
67e1c5d2771d074a42d874e2,1742849375,75102.7829,1742849408,42102.7829,SQS
67e1c5d2771d074a42d874e3,1742849375,75101.1359,1742849408,42101.1359,SQS
67e1c5d3771d074a42d874e4,1742849375,75106.5262,1742849408,42106.5262,SQS
67e1c5d3771d074a42d874e5,1742849375,75107.4038,1742849408,42107.4038,SQS
67e1c5d3771d074a42d874fa,1742849375,75190.3844,1742849408,42190.3844,SQS
67e1c5d3771d074a42d874fb,1742849375,75192.0744,1742849408,42192.0744,SQS
67e1c5d3771d074a42d874fc,1742849375,75192.9035,1742849408,42192.9035,SQS
67e1c5d3771d074a42d874fd,1742849375,75188.5135,1742849408,42188.5135,SQS
67e1c5d3771d074a42d874fe,1742849375,75195.3291,1742849408,42195.3291,SQS
67e1c5d3771d074a42d874ff,1742849375,75199.3201,1742849408,42199.3201,SQS
67e1c5d3771d074a42d87500,1742849375,75200.5966,1742849408,42200.5966,SQS
67e1c5d3771d074a42d87501,1742849375,75205.8599,1742849408,42205.8599,SQS
67e1c5d3771d074a42d87502,1742849375,75206.7985,1742849408,42206.7985,SQS
67e1c5d3771d074a42d87503,1742849375,75209.5896,1742849408,42209.5896,SQS
67e1c5d3771d074a42d87504,1742849375,75210.5028,1742849408,42210.5028,SQS
67e1c5d3771d074a42d87505,1742849375,75204.8978,1742849408,42204.8978,SQS
67e1c5d3771d074a42d87506,1742849375,75203.8185,1742849408,42203.8185,SQS
67e1c5d3771d074a42d87507,1742849375,75268.2062,1742849408,42268.2062,SQS
67e1c5d3771d074a42d87508,1742849375,75160.7145,1742849408,42160.7145,SQS
67e1c5d3771d074a42d87509,1742849375,75273.4297,1742849408,42273.4297,SQS
67e1c5d3771d074a42d8750a,1742849375,75272.2802,1742849408,42272.2802,SQS
67e1c5d3771d074a42d8750b,1742849375,75189.5008,1742849408,42189.5008,SQS
67e1c5d3771d074a42d8750e,1742849375,75312.6401,1742849408,42312.6401,SQS
67e1c5d3771d074a42d8750f,1742849375,75345.5771,1742849408,42345.5771,SQS
67e1c5d3771d074a42d87510,1742849375,75346.8481,1742849408,42346.8481,SQS
67e1c5d3771d074a42d87511,1742849375,75405.0976,1742849408,42405.0976,SQS
67e1c5d3771d074a42d87512,1742849375,75375.4544,1742849408,42375.4544,SQS
67e1c5d3771d074a42d87513,1742849375,75436.4915,1742849408,42436.4915,SQS
67e1c5d3771d074a42d87514,1742849375,75467.5754,1742849408,42467.5754,SQS
67e1c5d3771d074a42d87515,1742849375,75470.5287,1742849408,42470.5287,SQS
67e1c5d3771d074a42d87516,1742849375,75473.2095,1742849408,42473.2095,SQS
67e1c5d3771d074a42d87517,1742849375,75475.7819,1742849408,42475.7819,SQS
67e1c5d3771d074a42d87518,1742849375,75475.0184,1742849408,42475.0184,SQS
67e1c5d3771d074a42d87519,1742849375,75438.342,1742849408,42438.342,SQS
67e1c5d3771d074a42d8751a,1742849375,75528.6349,1742849408,42528.6349,SQS
67e1c5d3771d074a42d8751b,1742849375,75560.6422,1742849408,42560.6422,SQS
67e1c5d3771d074a42d8751c,1742849375,75563.1176,1742849408,42563.1176,SQS
67e1c5d3771d074a42d8751d,1742849375,75564.795,1742849408,42564.795,SQS
67e1c5d3771d074a42d8751e,1742849375,75565.6141,1742849408,42565.6141,SQS
67e1c5d3771d074a42d8751f,1742849375,75567.9904,1742849408,42567.9904,SQS
67e1c5d3771d074a42d87520,1742849375,75568.8521,1742849408,42568.8521,SQS
67e1c5d3771d074a42d87521,1742849375,75562.3295,1742849408,42562.3295,SQS
67e1c5d3771d074a42d87522,1742849375,75571.995,1742849408,42571.995,SQS
67e1c5d3771d074a42d87523,1742849375,75572.8692,1742849408,42572.8692,SQS
67e1c5d3771d074a42d87524,1742849375,75606.6146,1742849408,42606.6146,SQS
67e1c5d3771d074a42d87525,1742849375,75575.4334,1742849408,42575.4334,SQS
67e1c5d3771d074a42d87526,1742849375,75610.173,1742849408,42610.173,SQS
67e1c5d3771d074a42d87527,1742849375,75611.0122,1742849408,42611.0122,SQS
67e1c5d3771d074a42d87528,1742849375,75614.0332,1742849408,42614.0332,SQS
67e1c5d3771d074a42d87529,1742849375,75615.6606,1742849408,42615.6606,SQS
67e1c5d3771d074a42d8752a,1742849375,75614.7852,1742849408,42614.7852,SQS
67e1c5d3771d074a42d8752b,1742849375,75609.3916,1742849408,42609.3916,SQS
67e1c5d3771d074a42d8752c,1742849375,75620.0916,1742849408,42620.0916,SQS
67e1c5d3771d074a42d8752d,1742849375,75620.894,1742849408,42620.894,SQS
67e1c5d3771d074a42d8752e,1742849375,75654.5125,1742849408,42654.5125,SQS
67e1c5d3771d074a42d8752f,1742849375,75655.267,1742849408,42655.267,SQS
67e1c5d3771d074a42d87530,1742849375,75653.6663,1742849408,42653.6663,SQS
67e1c5d3771d074a42d87531,1742849375,75622.4444,1742849408,42622.4444,SQS
67e1c5d3771d074a42d87532,1742849375,75659.0954,1742849408,42659.0954,SQS
67e1c5d3771d074a42d87533,1742849375,75685.7446,1742849408,42685.7446,SQS
67e1c5d3771d074a42d87534,1742849375,75745.6688,1742849408,42745.6688,SQS
67e1c5d3771d074a42d87535,1742849375,75748.1057,1742849408,42748.1057,SQS
67e1c5d3771d074a42d87536,1742849375,75749.7537,1742849408,42749.7537,SQS
67e1c5d3771d074a42d87537,1742849375,75753.0842,1742849408,42753.0842,SQS
67e1c5d3771d074a42d87538,1742849375,75752.1579,1742849408,42752.1579,SQS
67e1c5d3771d074a42d87539,1742849375,75755.4359,1742849408,42755.4359,SQS
67e1c5d3771d074a42d8753a,1742849375,75757.9614,1742849408,42757.9614,SQS
67e1c5d3771d074a42d8753b,1742849375,75758.7671,1742849408,42758.7671,SQS
67e1c5d3771d074a42d8753c,1742849375,75761.2472,1742849408,42761.2472,SQS
67e1c5d3771d074a42d8753d,1742849375,75762.0896,1742849408,42762.0896,SQS
67e1c5d3771d074a42d8753e,1742849375,75764.5681,1742849408,42764.5681,SQS
67e1c5d3771d074a42d8753f,1742849375,75765.4471,1742849408,42765.4471,SQS
67e1c5d3771d074a42d87540,1742849375,75747.3061,1742849408,42747.3061,SQS
67e1c5d3771d074a42d87541,1742849375,75750.511,1742849408,42750.511,SQS
67e1c5d3771d074a42d87542,1742849375,75807.8033,1742849408,42807.8033,SQS
67e1c5d3771d074a42d87543,1742849375,75839.8271,1742849408,42839.8271,SQS
67e1c5d3771d074a42d87544,1742849375,75843.4032,1742849408,42843.4032,SQS
67e1c5d3771d074a42d87545,1742849375,75845.8103,1742849408,42845.8103,SQS
67e1c5d3771d074a42d87546,1742849375,75844.9102,1742849408,42844.9102,SQS
67e1c5d3771d074a42d87547,1742849375,75848.1932,1742849408,42848.1932,SQS
67e1c5d3771d074a42d87548,1742849375,75842.6356,1742849408,42842.6356,SQS
67e1c5d3771d074a42d87549,1742849375,75841.7478,1742849408,42841.7478,SQS
67e1c5d3771d074a42d8754a,1742849375,75851.5545,1742849408,42851.5545,SQS
67e1c5d3771d074a42d8754b,1742849375,75852.3275,1742849408,42852.3275,SQS
67e1c5d3771d074a42d8754c,1742849375,75772.7015,1742849408,42772.7015,SQS
67e1c5d3771d074a42d8754d,1742849375,75855.6569,1742849408,42855.6569,SQS
67e1c5d3771d074a42d8754e,1742849375,75856.4461,1742849408,42856.4461,SQS
67e1c5d3771d074a42d8754f,1742849375,75859.0603,1742849408,42859.0603,SQS
67e1c5d3771d074a42d87550,1742849375,75859.848,1742849408,42859.848,SQS
67e1c5d3771d074a42d87551,1742849375,75756.3011,1742849408,42756.3011,SQS
67e1c5d3771d074a42d87552,1742849375,75918.4674,1742849408,42918.4674,SQS
67e1c5d3771d074a42d87553,1742849375,75949.1651,1742849408,42949.1651,SQS
67e1c5d3771d074a42d87554,1742849375,75949.9878,1742849408,42949.9878,SQS
67e1c5d3771d074a42d87555,1742849375,75981.5286,1742849408,42981.5286,SQS
67e1c5d3771d074a42d87556,1742849375,75983.1427,1742849408,42983.1427,SQS
67e1c5d3771d074a42d87557,1742849375,75982.2906,1742849408,42982.2906,SQS
67e1c5d3771d074a42d87558,1742849375,75980.1316,1742849408,42980.1316,SQS
67e1c5d3771d074a42d87559,1742849375,76010.1099,1742849408,43010.1099,SQS
67e1c5d3771d074a42d8755a,1742849375,76011.9265,1742849408,43011.9265,SQS
67e1c5d3771d074a42d8755b,1742849375,76041.3556,1742849408,43041.3556,SQS
67e1c5d3771d074a42d8755c,1742849375,76042.2339,1742849408,43042.2339,SQS
67e1c5d3771d074a42d8755d,1742849375,76102.0889,1742849408,43102.0889,SQS
67e1c5d3771d074a42d8755e,1742849375,76104.1566,1742849408,43104.1566,SQS
67e1c5d3771d074a42d8755f,1742849375,76104.9814,1742849408,43104.9814,SQS
67e1c5d3771d074a42d87560,1742849375,76107.9055,1742849408,43107.9055,SQS
67e1c5d3771d074a42d87561,1742849375,76133.689,1742849408,43133.689,SQS
67e1c5d3771d074a42d87562,1742849375,76134.5862,1742849408,43134.5862,SQS
67e1c5d3771d074a42d87563,1742849375,76072.9054,1742849408,43072.9054,SQS
67e1c5d3771d074a42d87564,1742849375,76136.952,1742849408,43136.952,SQS
67e1c5d3771d074a42d87567,1742849375,76197.3487,1742849408,43197.3487,SQS
67e1c5d3771d074a42d8756b,1742849375,76261.7349,1742849408,43261.7349,SQS
67e1c5d3771d074a42d8756c,1742849375,76262.5273,1742849408,43262.5273,SQS
67e1c5d3771d074a42d8756d,1742849375,76071.8832,1742849408,43071.8832,SQS
67e1c5d3771d074a42d8756e,1742849375,76265.6215,1742849408,43265.6215,SQS
67e1c5d3771d074a42d8757e,1742849375,76354.6676,1742849408,43354.6676,SQS
67e1c5d3771d074a42d87592,1742849375,76355.4919,1742849408,43355.4919,SQS
67e1c5d3771d074a42d87593,1742849375,76441.678,1742849408,43441.678,SQS
67e1c5d3771d074a42d87594,1742849375,76442.6919,1742849408,43442.6919,SQS
67e1c5d3771d074a42d87595,1742849375,76474.3726,1742849408,43474.3726,SQS
67e1c5d3771d074a42d87596,1742849375,76445.4293,1742849408,43445.4293,SQS
67e1c5d3771d074a42d87597,1742849375,75979.2087,1742849408,42979.2087,SQS
67e1c5d3771d074a42d87598,1742849375,75916.6665,1742849408,42916.6665,SQS
67e1c5d3771d074a42d87599,1742849375,75917.6123,1742849408,42917.6123,SQS
67e1c5d3771d074a42d875a5,1742849375,76507.5855,1742849408,43507.5855,SQS
67e1c5d2771d074a42d87430,1742849375,73191.4304,1742849407,41191.4304,SQS
67e1c5d2771d074a42d87436,1742849375,73202.9346,1742849407,41202.9346,SQS
67e1c5d2771d074a42d87437,1742849375,73203.7801,1742849407,41203.7801,SQS
67e1c5d2771d074a42d87438,1742849375,73190.4215,1742849407,41190.4215,SQS
67e1c5d2771d074a42d87439,1742849375,73206.581,1742849407,41206.581,SQS
67e1c5d2771d074a42d8743a,1742849375,73211.9331,1742849407,41211.9331,SQS
67e1c5d2771d074a42d8743b,1742849375,73212.8087,1742849407,41212.8087,SQS
67e1c5d2771d074a42d8743c,1742849375,73251.4137,1742849407,41251.4137,SQS
67e1c5d2771d074a42d8743d,1742849375,73284.5651,1742849407,41284.5651,SQS
67e1c5d2771d074a42d8743e,1742849375,73285.4307,1742849407,41285.4307,SQS
67e1c5d2771d074a42d8743f,1742849375,73283.6374,1742849407,41283.6374,SQS
67e1c5d2771d074a42d87440,1742849375,73216.0861,1742849407,41216.0861,SQS
67e1c5d2771d074a42d87441,1742849375,73289.3476,1742849407,41289.3476,SQS
67e1c5d2771d074a42d87442,1742849375,73211.0631,1742849407,41211.0631,SQS
67e1c5d2771d074a42d87443,1742849375,73291.7942,1742849407,41291.7942,SQS
67e1c5d2771d074a42d87444,1742849375,73295.5364,1742849407,41295.5364,SQS
67e1c5d2771d074a42d87445,1742849375,73297.2358,1742849407,41297.2358,SQS
67e1c5d2771d074a42d87446,1742849375,73329.9046,1742849407,41329.9046,SQS
67e1c5d2771d074a42d87447,1742849375,73361.8153,1742849407,41361.8153,SQS
67e1c5d2771d074a42d87448,1742849375,73360.7255,1742849407,41360.7255,SQS
67e1c5d2771d074a42d87449,1742849375,73363.4867,1742849407,41363.4867,SQS
67e1c5d2771d074a42d8744a,1742849375,73359.8885,1742849407,41359.8885,SQS
67e1c5d2771d074a42d8744b,1742849375,73367.034,1742849407,41367.034,SQS
67e1c5d2771d074a42d8744c,1742849375,73367.8103,1742849407,41367.8103,SQS
67e1c5d2771d074a42d8744d,1742849375,73370.1586,1742849407,41370.1586,SQS
67e1c5d2771d074a42d8744e,1742849375,73370.96,1742849407,41370.96,SQS
67e1c5d2771d074a42d8744f,1742849375,73373.4171,1742849407,41373.4171,SQS
67e1c5d2771d074a42d87450,1742849375,73409.5019,1742849407,41409.5019,SQS
67e1c5d2771d074a42d87451,1742849375,73411.0252,1742849407,41411.0252,SQS
67e1c5d2771d074a42d87452,1742849375,73413.0807,1742849407,41413.0807,SQS
67e1c5d2771d074a42d87453,1742849375,73437.6856,1742849407,41437.6856,SQS
67e1c5d2771d074a42d87454,1742849375,73438.4588,1742849407,41438.4588,SQS
67e1c5d2771d074a42d87455,1742849375,73440.7429,1742849407,41440.7429,SQS
67e1c5d2771d074a42d87456,1742849375,73443.076,1742849407,41443.076,SQS
67e1c5d2771d074a42d87457,1742849375,73442.3372,1742849407,41442.3372,SQS
67e1c5d2771d074a42d87458,1742849375,73469.4295,1742849407,41469.4295,SQS
67e1c5d2771d074a42d87459,1742849375,73500.6068,1742849407,41500.6068,SQS
67e1c5d2771d074a42d8745a,1742849375,73501.8114,1742849407,41501.8114,SQS
67e1c5d2771d074a42d8745b,1742849375,73512.6153,1742849407,41512.6153,SQS
67e1c5d2771d074a42d8745c,1742849375,73513.4841,1742849407,41513.4841,SQS
67e1c5d2771d074a42d8745d,1742849375,73517.1462,1742849407,41517.1462,SQS
67e1c5d2771d074a42d8745e,1742849375,73515.9915,1742849407,41515.9915,SQS
67e1c5d2771d074a42d8745f,1742849375,73520.5954,1742849407,41520.5954,SQS
67e1c5d2771d074a42d87460,1742849375,73522.2816,1742849407,41522.2816,SQS
67e1c5d2771d074a42d87461,1742849375,73523.133,1742849407,41523.133,SQS
67e1c5d2771d074a42d87462,1742849375,73525.688,1742849407,41525.688,SQS
67e1c5d2771d074a42d87463,1742849375,73526.5614,1742849407,41526.5614,SQS
67e1c5d2771d074a42d87464,1742849375,73408.7349,1742849407,41408.7349,SQS
67e1c5d2771d074a42d87465,1742849375,73529.9169,1742849407,41529.9169,SQS
67e1c5d2771d074a42d87466,1742849375,73530.7758,1742849407,41530.7758,SQS
67e1c5d2771d074a42d87467,1742849375,73533.2395,1742849407,41533.2395,SQS
67e1c5d2771d074a42d87468,1742849375,73534.0959,1742849407,41534.0959,SQS
67e1c5d2771d074a42d87469,1742849375,73536.7149,1742849407,41536.7149,SQS
67e1c5d2771d074a42d8746a,1742849375,73537.5948,1742849407,41537.5948,SQS
67e1c5d2771d074a42d8746b,1742849375,73414.9371,1742849407,41414.9371,SQS
67e1c5d2771d074a42d8746c,1742849375,73540.8076,1742849407,41540.8076,SQS
67e1c5d2771d074a42d8746d,1742849375,73564.8541,1742849407,41564.8541,SQS
67e1c5d2771d074a42d8746e,1742849375,73565.9464,1742849407,41565.9464,SQS
67e1c5d2771d074a42d8746f,1742849375,73568.4508,1742849407,41568.4508,SQS
67e1c5d2771d074a42d87470,1742849375,73569.418,1742849407,41569.418,SQS
67e1c5d2771d074a42d87471,1742849375,73571.9051,1742849407,41571.9051,SQS
67e1c5d2771d074a42d87472,1742849375,73572.8555,1742849407,41572.8555,SQS
67e1c5d2771d074a42d87473,1742849375,73563.9118,1742849407,41563.9118,SQS
67e1c5d2771d074a42d87474,1742849375,73576.2537,1742849407,41576.2537,SQS
67e1c5d2771d074a42d87475,1742849375,73577.253,1742849407,41577.253,SQS
67e1c5d2771d074a42d87476,1742849375,73561.7883,1742849407,41561.7883,SQS
67e1c5d2771d074a42d87477,1742849375,73579.8455,1742849407,41579.8455,SQS
67e1c5d2771d074a42d87478,1742849375,73330.9194,1742849407,41330.9194,SQS
67e1c5d2771d074a42d87479,1742849375,73584.6731,1742849407,41584.6731,SQS
67e1c5d2771d074a42d8747a,1742849375,73583.2712,1742849407,41583.2712,SQS
67e1c5d2771d074a42d8747b,1742849375,73209.3363,1742849407,41209.3363,SQS
67e1c5d2771d074a42d8747c,1742849375,73210.2338,1742849407,41210.2338,SQS
67e1c5d2771d074a42d8747d,1742849375,73624.5809,1742849407,41624.5809,SQS
67e1c5d2771d074a42d8747e,1742849375,73626.6495,1742849407,41626.6495,SQS
67e1c5d2771d074a42d8747f,1742849375,73716.4527,1742849407,41716.4527,SQS
67e1c5d2771d074a42d87480,1742849375,73655.5806,1742849407,41655.5806,SQS
67e1c5d2771d074a42d87481,1742849375,73747.4691,1742849407,41747.4691,SQS
67e1c5d2771d074a42d87482,1742849375,73842.1413,1742849407,41842.1413,SQS
67e1c5d2771d074a42d87483,1742849375,73871.5616,1742849407,41871.5616,SQS
67e1c5d2771d074a42d87484,1742849375,73873.4923,1742849407,41873.4923,SQS
67e1c5d2771d074a42d87485,1742849375,73875.678,1742849407,41875.678,SQS
67e1c5d2771d074a42d87486,1742849375,73877.4558,1742849407,41877.4558,SQS
67e1c5d2771d074a42d87487,1742849375,73883.8875,1742849407,41883.8875,SQS
67e1c5d2771d074a42d87488,1742849375,73882.1849,1742849407,41882.1849,SQS
67e1c5d2771d074a42d87489,1742849375,73949.7341,1742849407,41949.7341,SQS
67e1c5d2771d074a42d8748a,1742849375,73917.8914,1742849407,41917.8914,SQS
67e1c5d2771d074a42d8748b,1742849375,73948.9037,1742849407,41948.9037,SQS
67e1c5d2771d074a42d8748c,1742849375,73954.6441,1742849407,41954.6441,SQS
67e1c5d2771d074a42d8748d,1742849375,73955.3825,1742849407,41955.3825,SQS
67e1c5d2771d074a42d8748e,1742849375,73951.292,1742849407,41951.292,SQS
67e1c5d2771d074a42d8748f,1742849375,73952.2778,1742849407,41952.2778,SQS
67e1c5d2771d074a42d87490,1742849375,73959.2202,1742849407,41959.2202,SQS
67e1c5d2771d074a42d87491,1742849375,73960.0318,1742849407,41960.0318,SQS
67e1c5d2771d074a42d87492,1742849375,73962.3689,1742849407,41962.3689,SQS
67e1c5d2771d074a42d87493,1742849375,73963.1339,1742849407,41963.1339,SQS
67e1c5d2771d074a42d87494,1742849375,73965.4199,1742849407,41965.4199,SQS
67e1c5d2771d074a42d87495,1742849375,73967.1726,1742849407,41967.1726,SQS
67e1c5d2771d074a42d87496,1742849375,73967.9451,1742849407,41967.9451,SQS
67e1c5d2771d074a42d87497,1742849375,73971.0896,1742849407,41971.0896,SQS
67e1c5d2771d074a42d87498,1742849375,73996.4331,1742849407,41996.4331,SQS
67e1c5d2771d074a42d87499,1742849375,74027.5728,1742849407,42027.5728,SQS
67e1c5d2771d074a42d8749a,1742849375,74058.4388,1742849407,42058.4388,SQS
67e1c5d2771d074a42d8749b,1742849375,74060.628,1742849407,42060.628,SQS
67e1c5d2771d074a42d8749c,1742849375,74062.4424,1742849407,42062.4424,SQS
67e1c5d2771d074a42d8749d,1742849375,74063.9994,1742849407,42063.9994,SQS
67e1c5d2771d074a42d8749e,1742849375,74065.6452,1742849407,42065.6452,SQS
67e1c5d2771d074a42d8749f,1742849375,74089.7115,1742849407,42089.7115,SQS
67e1c5d2771d074a42d874a0,1742849375,74120.8314,1742849407,42120.8314,SQS
67e1c5d2771d074a42d874a1,1742849375,74150.5281,1742849407,42150.5281,SQS
67e1c5d2771d074a42d874a2,1742849375,74153.2126,1742849407,42153.2126,SQS
67e1c5d2771d074a42d874a3,1742849375,74182.9706,1742849407,42182.9706,SQS
67e1c5d2771d074a42d874a4,1742849375,74184.9416,1742849407,42184.9416,SQS
67e1c5d2771d074a42d874a5,1742849375,74212.3935,1742849407,42212.3935,SQS
67e1c5d2771d074a42d874a6,1742849375,74243.4412,1742849407,42243.4412,SQS
67e1c5d2771d074a42d874a7,1742849375,74215.2154,1742849407,42215.2154,SQS
67e1c5d2771d074a42d874a8,1742849375,74276.6532,1742849407,42276.6532,SQS
67e1c5d2771d074a42d874a9,1742849375,74306.4574,1742849407,42306.4574,SQS
67e1c5d2771d074a42d874aa,1742849375,74337.7671,1742849407,42337.7671,SQS
67e1c5d2771d074a42d874ab,1742849375,74368.4133,1742849407,42368.4133,SQS
67e1c5d2771d074a42d874ac,1742849375,74398.611,1742849407,42398.611,SQS
67e1c5d2771d074a42d874ad,1742849375,74433.8438,1742849407,42433.8438,SQS
67e1c5d2771d074a42d874ae,1742849375,74435.0326,1742849407,42435.0326,SQS
67e1c5d2771d074a42d874af,1742849375,74437.8208,1742849407,42437.8208,SQS
67e1c5d2771d074a42d874b0,1742849375,74438.7353,1742849407,42438.7353,SQS
67e1c5d2771d074a42d874b1,1742849375,74463.5145,1742849407,42463.5145,SQS
67e1c5d2771d074a42d874b2,1742849375,74464.4024,1742849407,42464.4024,SQS
67e1c5d2771d074a42d874b3,1742849375,74152.3671,1742849407,42152.3671,SQS
67e1c5d2771d074a42d874b4,1742849375,74523.6954,1742849407,42523.6954,SQS
67e1c5d2771d074a42d874b5,1742849375,74553.4706,1742849407,42553.4706,SQS
67e1c5d2771d074a42d874b6,1742849375,74588.1343,1742849407,42588.1343,SQS
67e1c5d2771d074a42d874b7,1742849375,74590.1092,1742849407,42590.1092,SQS
67e1c5d2771d074a42d874b8,1742849375,74591.7732,1742849407,42591.7732,SQS
67e1c5d2771d074a42d874b9,1742849375,74615.4352,1742849407,42615.4352,SQS
67e1c5d2771d074a42d874ba,1742849375,74593.4044,1742849407,42593.4044,SQS
67e1c5d2771d074a42d874bb,1742849375,74618.2504,1742849407,42618.2504,SQS
67e1c5d2771d074a42d874bc,1742849375,74677.6372,1742849407,42677.6372,SQS
67e1c5d2771d074a42d874bd,1742849375,74646.527,1742849407,42646.527,SQS
67e1c5d2771d074a42d874be,1742849375,74647.29,1742849407,42647.29,SQS
67e1c5d2771d074a42d874bf,1742849375,74709.68,1742849407,42709.68,SQS
67e1c5d2771d074a42d874c0,1742849375,74584.8305,1742849407,42584.8305,SQS
67e1c5d2771d074a42d874c1,1742849375,74772.3449,1742849407,42772.3449,SQS
67e1c5d2771d074a42d874c2,1742849375,74832.0965,1742849407,42832.0965,SQS
67e1c5d2771d074a42d874c3,1742849375,74777.3702,1742849407,42777.3702,SQS
67e1c5d2771d074a42d874c4,1742849375,74801.6494,1742849407,42801.6494,SQS
67e1c5d2771d074a42d874c5,1742849375,74864.6969,1742849407,42864.6969,SQS
67e1c5d2771d074a42d874c6,1742849375,74956.9617,1742849407,42956.9617,SQS
67e1c5d2771d074a42d874c7,1742849375,74957.7781,1742849407,42957.7781,SQS
67e1c5d2771d074a42d874c8,1742849375,74958.6244,1742849407,42958.6244,SQS
67e1c5d2771d074a42d874c9,1742849375,74961.7559,1742849407,42961.7559,SQS
67e1c5d2771d074a42d874ca,1742849375,74956.0593,1742849407,42956.0593,SQS
67e1c5d2771d074a42d874cc,1742849375,74987.9762,1742849407,42987.9762,SQS
67e1c5d2771d074a42d874d5,1742849375,75080.7537,1742849407,43080.7537,SQS
67e1c5d2771d074a42d874d6,1742849375,75081.5739,1742849407,43081.5739,SQS
67e1c5d2771d074a42d874d7,1742849375,74741.8813,1742849407,42741.8813,SQS
67e1c5d2771d074a42d874d8,1742849375,75084.5508,1742849407,43084.5508,SQS
67e1c5d2771d074a42d874d9,1742849375,75088.3468,1742849407,43088.3468,SQS
67e1c5d2771d074a42d874da,1742849375,75087.5426,1742849407,43087.5426,SQS
67e1c5d3771d074a42d874e6,1742849375,74740.2135,1742849407,42740.2135,SQS
67e1c5d3771d074a42d874e7,1742849375,75109.945,1742849407,43109.945,SQS
67e1c5d3771d074a42d874e8,1742849375,75112.4771,1742849407,43112.4771,SQS
67e1c5d3771d074a42d874e9,1742849375,75113.2312,1742849407,43113.2312,SQS
67e1c5d3771d074a42d874ea,1742849375,75115.4907,1742849407,43115.4907,SQS
67e1c5d3771d074a42d874eb,1742849375,75116.2981,1742849407,43116.2981,SQS
67e1c5d3771d074a42d874ec,1742849375,75118.6834,1742849407,43118.6834,SQS
67e1c5d3771d074a42d874ed,1742849375,75119.4191,1742849407,43119.4191,SQS
67e1c5d3771d074a42d874ee,1742849375,75121.6529,1742849407,43121.6529,SQS
67e1c5d3771d074a42d874ef,1742849375,75122.3994,1742849407,43122.3994,SQS
67e1c5d3771d074a42d874f0,1742849375,75124.6299,1742849407,43124.6299,SQS
67e1c5d3771d074a42d874f1,1742849375,75125.3689,1742849407,43125.3689,SQS
67e1c5d3771d074a42d874f2,1742849375,74028.4244,1742849407,42028.4244,SQS
67e1c5d3771d074a42d874f3,1742849375,75127.7087,1742849407,43127.7087,SQS
67e1c5d3771d074a42d874f4,1742849375,75130.0627,1742849407,43130.0627,SQS
67e1c5d3771d074a42d874f5,1742849375,75130.8299,1742849407,43130.8299,SQS
67e1c5d3771d074a42d874f6,1742849375,75133.0109,1742849407,43133.0109,SQS
67e1c5d3771d074a42d874f8,1742849375,75157.5933,1742849407,43157.5933,SQS
67e1c5d3771d074a42d8750c,1742849375,75136.1329,1742849407,43136.1329,SQS
67e1c5d3771d074a42d875a8,1742849375,76617.4846,1742849407,44617.4846,SQS
67e1c5d5771d074a42d87dfc,1742849375,93529.6842,1742849407,61529.6842,SQS
67e1c5d5771d074a42d87dfd,1742849375,93555.8356,1742849407,61555.8356,SQS
67e1c5d5771d074a42d87dff,1742849375,93554.9476,1742849407,61554.9476,SQS
67e1c5d2771d074a42d873a6,1742849375,71552.3668,1742849406,40552.3668,SQS
67e1c5d2771d074a42d873a7,1742849375,71553.5248,1742849406,40553.5248,SQS
67e1c5d2771d074a42d873aa,1742849375,71641.5192,1742849406,40641.5192,SQS
67e1c5d2771d074a42d873ab,1742849375,71642.325,1742849406,40642.325,SQS
67e1c5d2771d074a42d873ac,1742849375,71640.8043,1742849406,40640.8043,SQS
67e1c5d2771d074a42d873ad,1742849375,71644.6746,1742849406,40644.6746,SQS
67e1c5d2771d074a42d873ae,1742849375,71672.5292,1742849406,40672.5292,SQS
67e1c5d2771d074a42d873af,1742849375,71732.0041,1742849406,40732.0041,SQS
67e1c5d2771d074a42d873b0,1742849375,71735.511,1742849406,40735.511,SQS
67e1c5d2771d074a42d873b1,1742849375,71737.2044,1742849406,40737.2044,SQS
67e1c5d2771d074a42d873b2,1742849375,71739.5746,1742849406,40739.5746,SQS
67e1c5d2771d074a42d873b3,1742849375,71740.44,1742849406,40740.44,SQS
67e1c5d2771d074a42d873b4,1742849375,71736.4274,1742849406,40736.4274,SQS
67e1c5d2771d074a42d873b5,1742849375,71742.7839,1742849406,40742.7839,SQS
67e1c5d2771d074a42d873b6,1742849375,71734.6997,1742849406,40734.6997,SQS
67e1c5d2771d074a42d873b7,1742849375,71745.2237,1742849406,40745.2237,SQS
67e1c5d2771d074a42d873b8,1742849375,71778.7263,1742849406,40778.7263,SQS
67e1c5d2771d074a42d873b9,1742849375,71747.84,1742849406,40747.84,SQS
67e1c5d2771d074a42d873ba,1742849375,71809.796,1742849406,40809.796,SQS
67e1c5d2771d074a42d873bb,1742849375,71609.0269,1742849406,40609.0269,SQS
67e1c5d2771d074a42d873bc,1742849375,71872.5208,1742849406,40872.5208,SQS
67e1c5d2771d074a42d873bd,1742849375,71873.4457,1742849406,40873.4457,SQS
67e1c5d2771d074a42d873be,1742849375,71875.2682,1742849406,40875.2682,SQS
67e1c5d2771d074a42d873bf,1742849375,71878.0636,1742849406,40878.0636,SQS
67e1c5d2771d074a42d873c0,1742849375,71879.0282,1742849406,40879.0282,SQS
67e1c5d2771d074a42d873c1,1742849375,71841.0354,1742849406,40841.0354,SQS
67e1c5d2771d074a42d873c2,1742849375,71905.6935,1742849406,40905.6935,SQS
67e1c5d2771d074a42d873c3,1742849375,71965.2822,1742849406,40965.2822,SQS
67e1c5d2771d074a42d873c4,1742849375,71967.1705,1742849406,40967.1705,SQS
67e1c5d2771d074a42d873c5,1742849375,71968.7681,1742849406,40968.7681,SQS
67e1c5d2771d074a42d873c6,1742849375,71997.411,1742849406,40997.411,SQS
67e1c5d2771d074a42d873c7,1742849375,71934.0651,1742849406,40934.0651,SQS
67e1c5d2771d074a42d873c8,1742849375,72059.8477,1742849406,41059.8477,SQS
67e1c5d2771d074a42d873c9,1742849375,72060.6932,1742849406,41060.6932,SQS
67e1c5d2771d074a42d873ca,1742849375,72063.258,1742849406,41063.258,SQS
67e1c5d2771d074a42d873cb,1742849375,72089.0697,1742849406,41089.0697,SQS
67e1c5d2771d074a42d873cc,1742849375,72122.2801,1742849406,41122.2801,SQS
67e1c5d2771d074a42d873cd,1742849375,72028.5297,1742849406,41028.5297,SQS
67e1c5d2771d074a42d873ce,1742849375,72126.4473,1742849406,41126.4473,SQS
67e1c5d2771d074a42d873cf,1742849375,72127.2344,1742849406,41127.2344,SQS
67e1c5d2771d074a42d873d0,1742849375,72125.6245,1742849406,41125.6245,SQS
67e1c5d2771d074a42d873d1,1742849375,72135.6174,1742849406,41135.6174,SQS
67e1c5d2771d074a42d873d2,1742849375,72136.4365,1742849406,41136.4365,SQS
67e1c5d2771d074a42d873d3,1742849375,72123.9223,1742849406,41123.9223,SQS
67e1c5d2771d074a42d873d4,1742849375,72058.0588,1742849406,41058.0588,SQS
67e1c5d2771d074a42d873d5,1742849375,72058.9693,1742849406,41058.9693,SQS
67e1c5d2771d074a42d873d6,1742849375,72140.2811,1742849406,41140.2811,SQS
67e1c5d2771d074a42d873d7,1742849375,71907.4624,1742849406,40907.4624,SQS
67e1c5d2771d074a42d873d8,1742849375,72167.3639,1742849406,41167.3639,SQS
67e1c5d2771d074a42d873d9,1742849375,72168.1956,1742849406,41168.1956,SQS
67e1c5d2771d074a42d873da,1742849375,72170.5004,1742849406,41170.5004,SQS
67e1c5d2771d074a42d873db,1742849375,72171.3317,1742849406,41171.3317,SQS
67e1c5d2771d074a42d873dc,1742849375,72173.817,1742849406,41173.817,SQS
67e1c5d2771d074a42d873dd,1742849375,72175.4288,1742849406,41175.4288,SQS
67e1c5d2771d074a42d873de,1742849375,72178.6975,1742849406,41178.6975,SQS
67e1c5d2771d074a42d873df,1742849375,72179.502,1742849406,41179.502,SQS
67e1c5d2771d074a42d873e0,1742849375,72177.9137,1742849406,41177.9137,SQS
67e1c5d2771d074a42d873e1,1742849375,72243.9966,1742849406,41243.9966,SQS
67e1c5d2771d074a42d873e2,1742849375,72307.8602,1742849406,41307.8602,SQS
67e1c5d2771d074a42d873e3,1742849375,72306.5297,1742849406,41306.5297,SQS
67e1c5d2771d074a42d873e4,1742849375,72368.1348,1742849406,41368.1348,SQS
67e1c5d2771d074a42d873e5,1742849375,72369.1084,1742849406,41369.1084,SQS
67e1c5d2771d074a42d873e6,1742849375,72403.8789,1742849406,41403.8789,SQS
67e1c5d2771d074a42d873e7,1742849375,72430.3347,1742849406,41430.3347,SQS
67e1c5d2771d074a42d873e8,1742849375,72461.8828,1742849406,41461.8828,SQS
67e1c5d2771d074a42d873e9,1742849375,72462.7249,1742849406,41462.7249,SQS
67e1c5d2771d074a42d873ea,1742849375,72463.63,1742849406,41463.63,SQS
67e1c5d2771d074a42d873eb,1742849375,72402.9457,1742849406,41402.9457,SQS
67e1c5d2771d074a42d873ec,1742849375,72467.2506,1742849406,41467.2506,SQS
67e1c5d2771d074a42d873ed,1742849375,72470.2813,1742849406,41470.2813,SQS
67e1c5d2771d074a42d873ee,1742849375,72494.1454,1742849406,41494.1454,SQS
67e1c5d2771d074a42d873ef,1742849375,72495.6263,1742849406,41495.6263,SQS
67e1c5d2771d074a42d873f0,1742849375,72539.8369,1742849406,41539.8369,SQS
67e1c5d2771d074a42d873f1,1742849375,72541.0489,1742849406,41541.0489,SQS
67e1c5d2771d074a42d873f2,1742849375,72602.1446,1742849406,41602.1446,SQS
67e1c5d2771d074a42d873f3,1742849375,72603.2085,1742849406,41603.2085,SQS
67e1c5d2771d074a42d873f4,1742849375,72538.67,1742849406,41538.67,SQS
67e1c5d2771d074a42d873f5,1742849375,72607.3316,1742849406,41607.3316,SQS
67e1c5d2771d074a42d873f6,1742849375,72608.306,1742849406,41608.306,SQS
67e1c5d2771d074a42d873f7,1742849375,72500.2706,1742849406,41500.2706,SQS
67e1c5d2771d074a42d873f8,1742849375,72611.0226,1742849406,41611.0226,SQS
67e1c5d2771d074a42d873f9,1742849375,72501.7321,1742849406,41501.7321,SQS
67e1c5d2771d074a42d873fa,1742849375,72613.7749,1742849406,41613.7749,SQS
67e1c5d2771d074a42d873fb,1742849375,72616.6164,1742849406,41616.6164,SQS
67e1c5d2771d074a42d873fc,1742849375,72617.6245,1742849406,41617.6245,SQS
67e1c5d2771d074a42d873fd,1742849375,72620.3429,1742849406,41620.3429,SQS
67e1c5d2771d074a42d873fe,1742849375,72621.2776,1742849406,41621.2776,SQS
67e1c5d2771d074a42d873ff,1742849375,72337.0691,1742849406,41337.0691,SQS
67e1c5d2771d074a42d87400,1742849375,72176.2489,1742849406,41176.2489,SQS
67e1c5d2771d074a42d87401,1742849375,72647.1328,1742849406,41647.1328,SQS
67e1c5d2771d074a42d87402,1742849375,72650.018,1742849406,41650.018,SQS
67e1c5d2771d074a42d87405,1742849375,72653.6116,1742849406,41653.6116,SQS
67e1c5d2771d074a42d87406,1742849375,72680.9928,1742849406,41680.9928,SQS
67e1c5d2771d074a42d87408,1742849375,72776.4318,1742849406,41776.4318,SQS
67e1c5d2771d074a42d87409,1742849375,72802.0419,1742849406,41802.0419,SQS
67e1c5d2771d074a42d8740a,1742849375,72777.1344,1742849406,41777.1344,SQS
67e1c5d2771d074a42d8740b,1742849375,72864.7679,1742849406,41864.7679,SQS
67e1c5d2771d074a42d8740c,1742849375,72925.8412,1742849406,41925.8412,SQS
67e1c5d2771d074a42d8740d,1742849375,72927.4817,1742849406,41927.4817,SQS
67e1c5d2771d074a42d8740e,1742849375,72928.2983,1742849406,41928.2983,SQS
67e1c5d2771d074a42d8740f,1742849375,72897.0815,1742849406,41897.0815,SQS
67e1c5d2771d074a42d87410,1742849375,72931.3793,1742849406,41931.3793,SQS
67e1c5d2771d074a42d87411,1742849375,72932.9526,1742849406,41932.9526,SQS
67e1c5d2771d074a42d87412,1742849375,72933.7322,1742849406,41933.7322,SQS
67e1c5d2771d074a42d87413,1742849375,72936.9501,1742849406,41936.9501,SQS
67e1c5d2771d074a42d87414,1742849375,72936.1776,1742849406,41936.1776,SQS
67e1c5d2771d074a42d87415,1742849375,72775.6927,1742849406,41775.6927,SQS
67e1c5d2771d074a42d87416,1742849375,72940.1244,1742849406,41940.1244,SQS
67e1c5d2771d074a42d87417,1742849375,72940.9091,1742849406,41940.9091,SQS
67e1c5d2771d074a42d87418,1742849375,72944.4664,1742849406,41944.4664,SQS
67e1c5d2771d074a42d87419,1742849375,72945.2468,1742849406,41945.2468,SQS
67e1c5d2771d074a42d8741a,1742849375,72947.5189,1742849406,41947.5189,SQS
67e1c5d2771d074a42d8741b,1742849375,72949.1937,1742849406,41949.1937,SQS
67e1c5d2771d074a42d8741c,1742849375,72950.0018,1742849406,41950.0018,SQS
67e1c5d2771d074a42d8741d,1742849375,72943.6261,1742849406,41943.6261,SQS
67e1c5d2771d074a42d8741e,1742849375,72952.3077,1742849406,41952.3077,SQS
67e1c5d2771d074a42d8741f,1742849375,72954.697,1742849406,41954.697,SQS
67e1c5d2771d074a42d87420,1742849375,72955.5104,1742849406,41955.5104,SQS
67e1c5d2771d074a42d87421,1742849375,72958.008,1742849406,41958.008,SQS
67e1c5d2771d074a42d87422,1742849375,72958.891,1742849406,41958.891,SQS
67e1c5d2771d074a42d87423,1742849375,72961.3205,1742849406,41961.3205,SQS
67e1c5d2771d074a42d87424,1742849375,72962.1098,1742849406,41962.1098,SQS
67e1c5d2771d074a42d87425,1742849375,72964.4802,1742849406,41964.4802,SQS
67e1c5d2771d074a42d87426,1742849375,72965.3005,1742849406,41965.3005,SQS
67e1c5d2771d074a42d87427,1742849375,72967.783,1742849406,41967.783,SQS
67e1c5d2771d074a42d87428,1742849375,72968.6021,1742849406,41968.6021,SQS
67e1c5d2771d074a42d87429,1742849375,73005.6424,1742849406,42005.6424,SQS
67e1c5d2771d074a42d8742a,1742849375,73034.4713,1742849406,42034.4713,SQS
67e1c5d2771d074a42d8742b,1742849375,73129.8107,1742849406,42129.8107,SQS
67e1c5d2771d074a42d8742c,1742849375,73130.7126,1742849406,42130.7126,SQS
67e1c5d2771d074a42d8742d,1742849375,73158.4523,1742849406,42158.4523,SQS
67e1c5d2771d074a42d8742e,1742849375,73159.4344,1742849406,42159.4344,SQS
67e1c5d2771d074a42d8742f,1742849375,73162.049,1742849406,42162.049,SQS
67e1c5d2771d074a42d87431,1742849375,73189.4521,1742849406,42189.4521,SQS
67e1c5d2771d074a42d87432,1742849375,73195.9072,1742849406,42195.9072,SQS
67e1c5d2771d074a42d87433,1742849375,73196.8403,1742849406,42196.8403,SQS
67e1c5d2771d074a42d87434,1742849375,73128.8843,1742849406,42128.8843,SQS
67e1c5d2771d074a42d87435,1742849375,73199.7099,1742849406,42199.7099,SQS
67e1c5d3771d074a42d874f7,1742849375,75133.8207,1742849406,44133.8207,SQS
67e1c5d3771d074a42d874f9,1742849375,73097.8429,1742849406,42097.8429,SQS
67e1c5d3771d074a42d8750d,1742849375,73127.6092,1742849406,42127.6092,SQS
67e1c5d3771d074a42d8759a,1742849375,75344.542,1742849406,44344.542,SQS
67e1c5d3771d074a42d875a6,1742849375,76613.4588,1742849406,45613.4588,SQS
67e1c5d3771d074a42d875a7,1742849375,76614.6286,1742849406,45614.6286,SQS
67e1c5d3771d074a42d87874,1742849375,72740.2343,1742849406,41740.2343,SQS
67e1c5d3771d074a42d87876,1742849375,71549.7544,1742849406,40549.7544,SQS
67e1c5d3771d074a42d87877,1742849375,82600.0667,1742849406,51600.0667,SQS
67e1c5d3771d074a42d87883,1742849375,82604.0115,1742849406,51604.0115,SQS
67e1c5d3771d074a42d87884,1742849375,82662.4839,1742849406,51662.4839,SQS
67e1c5d4771d074a42d87b3e,1742849375,82676.5951,1742849406,51676.5951,SQS
67e1c5d4771d074a42d87b40,1742849375,88192.1564,1742849406,57192.1564,SQS
67e1c5d4771d074a42d87b41,1742849375,88191.1027,1742849406,57191.1027,SQS
67e1c5d2771d074a42d872d9,1742849375,69674.1856,1742849405,39674.1856,SQS
67e1c5d2771d074a42d872da,1742849375,69674.9995,1742849405,39674.9995,SQS
67e1c5d2771d074a42d872dc,1742849375,69678.3576,1742849405,39678.3576,SQS
67e1c5d2771d074a42d872dd,1742849375,69680.1243,1742849405,39680.1243,SQS
67e1c5d2771d074a42d872de,1742849375,69702.2496,1742849405,39702.2496,SQS
67e1c5d2771d074a42d872df,1742849375,69736.2993,1742849405,39736.2993,SQS
67e1c5d2771d074a42d872e0,1742849375,69737.0851,1742849405,39737.0851,SQS
67e1c5d2771d074a42d872e1,1742849375,69735.5032,1742849405,39735.5032,SQS
67e1c5d2771d074a42d872e2,1742849375,69740.151,1742849405,39740.151,SQS
67e1c5d2771d074a42d872e3,1742849375,69740.8896,1742849405,39740.8896,SQS
67e1c5d2771d074a42d872e4,1742849375,69733.8555,1742849405,39733.8555,SQS
67e1c5d2771d074a42d872e5,1742849375,69743.1608,1742849405,39743.1608,SQS
67e1c5d2771d074a42d872e6,1742849375,69745.2558,1742849405,39745.2558,SQS
67e1c5d2771d074a42d872e7,1742849375,69746.0064,1742849405,39746.0064,SQS
67e1c5d2771d074a42d872e8,1742849375,69734.6939,1742849405,39734.6939,SQS
67e1c5d2771d074a42d872e9,1742849375,69779.5129,1742849405,39779.5129,SQS
67e1c5d2771d074a42d872ea,1742849375,69816.8015,1742849405,39816.8015,SQS
67e1c5d2771d074a42d872eb,1742849375,69819.0862,1742849405,39819.0862,SQS
67e1c5d2771d074a42d872ec,1742849375,69841.9673,1742849405,39841.9673,SQS
67e1c5d2771d074a42d872ed,1742849375,69842.7408,1742849405,39842.7408,SQS
67e1c5d2771d074a42d872ee,1742849375,69815.6637,1742849405,39815.6637,SQS
67e1c5d2771d074a42d872ef,1742849375,69846.4234,1742849405,39846.4234,SQS
67e1c5d2771d074a42d872f0,1742849375,69847.1357,1742849405,39847.1357,SQS
67e1c5d2771d074a42d872f1,1742849375,69849.305,1742849405,39849.305,SQS
67e1c5d2771d074a42d872f2,1742849375,69850.0397,1742849405,39850.0397,SQS
67e1c5d2771d074a42d872f3,1742849375,69852.1391,1742849405,39852.1391,SQS
67e1c5d2771d074a42d872f4,1742849375,69852.9053,1742849405,39852.9053,SQS
67e1c5d2771d074a42d872f5,1742849375,69854.3205,1742849405,39854.3205,SQS
67e1c5d2771d074a42d872f6,1742849375,69856.4825,1742849405,39856.4825,SQS
67e1c5d2771d074a42d872f7,1742849375,69857.2364,1742849405,39857.2364,SQS
67e1c5d2771d074a42d872f8,1742849375,69858.6705,1742849405,39858.6705,SQS
67e1c5d2771d074a42d872f9,1742849375,69862.046,1742849405,39862.046,SQS
67e1c5d2771d074a42d872fa,1742849375,69862.8442,1742849405,39862.8442,SQS
67e1c5d2771d074a42d872fb,1742849375,69861.2901,1742849405,39861.2901,SQS
67e1c5d2771d074a42d872fc,1742849375,69865.0247,1742849405,39865.0247,SQS
67e1c5d2771d074a42d872ff,1742849375,69845.7084,1742849405,39845.7084,SQS
67e1c5d2771d074a42d87302,1742849375,69908.8981,1742849405,39908.8981,SQS
67e1c5d2771d074a42d87303,1742849375,69910.6517,1742849405,39910.6517,SQS
67e1c5d2771d074a42d87304,1742849375,69935.1127,1742849405,39935.1127,SQS
67e1c5d2771d074a42d87305,1742849375,69936.7108,1742849405,39936.7108,SQS
67e1c5d2771d074a42d87306,1742849375,69966.862,1742849405,39966.862,SQS
67e1c5d2771d074a42d87307,1742849375,69996.5023,1742849405,39996.5023,SQS
67e1c5d2771d074a42d87308,1742849375,69998.5233,1742849405,39998.5233,SQS
67e1c5d2771d074a42d87309,1742849375,69997.4121,1742849405,39997.4121,SQS
67e1c5d2771d074a42d8730a,1742849375,70028.7121,1742849405,40028.7121,SQS
67e1c5d2771d074a42d8730b,1742849375,70031.153,1742849405,40031.153,SQS
67e1c5d2771d074a42d8730c,1742849375,70032.1173,1742849405,40032.1173,SQS
67e1c5d2771d074a42d8730d,1742849375,70029.5707,1742849405,40029.5707,SQS
67e1c5d2771d074a42d8730e,1742849375,70034.3829,1742849405,40034.3829,SQS
67e1c5d2771d074a42d8730f,1742849375,70059.9641,1742849405,40059.9641,SQS
67e1c5d2771d074a42d87310,1742849375,70060.7763,1742849405,40060.7763,SQS
67e1c5d2771d074a42d87311,1742849375,70063.0016,1742849405,40063.0016,SQS
67e1c5d2771d074a42d87312,1742849375,70064.0067,1742849405,40064.0067,SQS
67e1c5d2771d074a42d87313,1742849375,70065.0365,1742849405,40065.0365,SQS
67e1c5d2771d074a42d87314,1742849375,70090.7044,1742849405,40090.7044,SQS
67e1c5d2771d074a42d87315,1742849375,70091.4855,1742849405,40091.4855,SQS
67e1c5d2771d074a42d87316,1742849375,70093.8031,1742849405,40093.8031,SQS
67e1c5d2771d074a42d87317,1742849375,70094.575,1742849405,40094.575,SQS
67e1c5d2771d074a42d87318,1742849375,70096.981,1742849405,40096.981,SQS
67e1c5d2771d074a42d87319,1742849375,70097.7335,1742849405,40097.7335,SQS
67e1c5d2771d074a42d8731a,1742849375,69908.0773,1742849405,39908.0773,SQS
67e1c5d2771d074a42d8731b,1742849375,70103.914,1742849405,40103.914,SQS
67e1c5d2771d074a42d8731c,1742849375,70104.7709,1742849405,40104.7709,SQS
67e1c5d2771d074a42d8731d,1742849375,70107.097,1742849405,40107.097,SQS
67e1c5d2771d074a42d8731e,1742849375,70107.8776,1742849405,40107.8776,SQS
67e1c5d2771d074a42d8731f,1742849375,70110.4681,1742849405,40110.4681,SQS
67e1c5d2771d074a42d87320,1742849375,70111.2829,1742849405,40111.2829,SQS
67e1c5d2771d074a42d87321,1742849375,70118.0732,1742849405,40118.0732,SQS
67e1c5d2771d074a42d87322,1742849375,70118.8638,1742849405,40118.8638,SQS
67e1c5d2771d074a42d87323,1742849375,70121.4762,1742849405,40121.4762,SQS
67e1c5d2771d074a42d87324,1742849375,70122.3574,1742849405,40122.3574,SQS
67e1c5d2771d074a42d87325,1742849375,70103.1094,1742849405,40103.1094,SQS
67e1c5d2771d074a42d87326,1742849375,70124.7916,1742849405,40124.7916,SQS
67e1c5d2771d074a42d87327,1742849375,70127.2795,1742849405,40127.2795,SQS
67e1c5d2771d074a42d87328,1742849375,70128.1816,1742849405,40128.1816,SQS
67e1c5d2771d074a42d8732a,1742849375,70130.392,1742849405,40130.392,SQS
67e1c5d2771d074a42d8732d,1742849375,70135.2695,1742849405,40135.2695,SQS
67e1c5d2771d074a42d87332,1742849375,70203.9543,1742849405,40203.9543,SQS
67e1c5d2771d074a42d87335,1742849375,70229.9229,1742849405,40229.9229,SQS
67e1c5d2771d074a42d87336,1742849375,70233.5695,1742849405,40233.5695,SQS
67e1c5d2771d074a42d87337,1742849375,70234.4433,1742849405,40234.4433,SQS
67e1c5d2771d074a42d87338,1742849375,70232.7376,1742849405,40232.7376,SQS
67e1c5d2771d074a42d87339,1742849375,70237.0717,1742849405,40237.0717,SQS
67e1c5d2771d074a42d8733a,1742849375,70231.875,1742849405,40231.875,SQS
67e1c5d2771d074a42d8733b,1742849375,70239.8417,1742849405,40239.8417,SQS
67e1c5d2771d074a42d8733c,1742849375,70242.2967,1742849405,40242.2967,SQS
67e1c5d2771d074a42d8733d,1742849375,70243.0533,1742849405,40243.0533,SQS
67e1c5d2771d074a42d8733f,1742849375,70338.0847,1742849405,40338.0847,SQS
67e1c5d2771d074a42d87340,1742849375,70339.7577,1742849405,40339.7577,SQS
67e1c5d2771d074a42d87341,1742849375,70341.4547,1742849405,40341.4547,SQS
67e1c5d2771d074a42d87342,1742849375,70343.1194,1742849405,40343.1194,SQS
67e1c5d2771d074a42d87343,1742849375,70343.9632,1742849405,40343.9632,SQS
67e1c5d2771d074a42d87344,1742849375,70276.3291,1742849405,40276.3291,SQS
67e1c5d2771d074a42d87345,1742849375,70370.7951,1742849405,40370.7951,SQS
67e1c5d2771d074a42d87346,1742849375,70369.9675,1742849405,40369.9675,SQS
67e1c5d2771d074a42d87347,1742849375,70373.3531,1742849405,40373.3531,SQS
67e1c5d2771d074a42d87348,1742849375,70402.9246,1742849405,40402.9246,SQS
67e1c5d2771d074a42d87349,1742849375,70403.764,1742849405,40403.764,SQS
67e1c5d2771d074a42d8734a,1742849375,70402.1068,1742849405,40402.1068,SQS
67e1c5d2771d074a42d8734b,1742849375,70406.3472,1742849405,40406.3472,SQS
67e1c5d2771d074a42d8734c,1742849375,70409.0667,1742849405,40409.0667,SQS
67e1c5d2771d074a42d8734d,1742849375,70411.2947,1742849405,40411.2947,SQS
67e1c5d2771d074a42d8734e,1742849375,70412.1122,1742849405,40412.1122,SQS
67e1c5d2771d074a42d8734f,1742849375,70414.5705,1742849405,40414.5705,SQS
67e1c5d2771d074a42d87350,1742849375,70417.2928,1742849405,40417.2928,SQS
67e1c5d2771d074a42d87351,1742849375,70419.3062,1742849405,40419.3062,SQS
67e1c5d2771d074a42d87352,1742849375,70420.8708,1742849405,40420.8708,SQS
67e1c5d2771d074a42d87353,1742849375,70421.654,1742849405,40421.654,SQS
67e1c5d2771d074a42d87354,1742849375,70424.1333,1742849405,40424.1333,SQS
67e1c5d2771d074a42d87355,1742849375,70416.4518,1742849405,40416.4518,SQS
67e1c5d2771d074a42d87356,1742849375,70426.6055,1742849405,40426.6055,SQS
67e1c5d2771d074a42d87357,1742849375,70427.4102,1742849405,40427.4102,SQS
67e1c5d2771d074a42d87358,1742849375,70429.8864,1742849405,40429.8864,SQS
67e1c5d2771d074a42d87359,1742849375,70430.7257,1742849405,40430.7257,SQS
67e1c5d2771d074a42d8735a,1742849375,70401.139,1742849405,40401.139,SQS
67e1c5d2771d074a42d8735b,1742849375,70433.1382,1742849405,40433.1382,SQS
67e1c5d2771d074a42d8735c,1742849375,70463.6009,1742849405,40463.6009,SQS
67e1c5d2771d074a42d8735d,1742849375,70400.2038,1742849405,40400.2038,SQS
67e1c5d2771d074a42d8735f,1742849375,70526.266,1742849405,40526.266,SQS
67e1c5d2771d074a42d87360,1742849375,70527.6353,1742849405,40527.6353,SQS
67e1c5d2771d074a42d87361,1742849375,70554.167,1742849405,40554.167,SQS
67e1c5d2771d074a42d87362,1742849375,70555.2476,1742849405,40555.2476,SQS
67e1c5d2771d074a42d87363,1742849375,70584.9641,1742849405,40584.9641,SQS
67e1c5d2771d074a42d87364,1742849375,70619.6779,1742849405,40619.6779,SQS
67e1c5d2771d074a42d87365,1742849375,70620.8336,1742849405,40620.8336,SQS
67e1c5d2771d074a42d87366,1742849375,70618.6243,1742849405,40618.6243,SQS
67e1c5d2771d074a42d87367,1742849375,70646.8824,1742849405,40646.8824,SQS
67e1c5d2771d074a42d87368,1742849375,70647.7838,1742849405,40647.7838,SQS
67e1c5d2771d074a42d87369,1742849375,70650.3421,1742849405,40650.3421,SQS
67e1c5d2771d074a42d8736a,1742849375,70651.1744,1742849405,40651.1744,SQS
67e1c5d2771d074a42d8736b,1742849375,70615.9027,1742849405,40615.9027,SQS
67e1c5d2771d074a42d8736c,1742849375,70653.6251,1742849405,40653.6251,SQS
67e1c5d2771d074a42d8736d,1742849375,70656.1124,1742849405,40656.1124,SQS
67e1c5d2771d074a42d8736e,1742849375,70656.9947,1742849405,40656.9947,SQS
67e1c5d2771d074a42d8736f,1742849375,70659.5867,1742849405,40659.5867,SQS
67e1c5d2771d074a42d87370,1742849375,70660.4313,1742849405,40660.4313,SQS
67e1c5d2771d074a42d87371,1742849375,70663.064,1742849405,40663.064,SQS
67e1c5d2771d074a42d87372,1742849375,70663.9687,1742849405,40663.9687,SQS
67e1c5d2771d074a42d87375,1742849375,70724.3456,1742849405,40724.3456,SQS
67e1c5d2771d074a42d87376,1742849375,70755.319,1742849405,40755.319,SQS
67e1c5d2771d074a42d87377,1742849375,70727.2208,1742849405,40727.2208,SQS
67e1c5d2771d074a42d87378,1742849375,70758.0166,1742849405,40758.0166,SQS
67e1c5d2771d074a42d87379,1742849375,70787.8888,1742849405,40787.8888,SQS
67e1c5d2771d074a42d8737a,1742849375,70789.8844,1742849405,40789.8844,SQS
67e1c5d2771d074a42d8737b,1742849375,70758.8309,1742849405,40758.8309,SQS
67e1c5d2771d074a42d8737c,1742849375,70793.0422,1742849405,40793.0422,SQS
67e1c5d2771d074a42d8737d,1742849375,70848.4578,1742849405,40848.4578,SQS
67e1c5d2771d074a42d8737e,1742849375,70849.3403,1742849405,40849.3403,SQS
67e1c5d2771d074a42d8737f,1742849375,70851.9585,1742849405,40851.9585,SQS
67e1c5d2771d074a42d87380,1742849375,70852.8443,1742849405,40852.8443,SQS
67e1c5d2771d074a42d87381,1742849375,70855.3765,1742849405,40855.3765,SQS
67e1c5d2771d074a42d87382,1742849375,70879.3425,1742849405,40879.3425,SQS
67e1c5d2771d074a42d87383,1742849375,70882.1033,1742849405,40882.1033,SQS
67e1c5d2771d074a42d87384,1742849375,70882.84,1742849405,40882.84,SQS
67e1c5d2771d074a42d87385,1742849375,70885.5088,1742849405,40885.5088,SQS
67e1c5d2771d074a42d87386,1742849375,70886.6492,1742849405,40886.6492,SQS
67e1c5d2771d074a42d87387,1742849375,70887.7185,1742849405,40887.7185,SQS
67e1c5d2771d074a42d87389,1742849375,70926.7794,1742849405,40926.7794,SQS
67e1c5d2771d074a42d8739e,1742849375,71331.6835,1742849405,41331.6835,SQS
67e1c5d2771d074a42d8739f,1742849375,71332.717,1742849405,41332.717,SQS
67e1c5d2771d074a42d873a0,1742849375,71330.7436,1742849405,41330.7436,SQS
67e1c5d2771d074a42d873a1,1742849375,71335.9453,1742849405,41335.9453,SQS
67e1c5d2771d074a42d873a2,1742849375,71329.575,1742849405,41329.575,SQS
67e1c5d2771d074a42d873a3,1742849375,71421.9667,1742849405,41421.9667,SQS
67e1c5d2771d074a42d873a4,1742849375,71454.2933,1742849405,41454.2933,SQS
67e1c5d2771d074a42d873a5,1742849375,71546.5868,1742849405,41546.5868,SQS
67e1c5d2771d074a42d873a8,1742849375,71548.3233,1742849405,41548.3233,SQS
67e1c5d2771d074a42d873a9,1742849375,71638.9877,1742849405,41638.9877,SQS
67e1c5d2771d074a42d87403,1742849375,72650.9548,1742849405,42650.9548,SQS
67e1c5d2771d074a42d87404,1742849375,72678.2119,1742849405,42678.2119,SQS
67e1c5d2771d074a42d87407,1742849375,72681.8647,1742849405,42681.8647,SQS
67e1c5d3771d074a42d87882,1742849375,82602.8518,1742849405,52602.8518,SQS
67e1c5d3771d074a42d87885,1742849375,82666.3783,1742849405,52666.3783,SQS
67e1c5d3771d074a42d87886,1742849375,71515.2283,1742849405,41515.2283,SQS
67e1c5d3771d074a42d87887,1742849375,82674.1739,1742849405,52674.1739,SQS
67e1c5d3771d074a42d87888,1742849375,82705.7568,1742849405,52705.7568,SQS
67e1c5d4771d074a42d87b42,1742849375,88224.305,1742849405,58224.305,SQS
67e1c5d5771d074a42d87dfb,1742849375,93528.7309,1742849405,63528.7309,SQS
67e1c5d2771d074a42d87232,1742849375,67888.4744,1742849404,38888.4744,SQS
67e1c5d2771d074a42d87233,1742849375,67919.7181,1742849404,38919.7181,SQS
67e1c5d2771d074a42d87234,1742849375,67923.3176,1742849404,38923.3176,SQS
67e1c5d2771d074a42d87235,1742849375,67925.4142,1742849404,38925.4142,SQS
67e1c5d2771d074a42d87236,1742849375,67950.4203,1742849404,38950.4203,SQS
67e1c5d2771d074a42d87239,1742849375,67982.929,1742849404,38982.929,SQS
67e1c5d2771d074a42d8723a,1742849375,67983.8982,1742849404,38983.8982,SQS
67e1c5d2771d074a42d8723b,1742849375,67987.2258,1742849404,38987.2258,SQS
67e1c5d2771d074a42d8723c,1742849375,67988.1253,1742849404,38988.1253,SQS
67e1c5d2771d074a42d8723d,1742849375,67991.0683,1742849404,38991.0683,SQS
67e1c5d2771d074a42d8723e,1742849375,67991.9091,1742849404,38991.9091,SQS
67e1c5d2771d074a42d8723f,1742849375,67993.2194,1742849404,38993.2194,SQS
67e1c5d2771d074a42d87240,1742849375,67996.6471,1742849404,38996.6471,SQS
67e1c5d2771d074a42d87241,1742849375,67998.7748,1742849404,38998.7748,SQS
67e1c5d2771d074a42d87242,1742849375,67997.737,1742849404,38997.737,SQS
67e1c5d2771d074a42d87246,1742849375,68028.057,1742849404,39028.057,SQS
67e1c5d2771d074a42d87247,1742849375,68028.9541,1742849404,39028.9541,SQS
67e1c5d2771d074a42d87249,1742849375,68032.1722,1742849404,39032.1722,SQS
67e1c5d2771d074a42d8724c,1742849375,68059.8448,1742849404,39059.8448,SQS
67e1c5d2771d074a42d8724d,1742849375,68061.5893,1742849404,39061.5893,SQS
67e1c5d2771d074a42d8724e,1742849375,68060.784,1742849404,39060.784,SQS
67e1c5d2771d074a42d8724f,1742849375,68064.6599,1742849404,39064.6599,SQS
67e1c5d2771d074a42d87250,1742849375,68065.5491,1742849404,39065.5491,SQS
67e1c5d2771d074a42d87251,1742849375,68067.7973,1742849404,39067.7973,SQS
67e1c5d2771d074a42d87252,1742849375,68068.5779,1742849404,39068.5779,SQS
67e1c5d2771d074a42d87253,1742849375,68106.8029,1742849404,39106.8029,SQS
67e1c5d2771d074a42d87254,1742849375,68107.6468,1742849404,39107.6468,SQS
67e1c5d2771d074a42d87255,1742849375,68110.4534,1742849404,39110.4534,SQS
67e1c5d2771d074a42d87259,1742849375,68200.2151,1742849404,39200.2151,SQS
67e1c5d2771d074a42d8725a,1742849375,68201.4647,1742849404,39201.4647,SQS
67e1c5d2771d074a42d8725b,1742849375,68203.987,1742849404,39203.987,SQS
67e1c5d2771d074a42d8725c,1742849375,68204.8316,1742849404,39204.8316,SQS
67e1c5d2771d074a42d8725d,1742849375,68207.336,1742849404,39207.336,SQS
67e1c5d2771d074a42d8725e,1742849375,68208.2108,1742849404,39208.2108,SQS
67e1c5d2771d074a42d8725f,1742849375,68199.2667,1742849404,39199.2667,SQS
67e1c5d2771d074a42d87260,1742849375,68198.216,1742849404,39198.216,SQS
67e1c5d2771d074a42d87261,1742849375,68245.8146,1742849404,39245.8146,SQS
67e1c5d2771d074a42d87263,1742849375,68248.2328,1742849404,39248.2328,SQS
67e1c5d2771d074a42d87264,1742849375,68307.2342,1742849404,39307.2342,SQS
67e1c5d2771d074a42d87265,1742849375,68310.1845,1742849404,39310.1845,SQS
67e1c5d2771d074a42d87266,1742849375,68316.4199,1742849404,39316.4199,SQS
67e1c5d2771d074a42d87267,1742849375,68315.4119,1742849404,39315.4119,SQS
67e1c5d2771d074a42d87268,1742849375,68354.1475,1742849404,39354.1475,SQS
67e1c5d2771d074a42d87269,1742849375,68355.7748,1742849404,39355.7748,SQS
67e1c5d2771d074a42d8726a,1742849375,68356.5831,1742849404,39356.5831,SQS
67e1c5d2771d074a42d8726b,1742849375,68385.7615,1742849404,39385.7615,SQS
67e1c5d2771d074a42d8726c,1742849375,68387.7178,1742849404,39387.7178,SQS
67e1c5d2771d074a42d8726d,1742849375,68416.3508,1742849404,39416.3508,SQS
67e1c5d2771d074a42d8726e,1742849375,68417.2354,1742849404,39417.2354,SQS
67e1c5d2771d074a42d8726f,1742849375,68447.3419,1742849404,39447.3419,SQS
67e1c5d2771d074a42d87270,1742849375,68477.5479,1742849404,39477.5479,SQS
67e1c5d2771d074a42d87271,1742849375,68509.0731,1742849404,39509.0731,SQS
67e1c5d2771d074a42d87272,1742849375,68539.1514,1742849404,39539.1514,SQS
67e1c5d2771d074a42d87273,1742849375,68570.263,1742849404,39570.263,SQS
67e1c5d2771d074a42d87274,1742849375,68602.484,1742849404,39602.484,SQS
67e1c5d2771d074a42d87275,1742849375,68601.2366,1742849404,39601.2366,SQS
67e1c5d2771d074a42d87276,1742849375,68633.1026,1742849404,39633.1026,SQS
67e1c5d2771d074a42d87277,1742849375,68635.5838,1742849404,39635.5838,SQS
67e1c5d2771d074a42d87278,1742849375,68636.3666,1742849404,39636.3666,SQS
67e1c5d2771d074a42d87279,1742849375,68638.7866,1742849404,39638.7866,SQS
67e1c5d2771d074a42d8727a,1742849375,68639.6611,1742849404,39639.6611,SQS
67e1c5d2771d074a42d8727b,1742849375,68667.2665,1742849404,39667.2665,SQS
67e1c5d2771d074a42d8727c,1742849375,68694.2939,1742849404,39694.2939,SQS
67e1c5d2771d074a42d8727d,1742849375,68695.6547,1742849404,39695.6547,SQS
67e1c5d2771d074a42d8727e,1742849375,68698.2814,1742849404,39698.2814,SQS
67e1c5d2771d074a42d8727f,1742849375,68701.0837,1742849404,39701.0837,SQS
67e1c5d2771d074a42d87280,1742849375,68699.8433,1742849404,39699.8433,SQS
67e1c5d2771d074a42d87281,1742849375,68703.8995,1742849404,39703.8995,SQS
67e1c5d2771d074a42d87282,1742849375,68706.9312,1742849404,39706.9312,SQS
67e1c5d2771d074a42d87283,1742849375,68742.4139,1742849404,39742.4139,SQS
67e1c5d2771d074a42d87284,1742849375,68704.8184,1742849404,39704.8184,SQS
67e1c5d2771d074a42d87285,1742849375,68745.6089,1742849404,39745.6089,SQS
67e1c5d2771d074a42d87286,1742849375,68746.3348,1742849404,39746.3348,SQS
67e1c5d2771d074a42d87287,1742849375,68749.3715,1742849404,39749.3715,SQS
67e1c5d2771d074a42d87288,1742849375,68750.1302,1742849404,39750.1302,SQS
67e1c5d2771d074a42d87289,1742849375,68748.6504,1742849404,39748.6504,SQS
67e1c5d2771d074a42d8728a,1742849375,68740.7522,1742849404,39740.7522,SQS
67e1c5d2771d074a42d8728b,1742849375,68666.352,1742849404,39666.352,SQS
67e1c5d2771d074a42d8728c,1742849375,68754.7952,1742849404,39754.7952,SQS
67e1c5d2771d074a42d8728d,1742849375,68755.5907,1742849404,39755.5907,SQS
67e1c5d2771d074a42d8728e,1742849375,68757.9964,1742849404,39757.9964,SQS
67e1c5d2771d074a42d8728f,1742849375,68758.7588,1742849404,39758.7588,SQS
67e1c5d2771d074a42d87290,1742849375,68761.0836,1742849404,39761.0836,SQS
67e1c5d2771d074a42d87291,1742849375,68761.8653,1742849404,39761.8653,SQS
67e1c5d2771d074a42d87292,1742849375,68741.5902,1742849404,39741.5902,SQS
67e1c5d2771d074a42d87293,1742849375,68764.9437,1742849404,39764.9437,SQS
67e1c5d2771d074a42d87294,1742849375,68766.5808,1742849404,39766.5808,SQS
67e1c5d2771d074a42d87298,1742849375,68772.1941,1742849404,39772.1941,SQS
67e1c5d2771d074a42d87299,1742849375,68773.8407,1742849404,39773.8407,SQS
67e1c5d2771d074a42d8729a,1742849375,68802.8599,1742849404,39802.8599,SQS
67e1c5d2771d074a42d8729b,1742849375,68834.9657,1742849404,39834.9657,SQS
67e1c5d2771d074a42d8729c,1742849375,68864.7412,1742849404,39864.7412,SQS
67e1c5d2771d074a42d8729d,1742849375,68866.4482,1742849404,39866.4482,SQS
67e1c5d2771d074a42d8729e,1742849375,68897.5447,1742849404,39897.5447,SQS
67e1c5d2771d074a42d8729f,1742849375,68900.4296,1742849404,39900.4296,SQS
67e1c5d2771d074a42d872a0,1742849375,68902.2042,1742849404,39902.2042,SQS
67e1c5d2771d074a42d872a1,1742849375,68895.7081,1742849404,39895.7081,SQS
67e1c5d2771d074a42d872a2,1742849375,68926.7083,1742849404,39926.7083,SQS
67e1c5d2771d074a42d872a3,1742849375,68957.774,1742849404,39957.774,SQS
67e1c5d2771d074a42d872a4,1742849375,68959.7056,1742849404,39959.7056,SQS
67e1c5d2771d074a42d872a5,1742849375,68989.1688,1742849404,39989.1688,SQS
67e1c5d2771d074a42d872a6,1742849375,69023.91,1742849404,40023.91,SQS
67e1c5d2771d074a42d872a7,1742849375,69021.6465,1742849404,40021.6465,SQS
67e1c5d2771d074a42d872a8,1742849375,69022.6655,1742849404,40022.6655,SQS
67e1c5d2771d074a42d872a9,1742849375,69083.0343,1742849404,40083.0343,SQS
67e1c5d2771d074a42d872aa,1742849375,69084.697,1742849404,40084.697,SQS
67e1c5d2771d074a42d872ab,1742849375,69087.5814,1742849404,40087.5814,SQS
67e1c5d2771d074a42d872ac,1742849375,69088.5417,1742849404,40088.5417,SQS
67e1c5d2771d074a42d872ad,1742849375,69112.8179,1742849404,40112.8179,SQS
67e1c5d2771d074a42d872ae,1742849375,69143.937,1742849404,40143.937,SQS
67e1c5d2771d074a42d872af,1742849375,69206.3839,1742849404,40206.3839,SQS
67e1c5d2771d074a42d872b0,1742849375,69208.3926,1742849404,40208.3926,SQS
67e1c5d2771d074a42d872b1,1742849375,69210.5219,1742849404,40210.5219,SQS
67e1c5d2771d074a42d872b2,1742849375,69238.1767,1742849404,40238.1767,SQS
67e1c5d2771d074a42d872b3,1742849375,69240.6932,1742849404,40240.6932,SQS
67e1c5d2771d074a42d872b4,1742849375,69242.4725,1742849404,40242.4725,SQS
67e1c5d2771d074a42d872b5,1742849375,69244.7858,1742849404,40244.7858,SQS
67e1c5d2771d074a42d872b6,1742849375,69244.0073,1742849404,40244.0073,SQS
67e1c5d2771d074a42d872b8,1742849375,69239.9085,1742849404,40239.9085,SQS
67e1c5d2771d074a42d872ba,1742849375,69250.1864,1742849404,40250.1864,SQS
67e1c5d2771d074a42d872bb,1742849375,69283.636,1742849404,40283.636,SQS
67e1c5d2771d074a42d872bc,1742849375,69286.0887,1742849404,40286.0887,SQS
67e1c5d2771d074a42d872bd,1742849375,69345.5629,1742849404,40345.5629,SQS
67e1c5d2771d074a42d872be,1742849375,69346.5868,1742849404,40346.5868,SQS
67e1c5d2771d074a42d872bf,1742849375,69349.3992,1742849404,40349.3992,SQS
67e1c5d2771d074a42d872c0,1742849375,69350.3193,1742849404,40350.3193,SQS
67e1c5d2771d074a42d872c1,1742849375,69352.9741,1742849404,40352.9741,SQS
67e1c5d2771d074a42d872c2,1742849375,69353.8649,1742849404,40353.8649,SQS
67e1c5d2771d074a42d872c3,1742849375,69356.4068,1742849404,40356.4068,SQS
67e1c5d2771d074a42d872c4,1742849375,69392.1225,1742849404,40392.1225,SQS
67e1c5d2771d074a42d872c5,1742849375,68772.9686,1742849404,39772.9686,SQS
67e1c5d2771d074a42d872c6,1742849375,69453.7903,1742849404,40453.7903,SQS
67e1c5d2771d074a42d872c7,1742849375,69485.1788,1742849404,40485.1788,SQS
67e1c5d2771d074a42d872c8,1742849375,69488.3095,1742849404,40488.3095,SQS
67e1c5d2771d074a42d872c9,1742849375,69491.5941,1742849404,40491.5941,SQS
67e1c5d2771d074a42d872ca,1742849375,69516.9608,1742849404,40516.9608,SQS
67e1c5d2771d074a42d872cb,1742849375,69549.1357,1742849404,40549.1357,SQS
67e1c5d2771d074a42d872cc,1742849375,69489.2838,1742849404,40489.2838,SQS
67e1c5d2771d074a42d872cd,1742849375,69579.5213,1742849404,40579.5213,SQS
67e1c5d2771d074a42d872ce,1742849375,69578.6562,1742849404,40578.6562,SQS
67e1c5d2771d074a42d872cf,1742849375,69582.3126,1742849404,40582.3126,SQS
67e1c5d2771d074a42d872d0,1742849375,69583.9279,1742849404,40583.9279,SQS
67e1c5d2771d074a42d872d1,1742849375,69548.0151,1742849404,40548.0151,SQS
67e1c5d2771d074a42d872d2,1742849375,69423.9914,1742849404,40423.9914,SQS
67e1c5d2771d074a42d872d3,1742849375,69609.6047,1742849404,40609.6047,SQS
67e1c5d2771d074a42d872d4,1742849375,69608.7022,1742849404,40608.7022,SQS
67e1c5d2771d074a42d872d5,1742849375,69611.9931,1742849404,40611.9931,SQS
67e1c5d2771d074a42d872d6,1742849375,69613.6937,1742849404,40613.6937,SQS
67e1c5d2771d074a42d872d7,1742849375,69615.3096,1742849404,40615.3096,SQS
67e1c5d2771d074a42d872d8,1742849375,69671.8882,1742849404,40671.8882,SQS
67e1c5d2771d074a42d872db,1742849375,69671.0267,1742849404,40671.0267,SQS
67e1c5d2771d074a42d872fd,1742849375,69587.319,1742849404,40587.319,SQS
67e1c5d2771d074a42d872fe,1742849375,69868.1344,1742849404,40868.1344,SQS
67e1c5d2771d074a42d87300,1742849375,69869.7784,1742849404,40869.7784,SQS
67e1c5d2771d074a42d87301,1742849375,69904.6386,1742849404,40904.6386,SQS
67e1c5d2771d074a42d87329,1742849375,70101.224,1742849404,41101.224,SQS
67e1c5d2771d074a42d8732b,1742849375,70102.3094,1742849404,41102.3094,SQS
67e1c5d2771d074a42d8732c,1742849375,70133.8587,1742849404,41133.8587,SQS
67e1c5d2771d074a42d8732e,1742849375,70169.1103,1742849404,41169.1103,SQS
67e1c5d2771d074a42d8732f,1742849375,70168.1817,1742849404,41168.1817,SQS
67e1c5d2771d074a42d87330,1742849375,70199.0727,1742849404,41199.0727,SQS
67e1c5d2771d074a42d87331,1742849375,70200.1818,1742849404,41200.1818,SQS
67e1c5d2771d074a42d87333,1742849375,70203.0041,1742849404,41203.0041,SQS
67e1c5d2771d074a42d87334,1742849375,70205.904,1742849404,41205.904,SQS
67e1c5d2771d074a42d8733e,1742849375,70306.3787,1742849404,41306.3787,SQS
67e1c5d2771d074a42d8735e,1742849375,70337.2259,1742849404,41337.2259,SQS
67e1c5d2771d074a42d87373,1742849375,70523.8649,1742849404,41523.8649,SQS
67e1c5d2771d074a42d871cd,1742849375,66823.4011,1742849403,38823.4011,SQS
67e1c5d2771d074a42d871ce,1742849375,66824.2991,1742849403,38824.2991,SQS
67e1c5d2771d074a42d871cf,1742849375,66826.8997,1742849403,38826.8997,SQS
67e1c5d2771d074a42d871d0,1742849375,66827.7544,1742849403,38827.7544,SQS
67e1c5d2771d074a42d871d1,1742849375,66822.538,1742849403,38822.538,SQS
67e1c5d2771d074a42d871d2,1742849375,66865.2447,1742849403,38865.2447,SQS
67e1c5d2771d074a42d871d3,1742849375,66867.8338,1742849403,38867.8338,SQS
67e1c5d2771d074a42d871d4,1742849375,66821.6239,1742849403,38821.6239,SQS
67e1c5d2771d074a42d871d5,1742849375,66871.4499,1742849403,38871.4499,SQS
67e1c5d2771d074a42d871d6,1742849375,66870.4553,1742849403,38870.4553,SQS
67e1c5d2771d074a42d871d8,1742849375,66959.0881,1742849403,38959.0881,SQS
67e1c5d2771d074a42d871d9,1742849375,66989.5421,1742849403,38989.5421,SQS
67e1c5d2771d074a42d871da,1742849375,67021.256,1742849403,39021.256,SQS
67e1c5d2771d074a42d871db,1742849375,67020.4015,1742849403,39020.4015,SQS
67e1c5d2771d074a42d871dc,1742849375,67055.2712,1742849403,39055.2712,SQS
67e1c5d2771d074a42d871dd,1742849375,67056.3919,1742849403,39056.3919,SQS
67e1c5d2771d074a42d871de,1742849375,67059.2242,1742849403,39059.2242,SQS
67e1c5d2771d074a42d871df,1742849375,67060.0974,1742849403,39060.0974,SQS
67e1c5d2771d074a42d871e0,1742849375,67084.5222,1742849403,39084.5222,SQS
67e1c5d2771d074a42d871e1,1742849375,67085.9983,1742849403,39085.9983,SQS
67e1c5d2771d074a42d871e2,1742849375,67088.5393,1742849403,39088.5393,SQS
67e1c5d2771d074a42d871e3,1742849375,67089.4878,1742849403,39089.4878,SQS
67e1c5d2771d074a42d871e4,1742849375,67092.5314,1742849403,39092.5314,SQS
67e1c5d2771d074a42d871e5,1742849375,67093.49,1742849403,39093.49,SQS
67e1c5d2771d074a42d871e6,1742849375,67096.2855,1742849403,39096.2855,SQS
67e1c5d2771d074a42d871e7,1742849375,67097.1518,1742849403,39097.1518,SQS
67e1c5d2771d074a42d871e8,1742849375,67130.184,1742849403,39130.184,SQS
67e1c5d2771d074a42d871e9,1742849375,67159.874,1742849403,39159.874,SQS
67e1c5d2771d074a42d871ea,1742849375,67160.69,1742849403,39160.69,SQS
67e1c5d2771d074a42d871eb,1742849375,67163.048,1742849403,39163.048,SQS
67e1c5d2771d074a42d871ec,1742849375,67163.8714,1742849403,39163.8714,SQS
67e1c5d2771d074a42d871ed,1742849375,67191.9953,1742849403,39191.9953,SQS
67e1c5d2771d074a42d871ee,1742849375,67223.9706,1742849403,39223.9706,SQS
67e1c5d2771d074a42d871ef,1742849375,67284.9521,1742849403,39284.9521,SQS
67e1c5d2771d074a42d871f0,1742849375,67283.93,1742849403,39283.93,SQS
67e1c5d2771d074a42d871f1,1742849375,67255.9909,1742849403,39255.9909,SQS
67e1c5d2771d074a42d871f2,1742849375,67288.1054,1742849403,39288.1054,SQS
67e1c5d2771d074a42d871f3,1742849375,67315.6425,1742849403,39315.6425,SQS
67e1c5d2771d074a42d871f4,1742849375,67254.0625,1742849403,39254.0625,SQS
67e1c5d2771d074a42d871f5,1742849375,67317.867,1742849403,39317.867,SQS
67e1c5d2771d074a42d871f6,1742849375,67349.0732,1742849403,39349.0732,SQS
67e1c5d2771d074a42d871f7,1742849375,67350.1335,1742849403,39350.1335,SQS
67e1c5d2771d074a42d871f8,1742849375,67378.2221,1742849403,39378.2221,SQS
67e1c5d2771d074a42d871f9,1742849375,67379.1402,1742849403,39379.1402,SQS
67e1c5d2771d074a42d871fa,1742849375,67411.0307,1742849403,39411.0307,SQS
67e1c5d2771d074a42d871fb,1742849375,67412.2318,1742849403,39412.2318,SQS
67e1c5d2771d074a42d871fc,1742849375,67348.1428,1742849403,39348.1428,SQS
67e1c5d2771d074a42d871fd,1742849375,67416.4999,1742849403,39416.4999,SQS
67e1c5d2771d074a42d871fe,1742849375,67417.5617,1742849403,39417.5617,SQS
67e1c5d2771d074a42d871ff,1742849375,67420.9621,1742849403,39420.9621,SQS
67e1c5d2771d074a42d87200,1742849375,67454.5778,1742849403,39454.5778,SQS
67e1c5d2771d074a42d87201,1742849375,67455.5448,1742849403,39455.5448,SQS
67e1c5d2771d074a42d87202,1742849375,67486.9134,1742849403,39486.9134,SQS
67e1c5d2771d074a42d87203,1742849375,67487.9939,1742849403,39487.9939,SQS
67e1c5d2771d074a42d87204,1742849375,67491.0328,1742849403,39491.0328,SQS
67e1c5d2771d074a42d87205,1742849375,67493.3549,1742849403,39493.3549,SQS
67e1c5d2771d074a42d87206,1742849375,67494.3627,1742849403,39494.3627,SQS
67e1c5d2771d074a42d87207,1742849375,67497.1514,1742849403,39497.1514,SQS
67e1c5d2771d074a42d87208,1742849375,67498.1307,1742849403,39498.1307,SQS
67e1c5d2771d074a42d87209,1742849375,67422.1406,1742849403,39422.1406,SQS
67e1c5d2771d074a42d8720a,1742849375,67531.9636,1742849403,39531.9636,SQS
67e1c5d2771d074a42d8720b,1742849375,67534.4542,1742849403,39534.4542,SQS
67e1c5d2771d074a42d8720c,1742849375,67535.224,1742849403,39535.224,SQS
67e1c5d2771d074a42d8720d,1742849375,67537.4977,1742849403,39537.4977,SQS
67e1c5d2771d074a42d8720e,1742849375,67538.2518,1742849403,39538.2518,SQS
67e1c5d2771d074a42d8720f,1742849375,67540.5309,1742849403,39540.5309,SQS
67e1c5d2771d074a42d87210,1742849375,67541.3131,1742849403,39541.3131,SQS
67e1c5d2771d074a42d87211,1742849375,67543.4947,1742849403,39543.4947,SQS
67e1c5d2771d074a42d87212,1742849375,67544.3516,1742849403,39544.3516,SQS
67e1c5d2771d074a42d87213,1742849375,67255.1341,1742849403,39255.1341,SQS
67e1c5d2771d074a42d87214,1742849375,67578.4859,1742849403,39578.4859,SQS
67e1c5d2771d074a42d87215,1742849375,67610.578,1742849403,39610.578,SQS
67e1c5d2771d074a42d87216,1742849375,67609.3997,1742849403,39609.3997,SQS
67e1c5d2771d074a42d87217,1742849375,67613.1969,1742849403,39613.1969,SQS
67e1c5d2771d074a42d87218,1742849375,67614.0651,1742849403,39614.0651,SQS
67e1c5d2771d074a42d87219,1742849375,67641.259,1742849403,39641.259,SQS
67e1c5d2771d074a42d8721a,1742849375,67642.0965,1742849403,39642.0965,SQS
67e1c5d2771d074a42d8721b,1742849375,67644.4976,1742849403,39644.4976,SQS
67e1c5d2771d074a42d8721c,1742849375,66928.2461,1742849403,38928.2461,SQS
67e1c5d2771d074a42d8721d,1742849375,67646.9478,1742849403,39646.9478,SQS
67e1c5d2771d074a42d8721e,1742849375,67647.7427,1742849403,39647.7427,SQS
67e1c5d2771d074a42d8721f,1742849375,67651.6662,1742849403,39651.6662,SQS
67e1c5d2771d074a42d87220,1742849375,67652.4733,1742849403,39652.4733,SQS
67e1c5d2771d074a42d87221,1742849375,67654.9768,1742849403,39654.9768,SQS
67e1c5d2771d074a42d87222,1742849375,67690.8758,1742849403,39690.8758,SQS
67e1c5d2771d074a42d87223,1742849375,67690.1026,1742849403,39690.1026,SQS
67e1c5d2771d074a42d87224,1742849375,67749.8324,1742849403,39749.8324,SQS
67e1c5d2771d074a42d87225,1742849375,67752.8541,1742849403,39752.8541,SQS
67e1c5d2771d074a42d87226,1742849375,67754.4516,1742849403,39754.4516,SQS
67e1c5d2771d074a42d87227,1742849375,67755.2394,1742849403,39755.2394,SQS
67e1c5d2771d074a42d87228,1742849375,67751.9138,1742849403,39751.9138,SQS
67e1c5d2771d074a42d87229,1742849375,67759.336,1742849403,39759.336,SQS
67e1c5d2771d074a42d8722a,1742849375,67760.0887,1742849403,39760.0887,SQS
67e1c5d2771d074a42d8722b,1742849375,67719.1082,1742849403,39719.1082,SQS
67e1c5d2771d074a42d8722c,1742849375,67758.5534,1742849403,39758.5534,SQS
67e1c5d2771d074a42d8722d,1742849375,67798.074,1742849403,39798.074,SQS
67e1c5d2771d074a42d8722e,1742849375,67827.206,1742849403,39827.206,SQS
67e1c5d2771d074a42d8722f,1742849375,67859.9819,1742849403,39859.9819,SQS
67e1c5d2771d074a42d87230,1742849375,67862.0432,1742849403,39862.0432,SQS
67e1c5d2771d074a42d87231,1742849375,67762.452,1742849403,39762.452,SQS
67e1c5d2771d074a42d87237,1742849375,67921.3953,1742849403,39921.3953,SQS
67e1c5d2771d074a42d87238,1742849375,67952.7911,1742849403,39952.7911,SQS
67e1c5d2771d074a42d87243,1742849375,67650.8764,1742849403,39650.8764,SQS
67e1c5d2771d074a42d87244,1742849375,68003.6033,1742849403,40003.6033,SQS
67e1c5d2771d074a42d87245,1742849375,68004.4345,1742849403,40004.4345,SQS
67e1c5d2771d074a42d87248,1742849375,68031.3511,1742849403,40031.3511,SQS
67e1c5d2771d074a42d8724a,1742849375,67689.0025,1742849403,39689.0025,SQS
67e1c5d2771d074a42d8724b,1742849375,68034.5997,1742849403,40034.5997,SQS
67e1c5d2771d074a42d87256,1742849375,68111.3503,1742849403,40111.3503,SQS
67e1c5d2771d074a42d87257,1742849375,67688.6582,1742849403,39688.6582,SQS
67e1c5d2771d074a42d87258,1742849375,68138.0377,1742849403,40138.0377,SQS
67e1c5d2771d074a42d87262,1742849375,68168.2964,1742849403,40168.2964,SQS
67e1c5d2771d074a42d87295,1742849375,68765.7789,1742849403,40765.7789,SQS
67e1c5d2771d074a42d87297,1742849375,68770.4515,1742849403,40770.4515,SQS
67e1c5d2771d074a42d87374,1742849375,70525.1678,1742849403,42525.1678,SQS
67e1c5d2771d074a42d87388,1742849375,70693.6691,1742849403,42693.6691,SQS
67e1c5d2771d074a42d8738a,1742849375,70694.7682,1742849403,42694.7682,SQS
67e1c5d2771d074a42d8738b,1742849375,70930.4201,1742849403,42930.4201,SQS
67e1c5d2771d074a42d8738c,1742849375,70931.254,1742849403,42931.254,SQS
67e1c5d2771d074a42d8738d,1742849375,70959.6383,1742849403,42959.6383,SQS
67e1c5d2771d074a42d8738e,1742849375,70958.749,1742849403,42958.749,SQS
67e1c5d2771d074a42d87196,1742849375,66651.7564,1742849403,38651.7564,SQS
67e1c5d2771d074a42d87197,1742849375,66652.4995,1742849403,38652.4995,SQS
67e1c5d2771d074a42d87198,1742849375,66654.7403,1742849403,38654.7403,SQS
67e1c5d2771d074a42d8719a,1742849375,66657.0565,1742849403,38657.0565,SQS
67e1c5d2771d074a42d8719b,1742849375,66657.7985,1742849403,38657.7985,SQS
67e1c5d2771d074a42d8719c,1742849375,66660.7566,1742849403,38660.7566,SQS
67e1c5d2771d074a42d8719d,1742849375,66661.441,1742849403,38661.441,SQS
67e1c5d2771d074a42d8719e,1742849375,66662.9978,1742849403,38662.9978,SQS
67e1c5d2771d074a42d8719f,1742849375,66666.9657,1742849403,38666.9657,SQS
67e1c5d2771d074a42d871a0,1742849375,66667.721,1742849403,38667.721,SQS
67e1c5d2771d074a42d871a1,1742849375,66665.2898,1742849403,38665.2898,SQS
67e1c5d2771d074a42d871a2,1742849375,66670.147,1742849403,38670.147,SQS
67e1c5d2771d074a42d871a3,1742849375,66666.2177,1742849403,38666.2177,SQS
67e1c5d2771d074a42d871a4,1742849375,66658.5892,1742849403,38658.5892,SQS
67e1c5d2771d074a42d871a5,1742849375,66673.6781,1742849403,38673.6781,SQS
67e1c5d2771d074a42d871a6,1742849375,66674.5565,1742849403,38674.5565,SQS
67e1c5d2771d074a42d871a7,1742849375,66677.0983,1742849403,38677.0983,SQS
67e1c5d2771d074a42d871a8,1742849375,66677.9168,1742849403,38677.9168,SQS
67e1c5d2771d074a42d871b7,1742849375,66728.4872,1742849403,38728.4872,SQS
67e1c5d2771d074a42d871b8,1742849375,66729.3003,1742849403,38729.3003,SQS
67e1c5d2771d074a42d871b9,1742849375,66731.5947,1742849403,38731.5947,SQS
67e1c5d2771d074a42d871ba,1742849375,66732.3364,1742849403,38732.3364,SQS
67e1c5d2771d074a42d871bb,1742849375,66727.6262,1742849403,38727.6262,SQS
67e1c5d2771d074a42d871bc,1742849375,66734.5854,1742849403,38734.5854,SQS
67e1c5d2771d074a42d871bd,1742849375,66736.9182,1742849403,38736.9182,SQS
67e1c5d2771d074a42d871be,1742849375,66737.716,1742849403,38737.716,SQS
67e1c5d2771d074a42d871bf,1742849375,66739.901,1742849403,38739.901,SQS
67e1c5d2771d074a42d871c0,1742849375,66740.684,1742849403,38740.684,SQS
67e1c5d5771d074a42d87df9,1742849375,66153.2109,1742849402,39153.2109,SQS
67e1c5d2771d074a42d87160,1742849375,66059.483,1742849402,39059.483,SQS
67e1c5d2771d074a42d87161,1742849375,66060.512,1742849402,39060.512,SQS
67e1c5d2771d074a42d87162,1742849375,66094.2654,1742849402,39094.2654,SQS
67e1c5d2771d074a42d87163,1742849375,66095.257,1742849402,39095.257,SQS
67e1c5d2771d074a42d87164,1742849375,66097.0446,1742849402,39097.0446,SQS
67e1c5d2771d074a42d87165,1742849375,66123.6472,1742849402,39123.6472,SQS
67e1c5d2771d074a42d87167,1742849375,66028.5604,1742849402,39028.5604,SQS
67e1c5d2771d074a42d8716b,1742849375,66245.506,1742849402,39245.506,SQS
67e1c5d2771d074a42d8716c,1742849375,66249.4483,1742849402,39249.4483,SQS
67e1c5d2771d074a42d8716d,1742849375,66276.7553,1742849402,39276.7553,SQS
67e1c5d2771d074a42d8716f,1742849375,66248.6837,1742849402,39248.6837,SQS
67e1c5d2771d074a42d87170,1742849375,66312.9502,1742849402,39312.9502,SQS
67e1c5d2771d074a42d87171,1742849375,66246.3008,1742849402,39246.3008,SQS
67e1c5d2771d074a42d87172,1742849375,66339.7497,1742849402,39339.7497,SQS
67e1c5d2771d074a42d87173,1742849375,66092.5349,1742849402,39092.5349,SQS
67e1c5d2771d074a42d87174,1742849375,66342.31,1742849402,39342.31,SQS
67e1c5d2771d074a42d87175,1742849375,66344.5981,1742849402,39344.5981,SQS
67e1c5d2771d074a42d87176,1742849375,66370.8365,1742849402,39370.8365,SQS
67e1c5d2771d074a42d87177,1742849375,66345.3943,1742849402,39345.3943,SQS
67e1c5d2771d074a42d87178,1742849375,66372.9994,1742849402,39372.9994,SQS
67e1c5d2771d074a42d87179,1742849375,66376.1531,1742849402,39376.1531,SQS
67e1c5d2771d074a42d8717a,1742849375,66400.0708,1742849402,39400.0708,SQS
67e1c5d2771d074a42d8717b,1742849375,66402.8151,1742849402,39402.8151,SQS
67e1c5d2771d074a42d8717c,1742849375,66462.9555,1742849402,39462.9555,SQS
67e1c5d2771d074a42d8717d,1742849375,66464.514,1742849402,39464.514,SQS
67e1c5d2771d074a42d8717e,1742849375,66431.0493,1742849402,39431.0493,SQS
67e1c5d2771d074a42d8717f,1742849375,66466.9556,1742849402,39466.9556,SQS
67e1c5d2771d074a42d87180,1742849375,66462.1347,1742849402,39462.1347,SQS
67e1c5d2771d074a42d87181,1742849375,66468.3616,1742849402,39468.3616,SQS
67e1c5d2771d074a42d87182,1742849375,66470.6394,1742849402,39470.6394,SQS
67e1c5d2771d074a42d87184,1742849375,66472.8429,1742849402,39472.8429,SQS
67e1c5d2771d074a42d87185,1742849375,66474.4548,1742849402,39474.4548,SQS
67e1c5d2771d074a42d87187,1742849375,66539.5623,1742849402,39539.5623,SQS
67e1c5d2771d074a42d87188,1742849375,66542.1518,1742849402,39542.1518,SQS
67e1c5d2771d074a42d87189,1742849375,66543.7452,1742849402,39543.7452,SQS
67e1c5d2771d074a42d8718a,1742849375,66547.0032,1742849402,39547.0032,SQS
67e1c5d2771d074a42d8718b,1742849375,66544.5928,1742849402,39544.5928,SQS
67e1c5d2771d074a42d8718c,1742849375,66601.5449,1742849402,39601.5449,SQS
67e1c5d2771d074a42d8718d,1742849375,66602.7633,1742849402,39602.7633,SQS
67e1c5d2771d074a42d8718e,1742849375,66540.4018,1742849402,39540.4018,SQS
67e1c5d2771d074a42d8718f,1742849375,66606.2416,1742849402,39606.2416,SQS
67e1c5d2771d074a42d87190,1742849375,66607.0436,1742849402,39607.0436,SQS
67e1c5d2771d074a42d87191,1742849375,66610.2648,1742849402,39610.2648,SQS
67e1c5d2771d074a42d87192,1742849375,66609.4077,1742849402,39609.4077,SQS
67e1c5d2771d074a42d87193,1742849375,66475.9689,1742849402,39475.9689,SQS
67e1c5d2771d074a42d87194,1742849375,66612.8016,1742849402,39612.8016,SQS
67e1c5d2771d074a42d87195,1742849375,66648.1007,1742849402,39648.1007,SQS
67e1c5d2771d074a42d87199,1742849375,66649.805,1742849402,39649.805,SQS
67e1c5d2771d074a42d871a9,1742849375,66651.0233,1742849402,39651.0233,SQS
67e1c5d2771d074a42d871aa,1742849375,66681.2316,1742849402,39681.2316,SQS
67e1c5d2771d074a42d871ac,1742849375,66682.0998,1742849402,39682.0998,SQS
67e1c5d2771d074a42d871ad,1742849375,66685.4719,1742849402,39685.4719,SQS
67e1c5d2771d074a42d871ae,1742849375,66686.2928,1742849402,39686.2928,SQS
67e1c5d2771d074a42d871b0,1742849375,66689.0649,1742849402,39689.0649,SQS
67e1c5d2771d074a42d871b1,1742849375,66692.4382,1742849402,39692.4382,SQS
67e1c5d2771d074a42d871b3,1742849375,66698.5831,1742849402,39698.5831,SQS
67e1c5d2771d074a42d871c2,1742849375,66743.0179,1742849402,39743.0179,SQS
67e1c5d2771d074a42d871c3,1742849375,66247.9001,1742849402,39247.9001,SQS
67e1c5d2771d074a42d870b5,1742849375,64313.4306,1742849401,38313.4306,SQS
67e1c5d2771d074a42d870b7,1742849375,64317.6643,1742849401,38317.6643,SQS
67e1c5d2771d074a42d870bf,1742849375,64366.3839,1742849401,38366.3839,SQS
67e1c5d2771d074a42d870c2,1742849375,64432.4314,1742849401,38432.4314,SQS
67e1c5d2771d074a42d870c6,1742849375,64464.3197,1742849401,38464.3197,SQS
67e1c5d2771d074a42d870c7,1742849375,64465.2701,1742849401,38465.2701,SQS
67e1c5d2771d074a42d870c8,1742849375,64525.2568,1742849401,38525.2568,SQS
67e1c5d2771d074a42d870c9,1742849375,64526.1919,1742849401,38526.1919,SQS
67e1c5d2771d074a42d870ca,1742849375,64529.2448,1742849401,38529.2448,SQS
67e1c5d2771d074a42d870cb,1742849375,64530.24,1742849401,38530.24,SQS
67e1c5d2771d074a42d870cd,1742849375,64534.2697,1742849401,38534.2697,SQS
67e1c5d2771d074a42d870ce,1742849375,64538.63,1742849401,38538.63,SQS
67e1c5d2771d074a42d870cf,1742849375,64539.4826,1742849401,38539.4826,SQS
67e1c5d2771d074a42d870d0,1742849375,64536.8869,1742849401,38536.8869,SQS
67e1c5d2771d074a42d870d1,1742849375,64537.7097,1742849401,38537.7097,SQS
67e1c5d2771d074a42d870d2,1742849375,64573.4826,1742849401,38573.4826,SQS
67e1c5d2771d074a42d870d3,1742849375,64602.8814,1742849401,38602.8814,SQS
67e1c5d2771d074a42d870d4,1742849375,64633.7377,1742849401,38633.7377,SQS
67e1c5d2771d074a42d870d5,1742849375,64604.5787,1742849401,38604.5787,SQS
67e1c5d2771d074a42d870d6,1742849375,64666.968,1742849401,38666.968,SQS
67e1c5d2771d074a42d870d7,1742849375,64696.0285,1742849401,38696.0285,SQS
67e1c5d2771d074a42d870d8,1742849375,64758.111,1742849401,38758.111,SQS
67e1c5d2771d074a42d870d9,1742849375,64761.344,1742849401,38761.344,SQS
67e1c5d2771d074a42d870da,1742849375,64789.2627,1742849401,38789.2627,SQS
67e1c5d2771d074a42d870db,1742849375,64760.3195,1742849401,38760.3195,SQS
67e1c5d2771d074a42d870dc,1742849375,64823.3156,1742849401,38823.3156,SQS
67e1c5d2771d074a42d870dd,1742849375,64824.471,1742849401,38824.471,SQS
67e1c5d2771d074a42d870de,1742849375,64829.8077,1742849401,38829.8077,SQS
67e1c5d2771d074a42d870df,1742849375,64830.6375,1742849401,38830.6375,SQS
67e1c5d2771d074a42d870e0,1742849375,64827.7133,1742849401,38827.7133,SQS
67e1c5d2771d074a42d870e1,1742849375,64828.86,1742849401,38828.86,SQS
67e1c5d2771d074a42d870e2,1742849375,64866.2586,1742849401,38866.2586,SQS
67e1c5d2771d074a42d870e3,1742849375,64867.1394,1742849401,38867.1394,SQS
67e1c5d2771d074a42d870e4,1742849375,64869.7389,1742849401,38869.7389,SQS
67e1c5d2771d074a42d870e5,1742849375,64871.367,1742849401,38871.367,SQS
67e1c5d2771d074a42d870e6,1742849375,64873.5009,1742849401,38873.5009,SQS
67e1c5d2771d074a42d870e7,1742849375,64897.4347,1742849401,38897.4347,SQS
67e1c5d2771d074a42d870e8,1742849375,64959.7415,1742849401,38959.7415,SQS
67e1c5d2771d074a42d870e9,1742849375,64962.6508,1742849401,38962.6508,SQS
67e1c5d2771d074a42d870ea,1742849375,64965.0218,1742849401,38965.0218,SQS
67e1c5d2771d074a42d870eb,1742849375,64967.2459,1742849401,38967.2459,SQS
67e1c5d2771d074a42d870ec,1742849375,64969.8179,1742849401,38969.8179,SQS
67e1c5d2771d074a42d870ed,1742849375,64974.8574,1742849401,38974.8574,SQS
67e1c5d2771d074a42d870ee,1742849375,64978.1995,1742849401,38978.1995,SQS
67e1c5d2771d074a42d870ef,1742849375,64980.9643,1742849401,38980.9643,SQS
67e1c5d2771d074a42d870f0,1742849375,64984.2774,1742849401,38984.2774,SQS
67e1c5d2771d074a42d870f1,1742849375,64987.1871,1742849401,38987.1871,SQS
67e1c5d2771d074a42d870f2,1742849375,64929.0505,1742849401,38929.0505,SQS
67e1c5d2771d074a42d870f3,1742849375,64989.082,1742849401,38989.082,SQS
67e1c5d2771d074a42d870f4,1742849375,65022.5487,1742849401,39022.5487,SQS
67e1c5d2771d074a42d870f5,1742849375,65023.6836,1742849401,39023.6836,SQS
67e1c5d2771d074a42d870f6,1742849375,65029.7031,1742849401,39029.7031,SQS
67e1c5d2771d074a42d870f7,1742849375,65030.4973,1742849401,39030.4973,SQS
67e1c5d2771d074a42d870f8,1742849375,65068.8015,1742849401,39068.8015,SQS
67e1c5d2771d074a42d870f9,1742849375,65100.6617,1742849401,39100.6617,SQS
67e1c5d2771d074a42d870fa,1742849375,65129.7851,1742849401,39129.7851,SQS
67e1c5d2771d074a42d870fb,1742849375,65132.1888,1742849401,39132.1888,SQS
67e1c5d2771d074a42d870fc,1742849375,65133.0163,1742849401,39133.0163,SQS
67e1c5d2771d074a42d870fd,1742849375,65135.2718,1742849401,39135.2718,SQS
67e1c5d2771d074a42d870fe,1742849375,65136.102,1742849401,39136.102,SQS
67e1c5d2771d074a42d870ff,1742849375,65137.6424,1742849401,39137.6424,SQS
67e1c5d2771d074a42d87100,1742849375,65140.0993,1742849401,39140.0993,SQS
67e1c5d2771d074a42d87101,1742849375,65140.9779,1742849401,39140.9779,SQS
67e1c5d2771d074a42d87102,1742849375,65144.2195,1742849401,39144.2195,SQS
67e1c5d2771d074a42d87103,1742849375,65145.2438,1742849401,39145.2438,SQS
67e1c5d2771d074a42d87104,1742849375,65146.9312,1742849401,39146.9312,SQS
67e1c5d2771d074a42d87105,1742849375,65143.3439,1742849401,39143.3439,SQS
67e1c5d2771d074a42d87106,1742849375,65150.3189,1742849401,39150.3189,SQS
67e1c5d2771d074a42d87107,1742849375,65151.1763,1742849401,39151.1763,SQS
67e1c5d2771d074a42d8710a,1742849375,65177.3062,1742849401,39177.3062,SQS
67e1c5d2771d074a42d8710b,1742849375,65179.0922,1742849401,39179.0922,SQS
67e1c5d2771d074a42d8710c,1742849375,65180.0142,1742849401,39180.0142,SQS
67e1c5d2771d074a42d8710d,1742849375,65182.7096,1742849401,39182.7096,SQS
67e1c5d2771d074a42d8710e,1742849375,65183.548,1742849401,39183.548,SQS
67e1c5d2771d074a42d8710f,1742849375,65207.2855,1742849401,39207.2855,SQS
67e1c5d2771d074a42d87110,1742849375,65208.2342,1742849401,39208.2342,SQS
67e1c5d2771d074a42d87111,1742849375,65210.9184,1742849401,39210.9184,SQS
67e1c5d2771d074a42d87112,1742849375,65212.3931,1742849401,39212.3931,SQS
67e1c5d2771d074a42d87113,1742849375,65213.3532,1742849401,39213.3532,SQS
67e1c5d2771d074a42d87114,1742849375,65217.0619,1742849401,39217.0619,SQS
67e1c5d2771d074a42d87115,1742849375,65219.5908,1742849401,39219.5908,SQS
67e1c5d2771d074a42d87116,1742849375,65220.5058,1742849401,39220.5058,SQS
67e1c5d2771d074a42d87117,1742849375,65223.0006,1742849401,39223.0006,SQS
67e1c5d2771d074a42d87118,1742849375,65224.7164,1742849401,39224.7164,SQS
67e1c5d2771d074a42d87119,1742849375,65225.5271,1742849401,39225.5271,SQS
67e1c5d2771d074a42d8711a,1742849375,65228.7227,1742849401,39228.7227,SQS
67e1c5d2771d074a42d8711b,1742849375,65254.725,1742849401,39254.725,SQS
67e1c5d2771d074a42d8711c,1742849375,65217.8336,1742849401,39217.8336,SQS
67e1c5d2771d074a42d8711d,1742849375,65227.1143,1742849401,39227.1143,SQS
67e1c5d2771d074a42d8711e,1742849375,65260.5512,1742849401,39260.5512,SQS
67e1c5d2771d074a42d8711f,1742849375,65261.3462,1742849401,39261.3462,SQS
67e1c5d2771d074a42d87120,1742849375,65263.9948,1742849401,39263.9948,SQS
67e1c5d2771d074a42d87122,1742849375,65362.3941,1742849401,39362.3941,SQS
67e1c5d2771d074a42d87123,1742849375,65392.8514,1742849401,39392.8514,SQS
67e1c5d2771d074a42d87124,1742849375,65395.7869,1742849401,39395.7869,SQS
67e1c5d2771d074a42d87125,1742849375,65425.0272,1742849401,39425.0272,SQS
67e1c5d2771d074a42d87126,1742849375,65395.0038,1742849401,39395.0038,SQS
67e1c5d2771d074a42d87127,1742849375,65428.2271,1742849401,39428.2271,SQS
67e1c5d2771d074a42d87128,1742849375,65486.3721,1742849401,39486.3721,SQS
67e1c5d2771d074a42d87129,1742849375,65549.773,1742849401,39549.773,SQS
67e1c5d2771d074a42d8712a,1742849375,65553.1319,1742849401,39553.1319,SQS
67e1c5d2771d074a42d8712b,1742849375,65554.0308,1742849401,39554.0308,SQS
67e1c5d2771d074a42d8712c,1742849375,65610.3092,1742849401,39610.3092,SQS
67e1c5d2771d074a42d8712d,1742849375,65640.9106,1742849401,39640.9106,SQS
67e1c5d2771d074a42d8712e,1742849375,65643.2274,1742849401,39643.2274,SQS
67e1c5d2771d074a42d8712f,1742849375,65456.1488,1742849401,39456.1488,SQS
67e1c5d2771d074a42d87130,1742849375,65457.0007,1742849401,39457.0007,SQS
67e1c5d2771d074a42d87131,1742849375,65646.3772,1742849401,39646.3772,SQS
67e1c5d2771d074a42d87132,1742849375,65648.7327,1742849401,39648.7327,SQS
67e1c5d2771d074a42d87133,1742849375,65647.1566,1742849401,39647.1566,SQS
67e1c5d2771d074a42d87134,1742849375,65650.3583,1742849401,39650.3583,SQS
67e1c5d2771d074a42d87135,1742849375,65652.6366,1742849401,39652.6366,SQS
67e1c5d2771d074a42d87136,1742849375,65653.4052,1742849401,39653.4052,SQS
67e1c5d2771d074a42d87137,1742849375,65548.2212,1742849401,39548.2212,SQS
67e1c5d2771d074a42d87138,1742849375,65658.1463,1742849401,39658.1463,SQS
67e1c5d2771d074a42d87139,1742849375,65657.3713,1742849401,39657.3713,SQS
67e1c5d2771d074a42d8713a,1742849375,65655.8847,1742849401,39655.8847,SQS
67e1c5d2771d074a42d8713b,1742849375,65690.2225,1742849401,39690.2225,SQS
67e1c5d2771d074a42d8713c,1742849375,65692.0318,1742849401,39692.0318,SQS
67e1c5d2771d074a42d8713d,1742849375,65694.5916,1742849401,39694.5916,SQS
67e1c5d2771d074a42d8713e,1742849375,65693.7156,1742849401,39693.7156,SQS
67e1c5d2771d074a42d8713f,1742849375,65697.5114,1742849401,39697.5114,SQS
67e1c5d2771d074a42d87140,1742849375,65701.0031,1742849401,39701.0031,SQS
67e1c5d2771d074a42d87141,1742849375,65700.2108,1742849401,39700.2108,SQS
67e1c5d2771d074a42d87142,1742849375,65734.7126,1742849401,39734.7126,SQS
67e1c5d2771d074a42d87143,1742849375,65736.5725,1742849401,39736.5725,SQS
67e1c5d2771d074a42d87144,1742849375,65765.7261,1742849401,39765.7261,SQS
67e1c5d2771d074a42d87145,1742849375,65764.8901,1742849401,39764.8901,SQS
67e1c5d2771d074a42d87146,1742849375,65768.16,1742849401,39768.16,SQS
67e1c5d2771d074a42d87147,1742849375,65796.0028,1742849401,39796.0028,SQS
67e1c5d2771d074a42d87148,1742849375,65828.5012,1742849401,39828.5012,SQS
67e1c5d2771d074a42d87149,1742849375,65830.1944,1742849401,39830.1944,SQS
67e1c5d2771d074a42d8714a,1742849375,65831.8093,1742849401,39831.8093,SQS
67e1c5d2771d074a42d8714b,1742849375,65833.5709,1742849401,39833.5709,SQS
67e1c5d2771d074a42d8714c,1742849375,65835.4038,1742849401,39835.4038,SQS
67e1c5d2771d074a42d8714d,1742849375,65836.2184,1742849401,39836.2184,SQS
67e1c5d2771d074a42d8714e,1742849375,65859.9726,1742849401,39859.9726,SQS
67e1c5d2771d074a42d8714f,1742849375,65859.2004,1742849401,39859.2004,SQS
67e1c5d2771d074a42d87150,1742849375,65862.9807,1742849401,39862.9807,SQS
67e1c5d2771d074a42d87151,1742849375,65863.7772,1742849401,39863.7772,SQS
67e1c5d2771d074a42d87152,1742849375,65688.7581,1742849401,39688.7581,SQS
67e1c5d2771d074a42d87153,1742849375,65866.9294,1742849401,39866.9294,SQS
67e1c5d2771d074a42d87154,1742849375,65867.6851,1742849401,39867.6851,SQS
67e1c5d2771d074a42d87155,1742849375,65699.4439,1742849401,39699.4439,SQS
67e1c5d2771d074a42d87156,1742849375,65869.9551,1742849401,39869.9551,SQS
67e1c5d2771d074a42d87157,1742849375,65580.032,1742849401,39580.032,SQS
67e1c5d2771d074a42d87158,1742849375,65904.4757,1742849401,39904.4757,SQS
67e1c5d2771d074a42d8715b,1742849375,65936.208,1742849401,39936.208,SQS
67e1c5d2771d074a42d8715c,1742849375,65939.5292,1742849401,39939.5292,SQS
67e1c5d2771d074a42d8715d,1742849375,65968.6905,1742849401,39968.6905,SQS
67e1c5d2771d074a42d8715e,1742849375,65972.4724,1742849401,39972.4724,SQS
67e1c5d2771d074a42d8715f,1742849375,65937.9565,1742849401,39937.9565,SQS
67e1c5d2771d074a42d87166,1742849375,66124.3435,1742849401,40124.3435,SQS
67e1c5d2771d074a42d87168,1742849375,66156.7759,1742849401,40156.7759,SQS
67e1c5d2771d074a42d87169,1742849375,66155.8648,1742849401,40155.8648,SQS
67e1c5d2771d074a42d8716e,1742849375,66278.2523,1742849401,40278.2523,SQS
67e1c5d2771d074a42d87183,1742849375,65999.829,1742849401,39999.829,SQS
67e1c5d2771d074a42d87186,1742849375,66509.3966,1742849401,40509.3966,SQS
67e1c5d2771d074a42d871ab,1742849375,65940.3452,1742849401,39940.3452,SQS
67e1c5d2771d074a42d871af,1742849375,66690.0233,1742849401,40690.0233,SQS
67e1c5d2771d074a42d871b2,1742849375,66697.8052,1742849401,40697.8052,SQS
67e1c5d2771d074a42d871b4,1742849375,66701.1025,1742849401,40701.1025,SQS
67e1c5d2771d074a42d871b5,1742849375,66703.6263,1742849401,40703.6263,SQS
67e1c5d2771d074a42d871b6,1742849375,66702.8552,1742849401,40702.8552,SQS
67e1c5d2771d074a42d86fd6,1742849375,61752.2456,1742849400,36752.2456,SQS
67e1c5d5771d074a42d87de2,1742849375,93399.2347,1742849400,68399.2347,SQS
67e1c5d2771d074a42d86fdf,1742849375,61886.3801,1742849400,36886.3801,SQS
67e1c5d2771d074a42d86fe0,1742849375,61883.8706,1742849400,36883.8706,SQS
67e1c5d2771d074a42d86fe1,1742849375,61889.7465,1742849400,36889.7465,SQS
67e1c5d5771d074a42d87df8,1742849375,63549.0382,1742849400,38549.0382,SQS
67e1c5d2771d074a42d86fe3,1742849375,62015.096,1742849400,37015.096,SQS
67e1c5d2771d074a42d86fe4,1742849375,62047.5873,1742849400,37047.5873,SQS
67e1c5d2771d074a42d86fe5,1742849375,62076.5554,1742849400,37076.5554,SQS
67e1c5d2771d074a42d86fe7,1742849375,62111.1088,1742849400,37111.1088,SQS
67e1c5d2771d074a42d86fe8,1742849375,62138.8203,1742849400,37138.8203,SQS
67e1c5d2771d074a42d86fe9,1742849375,62172.1514,1742849400,37172.1514,SQS
67e1c5d2771d074a42d86fea,1742849375,62200.6439,1742849400,37200.6439,SQS
67e1c5d2771d074a42d86feb,1742849375,62109.8478,1742849400,37109.8478,SQS
67e1c5d2771d074a42d86fed,1742849375,62293.6031,1742849400,37293.6031,SQS
67e1c5d2771d074a42d86fef,1742849375,62417.6665,1742849400,37417.6665,SQS
67e1c5d2771d074a42d86ff2,1742849375,62480.4499,1742849400,37480.4499,SQS
67e1c5d2771d074a42d86ff3,1742849375,62451.7006,1742849400,37451.7006,SQS
67e1c5d2771d074a42d86ff4,1742849375,62572.4758,1742849400,37572.4758,SQS
67e1c5d2771d074a42d86ff5,1742849375,62665.4755,1742849400,37665.4755,SQS
67e1c5d2771d074a42d86ff7,1742849375,62668.6686,1742849400,37668.6686,SQS
67e1c5d2771d074a42d86ff8,1742849375,62667.8829,1742849400,37667.8829,SQS
67e1c5d2771d074a42d86ffb,1742849375,62727.5118,1742849400,37727.5118,SQS
67e1c5d2771d074a42d86ffc,1742849375,62759.0963,1742849400,37759.0963,SQS
67e1c5d2771d074a42d86ffd,1742849375,62759.8663,1742849400,37759.8663,SQS
67e1c5d2771d074a42d86ffe,1742849375,62672.7773,1742849400,37672.7773,SQS
67e1c5d2771d074a42d86fff,1742849375,62762.8318,1742849400,37762.8318,SQS
67e1c5d2771d074a42d87001,1742849375,62852.0686,1742849400,37852.0686,SQS
67e1c5d2771d074a42d87002,1742849375,62882.6165,1742849400,37882.6165,SQS
67e1c5d2771d074a42d87003,1742849375,62944.492,1742849400,37944.492,SQS
67e1c5d2771d074a42d87005,1742849375,63068.4858,1742849400,38068.4858,SQS
67e1c5d2771d074a42d87006,1742849375,63037.5699,1742849400,38037.5699,SQS
67e1c5d2771d074a42d87008,1742849375,63099.5931,1742849400,38099.5931,SQS
67e1c5d2771d074a42d8700a,1742849375,63164.8954,1742849400,38164.8954,SQS
67e1c5d2771d074a42d8700c,1742849375,63197.3688,1742849400,38197.3688,SQS
67e1c5d2771d074a42d8700d,1742849375,63199.0836,1742849400,38199.0836,SQS
67e1c5d2771d074a42d8700e,1742849375,63200.9634,1742849400,38200.9634,SQS
67e1c5d2771d074a42d8700f,1742849375,63203.0463,1742849400,38203.0463,SQS
67e1c5d2771d074a42d87010,1742849375,63206.5587,1742849400,38206.5587,SQS
67e1c5d2771d074a42d87011,1742849375,63205.8321,1742849400,38205.8321,SQS
67e1c5d2771d074a42d87012,1742849375,63239.5589,1742849400,38239.5589,SQS
67e1c5d2771d074a42d87013,1742849375,63332.0224,1742849400,38332.0224,SQS
67e1c5d2771d074a42d87014,1742849375,63334.4047,1742849400,38334.4047,SQS
67e1c5d2771d074a42d87015,1742849375,63362.8249,1742849400,38362.8249,SQS
67e1c5d2771d074a42d87016,1742849375,63363.87,1742849400,38363.87,SQS
67e1c5d2771d074a42d87017,1742849375,63367.0639,1742849400,38367.0639,SQS
67e1c5d2771d074a42d87018,1742849375,63367.8692,1742849400,38367.8692,SQS
67e1c5d2771d074a42d87019,1742849375,63370.2914,1742849400,38370.2914,SQS
67e1c5d2771d074a42d8701b,1742849375,63374.4863,1742849400,38374.4863,SQS
67e1c5d2771d074a42d8701c,1742849375,63410.0803,1742849400,38410.0803,SQS
67e1c5d2771d074a42d8701d,1742849375,63410.9458,1742849400,38410.9458,SQS
67e1c5d2771d074a42d8701e,1742849375,63413.1785,1742849400,38413.1785,SQS
67e1c5d2771d074a42d87021,1742849375,63472.0627,1742849400,38472.0627,SQS
67e1c5d2771d074a42d87023,1742849375,63504.4162,1742849400,38504.4162,SQS
67e1c5d2771d074a42d87024,1742849375,63502.2419,1742849400,38502.2419,SQS
67e1c5d2771d074a42d87025,1742849375,63503.5141,1742849400,38503.5141,SQS
67e1c5d2771d074a42d87027,1742849375,63509.0414,1742849400,38509.0414,SQS
67e1c5d2771d074a42d87028,1742849375,63366.2895,1742849400,38366.2895,SQS
67e1c5d2771d074a42d87029,1742849375,63511.5402,1742849400,38511.5402,SQS
67e1c5d2771d074a42d8702a,1742849375,63535.052,1742849400,38535.052,SQS
67e1c5d2771d074a42d8702e,1742849375,63543.295,1742849400,38543.295,SQS
67e1c5d2771d074a42d8702f,1742849375,63544.9267,1742849400,38544.9267,SQS
67e1c5d2771d074a42d87030,1742849375,63546.7324,1742849400,38546.7324,SQS
67e1c5d2771d074a42d87031,1742849375,63550.7823,1742849400,38550.7823,SQS
67e1c5d2771d074a42d87032,1742849375,63551.5044,1742849400,38551.5044,SQS
67e1c5d2771d074a42d87033,1742849375,63553.6642,1742849400,38553.6642,SQS
67e1c5d2771d074a42d87034,1742849375,63550.0429,1742849400,38550.0429,SQS
67e1c5d2771d074a42d87035,1742849375,63555.9829,1742849400,38555.9829,SQS
67e1c5d2771d074a42d87036,1742849375,63579.6912,1742849400,38579.6912,SQS
67e1c5d2771d074a42d87037,1742849375,63581.991,1742849400,38581.991,SQS
67e1c5d2771d074a42d87038,1742849375,63583.5955,1742849400,38583.5955,SQS
67e1c5d2771d074a42d8703a,1742849375,63588.5124,1742849400,38588.5124,SQS
67e1c5d2771d074a42d8703b,1742849375,63585.3278,1742849400,38585.3278,SQS
67e1c5d2771d074a42d8703d,1742849375,63594.0659,1742849400,38594.0659,SQS
67e1c5d2771d074a42d8703e,1742849375,63593.3007,1742849400,38593.3007,SQS
67e1c5d2771d074a42d8703f,1742849375,63626.082,1742849400,38626.082,SQS
67e1c5d2771d074a42d87040,1742849375,63592.5566,1742849400,38592.5566,SQS
67e1c5d2771d074a42d87041,1742849375,63629.3277,1742849400,38629.3277,SQS
67e1c5d2771d074a42d87042,1742849375,63630.9305,1742849400,38630.9305,SQS
67e1c5d2771d074a42d87043,1742849375,63632.3537,1742849400,38632.3537,SQS
67e1c5d2771d074a42d87044,1742849375,63633.8435,1742849400,38633.8435,SQS
67e1c5d2771d074a42d87045,1742849375,63658.5931,1742849400,38658.5931,SQS
67e1c5d2771d074a42d87047,1742849375,63662.9508,1742849400,38662.9508,SQS
67e1c5d2771d074a42d87048,1742849375,63689.365,1742849400,38689.365,SQS
67e1c5d2771d074a42d87049,1742849375,63691.8166,1742849400,38691.8166,SQS
67e1c5d2771d074a42d8704a,1742849375,63720.9359,1742849400,38720.9359,SQS
67e1c5d2771d074a42d8704c,1742849375,63723.2332,1742849400,38723.2332,SQS
67e1c5d2771d074a42d8704d,1742849375,63688.4749,1742849400,38688.4749,SQS
67e1c5d2771d074a42d8704e,1742849375,63751.0978,1742849400,38751.0978,SQS
67e1c5d2771d074a42d8704f,1742849375,63752.9654,1742849400,38752.9654,SQS
67e1c5d2771d074a42d87050,1742849375,63720.2041,1742849400,38720.2041,SQS
67e1c5d2771d074a42d87052,1742849375,63758.3177,1742849400,38758.3177,SQS
67e1c5d2771d074a42d87053,1742849375,63759.1822,1742849400,38759.1822,SQS
67e1c5d2771d074a42d87054,1742849375,63757.4471,1742849400,38757.4471,SQS
67e1c5d2771d074a42d87055,1742849375,63763.3287,1742849400,38763.3287,SQS
67e1c5d2771d074a42d87056,1742849375,63764.304,1742849400,38764.304,SQS
67e1c5d2771d074a42d87057,1742849375,63766.8714,1742849400,38766.8714,SQS
67e1c5d2771d074a42d87058,1742849375,63767.5965,1742849400,38767.5965,SQS
67e1c5d2771d074a42d87059,1742849375,63756.478,1742849400,38756.478,SQS
67e1c5d2771d074a42d8705b,1742849375,63799.7823,1742849400,38799.7823,SQS
67e1c5d2771d074a42d8705d,1742849375,63802.7446,1742849400,38802.7446,SQS
67e1c5d2771d074a42d8705e,1742849375,63805.1814,1742849400,38805.1814,SQS
67e1c5d2771d074a42d87066,1742849375,63817.2511,1742849400,38817.2511,SQS
67e1c5d2771d074a42d87067,1742849375,63818.0161,1742849400,38818.0161,SQS
67e1c5d2771d074a42d8706d,1742849375,63825.1326,1742849400,38825.1326,SQS
67e1c5d2771d074a42d8706f,1742849375,63828.1982,1742849400,38828.1982,SQS
67e1c5d2771d074a42d87072,1742849375,63832.8062,1742849400,38832.8062,SQS
67e1c5d2771d074a42d8707a,1742849375,63844.5099,1742849400,38844.5099,SQS
67e1c5d2771d074a42d8707b,1742849375,63845.3673,1742849400,38845.3673,SQS
67e1c5d2771d074a42d8707c,1742849375,63847.5889,1742849400,38847.5889,SQS
67e1c5d2771d074a42d8707e,1742849375,63852.5354,1742849400,38852.5354,SQS
67e1c5d2771d074a42d8707f,1742849375,63853.3057,1742849400,38853.3057,SQS
67e1c5d2771d074a42d87080,1742849375,63850.782,1742849400,38850.782,SQS
67e1c5d2771d074a42d87081,1742849375,63851.7451,1742849400,38851.7451,SQS
67e1c5d2771d074a42d87082,1742849375,63889.6535,1742849400,38889.6535,SQS
67e1c5d2771d074a42d87083,1742849375,63890.5821,1742849400,38890.5821,SQS
67e1c5d2771d074a42d87084,1742849375,63893.7079,1742849400,38893.7079,SQS
67e1c5d2771d074a42d87085,1742849375,63895.5098,1742849400,38895.5098,SQS
67e1c5d2771d074a42d87086,1742849375,63896.2745,1742849400,38896.2745,SQS
67e1c5d2771d074a42d87087,1742849375,63897.7668,1742849400,38897.7668,SQS
67e1c5d2771d074a42d87088,1742849375,63892.845,1742849400,38892.845,SQS
67e1c5d2771d074a42d87089,1742849375,63900.128,1742849400,38900.128,SQS
67e1c5d2771d074a42d8708a,1742849375,63937.0401,1742849400,38937.0401,SQS
67e1c5d2771d074a42d8708b,1742849375,63936.1864,1742849400,38936.1864,SQS
67e1c5d2771d074a42d8708c,1742849375,63968.2261,1742849400,38968.2261,SQS
67e1c5d2771d074a42d8708d,1742849375,63998.3623,1742849400,38998.3623,SQS
67e1c5d2771d074a42d8708f,1742849375,64005.2137,1742849400,39005.2137,SQS
67e1c5d2771d074a42d87090,1742849375,64030.24,1742849400,39030.24,SQS
67e1c5d2771d074a42d87091,1742849375,64060.1598,1742849400,39060.1598,SQS
67e1c5d2771d074a42d87093,1742849375,64093.8163,1742849400,39093.8163,SQS
67e1c5d2771d074a42d87094,1742849375,64094.6203,1742849400,39094.6203,SQS
67e1c5d2771d074a42d87095,1742849375,63969.0365,1742849400,38969.0365,SQS
67e1c5d2771d074a42d87096,1742849375,64097.6109,1742849400,39097.6109,SQS
67e1c5d2771d074a42d87098,1742849375,64100.7001,1742849400,39100.7001,SQS
67e1c5d2771d074a42d87099,1742849375,63857.6013,1742849400,38857.6013,SQS
67e1c5d2771d074a42d8709a,1742849375,64103.6702,1742849400,39103.6702,SQS
67e1c5d2771d074a42d8709b,1742849375,64104.5113,1742849400,39104.5113,SQS
67e1c5d2771d074a42d8709c,1742849375,64107.5883,1742849400,39107.5883,SQS
67e1c5d2771d074a42d8709d,1742849375,64109.0315,1742849400,39109.0315,SQS
67e1c5d2771d074a42d8709f,1742849375,64113.777,1742849400,39113.777,SQS
67e1c5d2771d074a42d870a1,1742849375,64137.7299,1742849400,39137.7299,SQS
67e1c5d2771d074a42d870a2,1742849375,64142.5765,1742849400,39142.5765,SQS
67e1c5d2771d074a42d870a4,1742849375,64141.8074,1742849400,39141.8074,SQS
67e1c5d2771d074a42d870a5,1742849375,64146.4664,1742849400,39146.4664,SQS
67e1c5d2771d074a42d870a7,1742849375,64140.197,1742849400,39140.197,SQS
67e1c5d2771d074a42d870a8,1742849375,64149.6678,1742849400,39149.6678,SQS
67e1c5d2771d074a42d870aa,1742849375,64186.9789,1742849400,39186.9789,SQS
67e1c5d2771d074a42d870ab,1742849375,64187.8513,1742849400,39187.8513,SQS
67e1c5d2771d074a42d870ac,1742849375,64218.0657,1742849400,39218.0657,SQS
67e1c5d2771d074a42d870ad,1742849375,64218.8707,1742849400,39218.8707,SQS
67e1c5d2771d074a42d870ae,1742849375,64277.6972,1742849400,39277.6972,SQS
67e1c5d2771d074a42d870af,1742849375,64280.4571,1742849400,39280.4571,SQS
67e1c5d2771d074a42d870b0,1742849375,64246.8699,1742849400,39246.8699,SQS
67e1c5d2771d074a42d870b1,1742849375,64282.4656,1742849400,39282.4656,SQS
67e1c5d2771d074a42d870b3,1742849375,64310.5862,1742849400,39310.5862,SQS
67e1c5d2771d074a42d870b4,1742849375,64312.6084,1742849400,39312.6084,SQS
67e1c5d2771d074a42d870b6,1742849375,64316.0185,1742849400,39316.0185,SQS
67e1c5d2771d074a42d870b8,1742849375,64319.2681,1742849400,39319.2681,SQS
67e1c5d2771d074a42d870be,1742849375,64363.5218,1742849400,39363.5218,SQS
67e1c5d2771d074a42d870c0,1742849375,64364.3801,1742849400,39364.3801,SQS
67e1c5d2771d074a42d870c1,1742849375,64368.0451,1742849400,39368.0451,SQS
67e1c5d2771d074a42d870c3,1742849375,64433.369,1742849400,39433.369,SQS
67e1c5d2771d074a42d870c4,1742849375,64436.068,1742849400,39436.068,SQS
67e1c5d2771d074a42d870c5,1742849375,64437.0337,1742849400,39437.0337,SQS
67e1c5d2771d074a42d870cc,1742849375,64533.4213,1742849400,39533.4213,SQS
67e1c5d2771d074a42d87108,1742849375,64571.7353,1742849400,39571.7353,SQS
67e1c5d2771d074a42d87121,1742849375,65266.6529,1742849400,40266.6529,SQS
67e1c5d2771d074a42d87159,1742849375,65906.1595,1742849400,40906.1595,SQS
67e1c5d2771d074a42d8715a,1742849375,65265.8381,1742849400,40265.8381,SQS
67e1c5d2771d074a42d871c1,1742849375,65330.9293,1742849400,40330.9293,SQS
67e1c5d2771d074a42d871c4,1742849375,66746.1727,1742849400,41746.1727,SQS
67e1c5d2771d074a42d86f5f,1742849375,59876.7432,1742849399,35876.7432,SQS
67e1c5d2771d074a42d86f64,1742849375,59909.6602,1742849399,35909.6602,SQS
67e1c5d2771d074a42d86f65,1742849375,59940.1414,1742849399,35940.1414,SQS
67e1c5d2771d074a42d86f66,1742849375,59942.3454,1742849399,35942.3454,SQS
67e1c5d2771d074a42d86f67,1742849375,59944.531,1742849399,35944.531,SQS
67e1c5d2771d074a42d86f68,1742849375,59968.8179,1742849399,35968.8179,SQS
67e1c5d2771d074a42d86f69,1742849375,59969.983,1742849399,35969.983,SQS
67e1c5d2771d074a42d86f6a,1742849375,60002.5566,1742849399,36002.5566,SQS
67e1c5d2771d074a42d86f6c,1742849375,60000.7359,1742849399,36000.7359,SQS
67e1c5d2771d074a42d86f6e,1742849375,60007.5787,1742849399,36007.5787,SQS
67e1c5d2771d074a42d86f73,1742849375,60015.7808,1742849399,36015.7808,SQS
67e1c5d2771d074a42d86f76,1742849375,60047.5623,1742849399,36047.5623,SQS
67e1c5d2771d074a42d86f77,1742849375,60050.2864,1742849399,36050.2864,SQS
67e1c5d2771d074a42d86f79,1742849375,60078.5381,1742849399,36078.5381,SQS
67e1c5d2771d074a42d86f7a,1742849375,60080.3893,1742849399,36080.3893,SQS
67e1c5d2771d074a42d86f7c,1742849375,60083.9225,1742849399,36083.9225,SQS
67e1c5d2771d074a42d86f7d,1742849375,60087.3253,1742849399,36087.3253,SQS
67e1c5d2771d074a42d86f80,1742849375,60134.6239,1742849399,36134.6239,SQS
67e1c5d2771d074a42d86f82,1742849375,60139.6416,1742849399,36139.6416,SQS
67e1c5d2771d074a42d86f83,1742849375,60171.3007,1742849399,36171.3007,SQS
67e1c5d2771d074a42d86f84,1742849375,60201.0846,1742849399,36201.0846,SQS
67e1c5d2771d074a42d86f85,1742849375,60202.8877,1742849399,36202.8877,SQS
67e1c5d2771d074a42d86f86,1742849375,60232.973,1742849399,36232.973,SQS
67e1c5d2771d074a42d86f87,1742849375,60235.4817,1742849399,36235.4817,SQS
67e1c5d2771d074a42d86f88,1742849375,60262.7416,1742849399,36262.7416,SQS
67e1c5d2771d074a42d86f89,1742849375,60295.403,1742849399,36295.403,SQS
67e1c5d2771d074a42d86f8c,1742849375,60387.8143,1742849399,36387.8143,SQS
67e1c5d2771d074a42d86f8d,1742849375,60448.9778,1742849399,36448.9778,SQS
67e1c5d2771d074a42d86f8e,1742849375,60482.2777,1742849399,36482.2777,SQS
67e1c5d2771d074a42d86f8f,1742849375,60487.8806,1742849399,36487.8806,SQS
67e1c5d2771d074a42d86f90,1742849375,60490.71,1742849399,36490.71,SQS
67e1c5d2771d074a42d86f91,1742849375,60493.1948,1742849399,36493.1948,SQS
67e1c5d2771d074a42d86f92,1742849375,60526.2727,1742849399,36526.2727,SQS
67e1c5d2771d074a42d86f93,1742849375,60325.7652,1742849399,36325.7652,SQS
67e1c5d2771d074a42d86f95,1742849375,60588.7769,1742849399,36588.7769,SQS
67e1c5d2771d074a42d86f96,1742849375,60592.1326,1742849399,36592.1326,SQS
67e1c5d2771d074a42d86f97,1742849375,60594.9937,1742849399,36594.9937,SQS
67e1c5d2771d074a42d86f99,1742849375,60529.4755,1742849399,36529.4755,SQS
67e1c5d2771d074a42d86f9a,1742849375,60599.0712,1742849399,36599.0712,SQS
67e1c5d2771d074a42d86f9b,1742849375,60597.3596,1742849399,36597.3596,SQS
67e1c5d2771d074a42d86f9c,1742849375,60594.1284,1742849399,36594.1284,SQS
67e1c5d2771d074a42d86f9e,1742849375,60201.8437,1742849399,36201.8437,SQS
67e1c5d2771d074a42d86f9f,1742849375,60697.2804,1742849399,36697.2804,SQS
67e1c5d2771d074a42d86fa0,1742849375,60699.9824,1742849399,36699.9824,SQS
67e1c5d2771d074a42d86fa1,1742849375,60701.625,1742849399,36701.625,SQS
67e1c5d2771d074a42d86fa2,1742849375,60703.5032,1742849399,36703.5032,SQS
67e1c5d2771d074a42d86fa3,1742849375,60729.5358,1742849399,36729.5358,SQS
67e1c5d2771d074a42d86fa4,1742849375,60728.7533,1742849399,36728.7533,SQS
67e1c5d2771d074a42d86fa5,1742849375,60731.8752,1742849399,36731.8752,SQS
67e1c5d2771d074a42d86fa7,1742849375,60735.7349,1742849399,36735.7349,SQS
67e1c5d2771d074a42d86fa8,1742849375,60736.5133,1742849399,36736.5133,SQS
67e1c5d2771d074a42d86fa9,1742849375,60734.9601,1742849399,36734.9601,SQS
67e1c5d2771d074a42d86faa,1742849375,60774.5722,1742849399,36774.5722,SQS
67e1c5d2771d074a42d86fab,1742849375,60777.5186,1742849399,36777.5186,SQS
67e1c5d2771d074a42d86fac,1742849375,60783.7019,1742849399,36783.7019,SQS
67e1c5d2771d074a42d86fad,1742849375,60789.2105,1742849399,36789.2105,SQS
67e1c5d2771d074a42d86fae,1742849375,60820.9969,1742849399,36820.9969,SQS
67e1c5d2771d074a42d86faf,1742849375,60948.2227,1742849399,36948.2227,SQS
67e1c5d2771d074a42d86fb0,1742849375,60946.5038,1742849399,36946.5038,SQS
67e1c5d2771d074a42d86fb1,1742849375,60952.9444,1742849399,36952.9444,SQS
67e1c5d2771d074a42d86fb2,1742849375,61007.3239,1742849399,37007.3239,SQS
67e1c5d2771d074a42d86fb3,1742849375,61008.2947,1742849399,37008.2947,SQS
67e1c5d2771d074a42d86fb4,1742849375,61070.2083,1742849399,37070.2083,SQS
67e1c5d2771d074a42d86fb5,1742849375,60917.1505,1742849399,36917.1505,SQS
67e1c5d2771d074a42d86fb6,1742849375,61131.3375,1742849399,37131.3375,SQS
67e1c5d2771d074a42d86fb7,1742849375,61195.0766,1742849399,37195.0766,SQS
67e1c5d2771d074a42d86fb8,1742849375,61198.6636,1742849399,37198.6636,SQS
67e1c5d2771d074a42d86fb9,1742849375,61200.6031,1742849399,37200.6031,SQS
67e1c5d2771d074a42d86fba,1742849375,61209.3256,1742849399,37209.3256,SQS
67e1c5d2771d074a42d86fbb,1742849375,61211.9187,1742849399,37211.9187,SQS
67e1c5d2771d074a42d86fbc,1742849375,61215.5007,1742849399,37215.5007,SQS
67e1c5d2771d074a42d86fbd,1742849375,61219.04,1742849399,37219.04,SQS
67e1c5d2771d074a42d86fbe,1742849375,61221.7096,1742849399,37221.7096,SQS
67e1c5d2771d074a42d86fbf,1742849375,61220.2118,1742849399,37220.2118,SQS
67e1c5d2771d074a42d86fc0,1742849375,61210.6029,1742849399,37210.6029,SQS
67e1c5d2771d074a42d86fc1,1742849375,61228.9557,1742849399,37228.9557,SQS
67e1c5d2771d074a42d86fc2,1742849375,61255.1741,1742849399,37255.1741,SQS
67e1c5d2771d074a42d86fc3,1742849375,61318.2139,1742849399,37318.2139,SQS
67e1c5d2771d074a42d86fc4,1742849375,61379.164,1742849399,37379.164,SQS
67e1c5d2771d074a42d86fc5,1742849375,61441.1025,1742849399,37441.1025,SQS
67e1c5d2771d074a42d86fc6,1742849375,61472.5731,1742849399,37472.5731,SQS
67e1c5d5771d074a42d87dc2,1742849375,93166.6033,1742849399,69166.6033,SQS
67e1c5d2771d074a42d86fc7,1742849375,61477.5238,1742849399,37477.5238,SQS
67e1c5d2771d074a42d86fc8,1742849375,61504.0027,1742849399,37504.0027,SQS
67e1c5d2771d074a42d86fc9,1742849375,61504.8116,1742849399,37504.8116,SQS
67e1c5d2771d074a42d86fca,1742849375,61507.5367,1742849399,37507.5367,SQS
67e1c5d2771d074a42d86fcb,1742849375,61508.3768,1742849399,37508.3768,SQS
67e1c5d2771d074a42d86fcc,1742849375,61511.0161,1742849399,37511.0161,SQS
67e1c5d2771d074a42d86fcd,1742849375,61512.0066,1742849399,37512.0066,SQS
67e1c5d2771d074a42d86fce,1742849375,61566.4364,1742849399,37566.4364,SQS
67e1c5d2771d074a42d86fcf,1742849375,61565.4254,1742849399,37565.4254,SQS
67e1c5d2771d074a42d86fd0,1742849375,61503.0929,1742849399,37503.0929,SQS
67e1c5d2771d074a42d86fd1,1742849375,61630.8486,1742849399,37630.8486,SQS
67e1c5d2771d074a42d86fd2,1742849375,61630.1034,1742849399,37630.1034,SQS
67e1c5d2771d074a42d86fd3,1742849375,61658.2948,1742849399,37658.2948,SQS
67e1c5d2771d074a42d86fd4,1742849375,61689.4349,1742849399,37689.4349,SQS
67e1c5d2771d074a42d86fd5,1742849375,61721.0712,1742849399,37721.0712,SQS
67e1c5d2771d074a42d86fd7,1742849375,61782.592,1742849399,37782.592,SQS
67e1c5d2771d074a42d86fd8,1742849375,61597.0764,1742849399,37597.0764,SQS
67e1c5d2771d074a42d86fd9,1742849375,61813.9174,1742849399,37813.9174,SQS
67e1c5d2771d074a42d86fda,1742849375,61876.4454,1742849399,37876.4454,SQS
67e1c5d2771d074a42d86fdb,1742849375,61877.297,1742849399,37877.297,SQS
67e1c5d2771d074a42d86fdc,1742849375,61880.3351,1742849399,37880.3351,SQS
67e1c5d2771d074a42d86fdd,1742849375,61881.1808,1742849399,37881.1808,SQS
67e1c5d2771d074a42d86fde,1742849375,61885.5697,1742849399,37885.5697,SQS
67e1c5d2771d074a42d86fe2,1742849375,61953.1383,1742849399,37953.1383,SQS
67e1c5d5771d074a42d87dfa,1742849375,93525.899,1742849399,69525.899,SQS
67e1c5d2771d074a42d86fe6,1742849375,62078.6066,1742849399,38078.6066,SQS
67e1c5d2771d074a42d86fec,1742849375,62264.565,1742849399,38264.565,SQS
67e1c5d2771d074a42d86fee,1742849375,62294.4734,1742849399,38294.4734,SQS
67e1c5d2771d074a42d86ff0,1742849375,62448.6349,1742849399,38448.6349,SQS
67e1c5d2771d074a42d86ff9,1742849375,62634.4354,1742849399,38634.4354,SQS
67e1c5d2771d074a42d86ffa,1742849375,62696.5685,1742849399,38696.5685,SQS
67e1c5d2771d074a42d87000,1742849375,62790.3124,1742849399,38790.3124,SQS
67e1c5d2771d074a42d87004,1742849375,62764.3495,1742849399,38764.3495,SQS
67e1c5d2771d074a42d87007,1742849375,61884.7396,1742849399,37884.7396,SQS
67e1c5d2771d074a42d87009,1742849375,63130.4956,1742849399,39130.4956,SQS
67e1c5d2771d074a42d8700b,1742849375,63193.2541,1742849399,39193.2541,SQS
67e1c5d2771d074a42d8701a,1742849375,63371.0928,1742849399,39371.0928,SQS
67e1c5d2771d074a42d8701f,1742849375,63441.1879,1742849399,39441.1879,SQS
67e1c5d2771d074a42d87020,1742849375,63471.2603,1742849399,39471.2603,SQS
67e1c5d2771d074a42d87022,1742849375,63475.7466,1742849399,39475.7466,SQS
67e1c5d2771d074a42d87026,1742849375,63508.1431,1742849399,39508.1431,SQS
67e1c5d2771d074a42d8702b,1742849375,63536.5544,1742849399,39536.5544,SQS
67e1c5d2771d074a42d8702c,1742849375,60916.3372,1742849399,36916.3372,SQS
67e1c5d2771d074a42d8702d,1742849375,62046.7898,1742849399,38046.7898,SQS
67e1c5d2771d074a42d87039,1742849375,63587.0405,1742849399,39587.0405,SQS
67e1c5d2771d074a42d8703c,1742849375,63590.1118,1742849399,39590.1118,SQS
67e1c5d2771d074a42d87046,1742849375,63661.2035,1742849399,39661.2035,SQS
67e1c5d2771d074a42d87051,1742849375,63584.406,1742849399,39584.406,SQS
67e1c5d2771d074a42d8705a,1742849375,63796.6525,1742849399,39796.6525,SQS
67e1c5d2771d074a42d8705f,1742849375,63805.8944,1742849399,39805.8944,SQS
67e1c5d2771d074a42d87060,1742849375,60852.7021,1742849399,36852.7021,SQS
67e1c5d2771d074a42d87061,1742849375,63809.0268,1742849399,39809.0268,SQS
67e1c5d2771d074a42d87062,1742849375,60917.9525,1742849399,36917.9525,SQS
67e1c5d2771d074a42d87063,1742849375,60783.6093,1742849399,36783.6093,SQS
67e1c5d2771d074a42d87064,1742849375,63812.4214,1742849399,39812.4214,SQS
67e1c5d2771d074a42d87065,1742849375,63814.8114,1742849399,39814.8114,SQS
67e1c5d2771d074a42d87068,1742849375,63815.6056,1742849399,39815.6056,SQS
67e1c5d2771d074a42d87069,1742849375,60915.4228,1742849399,36915.4228,SQS
67e1c5d2771d074a42d8706a,1742849375,63821.1957,1742849399,39821.1957,SQS
67e1c5d2771d074a42d8706b,1742849375,61038.8367,1742849399,37038.8367,SQS
67e1c5d2771d074a42d8706c,1742849375,63824.3464,1742849399,39824.3464,SQS
67e1c5d2771d074a42d8706e,1742849375,63827.4017,1742849399,39827.4017,SQS
67e1c5d2771d074a42d87070,1742849375,63830.5016,1742849399,39830.5016,SQS
67e1c5d2771d074a42d87071,1742849375,63831.2631,1742849399,39831.2631,SQS
67e1c5d2771d074a42d8707d,1742849375,63848.4005,1742849399,39848.4005,SQS
67e1c5d2771d074a42d8708e,1742849375,64001.6672,1742849399,40001.6672,SQS
67e1c5d2771d074a42d87092,1742849375,64061.0613,1742849399,40061.0613,SQS
67e1c5d2771d074a42d87097,1742849375,64099.8991,1742849399,40099.8991,SQS
67e1c5d2771d074a42d8709e,1742849375,64112.686,1742849399,40112.686,SQS
67e1c5d2771d074a42d870a0,1742849375,64138.5657,1742849399,40138.5657,SQS
67e1c5d2771d074a42d870a3,1742849375,64143.2939,1742849399,40143.2939,SQS
67e1c5d2771d074a42d870a6,1742849375,64147.3473,1742849399,40147.3473,SQS
67e1c5d2771d074a42d870a9,1742849375,64184.693,1742849399,40184.693,SQS
67e1c5d2771d074a42d870b2,1742849375,64308.1908,1742849399,40308.1908,SQS
67e1c5d2771d074a42d870b9,1742849375,64320.8201,1742849399,40320.8201,SQS
67e1c5d2771d074a42d870ba,1742849375,64357.5805,1742849399,40357.5805,SQS
67e1c5d2771d074a42d870bc,1742849375,64360.9358,1742849399,40360.9358,SQS
67e1c5d2771d074a42d870bd,1742849375,64356.6821,1742849399,40356.6821,SQS
67e1c5d2771d074a42d87109,1742849375,64572.5981,1742849399,40572.5981,SQS
67e1c5d2771d074a42d871c5,1742849375,66747.0077,1742849399,42747.0077,SQS
67e1c5d2771d074a42d86ea5,1742849375,57815.6234,1742849398,34815.6234,SQS
67e1c5d2771d074a42d86ea6,1742849375,57819.8351,1742849398,34819.8351,SQS
67e1c5d2771d074a42d86ea7,1742849375,57844.9229,1742849398,34844.9229,SQS
67e1c5d2771d074a42d86ea8,1742849375,57907.2632,1742849398,34907.2632,SQS
67e1c5d2771d074a42d86eaa,1742849375,57939.323,1742849398,34939.323,SQS
67e1c5d2771d074a42d86eab,1742849375,57970.1964,1742849398,34970.1964,SQS
67e1c5d2771d074a42d86ead,1742849375,58000.2293,1742849398,35000.2293,SQS
67e1c5d2771d074a42d86eae,1742849375,58002.7263,1742849398,35002.7263,SQS
67e1c5d2771d074a42d86eaf,1742849375,58004.0019,1742849398,35004.0019,SQS
67e1c5d2771d074a42d86eb0,1742849375,57818.9637,1742849398,34818.9637,SQS
67e1c5d2771d074a42d86eb1,1742849375,58007.3228,1742849398,35007.3228,SQS
67e1c5d2771d074a42d86eb2,1742849375,58032.6607,1742849398,35032.6607,SQS
67e1c5d2771d074a42d86eb3,1742849375,58031.8831,1742849398,35031.8831,SQS
67e1c5d2771d074a42d86eb5,1742849375,58037.4433,1742849398,35037.4433,SQS
67e1c5d2771d074a42d86eb6,1742849375,58038.3072,1742849398,35038.3072,SQS
67e1c5d2771d074a42d86eb8,1742849375,58041.6653,1742849398,35041.6653,SQS
67e1c5d2771d074a42d86eba,1742849375,58045.0845,1742849398,35045.0845,SQS
67e1c5d2771d074a42d86ebb,1742849375,58108.6028,1742849398,35108.6028,SQS
67e1c5d2771d074a42d86ebc,1742849375,58109.3557,1742849398,35109.3557,SQS
67e1c5d2771d074a42d86ebd,1742849375,58140.7516,1742849398,35140.7516,SQS
67e1c5d2771d074a42d86ebe,1742849375,58143.3235,1742849398,35143.3235,SQS
67e1c5d2771d074a42d86ebf,1742849375,58142.5489,1742849398,35142.5489,SQS
67e1c5d2771d074a42d86ec0,1742849375,58232.4863,1742849398,35232.4863,SQS
67e1c5d2771d074a42d86ec1,1742849375,58240.4515,1742849398,35240.4515,SQS
67e1c5d2771d074a42d86ec2,1742849375,58242.0209,1742849398,35242.0209,SQS
67e1c5d2771d074a42d86ec3,1742849375,58238.8655,1742849398,35238.8655,SQS
67e1c5d2771d074a42d86ec4,1742849375,58243.6185,1742849398,35243.6185,SQS
67e1c5d2771d074a42d86ec5,1742849375,58245.8837,1742849398,35245.8837,SQS
67e1c5d2771d074a42d86ec6,1742849375,58246.6154,1742849398,35246.6154,SQS
67e1c5d2771d074a42d86ec7,1742849375,58239.6358,1742849398,35239.6358,SQS
67e1c5d2771d074a42d86ec8,1742849375,58251.3358,1742849398,35251.3358,SQS
67e1c5d2771d074a42d86ec9,1742849375,58251.9864,1742849398,35251.9864,SQS
67e1c5d2771d074a42d86eca,1742849375,58254.5571,1742849398,35254.5571,SQS
67e1c5d2771d074a42d86ecb,1742849375,58255.2863,1742849398,35255.2863,SQS
67e1c5d2771d074a42d86ecc,1742849375,58258.254,1742849398,35258.254,SQS
67e1c5d2771d074a42d86ecd,1742849375,58258.9917,1742849398,35258.9917,SQS
67e1c5d2771d074a42d86ece,1742849375,58263.6353,1742849398,35263.6353,SQS
67e1c5d2771d074a42d86ecf,1742849375,58265.131,1742849398,35265.131,SQS
67e1c5d2771d074a42d86ed0,1742849375,58269.387,1742849398,35269.387,SQS
67e1c5d2771d074a42d86ed1,1742849375,58294.7025,1742849398,35294.7025,SQS
67e1c5d2771d074a42d86ed2,1742849375,58262.3721,1742849398,35262.3721,SQS
67e1c5d2771d074a42d86ed4,1742849375,58249.5578,1742849398,35249.5578,SQS
67e1c5d2771d074a42d86ed5,1742849375,58250.5927,1742849398,35250.5927,SQS
67e1c5d2771d074a42d86ed6,1742849375,58302.4236,1742849398,35302.4236,SQS
67e1c5d2771d074a42d86ed7,1742849375,58303.2732,1742849398,35303.2732,SQS
67e1c5d2771d074a42d86edc,1742849375,58310.5617,1742849398,35310.5617,SQS
67e1c5d2771d074a42d86ede,1742849375,58373.3797,1742849398,35373.3797,SQS
67e1c5d2771d074a42d86edf,1742849375,58376.8599,1742849398,35376.8599,SQS
67e1c5d2771d074a42d86ee0,1742849375,58404.0138,1742849398,35404.0138,SQS
67e1c5d2771d074a42d86ee1,1742849375,58404.7216,1742849398,35404.7216,SQS
67e1c5d2771d074a42d86ee2,1742849375,58406.0537,1742849398,35406.0537,SQS
67e1c5d2771d074a42d86ee3,1742849375,58409.529,1742849398,35409.529,SQS
67e1c5d2771d074a42d86ee4,1742849375,58410.3118,1742849398,35410.3118,SQS
67e1c5d2771d074a42d86ee5,1742849375,58412.505,1742849398,35412.505,SQS
67e1c5d2771d074a42d86ee6,1742849375,58413.2997,1742849398,35413.2997,SQS
67e1c5d2771d074a42d86ee7,1742849375,58416.813,1742849398,35416.813,SQS
67e1c5d2771d074a42d86ee8,1742849375,58403.2198,1742849398,35403.2198,SQS
67e1c5d2771d074a42d86ee9,1742849375,58449.701,1742849398,35449.701,SQS
67e1c5d2771d074a42d86eea,1742849375,58416.0948,1742849398,35416.0948,SQS
67e1c5d2771d074a42d86eeb,1742849375,58452.7741,1742849398,35452.7741,SQS
67e1c5d2771d074a42d86eec,1742849375,58454.2192,1742849398,35454.2192,SQS
67e1c5d2771d074a42d86eed,1742849375,58454.9639,1742849398,35454.9639,SQS
67e1c5d2771d074a42d86eee,1742849375,58457.3572,1742849398,35457.3572,SQS
67e1c5d2771d074a42d86eef,1742849375,58483.2698,1742849398,35483.2698,SQS
67e1c5d2771d074a42d86ef0,1742849375,58511.5515,1742849398,35511.5515,SQS
67e1c5d2771d074a42d86ef1,1742849375,58544.117,1742849398,35544.117,SQS
67e1c5d2771d074a42d86ef2,1742849375,58543.363,1742849398,35543.363,SQS
67e1c5d2771d074a42d86ef3,1742849375,58458.0987,1742849398,35458.0987,SQS
67e1c5d2771d074a42d86ef4,1742849375,58548.4187,1742849398,35548.4187,SQS
67e1c5d2771d074a42d86ef5,1742849375,58550.4233,1742849398,35550.4233,SQS
67e1c5d2771d074a42d86ef6,1742849375,58482.3542,1742849398,35482.3542,SQS
67e1c5d2771d074a42d86ef7,1742849375,58553.666,1742849398,35553.666,SQS
67e1c5d2771d074a42d86ef8,1742849375,58555.3146,1742849398,35555.3146,SQS
67e1c5d2771d074a42d86ef9,1742849375,58556.0831,1742849398,35556.0831,SQS
67e1c5d2771d074a42d86efb,1742849375,58558.6125,1742849398,35558.6125,SQS
67e1c5d2771d074a42d86efc,1742849375,58561.1627,1742849398,35561.1627,SQS
67e1c5d2771d074a42d86f09,1742849375,58581.5,1742849398,35581.5,SQS
67e1c5d2771d074a42d86f0a,1742849375,58635.6458,1742849398,35635.6458,SQS
67e1c5d2771d074a42d86f0b,1742849375,58667.5672,1742849398,35667.5672,SQS
67e1c5d2771d074a42d86f0c,1742849375,58699.882,1742849398,35699.882,SQS
67e1c5d2771d074a42d86f0d,1742849375,58701.4461,1742849398,35701.4461,SQS
67e1c5d2771d074a42d86f0e,1742849375,58703.3265,1742849398,35703.3265,SQS
67e1c5d2771d074a42d86f0f,1742849375,58605.8076,1742849398,35605.8076,SQS
67e1c5d2771d074a42d86f10,1742849375,58728.5506,1742849398,35728.5506,SQS
67e1c5d2771d074a42d86f11,1742849375,58761.6179,1742849398,35761.6179,SQS
67e1c5d2771d074a42d86f12,1742849375,58790.846,1742849398,35790.846,SQS
67e1c5d2771d074a42d86f13,1742849375,58792.9206,1742849398,35792.9206,SQS
67e1c5d2771d074a42d86f14,1742849375,58797.3741,1742849398,35797.3741,SQS
67e1c5d2771d074a42d86f15,1742849375,58821.6173,1742849398,35821.6173,SQS
67e1c5d2771d074a42d86f16,1742849375,58852.736,1742849398,35852.736,SQS
67e1c5d2771d074a42d86f17,1742849375,58854.6962,1742849398,35854.6962,SQS
67e1c5d2771d074a42d86f18,1742849375,58914.6808,1742849398,35914.6808,SQS
67e1c5d2771d074a42d86f19,1742849375,58731.0866,1742849398,35731.0866,SQS
67e1c5d2771d074a42d86f1a,1742849375,58945.6664,1742849398,35945.6664,SQS
67e1c5d2771d074a42d86f1b,1742849375,58976.7366,1742849398,35976.7366,SQS
67e1c5d2771d074a42d86f1c,1742849375,59008.8164,1742849398,36008.8164,SQS
67e1c5d2771d074a42d86f1d,1742849375,59012.1673,1742849398,36012.1673,SQS
67e1c5d2771d074a42d86f1e,1742849375,59038.642,1742849398,36038.642,SQS
67e1c5d2771d074a42d86f1f,1742849375,59041.0062,1742849398,36041.0062,SQS
67e1c5d2771d074a42d86f20,1742849375,59041.7907,1742849398,36041.7907,SQS
67e1c5d2771d074a42d86f21,1742849375,59070.6338,1742849398,36070.6338,SQS
67e1c5d2771d074a42d86f22,1742849375,59079.2743,1742849398,36079.2743,SQS
67e1c5d2771d074a42d86f23,1742849375,59082.0662,1742849398,36082.0662,SQS
67e1c5d2771d074a42d86f24,1742849375,59084.6913,1742849398,36084.6913,SQS
67e1c5d2771d074a42d86f25,1742849375,59087.1519,1742849398,36087.1519,SQS
67e1c5d2771d074a42d86f26,1742849375,59089.7771,1742849398,36089.7771,SQS
67e1c5d2771d074a42d86f27,1742849375,59116.1307,1742849398,36116.1307,SQS
67e1c5d2771d074a42d86f28,1742849375,59148.3433,1742849398,36148.3433,SQS
67e1c5d2771d074a42d86f29,1742849375,59149.2311,1742849398,36149.2311,SQS
67e1c5d2771d074a42d86f2a,1742849375,59151.8551,1742849398,36151.8551,SQS
67e1c5d2771d074a42d86f2b,1742849375,59153.7011,1742849398,36153.7011,SQS
67e1c5d2771d074a42d86f2c,1742849375,59156.1068,1742849398,36156.1068,SQS
67e1c5d2771d074a42d86f2d,1742849375,59155.3491,1742849398,36155.3491,SQS
67e1c5d2771d074a42d86f2e,1742849375,59147.2044,1742849398,36147.2044,SQS
67e1c5d2771d074a42d86f2f,1742849375,59179.8648,1742849398,36179.8648,SQS
67e1c5d2771d074a42d86f30,1742849375,59182.3095,1742849398,36182.3095,SQS
67e1c5d2771d074a42d86f31,1742849375,59209.1729,1742849398,36209.1729,SQS
67e1c5d2771d074a42d86f32,1742849375,59242.4216,1742849398,36242.4216,SQS
67e1c5d2771d074a42d86f33,1742849375,59244.1714,1742849398,36244.1714,SQS
67e1c5d2771d074a42d86f34,1742849375,59241.6311,1742849398,36241.6311,SQS
67e1c5d2771d074a42d86f35,1742849375,59246.6433,1742849398,36246.6433,SQS
67e1c5d2771d074a42d86f36,1742849375,59272.6341,1742849398,36272.6341,SQS
67e1c5d2771d074a42d86f37,1742849375,59303.5221,1742849398,36303.5221,SQS
67e1c5d2771d074a42d86f38,1742849375,59333.2091,1742849398,36333.2091,SQS
67e1c5d2771d074a42d86f39,1742849375,59365.7836,1742849398,36365.7836,SQS
67e1c5d2771d074a42d86f3a,1742849375,59367.3965,1742849398,36367.3965,SQS
67e1c5d2771d074a42d86f3b,1742849375,59368.891,1742849398,36368.891,SQS
67e1c5d2771d074a42d86f3c,1742849375,59370.7477,1742849398,36370.7477,SQS
67e1c5d2771d074a42d86f3d,1742849375,59395.3305,1742849398,36395.3305,SQS
67e1c5d2771d074a42d86f3e,1742849375,59427.7154,1742849398,36427.7154,SQS
67e1c5d2771d074a42d86f3f,1742849375,59429.3297,1742849398,36429.3297,SQS
67e1c5d2771d074a42d86f40,1742849375,59271.3378,1742849398,36271.3378,SQS
67e1c5d2771d074a42d86f41,1742849375,59430.9613,1742849398,36430.9613,SQS
67e1c5d2771d074a42d86f42,1742849375,59435.3026,1742849398,36435.3026,SQS
67e1c5d2771d074a42d86f44,1742849375,59473.453,1742849398,36473.453,SQS
67e1c5d2771d074a42d86f45,1742849375,59475.7336,1742849398,36475.7336,SQS
67e1c5d2771d074a42d86f46,1742849375,59476.4768,1742849398,36476.4768,SQS
67e1c5d2771d074a42d86f47,1742849375,59433.4157,1742849398,36433.4157,SQS
67e1c5d2771d074a42d86f48,1742849375,59479.9765,1742849398,36479.9765,SQS
67e1c5d2771d074a42d86f49,1742849375,59534.8092,1742849398,36534.8092,SQS
67e1c5d2771d074a42d86f4a,1742849375,59568.4492,1742849398,36568.4492,SQS
67e1c5d2771d074a42d86f4b,1742849375,59567.614,1742849398,36567.614,SQS
67e1c5d2771d074a42d86f4c,1742849375,59572.9061,1742849398,36572.9061,SQS
67e1c5d2771d074a42d86f4d,1742849375,59596.7151,1742849398,36596.7151,SQS
67e1c5d2771d074a42d86f4e,1742849375,59600.0309,1742849398,36600.0309,SQS
67e1c5d2771d074a42d86f4f,1742849375,59602.0262,1742849398,36602.0262,SQS
67e1c5d2771d074a42d86f50,1742849375,59604.0317,1742849398,36604.0317,SQS
67e1c5d2771d074a42d86f51,1742849375,59606.7932,1742849398,36606.7932,SQS
67e1c5d2771d074a42d86f52,1742849375,59628.6013,1742849398,36628.6013,SQS
67e1c5d2771d074a42d86f53,1742849375,59658.8004,1742849398,36658.8004,SQS
67e1c5d2771d074a42d86f54,1742849375,59660.7356,1742849398,36660.7356,SQS
67e1c5d2771d074a42d86f55,1742849375,59662.3152,1742849398,36662.3152,SQS
67e1c5d2771d074a42d86f56,1742849375,59691.0909,1742849398,36691.0909,SQS
67e1c5d2771d074a42d86f57,1742849375,59434.3129,1742849398,36434.3129,SQS
67e1c5d2771d074a42d86f58,1742849375,59156.8857,1742849398,36156.8857,SQS
67e1c5d2771d074a42d86f59,1742849375,59751.7744,1742849398,36751.7744,SQS
67e1c5d2771d074a42d86f5a,1742849375,59814.2067,1742849398,36814.2067,SQS
67e1c5d2771d074a42d86f5b,1742849375,59846.4834,1742849398,36846.4834,SQS
67e1c5d2771d074a42d86f5c,1742849375,59848.2143,1742849398,36848.2143,SQS
67e1c5d2771d074a42d86f5d,1742849375,59850.9191,1742849398,36850.9191,SQS
67e1c5d2771d074a42d86f5e,1742849375,59850.1433,1742849398,36850.1433,SQS
67e1c5d2771d074a42d86f60,1742849375,59879.2135,1742849398,36879.2135,SQS
67e1c5d2771d074a42d86f61,1742849375,59880.8617,1742849398,36880.8617,SQS
67e1c5d2771d074a42d86f62,1742849375,59816.0073,1742849398,36816.0073,SQS
67e1c5d2771d074a42d86f63,1742849375,59878.4239,1742849398,36878.4239,SQS
67e1c5d2771d074a42d86f6b,1742849375,60003.4958,1742849398,37003.4958,SQS
67e1c5d2771d074a42d86f6d,1742849375,60006.7341,1742849398,37006.7341,SQS
67e1c5d2771d074a42d86f6f,1742849375,60010.0307,1742849398,37010.0307,SQS
67e1c5d2771d074a42d86f70,1742849375,60010.8505,1742849398,37010.8505,SQS
67e1c5d2771d074a42d86f71,1742849375,60013.1919,1742849398,37013.1919,SQS
67e1c5d2771d074a42d86f72,1742849375,60013.9897,1742849398,37013.9897,SQS
67e1c5d2771d074a42d86f74,1742849375,58704.1235,1742849398,35704.1235,SQS
67e1c5d2771d074a42d86f75,1742849375,60018.311,1742849398,37018.311,SQS
67e1c5d2771d074a42d86f78,1742849375,60049.2746,1742849398,37049.2746,SQS
67e1c5d2771d074a42d86f7b,1742849375,60083.0407,1742849398,37083.0407,SQS
67e1c5d2771d074a42d86f7e,1742849375,60129.1638,1742849398,37129.1638,SQS
67e1c5d2771d074a42d86f7f,1742849375,60131.168,1742849398,37131.168,SQS
67e1c5d2771d074a42d86f81,1742849375,60137.3599,1742849398,37137.3599,SQS
67e1c5d2771d074a42d86f8a,1742849375,60356.7693,1742849398,37356.7693,SQS
67e1c5d2771d074a42d86f8b,1742849375,60387.5695,1742849398,37387.5695,SQS
67e1c5d2771d074a42d86f94,1742849375,60417.7395,1742849398,37417.7395,SQS
67e1c5d2771d074a42d86f98,1742849375,60528.7458,1742849398,37528.7458,SQS
67e1c5d2771d074a42d86f9d,1742849375,60666.8426,1742849398,37666.8426,SQS
67e1c5d2771d074a42d86fa6,1742849375,60732.687,1742849398,37732.687,SQS
67e1c5d2771d074a42d87073,1742849375,59011.2328,1742849398,36011.2328,SQS
67e1c5d2771d074a42d87074,1742849375,63835.042,1742849398,40835.042,SQS
67e1c5d2771d074a42d87075,1742849375,63837.3718,1742849398,40837.3718,SQS
67e1c5d2771d074a42d86dff,1742849375,55774.7812,1742849397,33774.7812,SQS
67e1c5d2771d074a42d86e01,1742849375,55800.7192,1742849397,33800.7192,SQS
67e1c5d2771d074a42d86e02,1742849375,55799.7996,1742849397,33799.7996,SQS
67e1c5d2771d074a42d86e06,1742849375,55866.6307,1742849397,33866.6307,SQS
67e1c5d2771d074a42d86e09,1742849375,55955.5921,1742849397,33955.5921,SQS
67e1c5d2771d074a42d86e0a,1742849375,55957.4678,1742849397,33957.4678,SQS
67e1c5d2771d074a42d86e0c,1742849375,55992.576,1742849397,33992.576,SQS
67e1c5d2771d074a42d86e0d,1742849375,56022.0903,1742849397,34022.0903,SQS
67e1c5d2771d074a42d86e0e,1742849375,56020.0248,1742849397,34020.0248,SQS
67e1c5d2771d074a42d86e10,1742849375,56047.5626,1742849397,34047.5626,SQS
67e1c5d2771d074a42d86e11,1742849375,56050.4487,1742849397,34050.4487,SQS
67e1c5d2771d074a42d86e12,1742849375,56053.1245,1742849397,34053.1245,SQS
67e1c5d2771d074a42d86e13,1742849375,56054.0224,1742849397,34054.0224,SQS
67e1c5d2771d074a42d86e14,1742849375,56080.7452,1742849397,34080.7452,SQS
67e1c5d2771d074a42d86e15,1742849375,56078.4734,1742849397,34078.4734,SQS
67e1c5d2771d074a42d86e17,1742849375,56083.1869,1742849397,34083.1869,SQS
67e1c5d2771d074a42d86e19,1742849375,56110.9472,1742849397,34110.9472,SQS
67e1c5d2771d074a42d86e1a,1742849375,56112.6116,1742849397,34112.6116,SQS
67e1c5d2771d074a42d86e1b,1742849375,56115.2455,1742849397,34115.2455,SQS
67e1c5d2771d074a42d86e1c,1742849375,56116.0899,1742849397,34116.0899,SQS
67e1c5d2771d074a42d86e1d,1742849375,56119.2024,1742849397,34119.2024,SQS
67e1c5d2771d074a42d86e1f,1742849375,56121.8866,1742849397,34121.8866,SQS
67e1c5d2771d074a42d86e20,1742849375,56120.2206,1742849397,34120.2206,SQS
67e1c5d2771d074a42d86e21,1742849375,56157.6099,1742849397,34157.6099,SQS
67e1c5d2771d074a42d86e24,1742849375,56161.6912,1742849397,34161.6912,SQS
67e1c5d2771d074a42d86e25,1742849375,56163.2688,1742849397,34163.2688,SQS
67e1c5d2771d074a42d86e28,1742849375,56168.7702,1742849397,34168.7702,SQS
67e1c5d2771d074a42d86e29,1742849375,56169.5451,1742849397,34169.5451,SQS
67e1c5d2771d074a42d86e2c,1742849375,56233.964,1742849397,34233.964,SQS
67e1c5d2771d074a42d86e2d,1742849375,56326.6417,1742849397,34326.6417,SQS
67e1c5d2771d074a42d86e2e,1742849375,56389.636,1742849397,34389.636,SQS
67e1c5d2771d074a42d86e2f,1742849375,56391.8708,1742849397,34391.8708,SQS
67e1c5d2771d074a42d86e30,1742849375,56393.4703,1742849397,34393.4703,SQS
67e1c5d2771d074a42d86e31,1742849375,56388.7695,1742849397,34388.7695,SQS
67e1c5d2771d074a42d86e32,1742849375,56421.9055,1742849397,34421.9055,SQS
67e1c5d2771d074a42d86e33,1742849375,56297.1935,1742849397,34297.1935,SQS
67e1c5d2771d074a42d86e34,1742849375,56484.5456,1742849397,34484.5456,SQS
67e1c5d2771d074a42d86e35,1742849375,56484.2323,1742849397,34484.2323,SQS
67e1c5d2771d074a42d86e36,1742849375,56516.5719,1742849397,34516.5719,SQS
67e1c5d2771d074a42d86e37,1742849375,56519.4001,1742849397,34519.4001,SQS
67e1c5d2771d074a42d86e38,1742849375,56543.4906,1742849397,34543.4906,SQS
67e1c5d2771d074a42d86e39,1742849375,56296.3905,1742849397,34296.3905,SQS
67e1c5d2771d074a42d86e3a,1742849375,56264.6067,1742849397,34264.6067,SQS
67e1c5d2771d074a42d86e3b,1742849375,56605.473,1742849397,34605.473,SQS
67e1c5d2771d074a42d86e3c,1742849375,56574.4297,1742849397,34574.4297,SQS
67e1c5d2771d074a42d86e3d,1742849375,56608.2978,1742849397,34608.2978,SQS
67e1c5d2771d074a42d86e3e,1742849375,56609.0954,1742849397,34609.0954,SQS
67e1c5d2771d074a42d86e3f,1742849375,56731.3225,1742849397,34731.3225,SQS
67e1c5d2771d074a42d86e40,1742849375,56730.5462,1742849397,34730.5462,SQS
67e1c5d2771d074a42d86e41,1742849375,56668.7019,1742849397,34668.7019,SQS
67e1c5d2771d074a42d86e42,1742849375,56737.1832,1742849397,34737.1832,SQS
67e1c5d2771d074a42d86e43,1742849375,56735.6374,1742849397,34735.6374,SQS
67e1c5d2771d074a42d86e44,1742849375,56736.4188,1742849397,34736.4188,SQS
67e1c5d2771d074a42d86e45,1742849375,56740.1664,1742849397,34740.1664,SQS
67e1c5d2771d074a42d86e46,1742849375,56741.7341,1742849397,34741.7341,SQS
67e1c5d2771d074a42d86e47,1742849375,56742.5016,1742849397,34742.5016,SQS
67e1c5d2771d074a42d86e48,1742849375,56745.6354,1742849397,34745.6354,SQS
67e1c5d2771d074a42d86e49,1742849375,56744.7819,1742849397,34744.7819,SQS
67e1c5d2771d074a42d86e4a,1742849375,56747.9825,1742849397,34747.9825,SQS
67e1c5d2771d074a42d86e4b,1742849375,56749.6097,1742849397,34749.6097,SQS
67e1c5d2771d074a42d86e4c,1742849375,56750.4113,1742849397,34750.4113,SQS
67e1c5d2771d074a42d86e4d,1742849375,56752.743,1742849397,34752.743,SQS
67e1c5d2771d074a42d86e4e,1742849375,56481.6553,1742849397,34481.6553,SQS
67e1c5d2771d074a42d86e4f,1742849375,56754.3805,1742849397,34754.3805,SQS
67e1c5d2771d074a42d86e50,1742849375,56729.4569,1742849397,34729.4569,SQS
67e1c5d2771d074a42d86e51,1742849375,56757.556,1742849397,34757.556,SQS
67e1c5d2771d074a42d86e52,1742849375,56758.3333,1742849397,34758.3333,SQS
67e1c5d2771d074a42d86e53,1742849375,56760.7976,1742849397,34760.7976,SQS
67e1c5d2771d074a42d86e54,1742849375,56762.4068,1742849397,34762.4068,SQS
67e1c5d2771d074a42d86e55,1742849375,56763.2028,1742849397,34763.2028,SQS
67e1c5d2771d074a42d86e56,1742849375,56765.5968,1742849397,34765.5968,SQS
67e1c5d2771d074a42d86e57,1742849375,56791.2184,1742849397,34791.2184,SQS
67e1c5d2771d074a42d86e59,1742849375,56888.4729,1742849397,34888.4729,SQS
67e1c5d2771d074a42d86e5a,1742849375,56916.2185,1742849397,34916.2185,SQS
67e1c5d2771d074a42d86e5b,1742849375,56918.9328,1742849397,34918.9328,SQS
67e1c5d2771d074a42d86e5c,1742849375,56977.8391,1742849397,34977.8391,SQS
67e1c5d2771d074a42d86e5d,1742849375,57008.1901,1742849397,35008.1901,SQS
67e1c5d2771d074a42d86e5e,1742849375,56946.9927,1742849397,34946.9927,SQS
67e1c5d2771d074a42d86e5f,1742849375,56920.3648,1742849397,34920.3648,SQS
67e1c5d2771d074a42d86e60,1742849375,56976.9043,1742849397,34976.9043,SQS
67e1c5d2771d074a42d86e61,1742849375,56918.1822,1742849397,34918.1822,SQS
67e1c5d2771d074a42d86e62,1742849375,57101.6269,1742849397,35101.6269,SQS
67e1c5d2771d074a42d86e63,1742849375,57102.0534,1742849397,35102.0534,SQS
67e1c5d2771d074a42d86e64,1742849375,57105.8976,1742849397,35105.8976,SQS
67e1c5d2771d074a42d86e65,1742849375,57132.7409,1742849397,35132.7409,SQS
67e1c5d2771d074a42d86e66,1742849375,57133.6909,1742849397,35133.6909,SQS
67e1c5d2771d074a42d86e67,1742849375,57136.2514,1742849397,35136.2514,SQS
67e1c5d2771d074a42d86e68,1742849375,57137.2016,1742849397,35137.2016,SQS
67e1c5d4771d074a42d87b08,1742849375,88071.6303,1742849397,66071.6303,SQS
67e1c5d2771d074a42d86e69,1742849375,57072.2163,1742849397,35072.2163,SQS
67e1c5d4771d074a42d87b09,1742849375,88073.8349,1742849397,66073.8349,SQS
67e1c5d2771d074a42d86e6a,1742849375,57163.6242,1742849397,35163.6242,SQS
67e1c5d2771d074a42d86e6b,1742849375,57166.1558,1742849397,35166.1558,SQS
67e1c5d2771d074a42d86e6c,1742849375,57166.9873,1742849397,35166.9873,SQS
67e1c5d2771d074a42d86e6d,1742849375,57169.4897,1742849397,35169.4897,SQS
67e1c5d2771d074a42d86e6e,1742849375,57170.3792,1742849397,35170.3792,SQS
67e1c5d2771d074a42d86e6f,1742849375,57172.8689,1742849397,35172.8689,SQS
67e1c5d2771d074a42d86e70,1742849375,57173.7809,1742849397,35173.7809,SQS
67e1c5d2771d074a42d86e71,1742849375,57131.8238,1742849397,35131.8238,SQS
67e1c5d2771d074a42d86e72,1742849375,57177.0098,1742849397,35177.0098,SQS
67e1c5d4771d074a42d87b1a,1742849375,88104.5998,1742849397,66104.5998,SQS
67e1c5d2771d074a42d86e73,1742849375,57177.8742,1742849397,35177.8742,SQS
67e1c5d2771d074a42d86e74,1742849375,57210.3163,1742849397,35210.3163,SQS
67e1c5d2771d074a42d86e75,1742849375,57242.3216,1742849397,35242.3216,SQS
67e1c5d2771d074a42d86e76,1742849375,57243.1187,1742849397,35243.1187,SQS
67e1c5d2771d074a42d86e77,1742849375,57241.4815,1742849397,35241.4815,SQS
67e1c5d2771d074a42d86e78,1742849375,57245.7377,1742849397,35245.7377,SQS
67e1c5d2771d074a42d86e79,1742849375,57248.2337,1742849397,35248.2337,SQS
67e1c5d2771d074a42d86e7a,1742849375,57249.0955,1742849397,35249.0955,SQS
67e1c5d2771d074a42d86e7b,1742849375,57288.6609,1742849397,35288.6609,SQS
67e1c5d2771d074a42d86e7c,1742849375,57318.5371,1742849397,35318.5371,SQS
67e1c5d2771d074a42d86e7d,1742849375,57317.8004,1742849397,35317.8004,SQS
67e1c5d2771d074a42d86e7e,1742849375,57348.8317,1742849397,35348.8317,SQS
67e1c5d2771d074a42d86e7f,1742849375,57411.6175,1742849397,35411.6175,SQS
67e1c5d2771d074a42d86e80,1742849375,57410.8447,1742849397,35410.8447,SQS
67e1c5d2771d074a42d86e81,1742849375,57414.3526,1742849397,35414.3526,SQS
67e1c5d2771d074a42d86e82,1742849375,57349.716,1742849397,35349.716,SQS
67e1c5d2771d074a42d86e83,1742849375,57442.5612,1742849397,35442.5612,SQS
67e1c5d2771d074a42d86e84,1742849375,57476.0153,1742849397,35476.0153,SQS
67e1c5d2771d074a42d86e85,1742849375,57505.957,1742849397,35505.957,SQS
67e1c5d2771d074a42d86e86,1742849375,57536.7482,1742849397,35536.7482,SQS
67e1c5d2771d074a42d86e87,1742849375,57535.9742,1742849397,35535.9742,SQS
67e1c5d4771d074a42d87b45,1742849375,88285.7622,1742849397,66285.7622,SQS
67e1c5d2771d074a42d86e88,1742849375,57566.6779,1742849397,35566.6779,SQS
67e1c5d2771d074a42d86e89,1742849375,57627.8442,1742849397,35627.8442,SQS
67e1c5d2771d074a42d86e8a,1742849375,57631.9096,1742849397,35631.9096,SQS
67e1c5d2771d074a42d86e8b,1742849375,57691.0917,1742849397,35691.0917,SQS
67e1c5d2771d074a42d86e8c,1742849375,57690.089,1742849397,35690.089,SQS
67e1c5d2771d074a42d86e8d,1742849375,57597.8218,1742849397,35597.8218,SQS
67e1c5d2771d074a42d86e8e,1742849375,57753.4981,1742849397,35753.4981,SQS
67e1c5d2771d074a42d86e8f,1742849375,57754.3277,1742849397,35754.3277,SQS
67e1c5d2771d074a42d86e90,1742849375,57756.5888,1742849397,35756.5888,SQS
67e1c5d2771d074a42d86e91,1742849375,57443.308,1742849397,35443.308,SQS
67e1c5d2771d074a42d86e92,1742849375,57758.0331,1742849397,35758.0331,SQS
67e1c5d2771d074a42d86e93,1742849375,57760.2213,1742849397,35760.2213,SQS
67e1c5d2771d074a42d86e94,1742849375,57761.0119,1742849397,35761.0119,SQS
67e1c5d2771d074a42d86e95,1742849375,57763.2194,1742849397,35763.2194,SQS
67e1c5d2771d074a42d86e96,1742849375,57764.005,1742849397,35764.005,SQS
67e1c5d2771d074a42d86e97,1742849375,57721.8604,1742849397,35721.8604,SQS
67e1c5d2771d074a42d86e98,1742849375,57381.9873,1742849397,35381.9873,SQS
67e1c5d2771d074a42d86e99,1742849375,57766.9975,1742849397,35766.9975,SQS
67e1c5d2771d074a42d86e9a,1742849375,57769.2655,1742849397,35769.2655,SQS
67e1c5d2771d074a42d86e9b,1742849375,57770.0685,1742849397,35770.0685,SQS
67e1c5d2771d074a42d86e9c,1742849375,57800.1302,1742849397,35800.1302,SQS
67e1c5d2771d074a42d86e9d,1742849375,57801.7749,1742849397,35801.7749,SQS
67e1c5d2771d074a42d86e9e,1742849375,57802.7887,1742849397,35802.7887,SQS
67e1c5d2771d074a42d86e9f,1742849375,57804.3702,1742849397,35804.3702,SQS
67e1c5d2771d074a42d86ea0,1742849375,57806.7619,1742849397,35806.7619,SQS
67e1c5d2771d074a42d86ea1,1742849375,57809.4722,1742849397,35809.4722,SQS
67e1c5d2771d074a42d86ea2,1742849375,57810.3233,1742849397,35810.3233,SQS
67e1c5d2771d074a42d86ea3,1742849375,57812.9696,1742849397,35812.9696,SQS
67e1c5d2771d074a42d86ea4,1742849375,57814.6119,1742849397,35814.6119,SQS
67e1c5d2771d074a42d86ea9,1742849375,57818.0169,1742849397,35818.0169,SQS
67e1c5d2771d074a42d86eac,1742849375,57971.8815,1742849397,35971.8815,SQS
67e1c5d2771d074a42d86eb4,1742849375,58034.3264,1742849397,36034.3264,SQS
67e1c5d2771d074a42d86eb7,1742849375,58036.7065,1742849397,36036.7065,SQS
67e1c5d2771d074a42d86eb9,1742849375,58042.6434,1742849397,36042.6434,SQS
67e1c5d2771d074a42d86ed8,1742849375,58300.582,1742849397,36300.582,SQS
67e1c5d2771d074a42d86ed9,1742849375,58301.4957,1742849397,36301.4957,SQS
67e1c5d2771d074a42d86eda,1742849375,58307.311,1742849397,36307.311,SQS
67e1c5d2771d074a42d86edb,1742849375,58308.0426,1742849397,36308.0426,SQS
67e1c5d2771d074a42d86edd,1742849375,58311.4611,1742849397,36311.4611,SQS
67e1c5d2771d074a42d86efa,1742849375,58341.175,1742849397,36341.175,SQS
67e1c5d2771d074a42d86efd,1742849375,58561.9502,1742849397,36561.9502,SQS
67e1c5d2771d074a42d86efe,1742849375,57287.8448,1742849397,35287.8448,SQS
67e1c5d2771d074a42d86eff,1742849375,58564.2616,1742849397,36564.2616,SQS
67e1c5d2771d074a42d86f00,1742849375,58566.6261,1742849397,36566.6261,SQS
67e1c5d2771d074a42d86f01,1742849375,58567.404,1742849397,36567.404,SQS
67e1c5d2771d074a42d86f02,1742849375,58569.8075,1742849397,36569.8075,SQS
67e1c5d2771d074a42d86f03,1742849375,58570.6006,1742849397,36570.6006,SQS
67e1c5d2771d074a42d86f04,1742849375,58572.9801,1742849397,36572.9801,SQS
67e1c5d2771d074a42d86f05,1742849375,58574.6461,1742849397,36574.6461,SQS
67e1c5d2771d074a42d86f06,1742849375,58575.511,1742849397,36575.511,SQS
67e1c5d2771d074a42d86f07,1742849375,58577.9573,1742849397,36577.9573,SQS
67e1c5d2771d074a42d86f08,1742849375,58579.7823,1742849397,36579.7823,SQS
67e1c5d5771d074a42d87df5,1742849375,56729.5615,1742849397,34729.5615,SQS
67e1c5d5771d074a42d87df7,1742849375,93522.9225,1742849397,71522.9225,SQS
67e1c5d2771d074a42d87076,1742849375,63838.1513,1742849397,41838.1513,SQS
67e1c5d2771d074a42d87077,1742849375,63840.4164,1742849397,41840.4164,SQS
67e1c5d2771d074a42d87078,1742849375,63841.2238,1742849397,41841.2238,SQS
67e1c5d2771d074a42d86d5e,1742849375,53541.7378,1742849396,32541.7378,SQS
67e1c5d2771d074a42d86d5f,1742849375,53542.5114,1742849396,32542.5114,SQS
67e1c5d2771d074a42d86d61,1742849375,53546.3754,1742849396,32546.3754,SQS
67e1c5d2771d074a42d86d62,1742849375,53584.0221,1742849396,32584.0221,SQS
67e1c5d2771d074a42d86d64,1742849375,53586.1037,1742849396,32586.1037,SQS
67e1c5d2771d074a42d86d65,1742849375,53646.4488,1742849396,32646.4488,SQS
67e1c5d2771d074a42d86d66,1742849375,53647.2529,1742849396,32647.2529,SQS
67e1c5d2771d074a42d86d67,1742849375,53649.8785,1742849396,32649.8785,SQS
67e1c5d2771d074a42d86d68,1742849375,53650.6872,1742849396,32650.6872,SQS
67e1c5d2771d074a42d86d69,1742849375,53675.4517,1742849396,32675.4517,SQS
67e1c5d2771d074a42d86d6a,1742849375,53645.6037,1742849396,32645.6037,SQS
67e1c5d2771d074a42d86d6b,1742849375,53707.6629,1742849396,32707.6629,SQS
67e1c5d2771d074a42d86d6c,1742849375,53644.5719,1742849396,32644.5719,SQS
67e1c5d2771d074a42d86d6d,1742849375,53710.2377,1742849396,32710.2377,SQS
67e1c5d2771d074a42d86d6e,1742849375,53713.2433,1742849396,32713.2433,SQS
67e1c5d2771d074a42d86d6f,1742849375,53540.9294,1742849396,32540.9294,SQS
67e1c5d2771d074a42d86d70,1742849375,53716.2229,1742849396,32716.2229,SQS
67e1c5d2771d074a42d86d71,1742849375,53752.8572,1742849396,32752.8572,SQS
67e1c5d2771d074a42d86d72,1742849375,53817.065,1742849396,32817.065,SQS
67e1c5d2771d074a42d86d73,1742849375,53846.9364,1742849396,32846.9364,SQS
67e1c5d2771d074a42d86d74,1742849375,53818.3449,1742849396,32818.3449,SQS
67e1c5d2771d074a42d86d75,1742849375,53907.9303,1742849396,32907.9303,SQS
67e1c5d2771d074a42d86d76,1742849375,53909.6507,1742849396,32909.6507,SQS
67e1c5d2771d074a42d86d77,1742849375,53848.4832,1742849396,32848.4832,SQS
67e1c5d2771d074a42d86d78,1742849375,53939.7511,1742849396,32939.7511,SQS
67e1c5d2771d074a42d86d79,1742849375,53785.4165,1742849396,32785.4165,SQS
67e1c5d2771d074a42d86d7a,1742849375,53942.5397,1742849396,32942.5397,SQS
67e1c5d2771d074a42d86d7b,1742849375,53946.712,1742849396,32946.712,SQS
67e1c5d2771d074a42d86d7c,1742849375,53945.1827,1742849396,32945.1827,SQS
67e1c5d2771d074a42d86d7d,1742849375,53945.9472,1742849396,32945.9472,SQS
67e1c5d2771d074a42d86d7e,1742849375,53969.8692,1742849396,32969.8692,SQS
67e1c5d2771d074a42d86d7f,1742849375,53944.3933,1742849396,32944.3933,SQS
67e1c5d2771d074a42d86d80,1742849375,53815.7179,1742849396,32815.7179,SQS
67e1c5d2771d074a42d86d81,1742849375,54005.0609,1742849396,33005.0609,SQS
67e1c5d2771d074a42d86d82,1742849375,54006.31,1742849396,33006.31,SQS
67e1c5d2771d074a42d86d83,1742849375,54062.9797,1742849396,33062.9797,SQS
67e1c5d2771d074a42d86d84,1742849375,54063.8228,1742849396,33063.8228,SQS
67e1c5d2771d074a42d86d85,1742849375,54064.7578,1742849396,33064.7578,SQS
67e1c5d2771d074a42d86d86,1742849375,53910.3811,1742849396,32910.3811,SQS
67e1c5d2771d074a42d86d87,1742849375,54069.0241,1742849396,33069.0241,SQS
67e1c5d2771d074a42d86d88,1742849375,54069.9309,1742849396,33069.9309,SQS
67e1c5d2771d074a42d86d89,1742849375,54072.3703,1742849396,33072.3703,SQS
67e1c5d2771d074a42d86d8a,1742849375,54073.1656,1742849396,33073.1656,SQS
67e1c5d2771d074a42d86d8b,1742849375,53718.6112,1742849396,32718.6112,SQS
67e1c5d2771d074a42d86d8c,1742849375,54109.6303,1742849396,33109.6303,SQS
67e1c5d2771d074a42d86d95,1742849375,54180.9577,1742849396,33180.9577,SQS
67e1c5d2771d074a42d86d96,1742849375,54182.5177,1742849396,33182.5177,SQS
67e1c5d2771d074a42d86d97,1742849375,54179.9994,1742849396,33179.9994,SQS
67e1c5d2771d074a42d86d98,1742849375,54220.7084,1742849396,33220.7084,SQS
67e1c5d2771d074a42d86d99,1742849375,54221.5027,1742849396,33221.5027,SQS
67e1c5d2771d074a42d86d9a,1742849375,54223.9928,1742849396,33223.9928,SQS
67e1c5d2771d074a42d86d9b,1742849375,54224.855,1742849396,33224.855,SQS
67e1c5d2771d074a42d86d9c,1742849375,54226.4907,1742849396,33226.4907,SQS
67e1c5d2771d074a42d86d9d,1742849375,54228.8496,1742849396,33228.8496,SQS
67e1c5d2771d074a42d86d9e,1742849375,54232.0035,1742849396,33232.0035,SQS
67e1c5d2771d074a42d86d9f,1742849375,54267.7039,1742849396,33267.7039,SQS
67e1c5d2771d074a42d86da0,1742849375,54296.8181,1742849396,33296.8181,SQS
67e1c5d2771d074a42d86da1,1742849375,54297.7033,1742849396,33297.7033,SQS
67e1c5d2771d074a42d86da2,1742849375,54357.6471,1742849396,33357.6471,SQS
67e1c5d2771d074a42d86da3,1742849375,54388.4892,1742849396,33388.4892,SQS
67e1c5d2771d074a42d86da4,1742849375,54422.6019,1742849396,33422.6019,SQS
67e1c5d2771d074a42d86da5,1742849375,54420.9044,1742849396,33420.9044,SQS
67e1c5d2771d074a42d86da6,1742849375,54452.1003,1742849396,33452.1003,SQS
67e1c5d2771d074a42d86da7,1742849375,54451.2795,1742849396,33451.2795,SQS
67e1c5d2771d074a42d86da8,1742849375,54419.5174,1742849396,33419.5174,SQS
67e1c5d2771d074a42d86da9,1742849375,54230.4533,1742849396,33230.4533,SQS
67e1c5d2771d074a42d86daa,1742849375,54231.234,1742849396,33231.234,SQS
67e1c5d2771d074a42d86dab,1742849375,54512.4893,1742849396,33512.4893,SQS
67e1c5d2771d074a42d86dac,1742849375,54219.8437,1742849396,33219.8437,SQS
67e1c5d2771d074a42d86dad,1742849375,54543.4201,1742849396,33543.4201,SQS
67e1c5d2771d074a42d86dae,1742849375,54575.963,1742849396,33575.963,SQS
67e1c5d2771d074a42d86daf,1742849375,54606.3425,1742849396,33606.3425,SQS
67e1c5d2771d074a42d86db0,1742849375,54605.4856,1742849396,33605.4856,SQS
67e1c5d2771d074a42d86db1,1742849375,54608.9073,1742849396,33608.9073,SQS
67e1c5d2771d074a42d86db2,1742849375,54637.3342,1742849396,33637.3342,SQS
67e1c5d2771d074a42d86db3,1742849375,54668.1837,1742849396,33668.1837,SQS
67e1c5d2771d074a42d86db4,1742849375,54672.4713,1742849396,33672.4713,SQS
67e1c5d2771d074a42d86db5,1742849375,54699.5829,1742849396,33699.5829,SQS
67e1c5d2771d074a42d86db6,1742849375,54730.4368,1742849396,33730.4368,SQS
67e1c5d2771d074a42d86db7,1742849375,54731.2185,1742849396,33731.2185,SQS
67e1c5d2771d074a42d86db8,1742849375,54577.9716,1742849396,33577.9716,SQS
67e1c5d2771d074a42d86db9,1742849375,54734.1957,1742849396,33734.1957,SQS
67e1c5d2771d074a42d86dba,1742849375,54763.2461,1742849396,33763.2461,SQS
67e1c5d2771d074a42d86dbb,1742849375,54764.0535,1742849396,33764.0535,SQS
67e1c5d2771d074a42d86dbc,1742849375,54762.4144,1742849396,33762.4144,SQS
67e1c5d2771d074a42d86dbd,1742849375,54793.5367,1742849396,33793.5367,SQS
67e1c5d2771d074a42d86dbe,1742849375,54854.8043,1742849396,33854.8043,SQS
67e1c5d2771d074a42d86dbf,1742849375,54884.7603,1742849396,33884.7603,SQS
67e1c5d2771d074a42d86dc0,1742849375,54853.8254,1742849396,33853.8254,SQS
67e1c5d2771d074a42d86dc1,1742849375,54917.7868,1742849396,33917.7868,SQS
67e1c5d2771d074a42d86dc2,1742849375,55010.8506,1742849396,34010.8506,SQS
67e1c5d2771d074a42d86dc3,1742849375,55011.7179,1742849396,34011.7179,SQS
67e1c5d2771d074a42d86dc4,1742849375,55040.5032,1742849396,34040.5032,SQS
67e1c5d2771d074a42d86dc5,1742849375,55041.338,1742849396,34041.338,SQS
67e1c5d2771d074a42d86dc6,1742849375,55043.8175,1742849396,34043.8175,SQS
67e1c5d2771d074a42d86dc7,1742849375,55045.6478,1742849396,34045.6478,SQS
67e1c5d2771d074a42d86dc8,1742849375,55048.0807,1742849396,34048.0807,SQS
67e1c5d2771d074a42d86dc9,1742849375,55048.8619,1742849396,34048.8619,SQS
67e1c5d2771d074a42d86dca,1742849375,55047.3434,1742849396,34047.3434,SQS
67e1c5d2771d074a42d86dcb,1742849375,55009.0858,1742849396,34009.0858,SQS
67e1c5d2771d074a42d86dcc,1742849375,55009.9604,1742849396,34009.9604,SQS
67e1c5d2771d074a42d86dcd,1742849375,55054.6255,1742849396,34054.6255,SQS
67e1c5d2771d074a42d86dce,1742849375,55086.2819,1742849396,34086.2819,SQS
67e1c5d2771d074a42d86dcf,1742849375,55053.7877,1742849396,34053.7877,SQS
67e1c5d2771d074a42d86dd0,1742849375,55118.4673,1742849396,34118.4673,SQS
67e1c5d2771d074a42d86dd1,1742849375,55149.1781,1742849396,34149.1781,SQS
67e1c5d2771d074a42d86dd2,1742849375,55149.9981,1742849396,34149.9981,SQS
67e1c5d2771d074a42d86dd3,1742849375,55151.6082,1742849396,34151.6082,SQS
67e1c5d2771d074a42d86dd4,1742849375,55155.0688,1742849396,34155.0688,SQS
67e1c5d2771d074a42d86dd5,1742849375,55155.8446,1742849396,34155.8446,SQS
67e1c5d2771d074a42d86dd6,1742849375,55181.6999,1742849396,34181.6999,SQS
67e1c5d2771d074a42d86dd7,1742849375,55210.353,1742849396,34210.353,SQS
67e1c5d2771d074a42d86dd8,1742849375,55242.0246,1742849396,34242.0246,SQS
67e1c5d2771d074a42d86dd9,1742849375,55242.8392,1742849396,34242.8392,SQS
67e1c5d2771d074a42d86dda,1742849375,55180.1517,1742849396,34180.1517,SQS
67e1c5d2771d074a42d86ddb,1742849375,55154.3073,1742849396,34154.3073,SQS
67e1c5d2771d074a42d86ddc,1742849375,55273.2259,1742849396,34273.2259,SQS
67e1c5d2771d074a42d86ddd,1742849375,55275.2742,1742849396,34275.2742,SQS
67e1c5d2771d074a42d86dde,1742849375,55276.0548,1742849396,34276.0548,SQS
67e1c5d2771d074a42d86ddf,1742849375,54946.7259,1742849396,33946.7259,SQS
67e1c5d2771d074a42d86de0,1742849375,54636.5346,1742849396,33636.5346,SQS
67e1c5d2771d074a42d86de2,1742849375,55305.1031,1742849396,34305.1031,SQS
67e1c5d2771d074a42d86de7,1742849375,55336.0028,1742849396,34336.0028,SQS
67e1c5d2771d074a42d86de9,1742849375,55337.6919,1742849396,34337.6919,SQS
67e1c5d2771d074a42d86dea,1742849375,55369.5015,1742849396,34369.5015,SQS
67e1c5d2771d074a42d86deb,1742849375,55371.7241,1742849396,34371.7241,SQS
67e1c5d2771d074a42d86dec,1742849375,55370.6229,1742849396,34370.6229,SQS
67e1c5d2771d074a42d86ded,1742849375,55367.5831,1742849396,34367.5831,SQS
67e1c5d2771d074a42d86dee,1742849375,55399.3949,1742849396,34399.3949,SQS
67e1c5d2771d074a42d86def,1742849375,55400.3542,1742849396,34400.3542,SQS
67e1c5d2771d074a42d86df0,1742849375,55404.2206,1742849396,34404.2206,SQS
67e1c5d2771d074a42d86df1,1742849375,55403.2345,1742849396,34403.2345,SQS
67e1c5d2771d074a42d86df2,1742849375,55489.8965,1742849396,34489.8965,SQS
67e1c5d2771d074a42d86df3,1742849375,55490.9117,1742849396,34490.9117,SQS
67e1c5d2771d074a42d86df4,1742849375,55551.8679,1742849396,34551.8679,SQS
67e1c5d2771d074a42d86df5,1742849375,55554.3927,1742849396,34554.3927,SQS
67e1c5d2771d074a42d86df6,1742849375,55557.1246,1742849396,34557.1246,SQS
67e1c5d2771d074a42d86df7,1742849375,55556.1717,1742849396,34556.1717,SQS
67e1c5d2771d074a42d86df8,1742849375,55560.6748,1742849396,34560.6748,SQS
67e1c5d2771d074a42d86df9,1742849375,55583.0348,1742849396,34583.0348,SQS
67e1c5d2771d074a42d86dfa,1742849375,55644.9372,1742849396,34644.9372,SQS
67e1c5d2771d074a42d86dfb,1742849375,55678.0245,1742849396,34678.0245,SQS
67e1c5d2771d074a42d86dfc,1742849375,55614.0151,1742849396,34614.0151,SQS
67e1c5d2771d074a42d86dfd,1742849375,55737.8287,1742849396,34737.8287,SQS
67e1c5d2771d074a42d86dfe,1742849375,55771.8458,1742849396,34771.8458,SQS
67e1c5d2771d074a42d86e00,1742849375,55801.932,1742849396,34801.932,SQS
67e1c5d2771d074a42d86e03,1742849375,55830.772,1742849396,34830.772,SQS
67e1c5d2771d074a42d86e04,1742849375,55864.6791,1742849396,34864.6791,SQS
67e1c5d2771d074a42d86e05,1742849375,55863.7474,1742849396,34863.7474,SQS
67e1c5d2771d074a42d86e07,1742849375,55862.433,1742849396,34862.433,SQS
67e1c5d2771d074a42d86e08,1742849375,55738.7776,1742849396,34738.7776,SQS
67e1c5d2771d074a42d86e0b,1742849375,55985.6557,1742849396,34985.6557,SQS
67e1c5d2771d074a42d86e0f,1742849375,55584.1812,1742849396,34584.1812,SQS
67e1c5d2771d074a42d86e16,1742849375,56051.2894,1742849396,35051.2894,SQS
67e1c5d2771d074a42d86e18,1742849375,55458.717,1742849396,34458.717,SQS
67e1c5d2771d074a42d86e1e,1742849375,56111.8029,1742849396,35111.8029,SQS
67e1c5d2771d074a42d86e22,1742849375,55459.6096,1742849396,34459.6096,SQS
67e1c5d2771d074a42d86e23,1742849375,56160.8841,1742849396,35160.8841,SQS
67e1c5d2771d074a42d86e26,1742849375,56165.6017,1742849396,35165.6017,SQS
67e1c5d2771d074a42d86e27,1742849375,56166.392,1742849396,35166.392,SQS
67e1c5d2771d074a42d86e2a,1742849375,56172.0214,1742849396,35172.0214,SQS
67e1c5d2771d074a42d86e2b,1742849375,56172.756,1742849396,35172.756,SQS
67e1c5d2771d074a42d86e58,1742849375,56884.2454,1742849396,35884.2454,SQS
67e1c5d2771d074a42d87079,1742849375,56853.2817,1742849396,35853.2817,SQS
67e1c5d1771d074a42d86c91,1742849375,51647.9796,1742849395,31647.9796,SQS
67e1c5d1771d074a42d86c93,1742849375,51654.3001,1742849395,31654.3001,SQS
67e1c5d1771d074a42d86c95,1742849375,51657.6377,1742849395,31657.6377,SQS
67e1c5d1771d074a42d86c96,1742849375,51694.447,1742849395,31694.447,SQS
67e1c5d1771d074a42d86c9a,1742849375,51757.0477,1742849395,31757.0477,SQS
67e1c5d1771d074a42d86c9d,1742849375,51693.4804,1742849395,31693.4804,SQS
67e1c5d1771d074a42d86c9e,1742849375,51761.8161,1742849395,31761.8161,SQS
67e1c5d1771d074a42d86ca0,1742849375,51764.1452,1742849395,31764.1452,SQS
67e1c5d1771d074a42d86ca3,1742849375,51768.7885,1742849395,31768.7885,SQS
67e1c5d1771d074a42d86ca7,1742849375,51802.9675,1742849395,31802.9675,SQS
67e1c5d1771d074a42d86cac,1742849375,51879.4863,1742849395,31879.4863,SQS
67e1c5d1771d074a42d86cae,1742849375,51909.6981,1742849395,31909.6981,SQS
67e1c5d1771d074a42d86caf,1742849375,51940.8876,1742849395,31940.8876,SQS
67e1c5d1771d074a42d86cb1,1742849375,52003.2635,1742849395,32003.2635,SQS
67e1c5d1771d074a42d86cb2,1742849375,51908.4161,1742849395,31908.4161,SQS
67e1c5d1771d074a42d86cb5,1742849375,52064.2641,1742849395,32064.2641,SQS
67e1c5d1771d074a42d86cb6,1742849375,52096.172,1742849395,32096.172,SQS
67e1c5d1771d074a42d86cb7,1742849375,52128.6025,1742849395,32128.6025,SQS
67e1c5d1771d074a42d86cb8,1742849375,52129.3623,1742849395,32129.3623,SQS
67e1c5d1771d074a42d86cb9,1742849375,52132.0182,1742849395,32132.0182,SQS
67e1c5d1771d074a42d86cba,1742849375,52133.8105,1742849395,32133.8105,SQS
67e1c5d1771d074a42d86cbb,1742849375,52134.758,1742849395,32134.758,SQS
67e1c5d1771d074a42d86cbc,1742849375,52202.7363,1742849395,32202.7363,SQS
67e1c5d1771d074a42d86cbf,1742849375,52241.2665,1742849395,32241.2665,SQS
67e1c5d1771d074a42d86cc0,1742849375,52242.0609,1742849395,32242.0609,SQS
67e1c5d1771d074a42d86cc1,1742849375,52239.116,1742849395,32239.116,SQS
67e1c5d1771d074a42d86cc2,1742849375,52238.0292,1742849395,32238.0292,SQS
67e1c5d1771d074a42d86cc4,1742849375,52240.3499,1742849395,32240.3499,SQS
67e1c5d1771d074a42d86cc5,1742849375,52342.8935,1742849395,32342.8935,SQS
67e1c5d1771d074a42d86cc6,1742849375,52346.0539,1742849395,32346.0539,SQS
67e1c5d1771d074a42d86cc7,1742849375,52346.8549,1742849395,32346.8549,SQS
67e1c5d1771d074a42d86cc8,1742849375,52349.1797,1742849395,32349.1797,SQS
67e1c5d1771d074a42d86cc9,1742849375,52374.1609,1742849395,32374.1609,SQS
67e1c5d1771d074a42d86cca,1742849375,52374.9152,1742849395,32374.9152,SQS
67e1c5d1771d074a42d86ccb,1742849375,52377.4481,1742849395,32377.4481,SQS
67e1c5d1771d074a42d86ccc,1742849375,52384.214,1742849395,32384.214,SQS
67e1c5d1771d074a42d86ccd,1742849375,52419.8317,1742849395,32419.8317,SQS
67e1c5d1771d074a42d86cce,1742849375,52451.4168,1742849395,32451.4168,SQS
67e1c5d1771d074a42d86ccf,1742849375,52380.8411,1742849395,32380.8411,SQS
67e1c5d1771d074a42d86cd0,1742849375,52382.0364,1742849395,32382.0364,SQS
67e1c5d1771d074a42d86cd1,1742849375,52379.1754,1742849395,32379.1754,SQS
67e1c5d1771d074a42d86cd2,1742849375,52383.1082,1742849395,32383.1082,SQS
67e1c5d1771d074a42d86cd3,1742849375,52456.1117,1742849395,32456.1117,SQS
67e1c5d1771d074a42d86cd4,1742849375,52456.8888,1742849395,32456.8888,SQS
67e1c5d1771d074a42d86cd5,1742849375,52345.2116,1742849395,32345.2116,SQS
67e1c5d1771d074a42d86cd6,1742849375,52459.9802,1742849395,32459.9802,SQS
67e1c5d1771d074a42d86cd7,1742849375,52461.0282,1742849395,32461.0282,SQS
67e1c5d1771d074a42d86cd8,1742849375,52530.4366,1742849395,32530.4366,SQS
67e1c5d1771d074a42d86cd9,1742849375,52533.5756,1742849395,32533.5756,SQS
67e1c5d1771d074a42d86cda,1742849375,52532.7063,1742849395,32532.7063,SQS
67e1c5d1771d074a42d86cdb,1742849375,52537.4124,1742849395,32537.4124,SQS
67e1c5d1771d074a42d86cdc,1742849375,52530.8184,1742849395,32530.8184,SQS
67e1c5d1771d074a42d86cdd,1742849375,52538.9157,1742849395,32538.9157,SQS
67e1c5d1771d074a42d86cde,1742849375,52541.5216,1742849395,32541.5216,SQS
67e1c5d1771d074a42d86cdf,1742849375,52544.6666,1742849395,32544.6666,SQS
67e1c5d1771d074a42d86ce0,1742849375,52542.2954,1742849395,32542.2954,SQS
67e1c5d1771d074a42d86ce1,1742849375,52547.0442,1742849395,32547.0442,SQS
67e1c5d1771d074a42d86ce2,1742849375,52551.0224,1742849395,32551.0224,SQS
67e1c5d1771d074a42d86ce3,1742849375,52536.6406,1742849395,32536.6406,SQS
67e1c5d1771d074a42d86ce4,1742849375,52553.1071,1742849395,32553.1071,SQS
67e1c5d1771d074a42d86ce5,1742849375,52556.4154,1742849395,32556.4154,SQS
67e1c5d1771d074a42d86ce6,1742849375,52555.573,1742849395,32555.573,SQS
67e1c5d1771d074a42d86ce7,1742849375,52559.9815,1742849395,32559.9815,SQS
67e1c5d1771d074a42d86ce8,1742849375,52559.0468,1742849395,32559.0468,SQS
67e1c5d1771d074a42d86ce9,1742849375,52561.7292,1742849395,32561.7292,SQS
67e1c5d1771d074a42d86cea,1742849375,52564.174,1742849395,32564.174,SQS
67e1c5d1771d074a42d86ceb,1742849375,52564.9825,1742849395,32564.9825,SQS
67e1c5d1771d074a42d86cec,1742849375,52568.926,1742849395,32568.926,SQS
67e1c5d1771d074a42d86ced,1742849375,52571.5003,1742849395,32571.5003,SQS
67e1c5d1771d074a42d86cee,1742849375,52572.4138,1742849395,32572.4138,SQS
67e1c5d1771d074a42d86cef,1742849375,52606.4071,1742849395,32606.4071,SQS
67e1c5d1771d074a42d86cf0,1742849375,52605.5837,1742849395,32605.5837,SQS
67e1c5d1771d074a42d86cf1,1742849375,52569.7843,1742849395,32569.7843,SQS
67e1c5d1771d074a42d86cf2,1742849375,52608.8315,1742849395,32608.8315,SQS
67e1c5d1771d074a42d86cf3,1742849375,52610.5556,1742849395,32610.5556,SQS
67e1c5d1771d074a42d86cf4,1742849375,52636.6358,1742849395,32636.6358,SQS
67e1c5d1771d074a42d86cf5,1742849375,52637.5065,1742849395,32637.5065,SQS
67e1c5d1771d074a42d86cf6,1742849375,52567.1813,1742849395,32567.1813,SQS
67e1c5d1771d074a42d86cf7,1742849375,52639.723,1742849395,32639.723,SQS
67e1c5d1771d074a42d86cf8,1742849375,52568.0002,1742849395,32568.0002,SQS
67e1c5d1771d074a42d86cfa,1742849375,52646.349,1742849395,32646.349,SQS
67e1c5d1771d074a42d86cfb,1742849375,52647.1729,1742849395,32647.1729,SQS
67e1c5d1771d074a42d86cfc,1742849375,52684.3737,1742849395,32684.3737,SQS
67e1c5d1771d074a42d86cfd,1742849375,52745.7104,1742849395,32745.7104,SQS
67e1c5d1771d074a42d86cfe,1742849375,52683.4602,1742849395,32683.4602,SQS
67e1c5d1771d074a42d86cff,1742849375,52748.3925,1742849395,32748.3925,SQS
67e1c5d1771d074a42d86d00,1742849375,52649.7603,1742849395,32649.7603,SQS
67e1c5d1771d074a42d86d01,1742849375,52777.7381,1742849395,32777.7381,SQS
67e1c5d1771d074a42d86d04,1742849375,52840.8924,1742849395,32840.8924,SQS
67e1c5d1771d074a42d86d05,1742849375,52841.6413,1742849395,32841.6413,SQS
67e1c5d1771d074a42d86d07,1742849375,52844.7346,1742849395,32844.7346,SQS
67e1c5d1771d074a42d86d08,1742849375,52847.2256,1742849395,32847.2256,SQS
67e1c5d1771d074a42d86d09,1742849375,52848.0959,1742849395,32848.0959,SQS
67e1c5d1771d074a42d86d0a,1742849375,52850.4341,1742849395,32850.4341,SQS
67e1c5d1771d074a42d86d0b,1742849375,52851.2058,1742849395,32851.2058,SQS
67e1c5d1771d074a42d86d0c,1742849375,52838.93,1742849395,32838.93,SQS
67e1c5d1771d074a42d86d0d,1742849375,52840.155,1742849395,32840.155,SQS
67e1c5d1771d074a42d86d0e,1742849375,52855.5978,1742849395,32855.5978,SQS
67e1c5d1771d074a42d86d0f,1742849375,52856.5752,1742849395,32856.5752,SQS
67e1c5d1771d074a42d86d10,1742849375,52886.3806,1742849395,32886.3806,SQS
67e1c5d1771d074a42d86d11,1742849375,52915.7261,1742849395,32915.7261,SQS
67e1c5d1771d074a42d86d12,1742849375,52916.4485,1742849395,32916.4485,SQS
67e1c5d1771d074a42d86d13,1742849375,52918.839,1742849395,32918.839,SQS
67e1c5d3771d074a42d8785c,1742849375,82350.8786,1742849395,62350.8786,SQS
67e1c5d1771d074a42d86d14,1742849375,52643.8018,1742849395,32643.8018,SQS
67e1c5d1771d074a42d86d15,1742849375,52919.8776,1742849395,32919.8776,SQS
67e1c5d1771d074a42d86d16,1742849375,52925.1985,1742849395,32925.1985,SQS
67e1c5d1771d074a42d86d17,1742849375,52926.1364,1742849395,32926.1364,SQS
67e1c5d1771d074a42d86d18,1742849375,52928.7342,1742849395,32928.7342,SQS
67e1c5d1771d074a42d86d19,1742849375,52929.4675,1742849395,32929.4675,SQS
67e1c5d1771d074a42d86d1a,1742849375,52923.9721,1742849395,32923.9721,SQS
67e1c5d1771d074a42d86d1b,1742849375,52964.008,1742849395,32964.008,SQS
67e1c5d1771d074a42d86d1c,1742849375,52993.3952,1742849395,32993.3952,SQS
67e1c5d1771d074a42d86d1d,1742849375,53024.3176,1742849395,33024.3176,SQS
67e1c5d1771d074a42d86d1e,1742849375,53025.1178,1742849395,33025.1178,SQS
67e1c5d3771d074a42d87873,1742849375,82568.3101,1742849395,62568.3101,SQS
67e1c5d1771d074a42d86d1f,1742849375,53028.174,1742849395,33028.174,SQS
67e1c5d1771d074a42d86d20,1742849375,53028.9819,1742849395,33028.9819,SQS
67e1c5d1771d074a42d86d23,1742849375,53086.4507,1742849395,33086.4507,SQS
67e1c5d1771d074a42d86d24,1742849375,53087.548,1742849395,33087.548,SQS
67e1c5d1771d074a42d86d25,1742849375,53117.2488,1742849395,33117.2488,SQS
67e1c5d1771d074a42d86d26,1742849375,53118.1687,1742849395,33118.1687,SQS
67e1c5d1771d074a42d86d28,1742849375,53179.4708,1742849395,33179.4708,SQS
67e1c5d1771d074a42d86d29,1742849375,53210.966,1742849395,33210.966,SQS
67e1c5d1771d074a42d86d2a,1742849375,53213.0721,1742849395,33213.0721,SQS
67e1c5d1771d074a42d86d2b,1742849375,53214.9457,1742849395,33214.9457,SQS
67e1c5d1771d074a42d86d2c,1742849375,53216.4275,1742849395,33216.4275,SQS
67e1c5d1771d074a42d86d2d,1742849375,53272.6496,1742849395,33272.6496,SQS
67e1c5d1771d074a42d86d2e,1742849375,53241.237,1742849395,33241.237,SQS
67e1c5d1771d074a42d86d2f,1742849375,53305.0055,1742849395,33305.0055,SQS
67e1c5d1771d074a42d86d30,1742849375,53306.83,1742849395,33306.83,SQS
67e1c5d1771d074a42d86d31,1742849375,53335.116,1742849395,33335.116,SQS
67e1c5d1771d074a42d86d32,1742849375,53338.0098,1742849395,33338.0098,SQS
67e1c5d1771d074a42d86d33,1742849375,53340.511,1742849395,33340.511,SQS
67e1c5d1771d074a42d86d34,1742849375,53341.2953,1742849395,33341.2953,SQS
67e1c5d1771d074a42d86d35,1742849375,53367.0169,1742849395,33367.0169,SQS
67e1c5d1771d074a42d86d36,1742849375,53369.8214,1742849395,33369.8214,SQS
67e1c5d1771d074a42d86d37,1742849375,53396.7052,1742849395,33396.7052,SQS
67e1c5d1771d074a42d86d38,1742849375,53397.6587,1742849395,33397.6587,SQS
67e1c5d1771d074a42d86d39,1742849375,53400.7703,1742849395,33400.7703,SQS
67e1c5d1771d074a42d86d3a,1742849375,53373.1864,1742849395,33373.1864,SQS
67e1c5d1771d074a42d86d3b,1742849375,53403.3677,1742849395,33403.3677,SQS
67e1c5d1771d074a42d86d3c,1742849375,53427.4629,1742849395,33427.4629,SQS
67e1c5d1771d074a42d86d3d,1742849375,53428.2876,1742849395,33428.2876,SQS
67e1c5d2771d074a42d86d3e,1742849375,53339.757,1742849395,33339.757,SQS
67e1c5d2771d074a42d86d3f,1742849375,53431.9996,1742849395,33431.9996,SQS
67e1c5d2771d074a42d86d40,1742849375,53432.7802,1742849395,33432.7802,SQS
67e1c5d2771d074a42d86d41,1742849375,53435.0228,1742849395,33435.0228,SQS
67e1c5d2771d074a42d86d42,1742849375,53435.8,1742849395,33435.8,SQS
67e1c5d2771d074a42d86d43,1742849375,53438.5842,1742849395,33438.5842,SQS
67e1c5d2771d074a42d86d44,1742849375,53439.3619,1742849395,33439.3619,SQS
67e1c5d2771d074a42d86d45,1742849375,53441.6771,1742849395,33441.6771,SQS
67e1c5d2771d074a42d86d46,1742849375,53442.4053,1742849395,33442.4053,SQS
67e1c5d2771d074a42d86d47,1742849375,53444.74,1742849395,33444.74,SQS
67e1c5d2771d074a42d86d48,1742849375,53445.518,1742849395,33445.518,SQS
67e1c5d2771d074a42d86d49,1742849375,53448.4039,1742849395,33448.4039,SQS
67e1c5d2771d074a42d86d4a,1742849375,53449.1164,1742849395,33449.1164,SQS
67e1c5d2771d074a42d86d4b,1742849375,53447.6447,1742849395,33447.6447,SQS
67e1c5d2771d074a42d86d4c,1742849375,53452.0493,1742849395,33452.0493,SQS
67e1c5d2771d074a42d86d4d,1742849375,53452.8116,1742849395,33452.8116,SQS
67e1c5d2771d074a42d86d4e,1742849375,53455.0738,1742849395,33455.0738,SQS
67e1c5d2771d074a42d86d4f,1742849375,53455.7921,1742849395,33455.7921,SQS
67e1c5d2771d074a42d86d50,1742849375,53459.5106,1742849395,33459.5106,SQS
67e1c5d2771d074a42d86d51,1742849375,53460.2544,1742849395,33460.2544,SQS
67e1c5d2771d074a42d86d52,1742849375,53462.789,1742849395,33462.789,SQS
67e1c5d2771d074a42d86d53,1742849375,53463.7324,1742849395,33463.7324,SQS
67e1c5d2771d074a42d86d54,1742849375,53458.0614,1742849395,33458.0614,SQS
67e1c5d2771d074a42d86d55,1742849375,53465.9365,1742849395,33465.9365,SQS
67e1c5d2771d074a42d86d56,1742849375,53458.8014,1742849395,33458.8014,SQS
67e1c5d2771d074a42d86d57,1742849375,53473.8839,1742849395,33473.8839,SQS
67e1c5d2771d074a42d86d58,1742849375,53472.7028,1742849395,33472.7028,SQS
67e1c5d2771d074a42d86d59,1742849375,53150.4788,1742849395,33150.4788,SQS
67e1c5d2771d074a42d86d5a,1742849375,53148.9118,1742849395,33148.9118,SQS
67e1c5d2771d074a42d86d5b,1742849375,53506.872,1742849395,33506.872,SQS
67e1c5d2771d074a42d86d5c,1742849375,53535.9632,1742849395,33535.9632,SQS
67e1c5d2771d074a42d86d5d,1742849375,53537.046,1742849395,33537.046,SQS
67e1c5d2771d074a42d86d60,1742849375,53545.3645,1742849395,33545.3645,SQS
67e1c5d2771d074a42d86d63,1742849375,53613.465,1742849395,33613.465,SQS
67e1c5d2771d074a42d86d8f,1742849375,54144.0149,1742849395,34144.0149,SQS
67e1c5d2771d074a42d86d91,1742849375,54147.44,1742849395,34147.44,SQS
67e1c5d2771d074a42d86d93,1742849375,54173.767,1742849395,34173.767,SQS
67e1c5d2771d074a42d86d94,1742849375,54176.6711,1742849395,34176.6711,SQS
67e1c5d4771d074a42d87b43,1742849375,71299.4927,1742849395,51299.4927,SQS
67e1c5d5771d074a42d87df4,1742849375,88315.9644,1742849395,68315.9644,SQS
67e1c5d1771d074a42d86c0d,1742849375,50083.0666,1742849394,31083.0666,SQS
67e1c5d1771d074a42d86c0e,1742849375,50085.6521,1742849394,31085.6521,SQS
67e1c5d1771d074a42d86c10,1742849375,50115.546,1742849394,31115.546,SQS
67e1c5d1771d074a42d86c15,1742849375,50144.6326,1742849394,31144.6326,SQS
67e1c5d1771d074a42d86c1f,1742849375,50160.8664,1742849394,31160.8664,SQS
67e1c5d1771d074a42d86c22,1742849375,50165.7993,1742849394,31165.7993,SQS
67e1c5d1771d074a42d86c24,1742849375,50168.1725,1742849394,31168.1725,SQS
67e1c5d1771d074a42d86c25,1742849375,50170.6258,1742849394,31170.6258,SQS
67e1c5d1771d074a42d86c26,1742849375,50205.9384,1742849394,31205.9384,SQS
67e1c5d1771d074a42d86c27,1742849375,50235.096,1742849394,31235.096,SQS
67e1c5d1771d074a42d86c28,1742849375,50267.7221,1742849394,31267.7221,SQS
67e1c5d1771d074a42d86c29,1742849375,50268.4536,1742849394,31268.4536,SQS
67e1c5d1771d074a42d86c2a,1742849375,50266.8964,1742849394,31266.8964,SQS
67e1c5d1771d074a42d86c2b,1742849375,50271.4467,1742849394,31271.4467,SQS
67e1c5d1771d074a42d86c2c,1742849375,50272.2313,1742849394,31272.2313,SQS
67e1c5d1771d074a42d86c2d,1742849375,50274.6262,1742849394,31274.6262,SQS
67e1c5d1771d074a42d86c2e,1742849375,50275.4059,1742849394,31275.4059,SQS
67e1c5d1771d074a42d86c2f,1742849375,50277.8999,1742849394,31277.8999,SQS
67e1c5d1771d074a42d86c30,1742849375,50278.6828,1742849394,31278.6828,SQS
67e1c5d1771d074a42d86c31,1742849375,50312.0282,1742849394,31312.0282,SQS
67e1c5d1771d074a42d86c32,1742849375,50345.9216,1742849394,31345.9216,SQS
67e1c5d1771d074a42d86c33,1742849375,50347.2131,1742849394,31347.2131,SQS
67e1c5d1771d074a42d86c34,1742849375,50374.0468,1742849394,31374.0468,SQS
67e1c5d1771d074a42d86c35,1742849375,50374.9902,1742849394,31374.9902,SQS
67e1c5d1771d074a42d86c36,1742849375,50377.6655,1742849394,31377.6655,SQS
67e1c5d1771d074a42d86c37,1742849375,50435.9758,1742849394,31435.9758,SQS
67e1c5d1771d074a42d86c38,1742849375,50406.8431,1742849394,31406.8431,SQS
67e1c5d1771d074a42d86c39,1742849375,50436.8081,1742849394,31436.8081,SQS
67e1c5d1771d074a42d86c3a,1742849375,50440.7212,1742849394,31440.7212,SQS
67e1c5d1771d074a42d86c3b,1742849375,50439.9409,1742849394,31439.9409,SQS
67e1c5d1771d074a42d86c3c,1742849375,50467.4182,1742849394,31467.4182,SQS
67e1c5d1771d074a42d86c3d,1742849375,50500.1371,1742849394,31500.1371,SQS
67e1c5d1771d074a42d86c3e,1742849375,50500.8793,1742849394,31500.8793,SQS
67e1c5d1771d074a42d86c3f,1742849375,50528.6494,1742849394,31528.6494,SQS
67e1c5d1771d074a42d86c40,1742849375,50530.9855,1742849394,31530.9855,SQS
67e1c5d1771d074a42d86c41,1742849375,50590.6959,1742849394,31590.6959,SQS
67e1c5d1771d074a42d86c42,1742849375,50531.809,1742849394,31531.809,SQS
67e1c5d1771d074a42d86c43,1742849375,50593.9537,1742849394,31593.9537,SQS
67e1c5d1771d074a42d86c44,1742849375,50596.1332,1742849394,31596.1332,SQS
67e1c5d1771d074a42d86c45,1742849375,50597.6484,1742849394,31597.6484,SQS
67e1c5d1771d074a42d86c46,1742849375,50621.7243,1742849394,31621.7243,SQS
67e1c5d1771d074a42d86c47,1742849375,50655.2566,1742849394,31655.2566,SQS
67e1c5d1771d074a42d86c48,1742849375,50659.9133,1742849394,31659.9133,SQS
67e1c5d1771d074a42d86c49,1742849375,50660.8741,1742849394,31660.8741,SQS
67e1c5d1771d074a42d86c4a,1742849375,50684.9602,1742849394,31684.9602,SQS
67e1c5d1771d074a42d86c4b,1742849375,50685.8164,1742849394,31685.8164,SQS
67e1c5d1771d074a42d86c4c,1742849375,50688.2391,1742849394,31688.2391,SQS
67e1c5d1771d074a42d86c4d,1742849375,50688.9397,1742849394,31688.9397,SQS
67e1c5d1771d074a42d86c4e,1742849375,50691.2775,1742849394,31691.2775,SQS
67e1c5d1771d074a42d86c4f,1742849375,50692.0898,1742849394,31692.0898,SQS
67e1c5d1771d074a42d86c50,1742849375,50499.3014,1742849394,31499.3014,SQS
67e1c5d1771d074a42d86c51,1742849375,50344.3779,1742849394,31344.3779,SQS
67e1c5d1771d074a42d86c52,1742849375,50314.0695,1742849394,31314.0695,SQS
67e1c5d1771d074a42d86c53,1742849375,50696.6164,1742849394,31696.6164,SQS
67e1c5d1771d074a42d86c54,1742849375,50731.8721,1742849394,31731.8721,SQS
67e1c5d1771d074a42d86c55,1742849375,50343.2857,1742849394,31343.2857,SQS
67e1c5d1771d074a42d86c56,1742849375,50792.3322,1742849394,31792.3322,SQS
67e1c5d1771d074a42d86c57,1742849375,50794.0989,1742849394,31794.0989,SQS
67e1c5d1771d074a42d86c58,1742849375,50763.9642,1742849394,31763.9642,SQS
67e1c5d1771d074a42d86c59,1742849375,50799.5006,1742849394,31799.5006,SQS
67e1c5d1771d074a42d86c5a,1742849375,50795.3195,1742849394,31795.3195,SQS
67e1c5d1771d074a42d86c5b,1742849375,50824.3687,1742849394,31824.3687,SQS
67e1c5d1771d074a42d86c5c,1742849375,50763.1814,1742849394,31763.1814,SQS
67e1c5d1771d074a42d86c5d,1742849375,50855.2547,1742849394,31855.2547,SQS
67e1c5d1771d074a42d86c5e,1742849375,50916.2816,1742849394,31916.2816,SQS
67e1c5d1771d074a42d86c5f,1742849375,50949.1152,1742849394,31949.1152,SQS
67e1c5d1771d074a42d86c60,1742849375,50948.2796,1742849394,31948.2796,SQS
67e1c5d1771d074a42d86c61,1742849375,50951.6607,1742849394,31951.6607,SQS
67e1c5d1771d074a42d86c62,1742849375,50954.1738,1742849394,31954.1738,SQS
67e1c5d1771d074a42d86c63,1742849375,50955.8295,1742849394,31955.8295,SQS
67e1c5d1771d074a42d86c64,1742849375,50956.6589,1742849394,31956.6589,SQS
67e1c5d1771d074a42d86c65,1742849375,50959.9652,1742849394,31959.9652,SQS
67e1c5d1771d074a42d86c66,1742849375,50959.1299,1742849394,31959.1299,SQS
67e1c5d1771d074a42d86c67,1742849375,50962.3397,1742849394,31962.3397,SQS
67e1c5d1771d074a42d86c68,1742849375,50994.4614,1742849394,31994.4614,SQS
67e1c5d1771d074a42d86c69,1742849375,51056.5865,1742849394,32056.5865,SQS
67e1c5d1771d074a42d86c6a,1742849375,51087.8046,1742849394,32087.8046,SQS
67e1c5d1771d074a42d86c6b,1742849375,51149.9709,1742849394,32149.9709,SQS
67e1c5d1771d074a42d86c6c,1742849375,51149.0604,1742849394,32149.0604,SQS
67e1c5d1771d074a42d86c6d,1742849375,51272.8862,1742849394,32272.8862,SQS
67e1c5d1771d074a42d86c6e,1742849375,51275.593,1742849394,32275.593,SQS
67e1c5d1771d074a42d86c6f,1742849375,51242.0475,1742849394,32242.0475,SQS
67e1c5d1771d074a42d86c70,1742849375,51279.2405,1742849394,32279.2405,SQS
67e1c5d1771d074a42d86c71,1742849375,51280.8765,1742849394,32280.8765,SQS
67e1c5d1771d074a42d86c72,1742849375,51277.1701,1742849394,32277.1701,SQS
67e1c5d1771d074a42d86c73,1742849375,51055.7743,1742849394,32055.7743,SQS
67e1c5d1771d074a42d86c74,1742849375,51306.1635,1742849394,32306.1635,SQS
67e1c5d1771d074a42d86c75,1742849375,51367.4338,1742849394,32367.4338,SQS
67e1c5d1771d074a42d86c76,1742849375,51369.9531,1742849394,32369.9531,SQS
67e1c5d1771d074a42d86c77,1742849375,51370.9149,1742849394,32370.9149,SQS
67e1c5d1771d074a42d86c78,1742849375,51375.4688,1742849394,32375.4688,SQS
67e1c5d1771d074a42d86c79,1742849375,51374.6655,1742849394,32374.6655,SQS
67e1c5d1771d074a42d86c7a,1742849375,51334.7198,1742849394,32334.7198,SQS
67e1c5d1771d074a42d86c7b,1742849375,51412.7451,1742849394,32412.7451,SQS
67e1c5d1771d074a42d86c7c,1742849375,51413.7932,1742849394,32413.7932,SQS
67e1c5d1771d074a42d86c7d,1742849375,51475.1008,1742849394,32475.1008,SQS
67e1c5d1771d074a42d86c7e,1742849375,51477.2954,1742849394,32477.2954,SQS
67e1c5d1771d074a42d86c7f,1742849375,51479.2946,1742849394,32479.2946,SQS
67e1c5d1771d074a42d86c80,1742849375,51506.0496,1742849394,32506.0496,SQS
67e1c5d1771d074a42d86c81,1742849375,51507.7156,1742849394,32507.7156,SQS
67e1c5d1771d074a42d86c82,1742849375,51444.367,1742849394,32444.367,SQS
67e1c5d1771d074a42d86c83,1742849375,51509.9888,1742849394,32509.9888,SQS
67e1c5d1771d074a42d86c84,1742849375,51539.8251,1742849394,32539.8251,SQS
67e1c5d1771d074a42d86c85,1742849375,51540.6369,1742849394,32540.6369,SQS
67e1c5d1771d074a42d86c86,1742849375,51538.2259,1742849394,32538.2259,SQS
67e1c5d1771d074a42d86c87,1742849375,51543.3336,1742849394,32543.3336,SQS
67e1c5d1771d074a42d86c88,1742849375,51538.9798,1742849394,32538.9798,SQS
67e1c5d1771d074a42d86c89,1742849375,51545.8857,1742849394,32545.8857,SQS
67e1c5d1771d074a42d86c8a,1742849375,51548.2127,1742849394,32548.2127,SQS
67e1c5d1771d074a42d86c8b,1742849375,51549.9941,1742849394,32549.9941,SQS
67e1c5d1771d074a42d86c8c,1742849375,51550.7487,1742849394,32550.7487,SQS
67e1c5d1771d074a42d86c8d,1742849375,50950.8522,1742849394,31950.8522,SQS
67e1c5d1771d074a42d86c8e,1742849375,51584.5699,1742849394,32584.5699,SQS
67e1c5d1771d074a42d86c8f,1742849375,51614.9497,1742849394,32614.9497,SQS
67e1c5d1771d074a42d86c90,1742849375,51647.2177,1742849394,32647.2177,SQS
67e1c5d1771d074a42d86c92,1742849375,51650.3507,1742849394,32650.3507,SQS
67e1c5d1771d074a42d86c94,1742849375,51656.6747,1742849394,32656.6747,SQS
67e1c5d1771d074a42d86c97,1742849375,51722.3085,1742849394,32722.3085,SQS
67e1c5d1771d074a42d86c98,1742849375,51753.4479,1742849394,32753.4479,SQS
67e1c5d1771d074a42d86c99,1742849375,51754.3895,1742849394,32754.3895,SQS
67e1c5d1771d074a42d86c9b,1742849375,51757.8811,1742849394,32757.8811,SQS
67e1c5d1771d074a42d86c9c,1742849375,51692.4241,1742849394,32692.4241,SQS
67e1c5d1771d074a42d86c9f,1742849375,51763.441,1742849394,32763.441,SQS
67e1c5d1771d074a42d86ca1,1742849375,51646.4335,1742849394,32646.4335,SQS
67e1c5d1771d074a42d86ca2,1742849375,51766.5776,1742849394,32766.5776,SQS
67e1c5d1771d074a42d86ca4,1742849375,51769.73,1742849394,32769.73,SQS
67e1c5d1771d074a42d86ca5,1742849375,51770.4733,1742849394,32770.4733,SQS
67e1c5d1771d074a42d86ca6,1742849375,51805.4868,1742849394,32805.4868,SQS
67e1c5d1771d074a42d86ca8,1742849375,51803.7975,1742849394,32803.7975,SQS
67e1c5d1771d074a42d86ca9,1742849375,51804.6585,1742849394,32804.6585,SQS
67e1c5d1771d074a42d86caa,1742849375,51809.8672,1742849394,32809.8672,SQS
67e1c5d1771d074a42d86cab,1742849375,51810.6918,1742849394,32810.6918,SQS
67e1c5d1771d074a42d86cad,1742849375,51880.3788,1742849394,32880.3788,SQS
67e1c5d1771d074a42d86cb0,1742849375,51942.3526,1742849394,32942.3526,SQS
67e1c5d1771d074a42d86cb3,1742849375,52034.3559,1742849394,33034.3559,SQS
67e1c5d1771d074a42d86cb4,1742849375,52035.3411,1742849394,33035.3411,SQS
67e1c5d1771d074a42d86cbd,1742849375,52234.044,1742849394,33234.044,SQS
67e1c5d1771d074a42d86cbe,1742849375,52125.6077,1742849394,33125.6077,SQS
67e1c5d3771d074a42d877d4,1742849375,81326.22,1742849394,62326.22,SQS
67e1c5d1771d074a42d86cf9,1742849375,52642.7718,1742849394,33642.7718,SQS
67e1c5d1771d074a42d86d02,1742849375,52807.2608,1742849394,33807.2608,SQS
67e1c5d1771d074a42d86d03,1742849375,52808.2008,1742849394,33808.2008,SQS
67e1c5d1771d074a42d86d06,1742849375,52843.9852,1742849394,33843.9852,SQS
67e1c5d1771d074a42d86d21,1742849375,53031.4463,1742849394,34031.4463,SQS
67e1c5d1771d074a42d86d22,1742849375,53032.3134,1742849394,34032.3134,SQS
67e1c5d1771d074a42d86d27,1742849375,53056.081,1742849394,34056.081,SQS
67e1c5d2771d074a42d86d8d,1742849375,53540.0262,1742849394,34540.0262,SQS
67e1c5d2771d074a42d86d8e,1742849375,54142.9278,1742849394,35142.9278,SQS
67e1c5d2771d074a42d86d90,1742849375,51877.8452,1742849394,32877.8452,SQS
67e1c5d2771d074a42d86d92,1742849375,54172.5944,1742849394,35172.5944,SQS
67e1c5d2771d074a42d86de1,1742849375,54178.9518,1742849394,35178.9518,SQS
67e1c5d4771d074a42d87b44,1742849375,88256.4648,1742849394,69256.4648,SQS
67e1c5d1771d074a42d86b3f,1742849375,48257.842,1742849393,30257.842,SQS
67e1c5d1771d074a42d86b48,1742849375,48328.8662,1742849393,30328.8662,SQS
67e1c5d1771d074a42d86b4a,1742849375,48359.8866,1742849393,30359.8866,SQS
67e1c5d1771d074a42d86b4d,1742849375,48365.9023,1742849393,30365.9023,SQS
67e1c5d1771d074a42d86b4f,1742849375,48369.6262,1742849393,30369.6262,SQS
67e1c5d1771d074a42d86b50,1742849375,48368.8998,1742849393,30368.8998,SQS
67e1c5d1771d074a42d86b51,1742849375,48407.887,1742849393,30407.887,SQS
67e1c5d1771d074a42d86b52,1742849375,48412.4071,1742849393,30412.4071,SQS
67e1c5d1771d074a42d86b53,1742849375,48410.1816,1742849393,30410.1816,SQS
67e1c5d1771d074a42d86b6a,1742849375,48587.6215,1742849393,30587.6215,SQS
67e1c5d1771d074a42d86b6f,1742849375,48596.9329,1742849393,30596.9329,SQS
67e1c5d1771d074a42d86b70,1742849375,48599.4253,1742849393,30599.4253,SQS
67e1c5d1771d074a42d86b71,1742849375,48600.2204,1742849393,30600.2204,SQS
67e1c5d1771d074a42d86b72,1742849375,48591.2279,1742849393,30591.2279,SQS
67e1c5d1771d074a42d86b75,1742849375,48607.8189,1742849393,30607.8189,SQS
67e1c5d1771d074a42d86b76,1742849375,48608.725,1742849393,30608.725,SQS
67e1c5d1771d074a42d86b77,1742849375,48606.8996,1742849393,30606.8996,SQS
67e1c5d1771d074a42d86b78,1742849375,48612.3802,1742849393,30612.3802,SQS
67e1c5d1771d074a42d86b79,1742849375,48613.2043,1742849393,30613.2043,SQS
67e1c5d1771d074a42d86b83,1742849375,48716.7274,1742849393,30716.7274,SQS
67e1c5d1771d074a42d86b84,1742849375,48715.9301,1742849393,30715.9301,SQS
67e1c5d1771d074a42d86b85,1742849375,48718.3373,1742849393,30718.3373,SQS
67e1c5d1771d074a42d86b86,1742849375,48748.0291,1742849393,30748.0291,SQS
67e1c5d1771d074a42d86b87,1742849375,48809.8331,1742849393,30809.8331,SQS
67e1c5d1771d074a42d86b88,1742849375,48808.5062,1742849393,30808.5062,SQS
67e1c5d1771d074a42d86b89,1742849375,48841.0779,1742849393,30841.0779,SQS
67e1c5d1771d074a42d86b8a,1742849375,48841.8781,1742849393,30841.8781,SQS
67e1c5d1771d074a42d86b8b,1742849375,48901.6854,1742849393,30901.6854,SQS
67e1c5d1771d074a42d86b8c,1742849375,48902.642,1742849393,30902.642,SQS
67e1c5d1771d074a42d86b8d,1742849375,48934.1578,1742849393,30934.1578,SQS
67e1c5d1771d074a42d86b8e,1742849375,48935.6286,1742849393,30935.6286,SQS
67e1c5d1771d074a42d86b8f,1742849375,48937.132,1742849393,30937.132,SQS
67e1c5d1771d074a42d86b90,1742849375,48934.8871,1742849393,30934.8871,SQS
67e1c5d1771d074a42d86b91,1742849375,48870.7281,1742849393,30870.7281,SQS
67e1c5d1771d074a42d86b92,1742849375,48966.6587,1742849393,30966.6587,SQS
67e1c5d1771d074a42d86b93,1742849375,48996.1281,1742849393,30996.1281,SQS
67e1c5d1771d074a42d86b94,1742849375,48996.8623,1742849393,30996.8623,SQS
67e1c5d1771d074a42d86b95,1742849375,48997.636,1742849393,30997.636,SQS
67e1c5d1771d074a42d86b96,1742849375,49001.838,1742849393,31001.838,SQS
67e1c5d1771d074a42d86b97,1742849375,48967.3901,1742849393,30967.3901,SQS
67e1c5d1771d074a42d86b98,1742849375,48968.0992,1742849393,30968.0992,SQS
67e1c5d1771d074a42d86b99,1742849375,49041.1307,1742849393,31041.1307,SQS
67e1c5d1771d074a42d86b9a,1742849375,49041.9291,1742849393,31041.9291,SQS
67e1c5d1771d074a42d86b9b,1742849375,49072.2373,1742849393,31072.2373,SQS
67e1c5d1771d074a42d86b9c,1742849375,49075.912,1742849393,31075.912,SQS
67e1c5d1771d074a42d86b9d,1742849375,49077.3517,1742849393,31077.3517,SQS
67e1c5d1771d074a42d86b9e,1742849375,49078.5499,1742849393,31078.5499,SQS
67e1c5d1771d074a42d86b9f,1742849375,49104.2554,1742849393,31104.2554,SQS
67e1c5d1771d074a42d86ba0,1742849375,49105.2279,1742849393,31105.2279,SQS
67e1c5d1771d074a42d86ba1,1742849375,49108.0363,1742849393,31108.0363,SQS
67e1c5d1771d074a42d86ba2,1742849375,49108.8905,1742849393,31108.8905,SQS
67e1c5d1771d074a42d86ba3,1742849375,49111.629,1742849393,31111.629,SQS
67e1c5d1771d074a42d86ba4,1742849375,49113.3069,1742849393,31113.3069,SQS
67e1c5d1771d074a42d86ba5,1742849375,49114.9547,1742849393,31114.9547,SQS
67e1c5d1771d074a42d86ba6,1742849375,49159.0038,1742849393,31159.0038,SQS
67e1c5d1771d074a42d86ba7,1742849375,49161.5556,1742849393,31161.5556,SQS
67e1c5d1771d074a42d86ba8,1742849375,49196.0968,1742849393,31196.0968,SQS
67e1c5d1771d074a42d86ba9,1742849375,49227.4349,1742849393,31227.4349,SQS
67e1c5d1771d074a42d86baa,1742849375,49231.0518,1742849393,31231.0518,SQS
67e1c5d1771d074a42d86bab,1742849375,49258.4548,1742849393,31258.4548,SQS
67e1c5d1771d074a42d86bad,1742849375,49292.1974,1742849393,31292.1974,SQS
67e1c5d1771d074a42d86bae,1742849375,49157.2387,1742849393,31157.2387,SQS
67e1c5d1771d074a42d86baf,1742849375,49295.5285,1742849393,31295.5285,SQS
67e1c5d1771d074a42d86bb0,1742849375,49297.9232,1742849393,31297.9232,SQS
67e1c5d1771d074a42d86bb1,1742849375,49299.448,1742849393,31299.448,SQS
67e1c5d1771d074a42d86bb2,1742849375,49296.371,1742849393,31296.371,SQS
67e1c5d1771d074a42d86bb3,1742849375,49230.0007,1742849393,31230.0007,SQS
67e1c5d1771d074a42d86bb4,1742849375,49301.7299,1742849393,31301.7299,SQS
67e1c5d1771d074a42d86bb5,1742849375,49305.8203,1742849393,31305.8203,SQS
67e1c5d1771d074a42d86bb6,1742849375,49335.9764,1742849393,31335.9764,SQS
67e1c5d1771d074a42d86bb7,1742849375,49338.639,1742849393,31338.639,SQS
67e1c5d1771d074a42d86bb8,1742849375,49304.01,1742849393,31304.01,SQS
67e1c5d1771d074a42d86bb9,1742849375,49366.8809,1742849393,31366.8809,SQS
67e1c5d1771d074a42d86bba,1742849375,49304.9419,1742849393,31304.9419,SQS
67e1c5d1771d074a42d86bbb,1742849375,49401.1126,1742849393,31401.1126,SQS
67e1c5d1771d074a42d86bbc,1742849375,49403.8209,1742849393,31403.8209,SQS
67e1c5d1771d074a42d86bbd,1742849375,49404.6515,1742849393,31404.6515,SQS
67e1c5d1771d074a42d86bbe,1742849375,49406.8001,1742849393,31406.8001,SQS
67e1c5d1771d074a42d86bbf,1742849375,49407.5852,1742849393,31407.5852,SQS
67e1c5d1771d074a42d86bc0,1742849375,49409.8334,1742849393,31409.8334,SQS
67e1c5d1771d074a42d86bc1,1742849375,49410.6375,1742849393,31410.6375,SQS
67e1c5d1771d074a42d86bc2,1742849375,49444.2951,1742849393,31444.2951,SQS
67e1c5d1771d074a42d86bc3,1742849375,49445.1464,1742849393,31445.1464,SQS
67e1c5d1771d074a42d86bc4,1742849375,49476.8858,1742849393,31476.8858,SQS
67e1c5d1771d074a42d86bc5,1742849375,49506.2974,1742849393,31506.2974,SQS
67e1c5d1771d074a42d86bc6,1742849375,49402.9522,1742849393,31402.9522,SQS
67e1c5d1771d074a42d86bc7,1742849375,49537.9335,1742849393,31537.9335,SQS
67e1c5d1771d074a42d86bc8,1742849375,49538.1693,1742849393,31538.1693,SQS
67e1c5d1771d074a42d86bc9,1742849375,49112.4545,1742849393,31112.4545,SQS
67e1c5d1771d074a42d86bca,1742849375,49541.2184,1742849393,31541.2184,SQS
67e1c5d1771d074a42d86bcb,1742849375,49541.9396,1742849393,31541.9396,SQS
67e1c5d1771d074a42d86bcc,1742849375,48777.7615,1742849393,30777.7615,SQS
67e1c5d1771d074a42d86bcd,1742849375,49599.3507,1742849393,31599.3507,SQS
67e1c5d1771d074a42d86bce,1742849375,49602.0944,1742849393,31602.0944,SQS
67e1c5d1771d074a42d86bcf,1742849375,49603.6329,1742849393,31603.6329,SQS
67e1c5d1771d074a42d86bd0,1742849375,49604.3575,1742849393,31604.3575,SQS
67e1c5d1771d074a42d86bd1,1742849375,49633.16,1742849393,31633.16,SQS
67e1c5d1771d074a42d86bd2,1742849375,49635.0477,1742849393,31635.0477,SQS
67e1c5d1771d074a42d86bd3,1742849375,49636.8107,1742849393,31636.8107,SQS
67e1c5d1771d074a42d86bd4,1742849375,49661.8455,1742849393,31661.8455,SQS
67e1c5d1771d074a42d86bd5,1742849375,49662.681,1742849393,31662.681,SQS
67e1c5d1771d074a42d86bd6,1742849375,49660.8448,1742849393,31660.8448,SQS
67e1c5d1771d074a42d86bd7,1742849375,49691.8142,1742849393,31691.8142,SQS
67e1c5d1771d074a42d86bd8,1742849375,49660.876,1742849393,31660.876,SQS
67e1c5d1771d074a42d86bd9,1742849375,49695.489,1742849393,31695.489,SQS
67e1c5d1771d074a42d86bda,1742849375,49696.2515,1742849393,31696.2515,SQS
67e1c5d1771d074a42d86bdb,1742849375,49702.2761,1742849393,31702.2761,SQS
67e1c5d1771d074a42d86bdc,1742849375,49739.168,1742849393,31739.168,SQS
67e1c5d1771d074a42d86bdd,1742849375,49770.1538,1742849393,31770.1538,SQS
67e1c5d1771d074a42d86bde,1742849375,49774.0012,1742849393,31774.0012,SQS
67e1c5d1771d074a42d86bdf,1742849375,49776.833,1742849393,31776.833,SQS
67e1c5d1771d074a42d86be0,1742849375,49800.288,1742849393,31800.288,SQS
67e1c5d1771d074a42d86be1,1742849375,49771.1289,1742849393,31771.1289,SQS
67e1c5d1771d074a42d86be2,1742849375,49831.3628,1742849393,31831.3628,SQS
67e1c5d1771d074a42d86be3,1742849375,49862.5927,1742849393,31862.5927,SQS
67e1c5d1771d074a42d86be4,1742849375,49863.3129,1742849393,31863.3129,SQS
67e1c5d1771d074a42d86be5,1742849375,49866.3886,1742849393,31866.3886,SQS
67e1c5d1771d074a42d86be6,1742849375,49893.518,1742849393,31893.518,SQS
67e1c5d1771d074a42d86be7,1742849375,49895.137,1742849393,31895.137,SQS
67e1c5d1771d074a42d86be8,1742849375,49894.4036,1742849393,31894.4036,SQS
67e1c5d1771d074a42d86be9,1742849375,49898.1401,1742849393,31898.1401,SQS
67e1c5d1771d074a42d86bea,1742849375,49833.214,1742849393,31833.214,SQS
67e1c5d1771d074a42d86beb,1742849375,49600.2875,1742849393,31600.2875,SQS
67e1c5d1771d074a42d86bec,1742849375,49956.0555,1742849393,31956.0555,SQS
67e1c5d1771d074a42d86bed,1742849375,49989.1723,1742849393,31989.1723,SQS
67e1c5d1771d074a42d86bee,1742849375,49990.9719,1742849393,31990.9719,SQS
67e1c5d1771d074a42d86bef,1742849375,49568.2927,1742849393,31568.2927,SQS
67e1c5d1771d074a42d86bf0,1742849375,49992.6173,1742849393,31992.6173,SQS
67e1c5d1771d074a42d86bf1,1742849375,50018.4163,1742849393,32018.4163,SQS
67e1c5d1771d074a42d86bf2,1742849375,50020.6758,1742849393,32020.6758,SQS
67e1c5d1771d074a42d86bf3,1742849375,50021.5328,1742849393,32021.5328,SQS
67e1c5d1771d074a42d86bf4,1742849375,50024.0843,1742849393,32024.0843,SQS
67e1c5d1771d074a42d86bf5,1742849375,50024.9539,1742849393,32024.9539,SQS
67e1c5d1771d074a42d86bf6,1742849375,50027.3395,1742849393,32027.3395,SQS
67e1c5d1771d074a42d86bf7,1742849375,50028.1173,1742849393,32028.1173,SQS
67e1c5d1771d074a42d86bf8,1742849375,50030.3541,1742849393,32030.3541,SQS
67e1c5d1771d074a42d86bf9,1742849375,50031.0911,1742849393,32031.0911,SQS
67e1c5d1771d074a42d86bfa,1742849375,50033.4009,1742849393,32033.4009,SQS
67e1c5d1771d074a42d86bfb,1742849375,50034.2309,1742849393,32034.2309,SQS
67e1c5d1771d074a42d86bfc,1742849375,49546.4687,1742849393,31546.4687,SQS
67e1c5d1771d074a42d86bfd,1742849375,50036.4711,1742849393,32036.4711,SQS
67e1c5d1771d074a42d86bfe,1742849375,50038.5635,1742849393,32038.5635,SQS
67e1c5d1771d074a42d86bff,1742849375,50039.2779,1742849393,32039.2779,SQS
67e1c5d1771d074a42d86c00,1742849375,50041.3952,1742849393,32041.3952,SQS
67e1c5d1771d074a42d86c01,1742849375,50042.1424,1742849393,32042.1424,SQS
67e1c5d1771d074a42d86c03,1742849375,50044.3251,1742849393,32044.3251,SQS
67e1c5d1771d074a42d86c05,1742849375,50046.5799,1742849393,32046.5799,SQS
67e1c5d1771d074a42d86c0c,1742849375,50082.2764,1742849393,32082.2764,SQS
67e1c5d1771d074a42d86c0f,1742849375,50111.179,1742849393,32111.179,SQS
67e1c5d1771d074a42d86c11,1742849375,50117.6364,1742849393,32117.6364,SQS
67e1c5d1771d074a42d86c12,1742849375,50119.3712,1742849393,32119.3712,SQS
67e1c5d1771d074a42d86c13,1742849375,50141.3018,1742849393,32141.3018,SQS
67e1c5d1771d074a42d86c14,1742849375,50143.8377,1742849393,32143.8377,SQS
67e1c5d1771d074a42d86c16,1742849375,50146.9222,1742849393,32146.9222,SQS
67e1c5d1771d074a42d86c17,1742849375,50147.7179,1742849393,32147.7179,SQS
67e1c5d1771d074a42d86c18,1742849375,50149.9859,1742849393,32149.9859,SQS
67e1c5d1771d074a42d86c19,1742849375,50150.7835,1742849393,32150.7835,SQS
67e1c5d1771d074a42d86c1a,1742849375,50153.1896,1742849393,32153.1896,SQS
67e1c5d1771d074a42d86c1b,1742849375,50154.7582,1742849393,32154.7582,SQS
67e1c5d1771d074a42d86c1c,1742849375,50155.4951,1742849393,32155.4951,SQS
67e1c5d1771d074a42d86c1d,1742849375,50157.7587,1742849393,32157.7587,SQS
67e1c5d1771d074a42d86c1e,1742849375,50158.5601,1742849393,32158.5601,SQS
67e1c5d1771d074a42d86c20,1742849375,50161.6173,1742849393,32161.6173,SQS
67e1c5d1771d074a42d86c21,1742849375,50163.154,1742849393,32163.154,SQS
67e1c5d2771d074a42d86de4,1742849375,55308.0757,1742849393,37308.0757,SQS
67e1c5d1771d074a42d86aab,1742849375,45863.964,1742849392,28863.964,SQS
67e1c5d1771d074a42d86ab1,1742849375,45989.3804,1742849392,28989.3804,SQS
67e1c5d2771d074a42d8739c,1742849375,71272.3766,1742849392,54272.3766,SQS
67e1c5d2771d074a42d8739d,1742849375,71271.4315,1742849392,54271.4315,SQS
67e1c5d1771d074a42d86abf,1742849375,46189.7686,1742849392,29189.7686,SQS
67e1c5d1771d074a42d86ac4,1742849375,46314.2223,1742849392,29314.2223,SQS
67e1c5d1771d074a42d86ac9,1742849375,46375.826,1742849392,29375.826,SQS
67e1c5d1771d074a42d86acc,1742849375,46409.714,1742849392,29409.714,SQS
67e1c5d1771d074a42d86acf,1742849375,46470.7358,1742849392,29470.7358,SQS
67e1c5d1771d074a42d86ad2,1742849375,46475.8116,1742849392,29475.8116,SQS
67e1c5d1771d074a42d86ad9,1742849375,46521.9127,1742849392,29521.9127,SQS
67e1c5d1771d074a42d86ada,1742849375,46522.7979,1742849392,29522.7979,SQS
67e1c5d1771d074a42d86adf,1742849375,46622.7812,1742849392,29622.7812,SQS
67e1c5d1771d074a42d86ae1,1742849375,46626.4908,1742849392,29626.4908,SQS
67e1c5d1771d074a42d86ae5,1742849375,46779.6415,1742849392,29779.6415,SQS
67e1c5d1771d074a42d86ae6,1742849375,46809.1057,1742849392,29809.1057,SQS
67e1c5d1771d074a42d86ae7,1742849375,46810.6392,1742849392,29810.6392,SQS
67e1c5d1771d074a42d86ae8,1742849375,46684.9192,1742849392,29684.9192,SQS
67e1c5d1771d074a42d86aec,1742849375,46934.2751,1742849392,29934.2751,SQS
67e1c5d1771d074a42d86aee,1742849375,47026.152,1742849392,30026.152,SQS
67e1c5d1771d074a42d86aef,1742849375,46964.8433,1742849392,29964.8433,SQS
67e1c5d1771d074a42d86af0,1742849375,47058.7839,1742849392,30058.7839,SQS
67e1c5d1771d074a42d86af2,1742849375,47090.7513,1742849392,30090.7513,SQS
67e1c5d1771d074a42d86af3,1742849375,47118.9972,1742849392,30118.9972,SQS
67e1c5d1771d074a42d86af7,1742849375,47128.4178,1742849392,30128.4178,SQS
67e1c5d1771d074a42d86afb,1742849375,47168.1008,1742849392,30168.1008,SQS
67e1c5d1771d074a42d86afd,1742849375,47170.4567,1742849392,30170.4567,SQS
67e1c5d1771d074a42d86aff,1742849375,47197.8854,1742849392,30197.8854,SQS
67e1c5d1771d074a42d86b01,1742849375,47230.0998,1742849392,30230.0998,SQS
67e1c5d1771d074a42d86b02,1742849375,47259.4424,1742849392,30259.4424,SQS
67e1c5d1771d074a42d86b03,1742849375,47291.2172,1742849392,30291.2172,SQS
67e1c5d1771d074a42d86b04,1742849375,47351.5424,1742849392,30351.5424,SQS
67e1c5d1771d074a42d86b05,1742849375,47353.358,1742849392,30353.358,SQS
67e1c5d1771d074a42d86b06,1742849375,47323.8486,1742849392,30323.8486,SQS
67e1c5d1771d074a42d86b07,1742849375,47322.962,1742849392,30322.962,SQS
67e1c5d1771d074a42d86b08,1742849375,47383.4217,1742849392,30383.4217,SQS
67e1c5d1771d074a42d86b09,1742849375,47321.9875,1742849392,30321.9875,SQS
67e1c5d1771d074a42d86b0a,1742849375,47260.3277,1742849392,30260.3277,SQS
67e1c5d1771d074a42d86b0b,1742849375,47444.5277,1742849392,30444.5277,SQS
67e1c5d1771d074a42d86b0c,1742849375,47479.9553,1742849392,30479.9553,SQS
67e1c5d1771d074a42d86b0d,1742849375,47481.2231,1742849392,30481.2231,SQS
67e1c5d1771d074a42d86b0e,1742849375,47483.2065,1742849392,30483.2065,SQS
67e1c5d1771d074a42d86b0f,1742849375,47485.1656,1742849392,30485.1656,SQS
67e1c5d1771d074a42d86b10,1742849375,47507.4298,1742849392,30507.4298,SQS
67e1c5d1771d074a42d86b11,1742849375,47539.8037,1742849392,30539.8037,SQS
67e1c5d1771d074a42d86b12,1742849375,47540.6303,1742849392,30540.6303,SQS
67e1c5d1771d074a42d86b13,1742849375,47543.3482,1742849392,30543.3482,SQS
67e1c5d1771d074a42d86b14,1742849375,47544.4891,1742849392,30544.4891,SQS
67e1c5d1771d074a42d86b15,1742849375,47549.0615,1742849392,30549.0615,SQS
67e1c5d1771d074a42d86b16,1742849375,47584.011,1742849392,30584.011,SQS
67e1c5d1771d074a42d86b17,1742849375,47585.8385,1742849392,30585.8385,SQS
67e1c5d1771d074a42d86b19,1742849375,47617.3114,1742849392,30617.3114,SQS
67e1c5d1771d074a42d86b1a,1742849375,47618.9459,1742849392,30618.9459,SQS
67e1c5d1771d074a42d86b1b,1742849375,47646.9511,1742849392,30646.9511,SQS
67e1c5d1771d074a42d86b1c,1742849375,47647.7322,1742849392,30647.7322,SQS
67e1c5d1771d074a42d86b1d,1742849375,47649.6944,1742849392,30649.6944,SQS
67e1c5d1771d074a42d86b1e,1742849375,47618.1605,1742849392,30618.1605,SQS
67e1c5d1771d074a42d86b1f,1742849375,47658.2715,1742849392,30658.2715,SQS
67e1c5d1771d074a42d86b20,1742849375,47693.2076,1742849392,30693.2076,SQS
67e1c5d1771d074a42d86b21,1742849375,47694.1427,1742849392,30694.1427,SQS
67e1c5d1771d074a42d86b22,1742849375,47696.9662,1742849392,30696.9662,SQS
67e1c5d1771d074a42d86b23,1742849375,47697.8071,1742849392,30697.8071,SQS
67e1c5d1771d074a42d86b24,1742849375,47652.0424,1742849392,30652.0424,SQS
67e1c5d1771d074a42d86b25,1742849375,47756.2616,1742849392,30756.2616,SQS
67e1c5d1771d074a42d86b26,1742849375,47786.8831,1742849392,30786.8831,SQS
67e1c5d1771d074a42d86b27,1742849375,47758.0382,1742849392,30758.0382,SQS
67e1c5d1771d074a42d86b28,1742849375,47817.238,1742849392,30817.238,SQS
67e1c5d1771d074a42d86b29,1742849375,47940.5979,1742849392,30940.5979,SQS
67e1c5d1771d074a42d86b2a,1742849375,47971.6717,1742849392,30971.6717,SQS
67e1c5d1771d074a42d86b2b,1742849375,48033.5881,1742849392,31033.5881,SQS
67e1c5d1771d074a42d86b2c,1742849375,48064.5999,1742849392,31064.5999,SQS
67e1c5d1771d074a42d86b2d,1742849375,48065.3455,1742849392,31065.3455,SQS
67e1c5d1771d074a42d86b2e,1742849375,48002.6164,1742849392,31002.6164,SQS
67e1c5d1771d074a42d86b2f,1742849375,48003.9366,1742849392,31003.9366,SQS
67e1c5d1771d074a42d86b30,1742849375,48127.0182,1742849392,31127.0182,SQS
67e1c5d1771d074a42d86b31,1742849375,48129.0488,1742849392,31129.0488,SQS
67e1c5d1771d074a42d86b32,1742849375,48099.0813,1742849392,31099.0813,SQS
67e1c5d1771d074a42d86b33,1742849375,48132.4271,1742849392,31132.4271,SQS
67e1c5d1771d074a42d86b34,1742849375,48188.7048,1742849392,31188.7048,SQS
67e1c5d1771d074a42d86b35,1742849375,48220.5682,1742849392,31220.5682,SQS
67e1c5d1771d074a42d86b36,1742849375,48131.6055,1742849392,31131.6055,SQS
67e1c5d1771d074a42d86b37,1742849375,48224.2673,1742849392,31224.2673,SQS
67e1c5d1771d074a42d86b38,1742849375,48225.1255,1742849392,31225.1255,SQS
67e1c5d1771d074a42d86b39,1742849375,48228.4549,1742849392,31228.4549,SQS
67e1c5d1771d074a42d86b3a,1742849375,48223.3823,1742849392,31223.3823,SQS
67e1c5d1771d074a42d86b3b,1742849375,48252.1372,1742849392,31252.1372,SQS
67e1c5d1771d074a42d86b3c,1742849375,48252.9579,1742849392,31252.9579,SQS
67e1c5d1771d074a42d86b3d,1742849375,48255.4518,1742849392,31255.4518,SQS
67e1c5d1771d074a42d86b3e,1742849375,48256.2688,1742849392,31256.2688,SQS
67e1c5d1771d074a42d86b40,1742849375,48189.7042,1742849392,31189.7042,SQS
67e1c5d1771d074a42d86b41,1742849375,48285.4999,1742849392,31285.4999,SQS
67e1c5d1771d074a42d86b42,1742849375,48288.139,1742849392,31288.139,SQS
67e1c5d1771d074a42d86b43,1742849375,48287.3727,1742849392,31287.3727,SQS
67e1c5d1771d074a42d86b44,1742849375,48291.5176,1742849392,31291.5176,SQS
67e1c5d1771d074a42d86b45,1742849375,48293.14,1742849392,31293.14,SQS
67e1c5d1771d074a42d86b46,1742849375,48295.2049,1742849392,31295.2049,SQS
67e1c5d1771d074a42d86b47,1742849375,48290.7482,1742849392,31290.7482,SQS
67e1c5d1771d074a42d86b49,1742849375,48329.6922,1742849392,31329.6922,SQS
67e1c5d1771d074a42d86b4b,1742849375,48362.1252,1742849392,31362.1252,SQS
67e1c5d1771d074a42d86b4c,1742849375,48362.9062,1742849392,31362.9062,SQS
67e1c5d1771d074a42d86b4e,1742849375,48366.6511,1742849392,31366.6511,SQS
67e1c5d1771d074a42d86b54,1742849375,48413.9723,1742849392,31413.9723,SQS
67e1c5d1771d074a42d86b55,1742849375,48406.7474,1742849392,31406.7474,SQS
67e1c5d1771d074a42d86b56,1742849375,48438.0837,1742849392,31438.0837,SQS
67e1c5d1771d074a42d86b57,1742849375,48439.5038,1742849392,31439.5038,SQS
67e1c5d1771d074a42d86b58,1742849375,48365.1976,1742849392,31365.1976,SQS
67e1c5d1771d074a42d86b59,1742849375,48467.481,1742849392,31467.481,SQS
67e1c5d1771d074a42d86b5a,1742849375,48436.4943,1742849392,31436.4943,SQS
67e1c5d1771d074a42d86b5b,1742849375,48442.0003,1742849392,31442.0003,SQS
67e1c5d1771d074a42d86b5c,1742849375,48442.7215,1742849392,31442.7215,SQS
67e1c5d1771d074a42d86b5d,1742849375,48471.5234,1742849392,31471.5234,SQS
67e1c5d1771d074a42d86b5e,1742849375,48474.9102,1742849392,31474.9102,SQS
67e1c5d1771d074a42d86b5f,1742849375,48473.3474,1742849392,31473.3474,SQS
67e1c5d1771d074a42d86b60,1742849375,48474.1703,1742849392,31474.1703,SQS
67e1c5d1771d074a42d86b61,1742849375,48478.1158,1742849392,31478.1158,SQS
67e1c5d1771d074a42d86b62,1742849375,48545.6862,1742849392,31545.6862,SQS
67e1c5d1771d074a42d86b63,1742849375,48576.1721,1742849392,31576.1721,SQS
67e1c5d1771d074a42d86b64,1742849375,48576.9997,1742849392,31576.9997,SQS
67e1c5d1771d074a42d86b65,1742849375,48580.3604,1742849392,31580.3604,SQS
67e1c5d1771d074a42d86b66,1742849375,48581.2868,1742849392,31581.2868,SQS
67e1c5d1771d074a42d86b67,1742849375,48583.6163,1742849392,31583.6163,SQS
67e1c5d1771d074a42d86b68,1742849375,48584.5263,1742849392,31584.5263,SQS
67e1c5d1771d074a42d86b69,1742849375,48260.7709,1742849392,31260.7709,SQS
67e1c5d1771d074a42d86b6b,1742849375,48590.4311,1742849392,31590.4311,SQS
67e1c5d1771d074a42d86b6c,1742849375,48592.0627,1742849392,31592.0627,SQS
67e1c5d1771d074a42d86b6d,1742849375,48594.5396,1742849392,31594.5396,SQS
67e1c5d1771d074a42d86b6e,1742849375,48592.931,1742849392,31592.931,SQS
67e1c5d1771d074a42d86b73,1742849375,48133.1588,1742849392,31133.1588,SQS
67e1c5d1771d074a42d86b74,1742849375,48604.1606,1742849392,31604.1606,SQS
67e1c5d1771d074a42d86b7a,1742849375,48604.9718,1742849392,31604.9718,SQS
67e1c5d1771d074a42d86b7b,1742849375,48616.6013,1742849392,31616.6013,SQS
67e1c5d1771d074a42d86b7c,1742849375,48617.4994,1742849392,31617.4994,SQS
67e1c5d1771d074a42d86b7d,1742849375,48620.0125,1742849392,31620.0125,SQS
67e1c5d1771d074a42d86b7e,1742849375,48620.8285,1742849392,31620.8285,SQS
67e1c5d1771d074a42d86b7f,1742849375,48656.8953,1742849392,31656.8953,SQS
67e1c5d1771d074a42d86b80,1742849375,47754.4947,1742849392,30754.4947,SQS
67e1c5d1771d074a42d86b81,1742849375,48660.1308,1742849392,31660.1308,SQS
67e1c5d1771d074a42d86b82,1742849375,48684.5958,1742849392,31684.5958,SQS
67e1c5d1771d074a42d86c02,1742849375,47755.3211,1742849392,30755.3211,SQS
67e1c5d1771d074a42d86c06,1742849375,47616.4244,1742849392,30616.4244,SQS
67e1c5d1771d074a42d86c07,1742849375,50049.6425,1742849392,33049.6425,SQS
67e1c5d1771d074a42d86c08,1742849375,50050.4121,1742849392,33050.4121,SQS
67e1c5d1771d074a42d86c09,1742849375,50052.5661,1742849392,33052.5661,SQS
67e1c5d1771d074a42d86a56,1742849375,44857.3434,1742849391,28857.3434,SQS
67e1c5d1771d074a42d86a5e,1742849375,44982.1817,1742849391,28982.1817,SQS
67e1c5d1771d074a42d86a67,1742849375,45033.7367,1742849391,29033.7367,SQS
67e1c5d1771d074a42d86a6c,1742849375,45123.4558,1742849391,29123.4558,SQS
67e1c5d1771d074a42d86a70,1742849375,45212.6835,1742849391,29212.6835,SQS
67e1c5d1771d074a42d86a73,1742849375,45244.4144,1742849391,29244.4144,SQS
67e1c5d1771d074a42d86a75,1742849375,45307.0488,1742849391,29307.0488,SQS
67e1c5d1771d074a42d86a78,1742849375,45314.7358,1742849391,29314.7358,SQS
67e1c5d1771d074a42d86a79,1742849375,45312.3058,1742849391,29312.3058,SQS
67e1c5d1771d074a42d86a7a,1742849375,45313.9566,1742849391,29313.9566,SQS
67e1c5d1771d074a42d86a7d,1742849375,45319.8115,1742849391,29319.8115,SQS
67e1c5d1771d074a42d86a80,1742849375,45353.1778,1742849391,29353.1778,SQS
67e1c5d1771d074a42d86a85,1742849375,45414.6106,1742849391,29414.6106,SQS
67e1c5d1771d074a42d86a8f,1742849375,45509.9335,1742849391,29509.9335,SQS
67e1c5d1771d074a42d86a90,1742849375,45512.6918,1742849391,29512.6918,SQS
67e1c5d1771d074a42d86a91,1742849375,45513.6865,1742849391,29513.6865,SQS
67e1c5d1771d074a42d86a92,1742849375,45511.7979,1742849391,29511.7979,SQS
67e1c5d1771d074a42d86a93,1742849375,45509.0857,1742849391,29509.0857,SQS
67e1c5d1771d074a42d86a95,1742849375,45599.7251,1742849391,29599.7251,SQS
67e1c5d1771d074a42d86a96,1742849375,45600.7172,1742849391,29600.7172,SQS
67e1c5d1771d074a42d86a97,1742849375,45631.973,1742849391,29631.973,SQS
67e1c5d1771d074a42d86a98,1742849375,45630.6856,1742849391,29630.6856,SQS
67e1c5d1771d074a42d86a99,1742849375,45634.8526,1742849391,29634.8526,SQS
67e1c5d1771d074a42d86a9a,1742849375,45635.6382,1742849391,29635.6382,SQS
67e1c5d1771d074a42d86a9b,1742849375,45637.233,1742849391,29637.233,SQS
67e1c5d1771d074a42d86a9d,1742849375,45641.2137,1742849391,29641.2137,SQS
67e1c5d1771d074a42d86a9f,1742849375,45644.2612,1742849391,29644.2612,SQS
67e1c5d1771d074a42d86aa0,1742849375,45645.1422,1742849391,29645.1422,SQS
67e1c5d1771d074a42d86aa1,1742849375,45648.3959,1742849391,29648.3959,SQS
67e1c5d1771d074a42d86aa4,1742849375,45678.4935,1742849391,29678.4935,SQS
67e1c5d1771d074a42d86aa6,1742849375,45740.0343,1742849391,29740.0343,SQS
67e1c5d1771d074a42d86aa9,1742849375,45650.0212,1742849391,29650.0212,SQS
67e1c5d1771d074a42d86aaa,1742849375,45832.2077,1742849391,29832.2077,SQS
67e1c5d1771d074a42d86aac,1742849375,45833.1284,1742849391,29833.1284,SQS
67e1c5d1771d074a42d86aad,1742849375,45926.1607,1742849391,29926.1607,SQS
67e1c5d1771d074a42d86ab0,1742849375,45647.5326,1742849391,29647.5326,SQS
67e1c5d1771d074a42d86ab3,1742849375,45993.2362,1742849391,29993.2362,SQS
67e1c5d1771d074a42d86ab4,1742849375,46019.7921,1742849391,30019.7921,SQS
67e1c5d1771d074a42d86ab6,1742849375,46049.3661,1742849391,30049.3661,SQS
67e1c5d1771d074a42d86ab7,1742849375,46083.3736,1742849391,30083.3736,SQS
67e1c5d1771d074a42d86ab8,1742849375,46082.5571,1742849391,30082.5571,SQS
67e1c5d1771d074a42d86aba,1742849375,46086.8963,1742849391,30086.8963,SQS
67e1c5d1771d074a42d86abb,1742849375,46087.8002,1742849391,30087.8002,SQS
67e1c5d1771d074a42d86abc,1742849375,46090.4437,1742849391,30090.4437,SQS
67e1c5d1771d074a42d86abd,1742849375,46091.2811,1742849391,30091.2811,SQS
67e1c5d1771d074a42d86abe,1742849375,46188.7358,1742849391,30188.7358,SQS
67e1c5d1771d074a42d86ac0,1742849375,46158.7808,1742849391,30158.7808,SQS
67e1c5d1771d074a42d86ac1,1742849375,46157.8361,1742849391,30157.8361,SQS
67e1c5d1771d074a42d86ac3,1742849375,46312.7678,1742849391,30312.7678,SQS
67e1c5d1771d074a42d86ac5,1742849375,46317.3753,1742849391,30317.3753,SQS
67e1c5d1771d074a42d86ac6,1742849375,46319.9141,1742849391,30319.9141,SQS
67e1c5d1771d074a42d86ac8,1742849375,46374.7938,1742849391,30374.7938,SQS
67e1c5d1771d074a42d86aca,1742849375,46407.274,1742849391,30407.274,SQS
67e1c5d1771d074a42d86acb,1742849375,46318.1921,1742849391,30318.1921,SQS
67e1c5d1771d074a42d86acd,1742849375,46412.265,1742849391,30412.265,SQS
67e1c5d1771d074a42d86ace,1742849375,46467.9273,1742849391,30467.9273,SQS
67e1c5d1771d074a42d86ad0,1742849375,46468.8879,1742849391,30468.8879,SQS
67e1c5d1771d074a42d86ad1,1742849375,46474.7615,1742849391,30474.7615,SQS
67e1c5d1771d074a42d86ad4,1742849375,46413.0565,1742849391,30413.0565,SQS
67e1c5d1771d074a42d86ad5,1742849375,46413.9433,1742849391,30413.9433,SQS
67e1c5d1771d074a42d86ad6,1742849375,46516.4966,1742849391,30516.4966,SQS
67e1c5d1771d074a42d86ad7,1742849375,46518.4528,1742849391,30518.4528,SQS
67e1c5d1771d074a42d86ad8,1742849375,46519.3352,1742849391,30519.3352,SQS
67e1c5d1771d074a42d86adb,1742849375,46525.3104,1742849391,30525.3104,SQS
67e1c5d1771d074a42d86adc,1742849375,46592.8654,1742849391,30592.8654,SQS
67e1c5d1771d074a42d86add,1742849375,46593.7183,1742849391,30593.7183,SQS
67e1c5d1771d074a42d86ade,1742849375,46592.0273,1742849391,30592.0273,SQS
67e1c5d1771d074a42d86ae0,1742849375,46625.6902,1742849391,30625.6902,SQS
67e1c5d1771d074a42d86ae2,1742849375,46716.4281,1742849391,30716.4281,SQS
67e1c5d1771d074a42d86ae3,1742849375,46746.8701,1742849391,30746.8701,SQS
67e1c5d1771d074a42d86ae4,1742849375,46747.8741,1742849391,30747.8741,SQS
67e1c5d1771d074a42d86ae9,1742849375,46902.253,1742849391,30902.253,SQS
67e1c5d1771d074a42d86aea,1742849375,46904.1842,1742849391,30904.1842,SQS
67e1c5d1771d074a42d86aeb,1742849375,46932.933,1742849391,30932.933,SQS
67e1c5d1771d074a42d86aed,1742849375,46995.997,1742849391,30995.997,SQS
67e1c5d1771d074a42d86af1,1742849375,46871.0449,1742849391,30871.0449,SQS
67e1c5d1771d074a42d86af4,1742849375,47121.5277,1742849391,31121.5277,SQS
67e1c5d1771d074a42d86af5,1742849375,47123.7057,1742849391,31123.7057,SQS
67e1c5d1771d074a42d86af6,1742849375,47126.8267,1742849391,31126.8267,SQS
67e1c5d1771d074a42d86af8,1742849375,47089.5625,1742849391,31089.5625,SQS
67e1c5d1771d074a42d86af9,1742849375,46561.7904,1742849391,30561.7904,SQS
67e1c5d1771d074a42d86afa,1742849375,47167.2024,1742849391,31167.2024,SQS
67e1c5d1771d074a42d86afc,1742849375,46560.9067,1742849391,30560.9067,SQS
67e1c5d1771d074a42d86b18,1742849375,47538.8182,1742849391,31538.8182,SQS
67e1c5d1771d074a42d86c04,1742849375,47615.5041,1742849391,31615.5041,SQS
67e1c5d1771d074a42d869cf,1742849375,42950.3138,1742849390,27950.3138,SQS
67e1c5d1771d074a42d869d0,1742849375,43011.5932,1742849390,28011.5932,SQS
67e1c5d1771d074a42d869d1,1742849375,43013.0062,1742849390,28013.0062,SQS
67e1c5d1771d074a42d869d3,1742849375,43074.4668,1742849390,28074.4668,SQS
67e1c5d1771d074a42d869d5,1742849375,43198.3346,1742849390,28198.3346,SQS
67e1c5d1771d074a42d869d8,1742849375,43233.1311,1742849390,28233.1311,SQS
67e1c5d1771d074a42d869d9,1742849375,43233.9601,1742849390,28233.9601,SQS
67e1c5d1771d074a42d869da,1742849375,43237.9199,1742849390,28237.9199,SQS
67e1c5d1771d074a42d869db,1742849375,43238.676,1742849390,28238.676,SQS
67e1c5d1771d074a42d869dc,1742849375,43236.3476,1742849390,28236.3476,SQS
67e1c5d1771d074a42d869dd,1742849375,43241.0101,1742849390,28241.0101,SQS
67e1c5d1771d074a42d869de,1742849375,43237.1315,1742849390,28237.1315,SQS
67e1c5d1771d074a42d869df,1742849375,43275.3939,1742849390,28275.3939,SQS
67e1c5d1771d074a42d869e0,1742849375,43307.1632,1742849390,28307.1632,SQS
67e1c5d1771d074a42d869e1,1742849375,43306.1697,1742849390,28306.1697,SQS
67e1c5d1771d074a42d869e3,1742849375,43337.0458,1742849390,28337.0458,SQS
67e1c5d1771d074a42d869e4,1742849375,43368.054,1742849390,28368.054,SQS
67e1c5d1771d074a42d869e5,1742849375,42951.9799,1742849390,27951.9799,SQS
67e1c5d1771d074a42d869e6,1742849375,43399.7527,1742849390,28399.7527,SQS
67e1c5d1771d074a42d869e7,1742849375,43401.0752,1742849390,28401.0752,SQS
67e1c5d1771d074a42d869e8,1742849375,43370.0719,1742849390,28370.0719,SQS
67e1c5d1771d074a42d869ea,1742849375,43431.5638,1742849390,28431.5638,SQS
67e1c5d1771d074a42d869eb,1742849375,43431.8496,1742849390,28431.8496,SQS
67e1c5d1771d074a42d869ec,1742849375,43430.1006,1742849390,28430.1006,SQS
67e1c5d1771d074a42d869ee,1742849375,43465.8137,1742849390,28465.8137,SQS
67e1c5d1771d074a42d869ef,1742849375,43464.9616,1742849390,28464.9616,SQS
67e1c5d1771d074a42d869f2,1742849375,43494.4781,1742849390,28494.4781,SQS
67e1c5d1771d074a42d869f3,1742849375,43495.2113,1742849390,28495.2113,SQS
67e1c5d1771d074a42d869f4,1742849375,43554.2132,1742849390,28554.2132,SQS
67e1c5d1771d074a42d869f5,1742849375,43556.9241,1742849390,28556.9241,SQS
67e1c5d1771d074a42d869f6,1742849375,43559.1754,1742849390,28559.1754,SQS
67e1c5d1771d074a42d869f7,1742849375,43556.0825,1742849390,28556.0825,SQS
67e1c5d1771d074a42d869f8,1742849375,43587.0007,1742849390,28587.0007,SQS
67e1c5d1771d074a42d869f9,1742849375,43617.0907,1742849390,28617.0907,SQS
67e1c5d1771d074a42d869fa,1742849375,43647.8886,1742849390,28647.8886,SQS
67e1c5d1771d074a42d869fb,1742849375,43617.8533,1742849390,28617.8533,SQS
67e1c5d1771d074a42d869fc,1742849375,43648.7205,1742849390,28648.7205,SQS
67e1c5d1771d074a42d869fd,1742849375,43711.7131,1742849390,28711.7131,SQS
67e1c5d1771d074a42d869fe,1742849375,43709.8352,1742849390,28709.8352,SQS
67e1c5d1771d074a42d869ff,1742849375,43710.6943,1742849390,28710.6943,SQS
67e1c5d1771d074a42d86a00,1742849375,43558.4444,1742849390,28558.4444,SQS
67e1c5d1771d074a42d86a01,1742849375,43740.5873,1742849390,28740.5873,SQS
67e1c5d1771d074a42d86a02,1742849375,43647.0513,1742849390,28647.0513,SQS
67e1c5d1771d074a42d86a03,1742849375,43803.598,1742849390,28803.598,SQS
67e1c5d1771d074a42d86a05,1742849375,43833.5433,1742849390,28833.5433,SQS
67e1c5d1771d074a42d86a06,1742849375,43832.7952,1742849390,28832.7952,SQS
67e1c5d1771d074a42d86a07,1742849375,43835.9168,1742849390,28835.9168,SQS
67e1c5d1771d074a42d86a08,1742849375,43836.637,1742849390,28836.637,SQS
67e1c5d1771d074a42d86a09,1742849375,43838.8068,1742849390,28838.8068,SQS
67e1c5d1771d074a42d86a0a,1742849375,43839.5926,1742849390,28839.5926,SQS
67e1c5d1771d074a42d86a0c,1742849375,43866.6072,1742849390,28866.6072,SQS
67e1c5d1771d074a42d86a0d,1742849375,43867.5066,1742849390,28867.5066,SQS
67e1c5d1771d074a42d86a10,1742849375,43869.0263,1742849390,28869.0263,SQS
67e1c5d1771d074a42d86a11,1742849375,43876.6155,1742849390,28876.6155,SQS
67e1c5d1771d074a42d86a12,1742849375,43877.5006,1742849390,28877.5006,SQS
67e1c5d1771d074a42d86a13,1742849375,43874.5359,1742849390,28874.5359,SQS
67e1c5d1771d074a42d86a15,1742849375,43913.4509,1742849390,28913.4509,SQS
67e1c5d1771d074a42d86a16,1742849375,43865.8078,1742849390,28865.8078,SQS
67e1c5d1771d074a42d86a18,1742849375,43942.0939,1742849390,28942.0939,SQS
67e1c5d1771d074a42d86a19,1742849375,43942.8984,1742849390,28942.8984,SQS
67e1c5d1771d074a42d86a1b,1742849375,43945.2516,1742849390,28945.2516,SQS
67e1c5d1771d074a42d86a1c,1742849375,44003.8421,1742849390,29003.8421,SQS
67e1c5d1771d074a42d86a1d,1742849375,43975.9164,1742849390,28975.9164,SQS
67e1c5d1771d074a42d86a1f,1742849375,44035.8758,1742849390,29035.8758,SQS
67e1c5d1771d074a42d86a20,1742849375,44036.6602,1742849390,29036.6602,SQS
67e1c5d1771d074a42d86a21,1742849375,44038.949,1742849390,29038.949,SQS
67e1c5d1771d074a42d86a22,1742849375,44039.8314,1742849390,29039.8314,SQS
67e1c5d1771d074a42d86a23,1742849375,44066.0649,1742849390,29066.0649,SQS
67e1c5d1771d074a42d86a24,1742849375,44097.2264,1742849390,29097.2264,SQS
67e1c5d1771d074a42d86a25,1742849375,44158.3741,1742849390,29158.3741,SQS
67e1c5d1771d074a42d86a27,1742849375,44220.3928,1742849390,29220.3928,SQS
67e1c5d1771d074a42d86a29,1742849375,44252.0446,1742849390,29252.0446,SQS
67e1c5d1771d074a42d86a2a,1742849375,44254.4124,1742849390,29254.4124,SQS
67e1c5d1771d074a42d86a2b,1742849375,44314.2914,1742849390,29314.2914,SQS
67e1c5d1771d074a42d86a2c,1742849375,44344.4179,1742849390,29344.4179,SQS
67e1c5d1771d074a42d86a2d,1742849375,44317.8508,1742849390,29317.8508,SQS
67e1c5d1771d074a42d86a2e,1742849375,44314.5984,1742849390,29314.5984,SQS
67e1c5d1771d074a42d86a2f,1742849375,44406.6041,1742849390,29406.6041,SQS
67e1c5d1771d074a42d86a30,1742849375,43975.0863,1742849390,28975.0863,SQS
67e1c5d1771d074a42d86a32,1742849375,44441.4584,1742849390,29441.4584,SQS
67e1c5d1771d074a42d86a34,1742849375,44442.193,1742849390,29442.193,SQS
67e1c5d1771d074a42d86a35,1742849375,44445.5607,1742849390,29445.5607,SQS
67e1c5d1771d074a42d86a36,1742849375,44446.3525,1742849390,29446.3525,SQS
67e1c5d1771d074a42d86a37,1742849375,44159.9249,1742849390,29159.9249,SQS
67e1c5d1771d074a42d86a38,1742849375,43946.016,1742849390,28946.016,SQS
67e1c5d1771d074a42d86a39,1742849375,44450.3631,1742849390,29450.3631,SQS
67e1c5d1771d074a42d86a3a,1742849375,44451.1225,1742849390,29451.1225,SQS
67e1c5d1771d074a42d86a3b,1742849375,43523.1508,1742849390,28523.1508,SQS
67e1c5d1771d074a42d86a40,1742849375,44459.8232,1742849390,29459.8232,SQS
67e1c5d1771d074a42d86a42,1742849375,44514.8958,1742849390,29514.8958,SQS
67e1c5d1771d074a42d86a43,1742849375,44517.6948,1742849390,29517.6948,SQS
67e1c5d1771d074a42d86a44,1742849375,44549.0117,1742849390,29549.0117,SQS
67e1c5d1771d074a42d86a45,1742849375,44518.9587,1742849390,29518.9587,SQS
67e1c5d1771d074a42d86a47,1742849375,44577.047,1742849390,29577.047,SQS
67e1c5d1771d074a42d86a48,1742849375,44640.6759,1742849390,29640.6759,SQS
67e1c5d1771d074a42d86a49,1742849375,44642.92,1742849390,29642.92,SQS
67e1c5d1771d074a42d86a4a,1742849375,44643.6916,1742849390,29643.6916,SQS
67e1c5d1771d074a42d86a4b,1742849375,44646.0284,1742849390,29646.0284,SQS
67e1c5d1771d074a42d86a4c,1742849375,44646.763,1742849390,29646.763,SQS
67e1c5d1771d074a42d86a4e,1742849375,44516.0655,1742849390,29516.0655,SQS
67e1c5d1771d074a42d86a4f,1742849375,44703.4833,1742849390,29703.4833,SQS
67e1c5d1771d074a42d86a50,1742849375,44763.2637,1742849390,29763.2637,SQS
67e1c5d1771d074a42d86a51,1742849375,44765.8931,1742849390,29765.8931,SQS
67e1c5d1771d074a42d86a52,1742849375,44766.9525,1742849390,29766.9525,SQS
67e1c5d1771d074a42d86a53,1742849375,44795.7061,1742849390,29795.7061,SQS
67e1c5d1771d074a42d86a54,1742849375,44825.6571,1742849390,29825.6571,SQS
67e1c5d1771d074a42d86a55,1742849375,44826.4883,1742849390,29826.4883,SQS
67e1c5d1771d074a42d86a57,1742849375,44888.2072,1742849390,29888.2072,SQS
67e1c5d1771d074a42d86a58,1742849375,44856.2593,1742849390,29856.2593,SQS
67e1c5d1771d074a42d86a59,1742849375,44918.1346,1742849390,29918.1346,SQS
67e1c5d1771d074a42d86a5a,1742849375,44764.2087,1742849390,29764.2087,SQS
67e1c5d1771d074a42d86a5b,1742849375,44887.7847,1742849390,29887.7847,SQS
67e1c5d1771d074a42d86a5c,1742849375,44952.9326,1742849390,29952.9326,SQS
67e1c5d1771d074a42d86a5d,1742849375,44953.854,1742849390,29953.854,SQS
67e1c5d1771d074a42d86a60,1742849375,44983.9969,1742849390,29983.9969,SQS
67e1c5d1771d074a42d86a61,1742849375,44981.1496,1742849390,29981.1496,SQS
67e1c5d1771d074a42d86a62,1742849375,44951.1755,1742849390,29951.1755,SQS
67e1c5d1771d074a42d86a63,1742849375,44992.3133,1742849390,29992.3133,SQS
67e1c5d1771d074a42d86a64,1742849375,45027.6799,1742849390,30027.6799,SQS
67e1c5d1771d074a42d86a65,1742849375,45029.5763,1742849390,30029.5763,SQS
67e1c5d1771d074a42d86a66,1742849375,45032.1181,1742849390,30032.1181,SQS
67e1c5d1771d074a42d86a68,1742849375,45032.9632,1742849390,30032.9632,SQS
67e1c5d1771d074a42d86a69,1742849375,45089.2211,1742849390,30089.2211,SQS
67e1c5d1771d074a42d86a6a,1742849375,45119.8128,1742849390,30119.8128,SQS
67e1c5d1771d074a42d86a6b,1742849375,45150.6813,1742849390,30150.6813,SQS
67e1c5d1771d074a42d86a6d,1742849375,45154.2859,1742849390,30154.2859,SQS
67e1c5d1771d074a42d86a6e,1742849375,45155.0974,1742849390,30155.0974,SQS
67e1c5d1771d074a42d86a6f,1742849375,45183.4893,1742849390,30183.4893,SQS
67e1c5d1771d074a42d86a71,1742849375,45216.7526,1742849390,30216.7526,SQS
67e1c5d1771d074a42d86a72,1742849375,45243.6347,1742849390,30243.6347,SQS
67e1c5d1771d074a42d86a74,1742849375,45274.5531,1742849390,30274.5531,SQS
67e1c5d1771d074a42d86a76,1742849375,45308.8528,1742849390,30308.8528,SQS
67e1c5d1771d074a42d86a77,1742849375,45309.6195,1742849390,30309.6195,SQS
67e1c5d1771d074a42d86a7b,1742849375,45313.091,1742849390,30313.091,SQS
67e1c5d1771d074a42d86a7c,1742849375,45319.0328,1742849390,30319.0328,SQS
67e1c5d1771d074a42d86a7e,1742849375,45320.6827,1742849390,30320.6827,SQS
67e1c5d1771d074a42d86a7f,1742849375,45213.9922,1742849390,30213.9922,SQS
67e1c5d1771d074a42d86a81,1742849375,45151.509,1742849390,30151.509,SQS
67e1c5d1771d074a42d86a82,1742849375,45218.733,1742849390,30218.733,SQS
67e1c5d1771d074a42d86a83,1742849375,45385.0101,1742849390,30385.0101,SQS
67e1c5d1771d074a42d86a84,1742849375,45385.9808,1742849390,30385.9808,SQS
67e1c5d1771d074a42d86a86,1742849375,45414.979,1742849390,30414.979,SQS
67e1c5d1771d074a42d86a88,1742849375,45446.6321,1742849390,30446.6321,SQS
67e1c5d1771d074a42d86a8a,1742849375,45450.0088,1742849390,30450.0088,SQS
67e1c5d1771d074a42d86aa2,1742849375,45650.7998,1742849390,30650.7998,SQS
67e1c5d1771d074a42d86aa3,1742849375,45651.5681,1742849390,30651.5681,SQS
67e1c5d1771d074a42d86aa5,1742849375,45708.2968,1742849390,30708.2968,SQS
67e1c5d1771d074a42d86aae,1742849375,45958.0499,1742849390,30958.0499,SQS
67e1c5d2771d074a42d87396,1742849375,71205.115,1742849390,56205.115,SQS
67e1c5d2771d074a42d87397,1742849375,71205.9742,1742849390,56205.9742,SQS
67e1c5d2771d074a42d87398,1742849375,43198.6472,1742849390,28198.6472,SQS
67e1c5d2771d074a42d87399,1742849375,44551.7845,1742849390,29551.7845,SQS
67e1c5d2771d074a42d8739a,1742849375,71267.1738,1742849390,56267.1738,SQS
67e1c5d1771d074a42d86ab2,1742849375,45987.4108,1742849390,30987.4108,SQS
67e1c5d2771d074a42d8739b,1742849375,71268.3106,1742849390,56268.3106,SQS
67e1c5d1771d074a42d869c3,1742849375,42519.7539,1742849390,27519.7539,SQS
67e1c5d1771d074a42d869c5,1742849375,42577.8943,1742849390,27577.8943,SQS
67e1c5d1771d074a42d869c7,1742849375,42733.3934,1742849390,27733.3934,SQS
67e1c5d1771d074a42d869ca,1742849375,42796.1567,1742849389,28796.1567,SQS
67e1c5d1771d074a42d869cc,1742849375,42920.1877,1742849389,28920.1877,SQS
67e1c5d1771d074a42d869cd,1742849375,42887.3669,1742849389,28887.3669,SQS
67e1c5d1771d074a42d869ce,1742849375,42578.6979,1742849389,28578.6979,SQS
67e1c5d1771d074a42d869d2,1742849375,43105.2392,1742849389,29105.2392,SQS
67e1c5d1771d074a42d869d4,1742849375,43166.6528,1742849389,29166.6528,SQS
67e1c5d1771d074a42d869d6,1742849375,43229.7349,1742849389,29229.7349,SQS
67e1c5d1771d074a42d869d7,1742849375,43231.4325,1742849389,29231.4325,SQS
67e1c5d1771d074a42d869e2,1742849375,43310.3737,1742849389,29310.3737,SQS
67e1c5d1771d074a42d869e9,1742849375,42639.7058,1742849389,28639.7058,SQS
67e1c5d1771d074a42d869ed,1742849375,43464.1867,1742849389,29464.1867,SQS
67e1c5d1771d074a42d869f0,1742849375,43462.3419,1742849389,29462.3419,SQS
67e1c5d1771d074a42d86a04,1742849375,43801.7995,1742849389,29801.7995,SQS
67e1c5d1771d074a42d86a0b,1742849375,43864.0922,1742849389,29864.0922,SQS
67e1c5d1771d074a42d86a0e,1742849375,43871.682,1742849389,29871.682,SQS
67e1c5d1771d074a42d86a0f,1742849375,43870.7589,1742849389,29870.7589,SQS
67e1c5d1771d074a42d86a14,1742849375,43880.0507,1742849389,29880.0507,SQS
67e1c5d1771d074a42d86a17,1742849375,43915.2052,1742849389,29915.2052,SQS
67e1c5d1771d074a42d86a1a,1742849375,43497.6497,1742849389,29497.6497,SQS
67e1c5d1771d074a42d86a1e,1742849375,43976.6669,1742849389,29976.6669,SQS
67e1c5d1771d074a42d86a26,1742849375,44191.9052,1742849389,30191.9052,SQS
67e1c5d1771d074a42d86a28,1742849375,44221.2983,1742849389,30221.2983,SQS
67e1c5d1771d074a42d86a31,1742849375,44437.484,1742849389,30437.484,SQS
67e1c5d1771d074a42d86a33,1742849375,44440.6074,1742849389,30440.6074,SQS
67e1c5d1771d074a42d86a3c,1742849375,44453.5279,1742849389,30453.5279,SQS
67e1c5d1771d074a42d86a3d,1742849375,44456.0259,1742849389,30456.0259,SQS
67e1c5d1771d074a42d86a3e,1742849375,44456.8655,1742849389,30456.8655,SQS
67e1c5d1771d074a42d86a3f,1742849375,42523.4215,1742849389,28523.4215,SQS
67e1c5d1771d074a42d86a46,1742849375,44608.1439,1742849389,30608.1439,SQS
67e1c5d1771d074a42d86a4d,1742849375,44701.3918,1742849389,30701.3918,SQS
67e1c5d1771d074a42d86a5f,1742849375,44980.22,1742849389,30980.22,SQS
67e1c5d1771d074a42d86a87,1742849375,45445.8554,1742849389,31445.8554,SQS
67e1c5d1771d074a42d86a89,1742849375,45449.0855,1742849389,31449.0855,SQS
67e1c5d1771d074a42d86a8b,1742849375,44486.4169,1742849389,30486.4169,SQS
67e1c5d1771d074a42d86a8c,1742849375,45478.5193,1742849389,31478.5193,SQS
67e1c5d1771d074a42d86a94,1742849375,45569.3301,1742849389,31569.3301,SQS
67e1c5d1771d074a42d86a9c,1742849375,45639.4977,1742849389,31639.4977,SQS
67e1c5d1771d074a42d86a9e,1742849375,45640.3119,1742849389,31640.3119,SQS
67e1c5d1771d074a42d86aa7,1742849375,45801.3112,1742849389,31801.3112,SQS
67e1c5d1771d074a42d86aa8,1742849375,45677.4748,1742849389,31677.4748,SQS
67e1c5d2771d074a42d87393,1742849375,71084.2227,1742849389,57084.2227,SQS
67e1c5d2771d074a42d87394,1742849375,71111.9393,1742849389,57111.9393,SQS
67e1c5d1771d074a42d86aaf,1742849375,45956.8186,1742849389,31956.8186,SQS
67e1c5d2771d074a42d87395,1742849375,71144.1738,1742849389,57144.1738,SQS
67e1c5d1771d074a42d86ab9,1742849375,46081.1526,1742849389,32081.1526,SQS
67e1c5d1771d074a42d86ac2,1742849375,46283.1921,1742849389,32283.1921,SQS
67e1c5d1771d074a42d86ac7,1742849375,46320.8106,1742849389,32320.8106,SQS
67e1c5d1771d074a42d86ad3,1742849375,46414.8144,1742849389,32414.8144,SQS
67e1c5d1771d074a42d86910,1742849375,39602.1129,1742849389,25602.1129,SQS
67e1c5d1771d074a42d86912,1742849375,39540.4083,1742849389,25540.4083,SQS
67e1c5d1771d074a42d86916,1742849375,39728.7356,1742849389,25728.7356,SQS
67e1c5d1771d074a42d8691c,1742849375,39738.3722,1742849389,25738.3722,SQS
67e1c5d1771d074a42d8691d,1742849375,39729.5492,1742849389,25729.5492,SQS
67e1c5d1771d074a42d8691e,1742849375,39731.0212,1742849389,25731.0212,SQS
67e1c5d1771d074a42d86929,1742849375,39865.7012,1742849389,25865.7012,SQS
67e1c5d1771d074a42d8692d,1742849375,40050.8696,1742849389,26050.8696,SQS
67e1c5d1771d074a42d86932,1742849375,40114.6314,1742849389,26114.6314,SQS
67e1c5d1771d074a42d86933,1742849375,40113.7375,1742849389,26113.7375,SQS
67e1c5d1771d074a42d86935,1742849375,40116.2866,1742849389,26116.2866,SQS
67e1c5d1771d074a42d8693b,1742849375,40237.7745,1742849389,26237.7745,SQS
67e1c5d1771d074a42d8693f,1742849375,40331.6073,1742849389,26331.6073,SQS
67e1c5d1771d074a42d86943,1742849375,40362.0583,1742849389,26362.0583,SQS
67e1c5d1771d074a42d86945,1742849375,40424.1858,1742849389,26424.1858,SQS
67e1c5d1771d074a42d8694a,1742849375,40516.2557,1742849389,26516.2557,SQS
67e1c5d1771d074a42d8694c,1742849375,40578.0704,1742849389,26578.0704,SQS
67e1c5d1771d074a42d8694f,1742849375,40671.2435,1742849389,26671.2435,SQS
67e1c5d1771d074a42d86951,1742849375,40640.2107,1742849389,26640.2107,SQS
67e1c5d1771d074a42d86955,1742849375,40826.9074,1742849389,26826.9074,SQS
67e1c5d1771d074a42d86956,1742849375,40827.6101,1742849389,26827.6101,SQS
67e1c5d1771d074a42d8695a,1742849375,40950.911,1742849389,26950.911,SQS
67e1c5d1771d074a42d8695b,1742849375,40951.7279,1742849389,26951.7279,SQS
67e1c5d1771d074a42d8695c,1742849375,40982.977,1742849389,26982.977,SQS
67e1c5d1771d074a42d8695e,1742849375,41043.1791,1742849389,27043.1791,SQS
67e1c5d1771d074a42d86960,1742849375,41047.2343,1742849389,27047.2343,SQS
67e1c5d1771d074a42d86966,1742849375,41056.728,1742849389,27056.728,SQS
67e1c5d1771d074a42d86967,1742849375,41058.3956,1742849389,27058.3956,SQS
67e1c5d1771d074a42d86968,1742849375,41089.9189,1742849389,27089.9189,SQS
67e1c5d1771d074a42d86969,1742849375,41060.756,1742849389,27060.756,SQS
67e1c5d1771d074a42d8696a,1742849375,41092.8532,1742849389,27092.8532,SQS
67e1c5d1771d074a42d8696b,1742849375,41120.8379,1742849389,27120.8379,SQS
67e1c5d1771d074a42d8696c,1742849375,41094.2089,1742849389,27094.2089,SQS
67e1c5d1771d074a42d8696e,1742849375,41055.1184,1742849389,27055.1184,SQS
67e1c5d1771d074a42d8696f,1742849375,41213.7382,1742849389,27213.7382,SQS
67e1c5d1771d074a42d86970,1742849375,41182.7961,1742849389,27182.7961,SQS
67e1c5d1771d074a42d86971,1742849375,41214.8344,1742849389,27214.8344,SQS
67e1c5d1771d074a42d86972,1742849375,41154.0029,1742849389,27154.0029,SQS
67e1c5d1771d074a42d86973,1742849375,41154.9766,1742849389,27154.9766,SQS
67e1c5d1771d074a42d86974,1742849375,41247.3448,1742849389,27247.3448,SQS
67e1c5d1771d074a42d86975,1742849375,41275.7441,1742849389,27275.7441,SQS
67e1c5d1771d074a42d86976,1742849375,41276.5577,1742849389,27276.5577,SQS
67e1c5d1771d074a42d86977,1742849375,41337.7256,1742849389,27337.7256,SQS
67e1c5d1771d074a42d86978,1742849375,41370.5936,1742849389,27370.5936,SQS
67e1c5d1771d074a42d86979,1742849375,41431.9524,1742849389,27431.9524,SQS
67e1c5d1771d074a42d8697a,1742849375,41369.7477,1742849389,27369.7477,SQS
67e1c5d1771d074a42d8697b,1742849375,41461.7566,1742849389,27461.7566,SQS
67e1c5d1771d074a42d8697c,1742849375,41399.6904,1742849389,27399.6904,SQS
67e1c5d1771d074a42d8697d,1742849375,41523.9313,1742849389,27523.9313,SQS
67e1c5d1771d074a42d8697e,1742849375,41524.9091,1742849389,27524.9091,SQS
67e1c5d1771d074a42d86980,1742849375,41556.4214,1742849389,27556.4214,SQS
67e1c5d1771d074a42d86981,1742849375,41585.8051,1742849389,27585.8051,SQS
67e1c5d1771d074a42d86982,1742849375,41587.8229,1742849389,27587.8229,SQS
67e1c5d1771d074a42d86983,1742849375,41617.9778,1742849389,27617.9778,SQS
67e1c5d1771d074a42d86984,1742849375,41647.8961,1742849389,27647.8961,SQS
67e1c5d1771d074a42d86985,1742849375,41650.1351,1742849389,27650.1351,SQS
67e1c5d1771d074a42d86986,1742849375,41649.0536,1742849389,27649.0536,SQS
67e1c5d1771d074a42d86988,1742849375,41712.2823,1742849389,27712.2823,SQS
67e1c5d1771d074a42d86989,1742849375,41713.9018,1742849389,27713.9018,SQS
67e1c5d1771d074a42d8698a,1742849375,41716.716,1742849389,27716.716,SQS
67e1c5d1771d074a42d8698b,1742849375,41740.646,1742849389,27740.646,SQS
67e1c5d1771d074a42d8698c,1742849375,41802.7163,1742849389,27802.7163,SQS
67e1c5d1771d074a42d8698d,1742849375,41741.5128,1742849389,27741.5128,SQS
67e1c5d1771d074a42d8698e,1742849375,41864.8423,1742849389,27864.8423,SQS
67e1c5d1771d074a42d8698f,1742849375,41868.592,1742849389,27868.592,SQS
67e1c5d1771d074a42d86990,1742849375,41866.8303,1742849389,27866.8303,SQS
67e1c5d1771d074a42d86991,1742849375,41897.1232,1742849389,27897.1232,SQS
67e1c5d1771d074a42d86992,1742849375,41898.0743,1742849389,27898.0743,SQS
67e1c5d1771d074a42d86993,1742849375,41865.9069,1742849389,27865.9069,SQS
67e1c5d1771d074a42d86994,1742849375,41900.9201,1742849389,27900.9201,SQS
67e1c5d1771d074a42d86996,1742849375,41905.1885,1742849389,27905.1885,SQS
67e1c5d1771d074a42d86997,1742849375,41906.1709,1742849389,27906.1709,SQS
67e1c5d1771d074a42d86998,1742849375,41901.7665,1742849389,27901.7665,SQS
67e1c5d1771d074a42d8699a,1742849375,41975.3455,1742849389,27975.3455,SQS
67e1c5d1771d074a42d8699b,1742849375,41976.1576,1742849389,27976.1576,SQS
67e1c5d1771d074a42d8699c,1742849375,41974.2139,1742849389,27974.2139,SQS
67e1c5d1771d074a42d869a0,1742849375,42037.2079,1742849389,28037.2079,SQS
67e1c5d1771d074a42d869a2,1742849375,42041.2553,1742849389,28041.2553,SQS
67e1c5d1771d074a42d869a3,1742849375,42042.0431,1742849389,28042.0431,SQS
67e1c5d1771d074a42d869a4,1742849375,42044.5038,1742849389,28044.5038,SQS
67e1c5d1771d074a42d869a5,1742849375,42045.4902,1742849389,28045.4902,SQS
67e1c5d1771d074a42d869a6,1742849375,42112.69,1742849389,28112.69,SQS
67e1c5d1771d074a42d869a7,1742849375,42174.9737,1742849389,28174.9737,SQS
67e1c5d1771d074a42d869a8,1742849375,42207.1037,1742849389,28207.1037,SQS
67e1c5d1771d074a42d869a9,1742849375,42205.9185,1742849389,28205.9185,SQS
67e1c5d1771d074a42d869aa,1742849375,42209.7606,1742849389,28209.7606,SQS
67e1c5d1771d074a42d869ac,1742849375,42237.4842,1742849389,28237.4842,SQS
67e1c5d1771d074a42d869ad,1742849375,42239.6964,1742849389,28239.6964,SQS
67e1c5d1771d074a42d869b0,1742849375,42242.7179,1742849389,28242.7179,SQS
67e1c5d1771d074a42d869b1,1742849375,42268.6711,1742849389,28268.6711,SQS
67e1c5d1771d074a42d869b2,1742849375,42299.5297,1742849389,28299.5297,SQS
67e1c5d1771d074a42d869b4,1742849375,42332.0809,1742849389,28332.0809,SQS
67e1c5d1771d074a42d869b5,1742849375,42332.8713,1742849389,28332.8713,SQS
67e1c5d1771d074a42d869b7,1742849375,42362.3979,1742849389,28362.3979,SQS
67e1c5d1771d074a42d869b8,1742849375,42363.9959,1742849389,28363.9959,SQS
67e1c5d1771d074a42d869b9,1742849375,42361.6376,1742849389,28361.6376,SQS
67e1c5d1771d074a42d869ba,1742849375,42392.997,1742849389,28392.997,SQS
67e1c5d1771d074a42d869bb,1742849375,42395.6761,1742849389,28395.6761,SQS
67e1c5d1771d074a42d869bc,1742849375,42396.7749,1742849389,28396.7749,SQS
67e1c5d1771d074a42d869bd,1742849375,42453.7189,1742849389,28453.7189,SQS
67e1c5d1771d074a42d869bf,1742849375,42485.1598,1742849389,28485.1598,SQS
67e1c5d1771d074a42d869c1,1742849375,42517.2861,1742849389,28517.2861,SQS
67e1c5d1771d074a42d869c2,1742849375,42360.7858,1742849389,28360.7858,SQS
67e1c5d1771d074a42d869c8,1742849375,42734.9155,1742849389,28734.9155,SQS
67e1c5d1771d074a42d869c9,1742849375,42765.3178,1742849389,28765.3178,SQS
67e1c5d1771d074a42d869cb,1742849375,42826.4065,1742849388,29826.4065,SQS
67e1c5d2771d074a42d871d7,1742849375,66818.8675,1742849388,53818.8675,SQS
67e1c5d1771d074a42d869f1,1742849375,42671.535,1742849388,29671.535,SQS
67e1c5d2771d074a42d87296,1742849375,67650.1417,1742849388,54650.1417,SQS
67e1c5d2771d074a42d872b7,1742849375,69245.557,1742849388,56245.557,SQS
67e1c5d1771d074a42d86a41,1742849375,44460.5967,1742849388,31460.5967,SQS
67e1c5d2771d074a42d872b9,1742849375,69249.4279,1742849388,56249.4279,SQS
67e1c5d2771d074a42d8738f,1742849375,70990.0696,1742849388,57990.0696,SQS
67e1c5d2771d074a42d87390,1742849375,70991.2052,1742849388,57991.2052,SQS
67e1c5d2771d074a42d87391,1742849375,71050.3312,1742849388,58050.3312,SQS
67e1c5d2771d074a42d87392,1742849375,71051.7127,1742849388,58051.7127,SQS
67e1c5d1771d074a42d86870,1742849375,35965.1854,1742849388,22965.1854,SQS
67e1c5d1771d074a42d86877,1742849375,36026.8717,1742849388,23026.8717,SQS
67e1c5d1771d074a42d86880,1742849375,36038.9933,1742849388,23038.9933,SQS
67e1c5d1771d074a42d86885,1742849375,36223.1649,1742849388,23223.1649,SQS
67e1c5d1771d074a42d86888,1742849375,36287.6537,1742849388,23287.6537,SQS
67e1c5d1771d074a42d8688a,1742849375,36347.1235,1742849388,23347.1235,SQS
67e1c5d1771d074a42d8688b,1742849375,36379.5661,1742849388,23379.5661,SQS
67e1c5d1771d074a42d8688c,1742849375,36383.6263,1742849388,23383.6263,SQS
67e1c5d1771d074a42d8688d,1742849375,36410.2436,1742849388,23410.2436,SQS
67e1c5d1771d074a42d8688f,1742849375,36502.0094,1742849388,23502.0094,SQS
67e1c5d1771d074a42d86890,1742849375,36594.9065,1742849388,23594.9065,SQS
67e1c5d1771d074a42d86891,1742849375,36688.89,1742849388,23688.89,SQS
67e1c5d1771d074a42d86893,1742849375,36720.3908,1742849388,23720.3908,SQS
67e1c5d1771d074a42d86894,1742849375,36751.4395,1742849388,23751.4395,SQS
67e1c5d1771d074a42d86895,1742849375,36812.4877,1742849388,23812.4877,SQS
67e1c5d1771d074a42d86897,1742849375,36904.8806,1742849388,23904.8806,SQS
67e1c5d1771d074a42d86898,1742849375,36936.3875,1742849388,23936.3875,SQS
67e1c5d1771d074a42d86899,1742849375,37028.953,1742849388,24028.953,SQS
67e1c5d1771d074a42d8689b,1742849375,37122.2897,1742849388,24122.2897,SQS
67e1c5d1771d074a42d8689d,1742849375,37246.0558,1742849388,24246.0558,SQS
67e1c5d1771d074a42d8689e,1742849375,37279.292,1742849388,24279.292,SQS
67e1c5d1771d074a42d8689f,1742849375,37339.0814,1742849388,24339.0814,SQS
67e1c5d1771d074a42d868a0,1742849375,37432.9182,1742849388,24432.9182,SQS
67e1c5d1771d074a42d868a2,1742849375,37464.6817,1742849388,24464.6817,SQS
67e1c5d1771d074a42d868a3,1742849375,37401.3333,1742849388,24401.3333,SQS
67e1c5d1771d074a42d868a4,1742849375,37494.4629,1742849388,24494.4629,SQS
67e1c5d1771d074a42d868a5,1742849375,37526.1897,1742849388,24526.1897,SQS
67e1c5d1771d074a42d868a6,1742849375,37215.4399,1742849388,24215.4399,SQS
67e1c5d1771d074a42d868a9,1742849375,37589.2256,1742849388,24589.2256,SQS
67e1c5d1771d074a42d868aa,1742849375,37680.0328,1742849388,24680.0328,SQS
67e1c5d1771d074a42d868ab,1742849375,37710.8755,1742849388,24710.8755,SQS
67e1c5d1771d074a42d868ac,1742849375,37682.535,1742849388,24682.535,SQS
67e1c5d1771d074a42d868ad,1742849375,37713.4474,1742849388,24713.4474,SQS
67e1c5d1771d074a42d868ae,1742849375,37742.4187,1742849388,24742.4187,SQS
67e1c5d1771d074a42d868b0,1742849375,37773.2424,1742849388,24773.2424,SQS
67e1c5d1771d074a42d868b1,1742849375,37779.1657,1742849388,24779.1657,SQS
67e1c5d1771d074a42d868b2,1742849375,37804.3233,1742849388,24804.3233,SQS
67e1c5d1771d074a42d868b3,1742849375,37805.5316,1742849388,24805.5316,SQS
67e1c5d1771d074a42d868b4,1742849375,37838.7753,1742849388,24838.7753,SQS
67e1c5d1771d074a42d868b5,1742849375,37865.6562,1742849388,24865.6562,SQS
67e1c5d1771d074a42d868b7,1742849375,37898.7856,1742849388,24898.7856,SQS
67e1c5d1771d074a42d868b9,1742849375,37901.2574,1742849388,24901.2574,SQS
67e1c5d1771d074a42d868ba,1742849375,37901.98,1742849388,24901.98,SQS
67e1c5d1771d074a42d868bb,1742849375,37803.5014,1742849388,24803.5014,SQS
67e1c5d1771d074a42d868bc,1742849375,37905.8031,1742849388,24905.8031,SQS
67e1c5d1771d074a42d868bd,1742849375,37927.5173,1742849388,24927.5173,SQS
67e1c5d1771d074a42d868be,1742849375,37989.785,1742849388,24989.785,SQS
67e1c5d1771d074a42d868bf,1742849375,37959.3156,1742849388,24959.3156,SQS
67e1c5d1771d074a42d868c0,1742849375,38023.4432,1742849388,25023.4432,SQS
67e1c5d1771d074a42d868c1,1742849375,38024.2819,1742849388,25024.2819,SQS
67e1c5d1771d074a42d868c3,1742849375,38027.3266,1742849388,25027.3266,SQS
67e1c5d1771d074a42d868c4,1742849375,38028.1441,1742849388,25028.1441,SQS
67e1c5d1771d074a42d868c6,1742849375,36625.9096,1742849388,23625.9096,SQS
67e1c5d1771d074a42d868c9,1742849375,38068.7316,1742849388,25068.7316,SQS
67e1c5d1771d074a42d868ca,1742849375,38070.3585,1742849388,25070.3585,SQS
67e1c5d1771d074a42d868cb,1742849375,38071.8373,1742849388,25071.8373,SQS
67e1c5d1771d074a42d868cd,1742849375,38074.7681,1742849388,25074.7681,SQS
67e1c5d1771d074a42d868ce,1742849375,38075.5185,1742849388,25075.5185,SQS
67e1c5d1771d074a42d868cf,1742849375,38100.3703,1742849388,25100.3703,SQS
67e1c5d1771d074a42d868d1,1742849375,38101.1829,1742849388,25101.1829,SQS
67e1c5d1771d074a42d868d3,1742849375,38130.891,1742849388,25130.891,SQS
67e1c5d1771d074a42d868d4,1742849375,38133.3454,1742849388,25133.3454,SQS
67e1c5d1771d074a42d868d5,1742849375,38134.1057,1742849388,25134.1057,SQS
67e1c5d1771d074a42d868d7,1742849375,38191.2257,1742849388,25191.2257,SQS
67e1c5d1771d074a42d868d8,1742849375,38193.5621,1742849388,25193.5621,SQS
67e1c5d1771d074a42d868da,1742849375,38255.7978,1742849388,25255.7978,SQS
67e1c5d1771d074a42d868db,1742849375,38163.1442,1742849388,25163.1442,SQS
67e1c5d1771d074a42d868dc,1742849375,38315.1965,1742849388,25315.1965,SQS
67e1c5d1771d074a42d868dd,1742849375,38318.286,1742849388,25318.286,SQS
67e1c5d1771d074a42d868de,1742849375,38319.0253,1742849388,25319.0253,SQS
67e1c5d1771d074a42d868df,1742849375,38321.2391,1742849388,25321.2391,SQS
67e1c5d1771d074a42d868e0,1742849375,38317.5642,1742849388,25317.5642,SQS
67e1c5d1771d074a42d868e1,1742849375,38347.8592,1742849388,25347.8592,SQS
67e1c5d1771d074a42d868e2,1742849375,38408.5536,1742849388,25408.5536,SQS
67e1c5d1771d074a42d868e4,1742849375,38470.4547,1742849388,25470.4547,SQS
67e1c5d1771d074a42d868e5,1742849375,38562.9744,1742849388,25562.9744,SQS
67e1c5d1771d074a42d868e6,1742849375,38658.2311,1742849388,25658.2311,SQS
67e1c5d1771d074a42d868e7,1742849375,38717.8817,1742849388,25717.8817,SQS
67e1c5d1771d074a42d868e8,1742849375,38501.4528,1742849388,25501.4528,SQS
67e1c5d1771d074a42d868ea,1742849375,38779.8625,1742849388,25779.8625,SQS
67e1c5d1771d074a42d868eb,1742849375,38749.6508,1742849388,25749.6508,SQS
67e1c5d1771d074a42d868ec,1742849375,38843.7885,1742849388,25843.7885,SQS
67e1c5d1771d074a42d868ed,1742849375,38842.6536,1742849388,25842.6536,SQS
67e1c5d1771d074a42d868ee,1742849375,38965.8778,1742849388,25965.8778,SQS
67e1c5d1771d074a42d868ef,1742849375,38966.6949,1742849388,25966.6949,SQS
67e1c5d1771d074a42d868f0,1742849375,39058.9357,1742849388,26058.9357,SQS
67e1c5d1771d074a42d868f1,1742849375,39120.9542,1742849388,26120.9542,SQS
67e1c5d1771d074a42d868f2,1742849375,39183.4385,1742849388,26183.4385,SQS
67e1c5d1771d074a42d868f3,1742849375,39214.3909,1742849388,26214.3909,SQS
67e1c5d1771d074a42d868f4,1742849375,39218.0128,1742849388,26218.0128,SQS
67e1c5d1771d074a42d868f5,1742849375,39219.8064,1742849388,26219.8064,SQS
67e1c5d1771d074a42d868f6,1742849375,39090.0315,1742849388,26090.0315,SQS
67e1c5d1771d074a42d868f7,1742849375,39245.6438,1742849388,26245.6438,SQS
67e1c5d1771d074a42d868f8,1742849375,39244.6948,1742849388,26244.6948,SQS
67e1c5d1771d074a42d868f9,1742849375,39277.1544,1742849388,26277.1544,SQS
67e1c5d1771d074a42d868fa,1742849375,39310.7672,1742849388,26310.7672,SQS
67e1c5d1771d074a42d868fb,1742849375,39309.1719,1742849388,26309.1719,SQS
67e1c5d1771d074a42d868fc,1742849375,39309.9561,1742849388,26309.9561,SQS
67e1c5d1771d074a42d868fd,1742849375,39313.5475,1742849388,26313.5475,SQS
67e1c5d1771d074a42d868fe,1742849375,38934.9633,1742849388,25934.9633,SQS
67e1c5d1771d074a42d868ff,1742849375,39316.7677,1742849388,26316.7677,SQS
67e1c5d1771d074a42d86901,1742849375,39355.4681,1742849388,26355.4681,SQS
67e1c5d1771d074a42d86902,1742849375,39384.2411,1742849388,26384.2411,SQS
67e1c5d1771d074a42d86903,1742849375,39386.4081,1742849388,26386.4081,SQS
67e1c5d1771d074a42d86904,1742849375,39354.6571,1742849388,26354.6571,SQS
67e1c5d1771d074a42d86905,1742849375,39390.504,1742849388,26390.504,SQS
67e1c5d1771d074a42d86906,1742849375,39446.2737,1742849388,26446.2737,SQS
67e1c5d1771d074a42d86907,1742849375,39478.6665,1742849388,26478.6665,SQS
67e1c5d1771d074a42d86908,1742849375,39415.4062,1742849388,26415.4062,SQS
67e1c5d1771d074a42d86909,1742849375,39480.3325,1742849388,26480.3325,SQS
67e1c5d1771d074a42d8690a,1742849375,39482.6593,1742849388,26482.6593,SQS
67e1c5d1771d074a42d8690b,1742849375,39483.3811,1742849388,26483.3811,SQS
67e1c5d1771d074a42d8690c,1742849375,39486.0446,1742849388,26486.0446,SQS
67e1c5d1771d074a42d8690d,1742849375,39508.3894,1742849388,26508.3894,SQS
67e1c5d1771d074a42d8690e,1742849375,39510.083,1742849388,26510.083,SQS
67e1c5d1771d074a42d86911,1742849375,39601.2711,1742849388,26601.2711,SQS
67e1c5d1771d074a42d86913,1742849375,39694.6232,1742849388,26694.6232,SQS
67e1c5d1771d074a42d86914,1742849375,39726.6311,1742849388,26726.6311,SQS
67e1c5d1771d074a42d86915,1742849375,39730.2851,1742849388,26730.2851,SQS
67e1c5d1771d074a42d86917,1742849375,39696.2048,1742849388,26696.2048,SQS
67e1c5d1771d074a42d86918,1742849375,39633.0878,1742849388,26633.0878,SQS
67e1c5d1771d074a42d86919,1742849375,39663.3929,1742849388,26663.3929,SQS
67e1c5d1771d074a42d8691a,1742849375,39735.6126,1742849388,26735.6126,SQS
67e1c5d1771d074a42d8691b,1742849375,39736.8524,1742849388,26736.8524,SQS
67e1c5d1771d074a42d8691f,1742849375,39509.2333,1742849388,26509.2333,SQS
67e1c5d1771d074a42d86920,1742849375,39742.0679,1742849388,26742.0679,SQS
67e1c5d1771d074a42d86921,1742849375,36657.6687,1742849388,23657.6687,SQS
67e1c5d1771d074a42d86923,1742849375,39772.8277,1742849388,26772.8277,SQS
67e1c5d1771d074a42d86924,1742849375,39774.5543,1742849388,26774.5543,SQS
67e1c5d1771d074a42d86925,1742849375,39804.4346,1742849388,26804.4346,SQS
67e1c5d1771d074a42d86926,1742849375,39775.3854,1742849388,26775.3854,SQS
67e1c5d1771d074a42d86927,1742849375,39808.3356,1742849388,26808.3356,SQS
67e1c5d1771d074a42d86928,1742849375,39833.794,1742849388,26833.794,SQS
67e1c5d1771d074a42d8692a,1742849375,39926.8071,1742849388,26926.8071,SQS
67e1c5d1771d074a42d8692b,1742849375,39928.7875,1742849388,26928.7875,SQS
67e1c5d1771d074a42d8692c,1742849375,39988.8267,1742849388,26988.8267,SQS
67e1c5d1771d074a42d8692e,1742849375,39897.608,1742849388,26897.608,SQS
67e1c5d1771d074a42d8692f,1742849375,40083.7414,1742849388,27083.7414,SQS
67e1c5d1771d074a42d86930,1742849375,39807.1553,1742849388,26807.1553,SQS
67e1c5d1771d074a42d86931,1742849375,40086.5562,1742849388,27086.5562,SQS
67e1c5d1771d074a42d86934,1742849375,40021.8851,1742849388,27021.8851,SQS
67e1c5d1771d074a42d86938,1742849375,40207.0309,1742849388,27207.0309,SQS
67e1c5d1771d074a42d86939,1742849375,40208.5828,1742849388,27208.5828,SQS
67e1c5d1771d074a42d8693d,1742849375,40300.2945,1742849388,27300.2945,SQS
67e1c5d1771d074a42d86942,1742849375,40362.863,1742849388,27362.863,SQS
67e1c5d1771d074a42d86947,1742849375,40427.1591,1742849388,27427.1591,SQS
67e1c5d1771d074a42d86949,1742849375,40485.1077,1742849388,27485.1077,SQS
67e1c5d1771d074a42d8694d,1742849375,40580.8774,1742849388,27580.8774,SQS
67e1c5d1771d074a42d86950,1742849375,40702.1386,1742849388,27702.1386,SQS
67e1c5d1771d074a42d86952,1742849375,40765.1866,1742849388,27765.1866,SQS
67e1c5d1771d074a42d86953,1742849375,40766.7282,1742849388,27766.7282,SQS
67e1c5d1771d074a42d86954,1742849375,40796.8403,1742849388,27796.8403,SQS
67e1c5d1771d074a42d8695d,1742849375,41012.1633,1742849388,28012.1633,SQS
67e1c5d1771d074a42d86963,1742849375,41052.0373,1742849388,28052.0373,SQS
67e1c5d1771d074a42d86999,1742849375,41248.2107,1742849388,28248.2107,SQS
67e1c5d2771d074a42d8716a,1742849375,66185.4882,1742849388,53185.4882,SQS
67e1c5d1771d074a42d8699d,1742849375,41978.5975,1742849388,28978.5975,SQS
67e1c5d1771d074a42d8699e,1742849375,42035.2546,1742849388,29035.2546,SQS
67e1c5d1771d074a42d8699f,1742849375,42036.0081,1742849388,29036.0081,SQS
67e1c5d1771d074a42d869ab,1742849375,42143.8968,1742849388,29143.8968,SQS
67e1c5d1771d074a42d869ae,1742849375,42240.4645,1742849388,29240.4645,SQS
67e1c5d1771d074a42d869af,1742849375,42084.6475,1742849388,29084.6475,SQS
67e1c5d1771d074a42d869b6,1742849375,42335.1081,1742849388,29335.1081,SQS
67e1c5d1771d074a42d869be,1742849375,42422.9961,1742849388,29422.9961,SQS
67e1c5d1771d074a42d869c0,1742849375,42516.524,1742849388,29516.524,SQS
67e1c5d1771d074a42d869c4,1742849375,42522.1765,1742849388,29522.1765,SQS
67e1c5d1771d074a42d869c6,1742849375,42673.9348,1742849388,29673.9348,SQS
67e1c5ce771d074a42d867e7,1742849375,33634.9029,1742849387,21634.9029,SQS
67e1c5ce771d074a42d867f2,1742849375,33853.2655,1742849387,21853.2655,SQS
67e1c5ce771d074a42d867f4,1742849375,33882.5159,1742849387,21882.5159,SQS
67e1c5ce771d074a42d867f9,1742849375,34007.5877,1742849387,22007.5877,SQS
67e1c5ce771d074a42d867fa,1742849375,34011.9788,1742849387,22011.9788,SQS
67e1c5ce771d074a42d867fb,1742849375,34009.9246,1742849387,22009.9246,SQS
67e1c5cf771d074a42d867ff,1742849375,34100.6943,1742849387,22100.6943,SQS
67e1c5cf771d074a42d86800,1742849375,34132.3028,1742849387,22132.3028,SQS
67e1c5cf771d074a42d86803,1742849375,34164.2412,1742849387,22164.2412,SQS
67e1c5cf771d074a42d86805,1742849375,34195.5104,1742849387,22195.5104,SQS
67e1c5cf771d074a42d86808,1742849375,34318.4012,1742849387,22318.4012,SQS
67e1c5cf771d074a42d86809,1742849375,34320.5361,1742849387,22320.5361,SQS
67e1c5cf771d074a42d8680a,1742849375,34322.7513,1742849387,22322.7513,SQS
67e1c5cf771d074a42d8680b,1742849375,34323.4882,1742849387,22323.4882,SQS
67e1c5cf771d074a42d8680c,1742849375,34325.8952,1742849387,22325.8952,SQS
67e1c5cf771d074a42d86811,1742849375,34395.2344,1742849387,22395.2344,SQS
67e1c5cf771d074a42d86813,1742849375,34425.6426,1742849387,22425.6426,SQS
67e1c5cf771d074a42d86814,1742849375,34458.7142,1742849387,22458.7142,SQS
67e1c5cf771d074a42d86815,1742849375,34459.4192,1742849387,22459.4192,SQS
67e1c5cf771d074a42d86816,1742849375,34461.5634,1742849387,22461.5634,SQS
67e1c5cf771d074a42d8681d,1742849375,34535.4981,1742849387,22535.4981,SQS
67e1c5cf771d074a42d8681f,1742849375,34534.6607,1742849387,22534.6607,SQS
67e1c5cf771d074a42d86820,1742849375,34596.9547,1742849387,22596.9547,SQS
67e1c5cf771d074a42d86824,1742849375,34628.067,1742849387,22628.067,SQS
67e1c5cf771d074a42d86825,1742849375,34690.0064,1742849387,22690.0064,SQS
67e1c5d0771d074a42d86828,1742849375,34720.009,1742849387,22720.009,SQS
67e1c5d0771d074a42d86829,1742849375,34722.3393,1742849387,22722.3393,SQS
67e1c5d0771d074a42d8682a,1742849375,34723.7229,1742849387,22723.7229,SQS
67e1c5d0771d074a42d8682b,1742849375,34695.6012,1742849387,22695.6012,SQS
67e1c5d0771d074a42d8682d,1742849375,34782.2252,1742849387,22782.2252,SQS
67e1c5d0771d074a42d8682e,1742849375,34782.9569,1742849387,22782.9569,SQS
67e1c5d0771d074a42d8682f,1742849375,34751.7407,1742849387,22751.7407,SQS
67e1c5d0771d074a42d86830,1742849375,34815.4346,1742849387,22815.4346,SQS
67e1c5d0771d074a42d86831,1742849375,34816.2762,1742849387,22816.2762,SQS
67e1c5d0771d074a42d86832,1742849375,34844.7802,1742849387,22844.7802,SQS
67e1c5d0771d074a42d86833,1742849375,34847.5485,1742849387,22847.5485,SQS
67e1c5d0771d074a42d86834,1742849375,34875.2211,1742849387,22875.2211,SQS
67e1c5d0771d074a42d86835,1742849375,34881.9881,1742849387,22881.9881,SQS
67e1c5d0771d074a42d86836,1742849375,34905.954,1742849387,22905.954,SQS
67e1c5d0771d074a42d86837,1742849375,34969.5839,1742849387,22969.5839,SQS
67e1c5d0771d074a42d86838,1742849375,34846.7413,1742849387,22846.7413,SQS
67e1c5d0771d074a42d86839,1742849375,35002.5569,1742849387,23002.5569,SQS
67e1c5d0771d074a42d8683a,1742849375,35031.0975,1742849387,23031.0975,SQS
67e1c5d0771d074a42d8683b,1742849375,35001.0824,1742849387,23001.0824,SQS
67e1c5d0771d074a42d8683c,1742849375,35033.7441,1742849387,23033.7441,SQS
67e1c5d0771d074a42d8683d,1742849375,35032.0842,1742849387,23032.0842,SQS
67e1c5d0771d074a42d8683f,1742849375,35064.3904,1742849387,23064.3904,SQS
67e1c5d0771d074a42d86840,1742849375,35065.1666,1742849387,23065.1666,SQS
67e1c5d0771d074a42d86841,1742849375,35067.6103,1742849387,23067.6103,SQS
67e1c5d0771d074a42d86842,1742849375,35068.3499,1742849387,23068.3499,SQS
67e1c5d0771d074a42d86843,1742849375,35070.8318,1742849387,23070.8318,SQS
67e1c5d0771d074a42d86844,1742849375,35107.7025,1742849387,23107.7025,SQS
67e1c5d0771d074a42d86845,1742849375,35072.2983,1742849387,23072.2983,SQS
67e1c5d0771d074a42d86846,1742849375,35169.578,1742849387,23169.578,SQS
67e1c5d0771d074a42d86847,1742849375,35171.1844,1742849387,23171.1844,SQS
67e1c5d0771d074a42d86848,1742849375,35200.6434,1742849387,23200.6434,SQS
67e1c5d0771d074a42d86849,1742849375,35262.4943,1742849387,23262.4943,SQS
67e1c5d1771d074a42d8684a,1742849375,35138.5351,1742849387,23138.5351,SQS
67e1c5d1771d074a42d8684b,1742849375,35386.6475,1742849387,23386.6475,SQS
67e1c5d1771d074a42d8684c,1742849375,35173.034,1742849387,23173.034,SQS
67e1c5d1771d074a42d8684d,1742849375,35355.5766,1742849387,23355.5766,SQS
67e1c5d1771d074a42d8684e,1742849375,35071.6084,1742849387,23071.6084,SQS
67e1c5d1771d074a42d8684f,1742849375,35418.8814,1742849387,23418.8814,SQS
67e1c5d1771d074a42d86850,1742849375,35422.1197,1742849387,23422.1197,SQS
67e1c5d1771d074a42d86851,1742849375,35421.2631,1742849387,23421.2631,SQS
67e1c5d1771d074a42d86852,1742849375,35479.6992,1742849387,23479.6992,SQS
67e1c5d1771d074a42d86853,1742849375,35062.6968,1742849387,23062.6968,SQS
67e1c5d1771d074a42d86854,1742849375,35510.7484,1742849387,23510.7484,SQS
67e1c5d1771d074a42d86855,1742849375,35542.4372,1742849387,23542.4372,SQS
67e1c5d1771d074a42d86856,1742849375,35543.245,1742849387,23543.245,SQS
67e1c5d1771d074a42d86857,1742849375,35603.6263,1742849387,23603.6263,SQS
67e1c5d1771d074a42d86858,1742849375,35672.5079,1742849387,23672.5079,SQS
67e1c5d1771d074a42d86859,1742849375,35679.9438,1742849387,23679.9438,SQS
67e1c5d1771d074a42d8685a,1742849375,35669.2005,1742849387,23669.2005,SQS
67e1c5d1771d074a42d8685b,1742849375,35713.1163,1742849387,23713.1163,SQS
67e1c5d1771d074a42d8685c,1742849375,35712.3726,1742849387,23712.3726,SQS
67e1c5d1771d074a42d8685d,1742849375,35744.743,1742849387,23744.743,SQS
67e1c5d1771d074a42d8685e,1742849375,35746.3255,1742849387,23746.3255,SQS
67e1c5d1771d074a42d8685f,1742849375,35776.8978,1742849387,23776.8978,SQS
67e1c5d1771d074a42d86860,1742849375,35778.6483,1742849387,23778.6483,SQS
67e1c5d1771d074a42d86861,1742849375,35775.4638,1742849387,23775.4638,SQS
67e1c5d1771d074a42d86862,1742849375,35805.2565,1742849387,23805.2565,SQS
67e1c5d1771d074a42d86863,1742849375,35780.3907,1742849387,23780.3907,SQS
67e1c5d1771d074a42d86864,1742849375,35781.3213,1742849387,23781.3213,SQS
67e1c5d1771d074a42d86865,1742849375,35809.3244,1742849387,23809.3244,SQS
67e1c5d1771d074a42d86866,1742849375,35808.0245,1742849387,23808.0245,SQS
67e1c5d1771d074a42d86867,1742849375,35837.0219,1742849387,23837.0219,SQS
67e1c5d1771d074a42d86868,1742849375,35745.5477,1742849387,23745.5477,SQS
67e1c5d1771d074a42d86869,1742849375,35840.9119,1742849387,23840.9119,SQS
67e1c5d1771d074a42d8686a,1742849375,35868.1566,1742849387,23868.1566,SQS
67e1c5d1771d074a42d8686b,1742849375,35929.8863,1742849387,23929.8863,SQS
67e1c5d1771d074a42d8686c,1742849375,35897.7434,1742849387,23897.7434,SQS
67e1c5d1771d074a42d8686d,1742849375,35960.598,1742849387,23960.598,SQS
67e1c5d1771d074a42d8686e,1742849375,35867.3521,1742849387,23867.3521,SQS
67e1c5d1771d074a42d8686f,1742849375,35962.9529,1742849387,23962.9529,SQS
67e1c5d1771d074a42d86871,1742849375,35840.1414,1742849387,23840.1414,SQS
67e1c5d1771d074a42d86872,1742849375,35991.5148,1742849387,23991.5148,SQS
67e1c5d1771d074a42d86873,1742849375,35992.4425,1742849387,23992.4425,SQS
67e1c5d1771d074a42d86874,1742849375,36023.4649,1742849387,24023.4649,SQS
67e1c5d1771d074a42d86875,1742849375,36024.3303,1742849387,24024.3303,SQS
67e1c5d1771d074a42d86876,1742849375,36022.3374,1742849387,24022.3374,SQS
67e1c5d1771d074a42d86878,1742849375,36022.6519,1742849387,24022.6519,SQS
67e1c5d1771d074a42d86879,1742849375,36029.144,1742849387,24029.144,SQS
67e1c5d1771d074a42d8687a,1742849375,36030.6132,1742849387,24030.6132,SQS
67e1c5d1771d074a42d8687b,1742849375,36032.9112,1742849387,24032.9112,SQS
67e1c5d1771d074a42d8687e,1742849375,36036.7232,1742849387,24036.7232,SQS
67e1c5d1771d074a42d86881,1742849375,36100.2646,1742849387,24100.2646,SQS
67e1c5d1771d074a42d86883,1742849375,36069.7053,1742849387,24069.7053,SQS
67e1c5d1771d074a42d86884,1742849375,36099.3135,1742849387,24099.3135,SQS
67e1c5d1771d074a42d86886,1742849375,36225.4501,1742849387,24225.4501,SQS
67e1c5d1771d074a42d86887,1742849375,36285.022,1742849387,24285.022,SQS
67e1c5d1771d074a42d86889,1742849375,36316.051,1742849387,24316.051,SQS
67e1c5d1771d074a42d8688e,1742849375,36440.6686,1742849387,24440.6686,SQS
67e1c5d1771d074a42d86896,1742849375,36752.3396,1742849387,24752.3396,SQS
67e1c5d1771d074a42d868a1,1742849375,37152.9808,1742849387,25152.9808,SQS
67e1c5d1771d074a42d868a7,1742849375,37495.8689,1742849387,25495.8689,SQS
67e1c5d1771d074a42d868a8,1742849375,37586.7844,1742849387,25586.7844,SQS
67e1c5d1771d074a42d868af,1742849375,37743.1968,1742849387,25743.1968,SQS
67e1c5d1771d074a42d868b8,1742849375,37898.5427,1742849387,25898.5427,SQS
67e1c5d1771d074a42d868c2,1742849375,37963.2768,1742849387,25963.2768,SQS
67e1c5d1771d074a42d868c8,1742849375,36532.9421,1742849387,24532.9421,SQS
67e1c5d1771d074a42d868cc,1742849375,38069.5062,1742849387,26069.5062,SQS
67e1c5d1771d074a42d868d2,1742849375,38129.2343,1742849387,26129.2343,SQS
67e1c5d1771d074a42d868d6,1742849375,38099.6683,1742849387,26099.6683,SQS
67e1c5d1771d074a42d86922,1742849375,39744.2659,1742849387,27744.2659,SQS
67e1c5d1771d074a42d86936,1742849375,40020.5943,1742849387,28020.5943,SQS
67e1c5d1771d074a42d86937,1742849375,40177.8009,1742849387,28177.8009,SQS
67e1c5d1771d074a42d8693c,1742849375,40267.9891,1742849387,28267.9891,SQS
67e1c5d1771d074a42d8693e,1742849375,40301.0013,1742849387,28301.0013,SQS
67e1c5d1771d074a42d86940,1742849375,40333.9855,1742849387,28333.9855,SQS
67e1c5d1771d074a42d86941,1742849375,40301.9319,1742849387,28301.9319,SQS
67e1c5d1771d074a42d86944,1742849375,40393.3409,1742849387,28393.3409,SQS
67e1c5d1771d074a42d86946,1742849375,40425.5841,1742849387,28425.5841,SQS
67e1c5d1771d074a42d8694b,1742849375,40547.2187,1742849387,28547.2187,SQS
67e1c5d1771d074a42d8694e,1742849375,40610.2575,1742849387,28610.2575,SQS
67e1c5d1771d074a42d86957,1742849375,40609.1242,1742849387,28609.1242,SQS
67e1c5d1771d074a42d86958,1742849375,40858.2668,1742849387,28858.2668,SQS
67e1c5d1771d074a42d86959,1742849375,36192.1214,1742849387,24192.1214,SQS
67e1c5d1771d074a42d8695f,1742849375,41046.4269,1742849387,29046.4269,SQS
67e1c5d1771d074a42d86961,1742849375,40950.1147,1742849387,28950.1147,SQS
67e1c5d1771d074a42d86962,1742849375,41049.6972,1742849387,29049.6972,SQS
67e1c5d1771d074a42d8696d,1742849375,41057.5962,1742849387,29057.5962,SQS
67e1c5d1771d074a42d8697f,1742849375,41307.5491,1742849387,29307.5491,SQS
67e1c5d1771d074a42d86995,1742849375,41904.3967,1742849387,29904.3967,SQS
67e1c5d1771d074a42d869a1,1742849375,42005.4568,1742849387,30005.4568,SQS
67e1c5d2771d074a42d871ca,1742849375,66757.1343,1742849386,55757.1343,SQS
67e1c5d2771d074a42d871cb,1742849375,66758.0497,1742849386,55758.0497,SQS
67e1c5d2771d074a42d871cc,1742849375,66789.4521,1742849386,55789.4521,SQS
67e1c5c8771d074a42d8673e,1742849375,29838.4946,1742849386,18838.4946,SQS
67e1c5c8771d074a42d86741,1742849375,29962.5005,1742849386,18962.5005,SQS
67e1c5c8771d074a42d86742,1742849375,29964.7434,1742849386,18964.7434,SQS
67e1c5c8771d074a42d86745,1742849375,30024.5885,1742849386,19024.5885,SQS
67e1c5c8771d074a42d86747,1742849375,30057.0455,1742849386,19057.0455,SQS
67e1c5c9771d074a42d86748,1742849375,30090.0852,1742849386,19090.0852,SQS
67e1c5c9771d074a42d8674a,1742849375,30117.3918,1742849386,19117.3918,SQS
67e1c5c9771d074a42d8674e,1742849375,30212.5055,1742849386,19212.5055,SQS
67e1c5c9771d074a42d8674f,1742849375,30243.7348,1742849386,19243.7348,SQS
67e1c5c9771d074a42d86754,1742849375,30336.2313,1742849386,19336.2313,SQS
67e1c5c9771d074a42d86756,1742849375,30337.9056,1742849386,19337.9056,SQS
67e1c5c9771d074a42d8675e,1742849375,30429.7342,1742849386,19429.7342,SQS
67e1c5c9771d074a42d8675f,1742849375,30433.0966,1742849386,19433.0966,SQS
67e1c5c9771d074a42d86762,1742849375,30582.587,1742849386,19582.587,SQS
67e1c5c9771d074a42d86764,1742849375,30613.5873,1742849386,19613.5873,SQS
67e1c5c9771d074a42d86765,1742849375,30676.4455,1742849386,19676.4455,SQS
67e1c5c9771d074a42d8676a,1742849375,30833.0722,1742849386,19833.0722,SQS
67e1c5ca771d074a42d8676d,1742849375,30954.6357,1742849386,19954.6357,SQS
67e1c5ca771d074a42d8676e,1742849375,31016.5983,1742849386,20016.5983,SQS
67e1c5ca771d074a42d86771,1742849375,31050.4892,1742849386,20050.4892,SQS
67e1c5ca771d074a42d86772,1742849375,31051.4184,1742849386,20051.4184,SQS
67e1c5ca771d074a42d86776,1742849375,31173.4981,1742849386,20173.4981,SQS
67e1c5ca771d074a42d86777,1742849375,31175.1133,1742849386,20175.1133,SQS
67e1c5ca771d074a42d86778,1742849375,31172.6361,1742849386,20172.6361,SQS
67e1c5ca771d074a42d86779,1742849375,31205.8759,1742849386,20205.8759,SQS
67e1c5ca771d074a42d8677a,1742849375,31203.9873,1742849386,20203.9873,SQS
67e1c5ca771d074a42d8677b,1742849375,31235.5161,1742849386,20235.5161,SQS
67e1c5ca771d074a42d8677f,1742849375,31266.2835,1742849386,20266.2835,SQS
67e1c5ca771d074a42d86780,1742849375,31267.0384,1742849386,20267.0384,SQS
67e1c5ca771d074a42d86781,1742849375,31326.9482,1742849386,20326.9482,SQS
67e1c5ca771d074a42d86782,1742849375,31389.0587,1742849386,20389.0587,SQS
67e1c5ca771d074a42d86783,1742849375,31450.8287,1742849386,20450.8287,SQS
67e1c5ca771d074a42d86784,1742849375,31452.5822,1742849386,20452.5822,SQS
67e1c5ca771d074a42d86785,1742849375,31453.4888,1742849386,20453.4888,SQS
67e1c5cb771d074a42d86789,1742849375,31516.3868,1742849386,20516.3868,SQS
67e1c5cb771d074a42d8678a,1742849375,31517.133,1742849386,20517.133,SQS
67e1c5cb771d074a42d8678b,1742849375,31576.5808,1742849386,20576.5808,SQS
67e1c5cb771d074a42d8678c,1742849375,31608.5421,1742849386,20608.5421,SQS
67e1c5cb771d074a42d8678e,1742849375,31607.629,1742849386,20607.629,SQS
67e1c5cb771d074a42d8678f,1742849375,31612.5581,1742849386,20612.5581,SQS
67e1c5cb771d074a42d86790,1742849375,31637.6367,1742849386,20637.6367,SQS
67e1c5cb771d074a42d86792,1742849375,31700.2692,1742849386,20700.2692,SQS
67e1c5cb771d074a42d86793,1742849375,31729.7642,1742849386,20729.7642,SQS
67e1c5cb771d074a42d86796,1742849375,31793.5731,1742849386,20793.5731,SQS
67e1c5cb771d074a42d86798,1742849375,31857.4211,1742849386,20857.4211,SQS
67e1c5cb771d074a42d86799,1742849375,31916.0804,1742849386,20916.0804,SQS
67e1c5cb771d074a42d8679a,1742849375,31918.6822,1742849386,20918.6822,SQS
67e1c5cb771d074a42d8679c,1742849375,31981.4445,1742849386,20981.4445,SQS
67e1c5cb771d074a42d8679e,1742849375,31946.8353,1742849386,20946.8353,SQS
67e1c5cb771d074a42d8679f,1742849375,32072.4211,1742849386,21072.4211,SQS
67e1c5cb771d074a42d867a0,1742849375,32076.3265,1742849386,21076.3265,SQS
67e1c5cb771d074a42d867a1,1742849375,32082.5539,1742849386,21082.5539,SQS
67e1c5cb771d074a42d867a2,1742849375,32088.2234,1742849386,21088.2234,SQS
67e1c5cb771d074a42d867a4,1742849375,32148.5304,1742849386,21148.5304,SQS
67e1c5cc771d074a42d867a6,1742849375,32147.8049,1742849386,21147.8049,SQS
67e1c5cc771d074a42d867a7,1742849375,32333.558,1742849386,21333.558,SQS
67e1c5cc771d074a42d867aa,1742849375,32336.4798,1742849386,21336.4798,SQS
67e1c5cc771d074a42d867ab,1742849375,32364.1125,1742849386,21364.1125,SQS
67e1c5cc771d074a42d867ac,1742849375,32426.083,1742849386,21426.083,SQS
67e1c5cc771d074a42d867ad,1742849375,32427.0502,1742849386,21427.0502,SQS
67e1c5cc771d074a42d867ae,1742849375,32457.0555,1742849386,21457.0555,SQS
67e1c5cc771d074a42d867b0,1742849375,32460.6306,1742849386,21460.6306,SQS
67e1c5cc771d074a42d867b1,1742849375,32462.1473,1742849386,21462.1473,SQS
67e1c5cc771d074a42d867b2,1742849375,32462.9351,1742849386,21462.9351,SQS
67e1c5cc771d074a42d867b3,1742849375,32490.3295,1742849386,21490.3295,SQS
67e1c5cc771d074a42d867b4,1742849375,32519.0811,1742849386,21519.0811,SQS
67e1c5cc771d074a42d867b5,1742849375,32550.4874,1742849386,21550.4874,SQS
67e1c5cc771d074a42d867b6,1742849375,32582.5193,1742849386,21582.5193,SQS
67e1c5cc771d074a42d867b7,1742849375,32705.1615,1742849386,21705.1615,SQS
67e1c5cc771d074a42d867b8,1742849375,32767.1118,1742849386,21767.1118,SQS
67e1c5cc771d074a42d867b9,1742849375,32643.027,1742849386,21643.027,SQS
67e1c5cc771d074a42d867ba,1742849375,32798.0957,1742849386,21798.0957,SQS
67e1c5cc771d074a42d867bb,1742849375,32860.5184,1742849386,21860.5184,SQS
67e1c5cc771d074a42d867bc,1742849375,32892.9223,1742849386,21892.9223,SQS
67e1c5cc771d074a42d867bd,1742849375,32923.3823,1742849386,21923.3823,SQS
67e1c5cc771d074a42d867be,1742849375,32891.3904,1742849386,21891.3904,SQS
67e1c5cc771d074a42d867bf,1742849375,32957.5484,1742849386,21957.5484,SQS
67e1c5cc771d074a42d867c0,1742849375,33015.528,1742849386,22015.528,SQS
67e1c5cc771d074a42d867c1,1742849375,32985.205,1742849386,21985.205,SQS
67e1c5cc771d074a42d867c2,1742849375,33048.0194,1742849386,22048.0194,SQS
67e1c5cc771d074a42d867c3,1742849375,33078.1676,1742849386,22078.1676,SQS
67e1c5cc771d074a42d867c5,1742849375,33110.1715,1742849386,22110.1715,SQS
67e1c5cc771d074a42d867c6,1742849375,33109.1294,1742849386,22109.1294,SQS
67e1c5cd771d074a42d867c8,1742849375,33233.3145,1742849386,22233.3145,SQS
67e1c5cd771d074a42d867c9,1742849375,33234.0911,1742849386,22234.0911,SQS
67e1c5cd771d074a42d867ca,1742849375,33236.6813,1742849386,22236.6813,SQS
67e1c5cd771d074a42d867cb,1742849375,33237.5813,1742849386,22237.5813,SQS
67e1c5cd771d074a42d867cc,1742849375,33264.7623,1742849386,22264.7623,SQS
67e1c5cd771d074a42d867cd,1742849375,33203.1992,1742849386,22203.1992,SQS
67e1c5cd771d074a42d867ce,1742849375,33324.8556,1742849386,22324.8556,SQS
67e1c5cd771d074a42d867cf,1742849375,33326.5901,1742849386,22326.5901,SQS
67e1c5cd771d074a42d867d0,1742849375,33293.8683,1742849386,22293.8683,SQS
67e1c5cd771d074a42d867d1,1742849375,33047.1947,1742849386,22047.1947,SQS
67e1c5cd771d074a42d867d2,1742849375,31760.7637,1742849386,20760.7637,SQS
67e1c5cd771d074a42d867d4,1742849375,33388.4098,1742849386,22388.4098,SQS
67e1c5cd771d074a42d867d5,1742849375,33419.416,1742849386,22419.416,SQS
67e1c5cd771d074a42d867d6,1742849375,33449.9323,1742849386,22449.9323,SQS
67e1c5cd771d074a42d867d7,1742849375,33448.9181,1742849386,22448.9181,SQS
67e1c5cd771d074a42d867d9,1742849375,31638.4942,1742849386,20638.4942,SQS
67e1c5cd771d074a42d867da,1742849375,33454.0478,1742849386,22454.0478,SQS
67e1c5cd771d074a42d867db,1742849375,33512.68,1742849386,22512.68,SQS
67e1c5cd771d074a42d867dc,1742849375,33512.9491,1742849386,22512.9491,SQS
67e1c5cd771d074a42d867dd,1742849375,33516.7622,1742849386,22516.7622,SQS
67e1c5cd771d074a42d867de,1742849375,33543.023,1742849386,22543.023,SQS
67e1c5cd771d074a42d867df,1742849375,33574.1703,1742849386,22574.1703,SQS
67e1c5cd771d074a42d867e0,1742849375,33575.2323,1742849386,22575.2323,SQS
67e1c5cd771d074a42d867e1,1742849375,33578.5385,1742849386,22578.5385,SQS
67e1c5ce771d074a42d867e2,1742849375,33580.4841,1742849386,22580.4841,SQS
67e1c5ce771d074a42d867e3,1742849375,33581.285,1742849386,22581.285,SQS
67e1c5ce771d074a42d867e4,1742849375,33544.3467,1742849386,22544.3467,SQS
67e1c5ce771d074a42d867e5,1742849375,33605.2545,1742849386,22605.2545,SQS
67e1c5ce771d074a42d867e6,1742849375,33607.8533,1742849386,22607.8533,SQS
67e1c5ce771d074a42d867e8,1742849375,33666.7012,1742849386,22666.7012,SQS
67e1c5ce771d074a42d867e9,1742849375,33667.4609,1742849386,22667.4609,SQS
67e1c5ce771d074a42d867ea,1742849375,33759.2318,1742849386,22759.2318,SQS
67e1c5ce771d074a42d867eb,1742849375,33789.8066,1742849386,22789.8066,SQS
67e1c5ce771d074a42d867ec,1742849375,33728.8518,1742849386,22728.8518,SQS
67e1c5ce771d074a42d867ed,1742849375,33793.054,1742849386,22793.054,SQS
67e1c5ce771d074a42d867ee,1742849375,33761.0891,1742849386,22761.0891,SQS
67e1c5ce771d074a42d867ef,1742849375,33791.5603,1742849386,22791.5603,SQS
67e1c5ce771d074a42d867f0,1742849375,33792.2978,1742849386,22792.2978,SQS
67e1c5ce771d074a42d867f1,1742849375,33851.5192,1742849386,22851.5192,SQS
67e1c5ce771d074a42d867f3,1742849375,33855.1537,1742849386,22855.1537,SQS
67e1c5ce771d074a42d867f5,1742849375,33883.2514,1742849386,22883.2514,SQS
67e1c5ce771d074a42d867f6,1742849375,33914.6682,1742849386,22914.6682,SQS
67e1c5ce771d074a42d867f7,1742849375,33975.7038,1742849386,22975.7038,SQS
67e1c5ce771d074a42d867f8,1742849375,33944.5863,1742849386,22944.5863,SQS
67e1c5ce771d074a42d867fc,1742849375,34010.7848,1742849386,23010.7848,SQS
67e1c5cf771d074a42d867fd,1742849375,34038.4347,1742849386,23038.4347,SQS
67e1c5cf771d074a42d867fe,1742849375,34039.1915,1742849386,23039.1915,SQS
67e1c5cf771d074a42d86801,1742849375,34162.5475,1742849386,23162.5475,SQS
67e1c5cf771d074a42d86802,1742849375,34163.4948,1742849386,23163.4948,SQS
67e1c5cf771d074a42d86804,1742849375,34194.6568,1742849386,23194.6568,SQS
67e1c5cf771d074a42d86806,1742849375,34285.9197,1742849386,23285.9197,SQS
67e1c5cf771d074a42d86807,1742849375,34317.653,1742849386,23317.653,SQS
67e1c5cf771d074a42d8680d,1742849375,34326.6417,1742849386,23326.6417,SQS
67e1c5cf771d074a42d8680e,1742849375,34328.3278,1742849386,23328.3278,SQS
67e1c5cf771d074a42d8680f,1742849375,33821.7471,1742849386,22821.7471,SQS
67e1c5cf771d074a42d86810,1742849375,34331.6775,1742849386,23331.6775,SQS
67e1c5cf771d074a42d86812,1742849375,34394.9183,1742849386,23394.9183,SQS
67e1c5cf771d074a42d86818,1742849375,34464.7192,1742849386,23464.7192,SQS
67e1c5cf771d074a42d86819,1742849375,34465.5085,1742849386,23465.5085,SQS
67e1c5cf771d074a42d8681b,1742849375,34467.6292,1742849386,23467.6292,SQS
67e1c5cf771d074a42d8681e,1742849375,34537.3599,1742849386,23537.3599,SQS
67e1c5cf771d074a42d86822,1742849375,34630.1784,1742849386,23630.1784,SQS
67e1c5cf771d074a42d86823,1742849375,34690.8394,1742849386,23690.8394,SQS
67e1c5cf771d074a42d86826,1742849375,34694.8469,1742849386,23694.8469,SQS
67e1c5d0771d074a42d86827,1742849375,34697.132,1742849386,23697.132,SQS
67e1c5d0771d074a42d8682c,1742849375,34689.0823,1742849386,23689.0823,SQS
67e1c5d1771d074a42d8687c,1742849375,36033.7037,1742849386,25033.7037,SQS
67e1c5d1771d074a42d86892,1742849375,36690.6029,1742849386,25690.6029,SQS
67e1c5d1771d074a42d8689a,1742849375,37060.0869,1742849386,26060.0869,SQS
67e1c5d1771d074a42d8689c,1742849375,37123.2069,1742849386,26123.2069,SQS
67e1c5d1771d074a42d868b6,1742849375,37866.498,1742849386,26866.498,SQS
67e1c5d1771d074a42d868c7,1742849375,38031.5237,1742849386,27031.5237,SQS
67e1c5d2771d074a42d86ff1,1742849375,62449.4564,1742849386,51449.4564,SQS
67e1c5d2771d074a42d86ff6,1742849375,62510.375,1742849386,51510.375,SQS
67e1c5d1771d074a42d86900,1742849375,39317.505,1742849386,28317.505,SQS
67e1c5d2771d074a42d8704b,1742849375,63660.3698,1742849386,52660.3698,SQS
67e1c5d2771d074a42d8705c,1742849375,63800.922,1742849386,52800.922,SQS
67e1c5d1771d074a42d8693a,1742849375,40237.4857,1742849386,29237.4857,SQS
67e1c5d2771d074a42d870bb,1742849375,64359.3009,1742849386,53359.3009,SQS
67e1c5d1771d074a42d86948,1742849375,40428.7219,1742849386,29428.7219,SQS
67e1c5d1771d074a42d86964,1742849375,41052.8476,1742849386,30052.8476,SQS
67e1c5d2771d074a42d871c6,1742849375,66749.9389,1742849386,55749.9389,SQS
67e1c5d2771d074a42d871c9,1742849375,66754.3908,1742849386,55754.3908,SQS
67e1c5c3771d074a42d866a1,1742849375,27003.9311,1742849385,17003.9311,SQS
67e1c5c3771d074a42d866a4,1742849375,27126.9044,1742849385,17126.9044,SQS
67e1c5c3771d074a42d866a8,1742849375,27161.7642,1742849385,17161.7642,SQS
67e1c5c3771d074a42d866ab,1742849375,27283.1634,1742849385,17283.1634,SQS
67e1c5c3771d074a42d866ae,1742849375,27346.7157,1742849385,17346.7157,SQS
67e1c5c4771d074a42d866be,1742849375,27720.674,1742849385,17720.674,SQS
67e1c5c4771d074a42d866c1,1742849375,27729.7308,1742849385,17729.7308,SQS
67e1c5c4771d074a42d866c6,1742849375,27825.5826,1742849385,17825.5826,SQS
67e1c5c4771d074a42d866c8,1742849375,27829.1523,1742849385,17829.1523,SQS
67e1c5c4771d074a42d866ca,1742849375,27830.5499,1742849385,17830.5499,SQS
67e1c5c5771d074a42d866cf,1742849375,27933.6767,1742849385,17933.6767,SQS
67e1c5c5771d074a42d866d1,1742849375,27964.9427,1742849385,17964.9427,SQS
67e1c5c5771d074a42d866d3,1742849375,27902.8805,1742849385,17902.8805,SQS
67e1c5c5771d074a42d866d6,1742849375,28118.6085,1742849385,18118.6085,SQS
67e1c5c5771d074a42d866d8,1742849375,28056.7718,1742849385,18056.7718,SQS
67e1c5c5771d074a42d866d9,1742849375,28149.8579,1742849385,18149.8579,SQS
67e1c5c5771d074a42d866da,1742849375,28183.3987,1742849385,18183.3987,SQS
67e1c5c5771d074a42d866db,1742849375,28212.6537,1742849385,18212.6537,SQS
67e1c5c5771d074a42d866dc,1742849375,28214.7114,1742849385,18214.7114,SQS
67e1c5c5771d074a42d866de,1742849375,28219.4386,1742849385,18219.4386,SQS
67e1c5c5771d074a42d866df,1742849375,28273.6363,1742849385,18273.6363,SQS
67e1c5c5771d074a42d866e0,1742849375,28305.0287,1742849385,18305.0287,SQS
67e1c5c5771d074a42d866e2,1742849375,28335.5916,1742849385,18335.5916,SQS
67e1c5c5771d074a42d866e3,1742849375,28337.8953,1742849385,18337.8953,SQS
67e1c5c5771d074a42d866e4,1742849375,28217.4194,1742849385,18217.4194,SQS
67e1c5c5771d074a42d866e9,1742849375,28460.1443,1742849385,18460.1443,SQS
67e1c5c5771d074a42d866ea,1742849375,28460.8768,1742849385,18460.8768,SQS
67e1c5c6771d074a42d866eb,1742849375,28463.1437,1742849385,18463.1437,SQS
67e1c5c6771d074a42d866ee,1742849375,28521.8891,1742849385,18521.8891,SQS
67e1c5c6771d074a42d866ef,1742849375,28552.4876,1742849385,18552.4876,SQS
67e1c5c6771d074a42d866f0,1742849375,28554.5707,1742849385,18554.5707,SQS
67e1c5c6771d074a42d866f1,1742849375,28555.5523,1742849385,18555.5523,SQS
67e1c5c6771d074a42d866f2,1742849375,28524.2116,1742849385,18524.2116,SQS
67e1c5c6771d074a42d866f3,1742849375,28586.3919,1742849385,18586.3919,SQS
67e1c5c6771d074a42d866f4,1742849375,28587.9279,1742849385,18587.9279,SQS
67e1c5c6771d074a42d866f5,1742849375,28589.3282,1742849385,18589.3282,SQS
67e1c5c6771d074a42d866f6,1742849375,28592.5584,1742849385,18592.5584,SQS
67e1c5c6771d074a42d866f7,1742849375,28676.576,1742849385,18676.576,SQS
67e1c5c6771d074a42d866f8,1742849375,28677.6316,1742849385,18677.6316,SQS
67e1c5c6771d074a42d866f9,1742849375,28707.4792,1742849385,18707.4792,SQS
67e1c5c6771d074a42d866fa,1742849375,28645.5862,1742849385,18645.5862,SQS
67e1c5c6771d074a42d866fb,1742849375,28771.2279,1742849385,18771.2279,SQS
67e1c5c6771d074a42d866fc,1742849375,28772.7374,1742849385,18772.7374,SQS
67e1c5c6771d074a42d866fd,1742849375,28708.3187,1742849385,18708.3187,SQS
67e1c5c6771d074a42d866fe,1742849375,28769.648,1742849385,18769.648,SQS
67e1c5c6771d074a42d86700,1742849375,28831.5168,1742849385,18831.5168,SQS
67e1c5c6771d074a42d86701,1742849375,28833.0923,1742849385,18833.0923,SQS
67e1c5c6771d074a42d86702,1742849375,28834.6437,1742849385,18834.6437,SQS
67e1c5c6771d074a42d86703,1742849375,28864.7138,1742849385,18864.7138,SQS
67e1c5c6771d074a42d86704,1742849375,28866.2545,1742849385,18866.2545,SQS
67e1c5c6771d074a42d86705,1742849375,28868.6268,1742849385,18868.6268,SQS
67e1c5c6771d074a42d86706,1742849375,28869.344,1742849385,18869.344,SQS
67e1c5c6771d074a42d86707,1742849375,28870.0256,1742849385,18870.0256,SQS
67e1c5c7771d074a42d86708,1742849375,28867.8979,1742849385,18867.8979,SQS
67e1c5c7771d074a42d86709,1742849375,28873.7463,1742849385,18873.7463,SQS
67e1c5c7771d074a42d8670b,1742849375,28909.2654,1742849385,18909.2654,SQS
67e1c5c7771d074a42d8670c,1742849375,28940.1754,1742849385,18940.1754,SQS
67e1c5c7771d074a42d8670d,1742849375,28940.8566,1742849385,18940.8566,SQS
67e1c5c7771d074a42d8670e,1742849375,29002.2439,1742849385,19002.2439,SQS
67e1c5c7771d074a42d8670f,1742849375,29003.5664,1742849385,19003.5664,SQS
67e1c5c7771d074a42d86710,1742849375,29006.0528,1742849385,19006.0528,SQS
67e1c5c7771d074a42d86711,1742849375,29007.6885,1742849385,19007.6885,SQS
67e1c5c7771d074a42d86712,1742849375,29008.3914,1742849385,19008.3914,SQS
67e1c5c7771d074a42d86714,1742849375,29012.144,1742849385,19012.144,SQS
67e1c5c7771d074a42d86715,1742849375,29048.9155,1742849385,19048.9155,SQS
67e1c5c7771d074a42d86716,1742849375,29050.5223,1742849385,19050.5223,SQS
67e1c5c7771d074a42d86717,1742849375,28863.9957,1742849385,18863.9957,SQS
67e1c5c7771d074a42d86718,1742849375,29013.7227,1742849385,19013.7227,SQS
67e1c5c7771d074a42d86719,1742849375,29084.8554,1742849385,19084.8554,SQS
67e1c5c7771d074a42d8671b,1742849375,29112.7647,1742849385,19112.7647,SQS
67e1c5c7771d074a42d8671c,1742849375,29113.5268,1742849385,19113.5268,SQS
67e1c5c7771d074a42d86720,1742849375,29186.7539,1742849385,19186.7539,SQS
67e1c5c7771d074a42d86721,1742849375,29191.6064,1742849385,19191.6064,SQS
67e1c5c7771d074a42d86723,1742849375,29115.7637,1742849385,19115.7637,SQS
67e1c5c7771d074a42d86724,1742849375,29249.3718,1742849385,19249.3718,SQS
67e1c5c7771d074a42d86725,1742849375,29250.9776,1742849385,19250.9776,SQS
67e1c5c8771d074a42d86726,1742849375,29252.6881,1742849385,19252.6881,SQS
67e1c5c8771d074a42d86727,1742849375,29280.9277,1742849385,19280.9277,SQS
67e1c5c8771d074a42d86728,1742849375,29311.3832,1742849385,19311.3832,SQS
67e1c5c8771d074a42d8672a,1742849375,29343.882,1742849385,19343.882,SQS
67e1c5c8771d074a42d8672b,1742849375,29343.0836,1742849385,19343.0836,SQS
67e1c5c8771d074a42d8672e,1742849375,29376.4469,1742849385,19376.4469,SQS
67e1c5c8771d074a42d86730,1742849375,29404.7619,1742849385,19404.7619,SQS
67e1c5c8771d074a42d86731,1742849375,29435.6707,1742849385,19435.6707,SQS
67e1c5c8771d074a42d86733,1742849375,29499.9248,1742849385,19499.9248,SQS
67e1c5c8771d074a42d86734,1742849375,29378.6478,1742849385,19378.6478,SQS
67e1c5c8771d074a42d86735,1742849375,29560.5086,1742849385,19560.5086,SQS
67e1c5c8771d074a42d86736,1742849375,29591.4509,1742849385,19591.4509,SQS
67e1c5c8771d074a42d86737,1742849375,29652.5466,1742849385,19652.5466,SQS
67e1c5c8771d074a42d86738,1742849375,29683.4937,1742849385,19683.4937,SQS
67e1c5c8771d074a42d86739,1742849375,29499.1745,1742849385,19499.1745,SQS
67e1c5c8771d074a42d8673a,1742849375,29559.5974,1742849385,19559.5974,SQS
67e1c5c8771d074a42d8673b,1742849375,29776.9822,1742849385,19776.9822,SQS
67e1c5c8771d074a42d8673c,1742849375,29745.4952,1742849385,19745.4952,SQS
67e1c5c8771d074a42d8673d,1742849375,29808.9055,1742849385,19808.9055,SQS
67e1c5c8771d074a42d8673f,1742849375,29900.7557,1742849385,19900.7557,SQS
67e1c5c8771d074a42d86740,1742849375,29903.5366,1742849385,19903.5366,SQS
67e1c5c8771d074a42d86743,1742849375,29932.465,1742849385,19932.465,SQS
67e1c5c8771d074a42d86744,1742849375,29994.9345,1742849385,19994.9345,SQS
67e1c5c8771d074a42d86746,1742849375,30027.0396,1742849385,20027.0396,SQS
67e1c5c9771d074a42d86749,1742849375,30118.2189,1742849385,20118.2189,SQS
67e1c5c9771d074a42d8674b,1742849375,30149.963,1742849385,20149.963,SQS
67e1c5c9771d074a42d8674c,1742849375,30028.3075,1742849385,20028.3075,SQS
67e1c5c9771d074a42d8674d,1742849375,30179.5778,1742849385,20179.5778,SQS
67e1c5c9771d074a42d86750,1742849375,30272.5679,1742849385,20272.5679,SQS
67e1c5c9771d074a42d86751,1742849375,30304.3984,1742849385,20304.3984,SQS
67e1c5c9771d074a42d86752,1742849375,30306.422,1742849385,20306.422,SQS
67e1c5c9771d074a42d86753,1742849375,30303.4465,1742849385,20303.4465,SQS
67e1c5c9771d074a42d86755,1742849375,30241.6165,1742849385,20241.6165,SQS
67e1c5c9771d074a42d86759,1742849375,30369.65,1742849385,20369.65,SQS
67e1c5c9771d074a42d8675a,1742849375,30368.8799,1742849385,20368.8799,SQS
67e1c5c9771d074a42d8675b,1742849375,30372.4686,1742849385,20372.4686,SQS
67e1c5c9771d074a42d8675c,1742849375,30396.6155,1742849385,20396.6155,SQS
67e1c5c9771d074a42d8675d,1742849375,30429.0136,1742849385,20429.0136,SQS
67e1c5c9771d074a42d86760,1742849375,30489.6232,1742849385,20489.6232,SQS
67e1c5c9771d074a42d86761,1742849375,30432.2025,1742849385,20432.2025,SQS
67e1c5c9771d074a42d86763,1742849375,30458.5534,1742849385,20458.5534,SQS
67e1c5c9771d074a42d86766,1742849375,30737.5089,1742849385,20737.5089,SQS
67e1c5c9771d074a42d86767,1742849375,30644.6308,1742849385,20644.6308,SQS
67e1c5c9771d074a42d86768,1742849375,30802.1669,1742849385,20802.1669,SQS
67e1c5c9771d074a42d86769,1742849375,30803.9689,1742849385,20803.9689,SQS
67e1c5c9771d074a42d8676b,1742849375,30832.2255,1742849385,20832.2255,SQS
67e1c5ca771d074a42d8676c,1742849375,30861.614,1742849385,20861.614,SQS
67e1c5ca771d074a42d8676f,1742849375,31017.3902,1742849385,21017.3902,SQS
67e1c5ca771d074a42d86770,1742849375,31048.8039,1742849385,21048.8039,SQS
67e1c5ca771d074a42d86773,1742849375,31078.7517,1742849385,21078.7517,SQS
67e1c5ca771d074a42d86774,1742849375,31140.6677,1742849385,21140.6677,SQS
67e1c5ca771d074a42d86775,1742849375,31109.6496,1742849385,21109.6496,SQS
67e1c5ca771d074a42d8677c,1742849375,31236.3671,1742849385,21236.3671,SQS
67e1c5ca771d074a42d8677d,1742849375,31240.901,1742849385,21240.901,SQS
67e1c5ca771d074a42d8677e,1742849375,30645.5069,1742849385,20645.5069,SQS
67e1c5ca771d074a42d86786,1742849375,31483.8113,1742849385,21483.8113,SQS
67e1c5cb771d074a42d86787,1742849375,31357.9335,1742849385,21357.9335,SQS
67e1c5cb771d074a42d86788,1742849375,31514.8631,1742849385,21514.8631,SQS
67e1c5cb771d074a42d8678d,1742849375,31543.7244,1742849385,21543.7244,SQS
67e1c5cb771d074a42d86791,1742849375,31639.2892,1742849385,21639.2892,SQS
67e1c5cb771d074a42d86794,1742849375,31761.5949,1742849385,21761.5949,SQS
67e1c5cb771d074a42d86795,1742849375,31823.9766,1742849385,21823.9766,SQS
67e1c5cb771d074a42d86797,1742849375,31829.016,1742849385,21829.016,SQS
67e1c5cb771d074a42d8679b,1742849375,31921.5734,1742849385,21921.5734,SQS
67e1c5cb771d074a42d8679d,1742849375,31984.0814,1742849385,21984.0814,SQS
67e1c5cb771d074a42d867a3,1742849375,32116.1924,1742849385,22116.1924,SQS
67e1c5cb771d074a42d867a5,1742849375,32209.0969,1742849385,22209.0969,SQS
67e1c5cc771d074a42d867a8,1742849375,32302.1578,1742849385,22302.1578,SQS
67e1c5cc771d074a42d867a9,1742849375,32038.8661,1742849385,22038.8661,SQS
67e1c5cc771d074a42d867af,1742849375,32458.7803,1742849385,22458.7803,SQS
67e1c5cc771d074a42d867c4,1742849375,33080.0846,1742849385,23080.0846,SQS
67e1c5cc771d074a42d867c7,1742849375,33201.7104,1742849385,23201.7104,SQS
67e1c5cd771d074a42d867d3,1742849375,33356.724,1742849385,23356.724,SQS
67e1c5cd771d074a42d867d8,1742849375,33452.3468,1742849385,23452.3468,SQS
67e1c5d2771d074a42d86de8,1742849375,55335.0099,1742849385,45335.0099,SQS
67e1c5cf771d074a42d8681a,1742849375,31265.6004,1742849385,21265.6004,SQS
67e1c5cf771d074a42d8681c,1742849375,34504.4221,1742849385,24504.4221,SQS
67e1c5d2771d074a42d86ed3,1742849375,58257.4841,1742849385,48257.4841,SQS
67e1c5d2771d074a42d86f43,1742849375,59472.6521,1742849385,49472.6521,SQS
67e1c5d2771d074a42d871c7,1742849375,66750.8262,1742849385,56750.8262,SQS
67e1c5d2771d074a42d871c8,1742849375,66753.5199,1742849385,56753.5199,SQS
67e1c5bb771d074a42d865d3,1742849375,23345.361,1742849384,14345.361,SQS
67e1c5bc771d074a42d865e4,1742849375,23810.8818,1742849384,14810.8818,SQS
67e1c5bc771d074a42d865e8,1742849375,23995.0885,1742849384,14995.0885,SQS
67e1c5bc771d074a42d865eb,1742849375,24001.3915,1742849384,15001.3915,SQS
67e1c5bc771d074a42d865f0,1742849375,24057.9499,1742849384,15057.9499,SQS
67e1c5bc771d074a42d865f1,1742849375,24090.2008,1742849384,15090.2008,SQS
67e1c5bc771d074a42d865f3,1742849375,24089.2918,1742849384,15089.2918,SQS
67e1c5bc771d074a42d865f4,1742849375,24181.6653,1742849384,15181.6653,SQS
67e1c5bc771d074a42d865f5,1742849375,24213.3404,1742849384,15213.3404,SQS
67e1c5bc771d074a42d865f6,1742849375,24243.3133,1742849384,15243.3133,SQS
67e1c5bc771d074a42d865f7,1742849375,24278.1188,1742849384,15278.1188,SQS
67e1c5bc771d074a42d865f9,1742849375,24306.0741,1742849384,15306.0741,SQS
67e1c5bc771d074a42d865fc,1742849375,24340.2394,1742849384,15340.2394,SQS
67e1c5bc771d074a42d865fd,1742849375,24340.9816,1742849384,15340.9816,SQS
67e1c5bc771d074a42d865fe,1742849375,24342.433,1742849384,15342.433,SQS
67e1c5bd771d074a42d86601,1742849375,24349.597,1742849384,15349.597,SQS
67e1c5bd771d074a42d86602,1742849375,24386.4818,1742849384,15386.4818,SQS
67e1c5bd771d074a42d86603,1742849375,24444.9129,1742849384,15444.9129,SQS
67e1c5bd771d074a42d86604,1742849375,24446.4883,1742849384,15446.4883,SQS
67e1c5bd771d074a42d86605,1742849375,24476.9824,1742849384,15476.9824,SQS
67e1c5bd771d074a42d86606,1742849375,24508.2625,1742849384,15508.2625,SQS
67e1c5bd771d074a42d86608,1742849375,24570.532,1742849384,15570.532,SQS
67e1c5bd771d074a42d86609,1742849375,24569.7782,1742849384,15569.7782,SQS
67e1c5bd771d074a42d8660b,1742849375,24572.8307,1742849384,15572.8307,SQS
67e1c5bd771d074a42d8660c,1742849375,24632.3943,1742849384,15632.3943,SQS
67e1c5bd771d074a42d8660d,1742849375,24693.0301,1742849384,15693.0301,SQS
67e1c5bd771d074a42d8660e,1742849375,24725.1277,1742849384,15725.1277,SQS
67e1c5bd771d074a42d8660f,1742849375,24755.8277,1742849384,15755.8277,SQS
67e1c5bd771d074a42d86610,1742849375,24757.7348,1742849384,15757.7348,SQS
67e1c5bd771d074a42d86611,1742849375,24760.0818,1742849384,15760.0818,SQS
67e1c5bd771d074a42d86612,1742849375,24759.3166,1742849384,15759.3166,SQS
67e1c5be771d074a42d86614,1742849375,24724.0132,1742849384,15724.0132,SQS
67e1c5be771d074a42d86615,1742849375,24820.3943,1742849384,15820.3943,SQS
67e1c5be771d074a42d86616,1742849375,24822.7285,1742849384,15822.7285,SQS
67e1c5be771d074a42d86617,1742849375,24849.0974,1742849384,15849.0974,SQS
67e1c5be771d074a42d86618,1742849375,24854.007,1742849384,15854.007,SQS
67e1c5be771d074a42d86619,1742849375,24857.7828,1742849384,15857.7828,SQS
67e1c5be771d074a42d8661a,1742849375,24860.5338,1742849384,15860.5338,SQS
67e1c5be771d074a42d8661b,1742849375,24862.6451,1742849384,15862.6451,SQS
67e1c5be771d074a42d8661c,1742849375,24864.8527,1742849384,15864.8527,SQS
67e1c5be771d074a42d8661d,1742849375,24866.8909,1742849384,15866.8909,SQS
67e1c5be771d074a42d8661e,1742849375,24897.0272,1742849384,15897.0272,SQS
67e1c5be771d074a42d86621,1742849375,24900.1215,1742849384,15900.1215,SQS
67e1c5be771d074a42d86622,1742849375,24901.7573,1742849384,15901.7573,SQS
67e1c5be771d074a42d86623,1742849375,24903.6718,1742849384,15903.6718,SQS
67e1c5be771d074a42d86624,1742849375,24941.282,1742849384,15941.282,SQS
67e1c5be771d074a42d86625,1742849375,24942.9118,1742849384,15942.9118,SQS
67e1c5be771d074a42d86626,1742849375,24944.9249,1742849384,15944.9249,SQS
67e1c5be771d074a42d86627,1742849375,24945.7061,1742849384,15945.7061,SQS
67e1c5be771d074a42d86628,1742849375,24948.0946,1742849384,15948.0946,SQS
67e1c5be771d074a42d86629,1742849375,24950.3974,1742849384,15950.3974,SQS
67e1c5be771d074a42d8662b,1742849375,24973.0919,1742849384,15973.0919,SQS
67e1c5be771d074a42d8662c,1742849375,24974.677,1742849384,15974.677,SQS
67e1c5be771d074a42d8662d,1742849375,24973.9561,1742849384,15973.9561,SQS
67e1c5be771d074a42d8662e,1742849375,24977.5715,1742849384,15977.5715,SQS
67e1c5be771d074a42d8662f,1742849375,24979.0206,1742849384,15979.0206,SQS
67e1c5bf771d074a42d86630,1742849375,24981.9028,1742849384,15981.9028,SQS
67e1c5bf771d074a42d86632,1742849375,24984.4117,1742849384,15984.4117,SQS
67e1c5bf771d074a42d86633,1742849375,24986.3822,1742849384,15986.3822,SQS
67e1c5bf771d074a42d86635,1742849375,25019.24,1742849384,16019.24,SQS
67e1c5bf771d074a42d86637,1742849375,25114.4504,1742849384,16114.4504,SQS
67e1c5bf771d074a42d86639,1742849375,25146.6314,1742849384,16146.6314,SQS
67e1c5bf771d074a42d8663a,1742849375,25142.8988,1742849384,16142.8988,SQS
67e1c5bf771d074a42d8663b,1742849375,25149.3246,1742849384,16149.3246,SQS
67e1c5bf771d074a42d8663c,1742849375,24979.7305,1742849384,15979.7305,SQS
67e1c5bf771d074a42d86644,1742849375,25160.3473,1742849384,16160.3473,SQS
67e1c5bf771d074a42d86647,1742849375,25190.6497,1742849384,16190.6497,SQS
67e1c5bf771d074a42d86648,1742849375,25253.1019,1742849384,16253.1019,SQS
67e1c5c0771d074a42d86649,1742849375,25282.7409,1742849384,16282.7409,SQS
67e1c5c0771d074a42d8664a,1742849375,25283.6528,1742849384,16283.6528,SQS
67e1c5c0771d074a42d8664d,1742849375,25375.9693,1742849384,16375.9693,SQS
67e1c5c0771d074a42d8664e,1742849375,25376.265,1742849384,16376.265,SQS
67e1c5c0771d074a42d8664f,1742849375,25407.671,1742849384,16407.671,SQS
67e1c5c0771d074a42d86650,1742849375,25437.4838,1742849384,16437.4838,SQS
67e1c5c0771d074a42d86651,1742849375,25439.3645,1742849384,16439.3645,SQS
67e1c5c0771d074a42d86652,1742849375,25441.0798,1742849384,16441.0798,SQS
67e1c5c0771d074a42d86653,1742849375,25441.7986,1742849384,16441.7986,SQS
67e1c5c0771d074a42d86654,1742849375,25468.5541,1742849384,16468.5541,SQS
67e1c5c0771d074a42d86655,1742849375,25501.4141,1742849384,16501.4141,SQS
67e1c5c0771d074a42d86656,1742849375,25500.7008,1742849384,16500.7008,SQS
67e1c5c0771d074a42d86657,1742849375,25503.0641,1742849384,16503.0641,SQS
67e1c5c0771d074a42d86658,1742849375,25530.5321,1742849384,16530.5321,SQS
67e1c5c0771d074a42d86659,1742849375,25533.1598,1742849384,16533.1598,SQS
67e1c5c0771d074a42d8665a,1742849375,25561.3886,1742849384,16561.3886,SQS
67e1c5c0771d074a42d8665b,1742849375,25562.1268,1742849384,16562.1268,SQS
67e1c5c0771d074a42d8665c,1742849375,25564.6608,1742849384,16564.6608,SQS
67e1c5c0771d074a42d8665e,1742849375,25595.8606,1742849384,16595.8606,SQS
67e1c5c0771d074a42d8665f,1742849375,25623.5326,1742849384,16623.5326,SQS
67e1c5c0771d074a42d86660,1742849375,25655.4133,1742849384,16655.4133,SQS
67e1c5c1771d074a42d86661,1742849375,25656.9124,1742849384,16656.9124,SQS
67e1c5c1771d074a42d86666,1742849375,25688.4023,1742849384,16688.4023,SQS
67e1c5c1771d074a42d86667,1742849375,25716.5381,1742849384,16716.5381,SQS
67e1c5c1771d074a42d86668,1742849375,25747.4671,1742849384,16747.4671,SQS
67e1c5c1771d074a42d86669,1742849375,25750.0107,1742849384,16750.0107,SQS
67e1c5c1771d074a42d8666b,1742849375,25781.3895,1742849384,16781.3895,SQS
67e1c5c1771d074a42d8666c,1742849375,25840.6603,1742849384,16840.6603,SQS
67e1c5c1771d074a42d8666d,1742849375,25842.6814,1742849384,16842.6814,SQS
67e1c5c1771d074a42d8666e,1742849375,25809.7885,1742849384,16809.7885,SQS
67e1c5c1771d074a42d8666f,1742849375,25874.634,1742849384,16874.634,SQS
67e1c5c1771d074a42d86670,1742849375,25876.3392,1742849384,16876.3392,SQS
67e1c5c1771d074a42d86671,1742849375,25881.4934,1742849384,16881.4934,SQS
67e1c5c1771d074a42d86672,1742849375,25918.1986,1742849384,16918.1986,SQS
67e1c5c1771d074a42d86673,1742849375,25879.5295,1742849384,16879.5295,SQS
67e1c5c1771d074a42d86674,1742849375,25872.9067,1742849384,16872.9067,SQS
67e1c5c1771d074a42d86675,1742849375,25950.5321,1742849384,16950.5321,SQS
67e1c5c2771d074a42d86676,1742849375,26013.1597,1742849384,17013.1597,SQS
67e1c5c2771d074a42d8667a,1742849375,26104.5783,1742849384,17104.5783,SQS
67e1c5c2771d074a42d8667b,1742849375,26135.2417,1742849384,17135.2417,SQS
67e1c5c2771d074a42d8667c,1742849375,26167.0298,1742849384,17167.0298,SQS
67e1c5c2771d074a42d8667d,1742849375,26167.7894,1742849384,17167.7894,SQS
67e1c5c2771d074a42d86680,1742849375,26173.4486,1742849384,17173.4486,SQS
67e1c5c2771d074a42d86681,1742849375,26197.1086,1742849384,17197.1086,SQS
67e1c5c2771d074a42d86682,1742849375,26229.3005,1742849384,17229.3005,SQS
67e1c5c2771d074a42d86683,1742849375,26290.2723,1742849384,17290.2723,SQS
67e1c5c2771d074a42d86684,1742849375,26291.0911,1742849384,17291.0911,SQS
67e1c5c2771d074a42d86687,1742849375,26477.2365,1742849384,17477.2365,SQS
67e1c5c2771d074a42d86688,1742849375,26446.0022,1742849384,17446.0022,SQS
67e1c5c2771d074a42d86689,1742849375,26538.2072,1742849384,17538.2072,SQS
67e1c5c2771d074a42d8668a,1742849375,26570.7183,1742849384,17570.7183,SQS
67e1c5c2771d074a42d8668b,1742849375,26600.8715,1742849384,17600.8715,SQS
67e1c5c2771d074a42d8668c,1742849375,26663.1386,1742849384,17663.1386,SQS
67e1c5c2771d074a42d8668f,1742849375,26694.4509,1742849384,17694.4509,SQS
67e1c5c2771d074a42d86690,1742849375,26755.3006,1742849384,17755.3006,SQS
67e1c5c2771d074a42d86691,1742849375,26724.3273,1742849384,17724.3273,SQS
67e1c5c2771d074a42d86692,1742849375,26786.2401,1742849384,17786.2401,SQS
67e1c5c2771d074a42d86693,1742849375,26787.5108,1742849384,17787.5108,SQS
67e1c5c2771d074a42d86695,1742849375,26852.1821,1742849384,17852.1821,SQS
67e1c5c2771d074a42d86696,1742849375,26820.3159,1742849384,17820.3159,SQS
67e1c5c2771d074a42d86697,1742849375,26853.9534,1742849384,17853.9534,SQS
67e1c5c2771d074a42d86698,1742849375,26856.957,1742849384,17856.957,SQS
67e1c5c2771d074a42d8669a,1742849375,26879.3215,1742849384,17879.3215,SQS
67e1c5c2771d074a42d8669b,1742849375,26881.1863,1742849384,17881.1863,SQS
67e1c5c2771d074a42d8669c,1742849375,26911.7161,1742849384,17911.7161,SQS
67e1c5c2771d074a42d8669d,1742849375,26913.3621,1742849384,17913.3621,SQS
67e1c5c2771d074a42d8669e,1742849375,26915.0382,1742849384,17915.0382,SQS
67e1c5c2771d074a42d866a0,1742849375,27003.1737,1742849384,18003.1737,SQS
67e1c5c3771d074a42d866a2,1742849375,27004.8538,1742849384,18004.8538,SQS
67e1c5c3771d074a42d866a3,1742849375,27066.1357,1742849384,18066.1357,SQS
67e1c5c3771d074a42d866a6,1742849375,27066.9251,1742849384,18066.9251,SQS
67e1c5c3771d074a42d866a7,1742849375,27159.7916,1742849384,18159.7916,SQS
67e1c5c3771d074a42d866a9,1742849375,27250.963,1742849384,18250.963,SQS
67e1c5c3771d074a42d866aa,1742849375,27219.994,1742849384,18219.994,SQS
67e1c5c3771d074a42d866ac,1742849375,27220.9114,1742849384,18220.9114,SQS
67e1c5c3771d074a42d866af,1742849375,27349.0215,1742849384,18349.0215,SQS
67e1c5c3771d074a42d866b0,1742849375,27375.296,1742849384,18375.296,SQS
67e1c5c3771d074a42d866b1,1742849375,27376.2258,1742849384,18376.2258,SQS
67e1c5c4771d074a42d866b2,1742849375,27437.9247,1742849384,18437.9247,SQS
67e1c5c4771d074a42d866b3,1742849375,27440.7806,1742849384,18440.7806,SQS
67e1c5c4771d074a42d866b4,1742849375,27443.449,1742849384,18443.449,SQS
67e1c5c4771d074a42d866b5,1742849375,27468.8334,1742849384,18468.8334,SQS
67e1c5c4771d074a42d866b6,1742849375,27530.0115,1742849384,18530.0115,SQS
67e1c5c4771d074a42d866b8,1742849375,27623.0829,1742849384,18623.0829,SQS
67e1c5c4771d074a42d866ba,1742849375,27715.6478,1742849384,18715.6478,SQS
67e1c5c4771d074a42d866bb,1742849375,27715.6718,1742849384,18715.6718,SQS
67e1c5c4771d074a42d866bc,1742849375,27592.8477,1742849384,18592.8477,SQS
67e1c5c4771d074a42d866bd,1742849375,27718.526,1742849384,18718.526,SQS
67e1c5c4771d074a42d866c0,1742849375,27722.8933,1742849384,18722.8933,SQS
67e1c5c4771d074a42d866c5,1742849375,27824.8735,1742849384,18824.8735,SQS
67e1c5c4771d074a42d866c9,1742849375,27831.3182,1742849384,18831.3182,SQS
67e1c5c5771d074a42d866cc,1742849375,27834.8445,1742849384,18834.8445,SQS
67e1c5c5771d074a42d866cd,1742849375,27835.5599,1742849384,18835.5599,SQS
67e1c5c5771d074a42d866ce,1742849375,27870.7445,1742849384,18870.7445,SQS
67e1c5c5771d074a42d866d0,1742849375,27932.7758,1742849384,18932.7758,SQS
67e1c5c7771d074a42d8671d,1742849375,29174.2744,1742849384,20174.2744,SQS
67e1c5c8771d074a42d8672d,1742849375,29347.4705,1742849384,20347.4705,SQS
67e1c5c9771d074a42d86757,1742849375,29375.1463,1742849384,20375.1463,SQS
67e1c5bb771d074a42d865ca,1742849375,23067.9072,1742849383,15067.9072,SQS
67e1c5bb771d074a42d865cc,1742849375,23127.2677,1742849383,15127.2677,SQS
67e1c5bb771d074a42d865cd,1742849375,23158.9007,1742849383,15158.9007,SQS
67e1c5bb771d074a42d865ce,1742849375,23189.8913,1742849383,15189.8913,SQS
67e1c5bb771d074a42d865d0,1742849375,23283.3687,1742849383,15283.3687,SQS
67e1c5bb771d074a42d865d1,1742849375,23312.9842,1742849383,15312.9842,SQS
67e1c5bb771d074a42d865d2,1742849375,23313.9231,1742849383,15313.9231,SQS
67e1c5bb771d074a42d865d4,1742849375,23346.176,1742849383,15346.176,SQS
67e1c5bb771d074a42d865d5,1742849375,23253.8622,1742849383,15253.8622,SQS
67e1c5bb771d074a42d865d9,1742849375,23469.7168,1742849383,15469.7168,SQS
67e1c5bb771d074a42d865da,1742849375,23471.3959,1742849383,15471.3959,SQS
67e1c5bb771d074a42d865db,1742849375,23500.1541,1742849383,15500.1541,SQS
67e1c5bb771d074a42d865dc,1742849375,23531.7181,1742849383,15531.7181,SQS
67e1c5bb771d074a42d865dd,1742849375,23530.8836,1742849383,15530.8836,SQS
67e1c5bb771d074a42d865de,1742849375,23592.0589,1742849383,15592.0589,SQS
67e1c5bb771d074a42d865df,1742849375,23655.4463,1742849383,15655.4463,SQS
67e1c5bc771d074a42d865e0,1742849375,23687.0368,1742849383,15687.0368,SQS
67e1c5bc771d074a42d865e1,1742849375,23716.995,1742849383,15716.995,SQS
67e1c5bc771d074a42d865e2,1742849375,23654.5705,1742849383,15654.5705,SQS
67e1c5bc771d074a42d865e3,1742849375,23778.0309,1742849383,15778.0309,SQS
67e1c5bc771d074a42d865e5,1742849375,23808.9579,1742849383,15808.9579,SQS
67e1c5bc771d074a42d865e6,1742849375,23902.1951,1742849383,15902.1951,SQS
67e1c5bc771d074a42d865e7,1742849375,23966.3137,1742849383,15966.3137,SQS
67e1c5bc771d074a42d865e9,1742849375,23995.9746,1742849383,15995.9746,SQS
67e1c5bc771d074a42d865ea,1742849375,23964.299,1742849383,15964.299,SQS
67e1c5bc771d074a42d865ed,1742849375,24026.9454,1742849383,16026.9454,SQS
67e1c5bc771d074a42d865ef,1742849375,24059.4899,1742849383,16059.4899,SQS
67e1c5bc771d074a42d865f2,1742849375,24091.0668,1742849383,16091.0668,SQS
67e1c5bc771d074a42d865f8,1742849375,24244.117,1742849383,16244.117,SQS
67e1c5bc771d074a42d865fa,1742849375,24336.2778,1742849383,16336.2778,SQS
67e1c5bc771d074a42d865fb,1742849375,24120.46,1742849383,16120.46,SQS
67e1c5bd771d074a42d865ff,1742849375,24058.7367,1742849383,16058.7367,SQS
67e1c5bd771d074a42d86607,1742849375,24385.6947,1742849383,16385.6947,SQS
67e1c5bd771d074a42d8660a,1742849375,24447.2097,1742849383,16447.2097,SQS
67e1c5bd771d074a42d86613,1742849375,24817.0504,1742849383,16817.0504,SQS
67e1c5be771d074a42d8661f,1742849375,24896.1663,1742849383,16896.1663,SQS
67e1c5be771d074a42d86620,1742849375,24754.9918,1742849383,16754.9918,SQS
67e1c5be771d074a42d8662a,1742849375,24949.649,1742849383,16949.649,SQS
67e1c5bf771d074a42d86631,1742849375,24981.2053,1742849383,16981.2053,SQS
67e1c5bf771d074a42d8663d,1742849375,25150.7999,1742849383,17150.7999,SQS
67e1c5bf771d074a42d8663e,1742849375,24384.8307,1742849383,16384.8307,SQS
67e1c5bf771d074a42d8663f,1742849375,24905.5545,1742849383,16905.5545,SQS
67e1c5bf771d074a42d86642,1742849375,25156.6908,1742849383,17156.6908,SQS
67e1c5bf771d074a42d86643,1742849375,25158.9655,1742849383,17158.9655,SQS
67e1c5c0771d074a42d8664b,1742849375,25221.1318,1742849383,17221.1318,SQS
67e1c5c0771d074a42d8664c,1742849375,25313.6147,1742849383,17313.6147,SQS
67e1c5c0771d074a42d8665d,1742849375,25594.1937,1742849383,17594.1937,SQS
67e1c5c1771d074a42d86662,1742849375,25658.4092,1742849383,17658.4092,SQS
67e1c5c1771d074a42d86664,1742849375,25659.9236,1742849383,17659.9236,SQS
67e1c5c1771d074a42d86665,1742849375,25686.0291,1742849383,17686.0291,SQS
67e1c5c1771d074a42d8666a,1742849375,25750.4824,1742849383,17750.4824,SQS
67e1c5c2771d074a42d86677,1742849375,26042.0837,1742849383,18042.0837,SQS
67e1c5c2771d074a42d86678,1742849375,26043.9474,1742849383,18043.9474,SQS
67e1c5c2771d074a42d86679,1742849375,25718.7433,1742849383,17718.7433,SQS
67e1c5c2771d074a42d8667e,1742849375,26168.6154,1742849383,18168.6154,SQS
67e1c5c2771d074a42d86685,1742849375,26171.9206,1742849383,18171.9206,SQS
67e1c5c2771d074a42d86686,1742849375,26414.1348,1742849383,18414.1348,SQS
67e1c5c2771d074a42d8668d,1742849375,26663.8763,1742849383,18663.8763,SQS
67e1c5c2771d074a42d86694,1742849375,26850.2639,1742849383,18850.2639,SQS
67e1c5c2771d074a42d86699,1742849375,26818.1111,1742849383,18818.1111,SQS
67e1c5c2771d074a42d8669f,1742849375,26383.6427,1742849383,18383.6427,SQS
67e1c5c3771d074a42d866a5,1742849375,26972.7678,1742849383,18972.7678,SQS
67e1c5c3771d074a42d866ad,1742849375,27344.0682,1742849383,19344.0682,SQS
67e1c5c4771d074a42d866b7,1742849375,27562.0784,1742849383,19562.0784,SQS
67e1c5c4771d074a42d866b9,1742849375,27684.71,1742849383,19684.71,SQS
67e1c5c4771d074a42d866bf,1742849375,27719.9542,1742849383,19719.9542,SQS
67e1c5c4771d074a42d866c2,1742849375,27732.5269,1742849383,19732.5269,SQS
67e1c5c4771d074a42d866c3,1742849375,27762.6805,1742849383,19762.6805,SQS
67e1c5c4771d074a42d866c4,1742849375,27824.2099,1742849383,19824.2099,SQS
67e1c5c4771d074a42d866c7,1742849375,27731.6367,1742849383,19731.6367,SQS
67e1c5c4771d074a42d866cb,1742849375,27832.7251,1742849383,19832.7251,SQS
67e1c5c5771d074a42d866d4,1742849375,28027.8221,1742849383,20027.8221,SQS
67e1c5c5771d074a42d866d5,1742849375,28089.0774,1742849383,20089.0774,SQS
67e1c5c5771d074a42d866e5,1742849375,28397.4136,1742849383,20397.4136,SQS
67e1c5c6771d074a42d866ec,1742849375,28490.489,1742849383,20490.489,SQS
67e1c5c6771d074a42d866ed,1742849375,28492.2066,1742849383,20492.2066,SQS
67e1c5c6771d074a42d866ff,1742849375,28801.718,1742849383,20801.718,SQS
67e1c5c7771d074a42d86713,1742849375,29010.5295,1742849383,21010.5295,SQS
67e1c5c7771d074a42d8671a,1742849375,29110.6328,1742849383,21110.6328,SQS
67e1c5c7771d074a42d8671e,1742849375,29180.2315,1742849383,21180.2315,SQS
67e1c5c7771d074a42d8671f,1742849375,29183.5605,1742849383,21183.5605,SQS
67e1c5c7771d074a42d86722,1742849375,29193.247,1742849383,21193.247,SQS
67e1c5c8771d074a42d86729,1742849375,29281.1938,1742849383,21281.1938,SQS
67e1c5c8771d074a42d8672f,1742849375,29379.4118,1742849383,21379.4118,SQS
67e1c5c8771d074a42d86732,1742849375,29497.4955,1742849383,21497.4955,SQS
67e1c5d1771d074a42d86cc3,1742849375,52245.2816,1742849383,44245.2816,SQS
67e1c5c9771d074a42d86758,1742849375,30367.1935,1742849383,22367.1935,SQS
67e1c5d2771d074a42d86de6,1742849375,55311.3593,1742849383,47311.3593,SQS
67e1c5b6771d074a42d8655c,1742849375,20089.7875,1742849383,12089.7875,SQS
67e1c5b7771d074a42d86560,1742849375,20123.3413,1742849383,12123.3413,SQS
67e1c5b7771d074a42d86565,1742849375,20212.7502,1742849383,12212.7502,SQS
67e1c5b7771d074a42d8656a,1742849375,20341.0179,1742849383,12341.0179,SQS
67e1c5b7771d074a42d8656c,1742849375,20341.7135,1742849383,12341.7135,SQS
67e1c5b7771d074a42d8656d,1742849375,20399.9949,1742849383,12399.9949,SQS
67e1c5b7771d074a42d8656f,1742849375,20523.852,1742849383,12523.852,SQS
67e1c5b7771d074a42d86570,1742849375,20553.8085,1742849383,12553.8085,SQS
67e1c5b7771d074a42d86571,1742849375,20525.3789,1742849383,12525.3789,SQS
67e1c5b7771d074a42d86574,1742849375,20709.2959,1742849383,12709.2959,SQS
67e1c5b7771d074a42d86575,1742849375,20678.0563,1742849383,12678.0563,SQS
67e1c5b8771d074a42d86578,1742849375,20837.5997,1742849383,12837.5997,SQS
67e1c5b8771d074a42d86579,1742849375,20838.48,1742849383,12838.48,SQS
67e1c5b8771d074a42d8657a,1742849375,20835.7073,1742849383,12835.7073,SQS
67e1c5b8771d074a42d8657d,1742849375,20865.8436,1742849383,12865.8436,SQS
67e1c5b8771d074a42d8657e,1742849375,20896.1864,1742849383,12896.1864,SQS
67e1c5b8771d074a42d8657f,1742849375,20988.8272,1742849383,12988.8272,SQS
67e1c5b8771d074a42d86580,1742849375,20991.0891,1742849383,12991.0891,SQS
67e1c5b8771d074a42d86581,1742849375,20925.7674,1742849383,12925.7674,SQS
67e1c5b8771d074a42d86582,1742849375,20956.6345,1742849383,12956.6345,SQS
67e1c5b8771d074a42d86583,1742849375,21052.5775,1742849383,13052.5775,SQS
67e1c5b8771d074a42d86584,1742849375,21054.3096,1742849383,13054.3096,SQS
67e1c5b8771d074a42d86585,1742849375,21055.1887,1742849383,13055.1887,SQS
67e1c5b8771d074a42d86589,1742849375,21114.0045,1742849383,13114.0045,SQS
67e1c5b9771d074a42d8658a,1742849375,21116.5774,1742849383,13116.5774,SQS
67e1c5b9771d074a42d8658b,1742849375,21117.6672,1742849383,13117.6672,SQS
67e1c5b9771d074a42d8658d,1742849375,21235.6443,1742849383,13235.6443,SQS
67e1c5b9771d074a42d8658e,1742849375,21266.7343,1742849383,13266.7343,SQS
67e1c5b9771d074a42d8658f,1742849375,21267.5558,1742849383,13267.5558,SQS
67e1c5b9771d074a42d86591,1742849375,21329.7348,1742849383,13329.7348,SQS
67e1c5b9771d074a42d86592,1742849375,21421.7261,1742849383,13421.7261,SQS
67e1c5b9771d074a42d86593,1742849375,21422.5553,1742849383,13422.5553,SQS
67e1c5b9771d074a42d86594,1742849375,21359.6429,1742849383,13359.6429,SQS
67e1c5b9771d074a42d86596,1742849375,21514.7409,1742849383,13514.7409,SQS
67e1c5b9771d074a42d86597,1742849375,21547.7014,1742849383,13547.7014,SQS
67e1c5b9771d074a42d86598,1742849375,21549.0166,1742849383,13549.0166,SQS
67e1c5b9771d074a42d86599,1742849375,21639.1054,1742849383,13639.1054,SQS
67e1c5b9771d074a42d8659b,1742849375,21763.604,1742849383,13763.604,SQS
67e1c5b9771d074a42d8659d,1742849375,21733.1317,1742849383,13733.1317,SQS
67e1c5b9771d074a42d865a0,1742849375,21918.673,1742849383,13918.673,SQS
67e1c5b9771d074a42d865a1,1742849375,21918.9626,1742849383,13918.9626,SQS
67e1c5b9771d074a42d865a2,1742849375,21948.6912,1742849383,13948.6912,SQS
67e1c5b9771d074a42d865a3,1742849375,22011.5749,1742849383,14011.5749,SQS
67e1c5b9771d074a42d865a5,1742849375,22043.5175,1742849383,14043.5175,SQS
67e1c5b9771d074a42d865a6,1742849375,22169.1522,1742849383,14169.1522,SQS
67e1c5b9771d074a42d865a7,1742849375,22197.2174,1742849383,14197.2174,SQS
67e1c5b9771d074a42d865a9,1742849375,22258.9177,1742849383,14258.9177,SQS
67e1c5b9771d074a42d865ab,1742849375,22289.8292,1742849383,14289.8292,SQS
67e1c5ba771d074a42d865ac,1742849375,22352.4017,1742849383,14352.4017,SQS
67e1c5ba771d074a42d865ad,1742849375,22382.8306,1742849383,14382.8306,SQS
67e1c5ba771d074a42d865b9,1742849375,22818.6288,1742849383,14818.6288,SQS
67e1c5ba771d074a42d865bb,1742849375,22848.5564,1742849383,14848.5564,SQS
67e1c5ba771d074a42d865bc,1742849375,22821.1993,1742849383,14821.1993,SQS
67e1c5ba771d074a42d865bd,1742849375,22852.5684,1742849383,14852.5684,SQS
67e1c5bb771d074a42d865bf,1742849375,22911.117,1742849383,14911.117,SQS
67e1c5bb771d074a42d865c2,1742849375,22941.0182,1742849383,14941.0182,SQS
67e1c5bb771d074a42d865c3,1742849375,22941.7534,1742849383,14941.7534,SQS
67e1c5bb771d074a42d865c4,1742849375,22944.7443,1742849383,14944.7443,SQS
67e1c5bb771d074a42d865c7,1742849375,23005.2198,1742849383,15005.2198,SQS
67e1c5bb771d074a42d865c8,1742849375,23035.622,1742849383,15035.622,SQS
67e1c5bb771d074a42d865c9,1742849375,23066.0883,1742849383,15066.0883,SQS
67e1c5bb771d074a42d865cb,1742849375,23036.4513,1742849382,16036.4513,SQS
67e1c5bb771d074a42d865cf,1742849375,23253.8638,1742849382,16253.8638,SQS
67e1c5bb771d074a42d865d6,1742849375,23034.3156,1742849382,16034.3156,SQS
67e1c5bb771d074a42d865d7,1742849375,23437.3143,1742849382,16437.3143,SQS
67e1c5bb771d074a42d865d8,1742849375,23408.376,1742849382,16408.376,SQS
67e1c5bc771d074a42d865ec,1742849375,24001.71,1742849382,17001.71,SQS
67e1c5bc771d074a42d865ee,1742849375,24057.1836,1742849382,17057.1836,SQS
67e1c5bd771d074a42d86600,1742849375,24348.8426,1742849382,17348.8426,SQS
67e1c5bf771d074a42d86636,1742849375,25112.3086,1742849382,18112.3086,SQS
67e1c5bf771d074a42d86640,1742849375,25153.726,1742849382,18153.726,SQS
67e1c5bf771d074a42d86641,1742849375,25155.8957,1742849382,18155.8957,SQS
67e1c5d1771d074a42d86bac,1742849375,49289.2488,1742849382,42289.2488,SQS
67e1c5c5771d074a42d866d2,1742849375,27995.3518,1742849382,20995.3518,SQS
67e1c5c5771d074a42d866d7,1742849375,28088.0807,1742849382,21088.0807,SQS
67e1c5c5771d074a42d866dd,1742849375,28218.6679,1742849382,21218.6679,SQS
67e1c5c5771d074a42d866e1,1742849375,28305.7877,1742849382,21305.7877,SQS
67e1c5c5771d074a42d866e6,1742849375,28428.4573,1742849382,21428.4573,SQS
67e1c5c5771d074a42d866e7,1742849375,28429.2366,1742849382,21429.2366,SQS
67e1c5c5771d074a42d866e8,1742849375,28368.0254,1742849382,21368.0254,SQS
67e1c5d1771d074a42d86c23,1742849375,50167.3544,1742849382,43167.3544,SQS
67e1c5c7771d074a42d8670a,1742849375,28800.5055,1742849382,21800.5055,SQS
67e1c5c8771d074a42d8672c,1742849375,29141.5759,1742849382,22141.5759,SQS
67e1c5ac771d074a42d864a9,1742849375,16991.6388,1742849382,9991.6388,SQS
67e1c5ad771d074a42d864af,1742849375,17113.9839,1742849382,10113.9839,SQS
67e1c5ad771d074a42d864b8,1742849375,17299.8104,1742849382,10299.8104,SQS
67e1c5ae771d074a42d864bb,1742849375,17334.4545,1742849382,10334.4545,SQS
67e1c5ae771d074a42d864be,1742849375,17392.3149,1742849382,10392.3149,SQS
67e1c5ae771d074a42d864bf,1742849375,17394.8561,1742849382,10394.8561,SQS
67e1c5ae771d074a42d864c0,1742849375,17397.0746,1742849382,10397.0746,SQS
67e1c5ae771d074a42d864c2,1742849375,17453.4646,1742849382,10453.4646,SQS
67e1c5ae771d074a42d864c3,1742849375,17424.4013,1742849382,10424.4013,SQS
67e1c5ae771d074a42d864c9,1742849375,17464.1162,1742849382,10464.1162,SQS
67e1c5af771d074a42d864ca,1742849375,17530.9618,1742849382,10530.9618,SQS
67e1c5af771d074a42d864cb,1742849375,17463.27,1742849382,10463.27,SQS
67e1c5af771d074a42d864cd,1742849375,17623.9558,1742849382,10623.9558,SQS
67e1c5af771d074a42d864cf,1742849375,17626.5774,1742849382,10626.5774,SQS
67e1c5d2771d074a42d86de3,1742849375,50081.4486,1742849382,43081.4486,SQS
67e1c5af771d074a42d864d0,1742849375,17656.3123,1742849382,10656.3123,SQS
67e1c5d2771d074a42d86de5,1742849375,55310.576,1742849382,48310.576,SQS
67e1c5af771d074a42d864d1,1742849375,17627.4734,1742849382,10627.4734,SQS
67e1c5af771d074a42d864d2,1742849375,17716.8758,1742849382,10716.8758,SQS
67e1c5af771d074a42d864d3,1742849375,17717.6566,1742849382,10717.6566,SQS
67e1c5af771d074a42d864d4,1742849375,17718.446,1742849382,10718.446,SQS
67e1c5af771d074a42d864d9,1742849375,17755.2255,1742849382,10755.2255,SQS
67e1c5af771d074a42d864dc,1742849375,17796.1827,1742849382,10796.1827,SQS
67e1c5af771d074a42d864dd,1742849375,17795.329,1742849382,10795.329,SQS
67e1c5af771d074a42d864de,1742849375,17856.4892,1742849382,10856.4892,SQS
67e1c5af771d074a42d864df,1742849375,17858.9043,1742849382,10858.9043,SQS
67e1c5b0771d074a42d864e0,1742849375,17859.8924,1742849382,10859.8924,SQS
67e1c5b0771d074a42d864e3,1742849375,17865.0018,1742849382,10865.0018,SQS
67e1c5b0771d074a42d864e4,1742849375,17865.7154,1742849382,10865.7154,SQS
67e1c5b0771d074a42d864e5,1742849375,17949.3744,1742849382,10949.3744,SQS
67e1c5b0771d074a42d864e7,1742849375,17866.3978,1742849382,10866.3978,SQS
67e1c5b0771d074a42d864e8,1742849375,18011.5138,1742849382,11011.5138,SQS
67e1c5b0771d074a42d864e9,1742849375,18012.2622,1742849382,11012.2622,SQS
67e1c5b0771d074a42d864ea,1742849375,18014.3683,1742849382,11014.3683,SQS
67e1c5b0771d074a42d864eb,1742849375,18073.643,1742849382,11073.643,SQS
67e1c5b0771d074a42d864ed,1742849375,18042.562,1742849382,11042.562,SQS
67e1c5b0771d074a42d864ef,1742849375,18137.3303,1742849382,11137.3303,SQS
67e1c5b0771d074a42d864f0,1742849375,18138.0667,1742849382,11138.0667,SQS
67e1c5b0771d074a42d864f1,1742849375,18229.587,1742849382,11229.587,SQS
67e1c5b0771d074a42d864f2,1742849375,18230.4883,1742849382,11230.4883,SQS
67e1c5b0771d074a42d864f3,1742849375,18259.7021,1742849382,11259.7021,SQS
67e1c5b0771d074a42d864f4,1742849375,18291.4082,1742849382,11291.4082,SQS
67e1c5b0771d074a42d864f5,1742849375,18290.6605,1742849382,11290.6605,SQS
67e1c5cf771d074a42d86821,1742849375,34596.9723,1742849382,27596.9723,SQS
67e1c5b0771d074a42d864f6,1742849375,18232.9942,1742849382,11232.9942,SQS
67e1c5b0771d074a42d864f7,1742849375,18294.5454,1742849382,11294.5454,SQS
67e1c5b1771d074a42d864f8,1742849375,18353.4131,1742849382,11353.4131,SQS
67e1c5b1771d074a42d864fb,1742849375,18357.555,1742849382,11357.555,SQS
67e1c5b1771d074a42d864fc,1742849375,18385.8265,1742849382,11385.8265,SQS
67e1c5b1771d074a42d864fe,1742849375,18415.4745,1742849382,11415.4745,SQS
67e1c5b1771d074a42d864ff,1742849375,18418.328,1742849382,11418.328,SQS
67e1c5b1771d074a42d86500,1742849375,18387.7829,1742849382,11387.7829,SQS
67e1c5b1771d074a42d86501,1742849375,18358.2802,1742849382,11358.2802,SQS
67e1c5b1771d074a42d86503,1742849375,18422.6993,1742849382,11422.6993,SQS
67e1c5b1771d074a42d86504,1742849375,18424.1528,1742849382,11424.1528,SQS
67e1c5b1771d074a42d86505,1742849375,18461.1474,1742849382,11461.1474,SQS
67e1c5b1771d074a42d86506,1742849375,18462.7469,1742849382,11462.7469,SQS
67e1c5b2771d074a42d86507,1742849375,18463.4825,1742849382,11463.4825,SQS
67e1c5b2771d074a42d86508,1742849375,18465.8542,1742849382,11465.8542,SQS
67e1c5b3771d074a42d86509,1742849375,18466.5824,1742849382,11466.5824,SQS
67e1c5b3771d074a42d8650a,1742849375,18468.6443,1742849382,11468.6443,SQS
67e1c5b3771d074a42d8650b,1742849375,18471.878,1742849382,11471.878,SQS
67e1c5b3771d074a42d8650c,1742849375,18471.1522,1742849382,11471.1522,SQS
67e1c5b3771d074a42d8650d,1742849375,18507.6232,1742849382,11507.6232,SQS
67e1c5b3771d074a42d8650e,1742849375,18538.6838,1742849382,11538.6838,SQS
67e1c5b3771d074a42d8650f,1742849375,18540.8418,1742849382,11540.8418,SQS
67e1c5b3771d074a42d86510,1742849375,18541.5443,1742849382,11541.5443,SQS
67e1c5b3771d074a42d86512,1742849375,18544.0179,1742849382,11544.0179,SQS
67e1c5b3771d074a42d86514,1742849375,18571.3104,1742849382,11571.3104,SQS
67e1c5b3771d074a42d86515,1742849375,18600.5724,1742849382,11600.5724,SQS
67e1c5b3771d074a42d86516,1742849375,18633.1069,1742849382,11633.1069,SQS
67e1c5b3771d074a42d86517,1742849375,18632.3607,1742849382,11632.3607,SQS
67e1c5b3771d074a42d86518,1742849375,18637.198,1742849382,11637.198,SQS
67e1c5b3771d074a42d86519,1742849375,18636.9768,1742849382,11636.9768,SQS
67e1c5b3771d074a42d8651a,1742849375,18662.8232,1742849382,11662.8232,SQS
67e1c5b3771d074a42d8651b,1742849375,18664.7465,1742849382,11664.7465,SQS
67e1c5b3771d074a42d8651d,1742849375,18666.9793,1742849382,11666.9793,SQS
67e1c5b3771d074a42d8651e,1742849375,18695.4348,1742849382,11695.4348,SQS
67e1c5b3771d074a42d8651f,1742849375,18698.6436,1742849382,11698.6436,SQS
67e1c5b3771d074a42d86520,1742849375,18699.3382,1742849382,11699.3382,SQS
67e1c5b3771d074a42d86521,1742849375,18724.6973,1742849382,11724.6973,SQS
67e1c5b3771d074a42d86522,1742849375,18786.7327,1742849382,11786.7327,SQS
67e1c5b3771d074a42d86523,1742849375,18817.988,1742849382,11817.988,SQS
67e1c5b3771d074a42d86524,1742849375,18849.5284,1742849382,11849.5284,SQS
67e1c5b3771d074a42d86525,1742849375,18910.601,1742849382,11910.601,SQS
67e1c5b3771d074a42d86526,1742849375,18757.1182,1742849382,11757.1182,SQS
67e1c5b3771d074a42d86527,1742849375,18943.9816,1742849382,11943.9816,SQS
67e1c5b3771d074a42d86528,1742849375,18757.8515,1742849382,11757.8515,SQS
67e1c5b3771d074a42d86529,1742849375,18972.4775,1742849382,11972.4775,SQS
67e1c5b4771d074a42d8652a,1742849375,18975.4385,1742849382,11975.4385,SQS
67e1c5b4771d074a42d8652b,1742849375,18977.7409,1742849382,11977.7409,SQS
67e1c5b4771d074a42d8652c,1742849375,19005.3547,1742849382,12005.3547,SQS
67e1c5b4771d074a42d8652d,1742849375,19006.2071,1742849382,12006.2071,SQS
67e1c5b4771d074a42d8652e,1742849375,19004.6134,1742849382,12004.6134,SQS
67e1c5b4771d074a42d8652f,1742849375,19067.6041,1742849382,12067.6041,SQS
67e1c5b4771d074a42d86530,1742849375,19071.2587,1742849382,12071.2587,SQS
67e1c5b4771d074a42d86531,1742849375,19096.9822,1742849382,12096.9822,SQS
67e1c5b4771d074a42d86532,1742849375,19100.7442,1742849382,12100.7442,SQS
67e1c5b4771d074a42d86533,1742849375,19103.9039,1742849382,12103.9039,SQS
67e1c5b4771d074a42d86535,1742849375,19109.6772,1742849382,12109.6772,SQS
67e1c5b4771d074a42d86536,1742849375,19113.7668,1742849382,12113.7668,SQS
67e1c5b4771d074a42d86537,1742849375,19112.9676,1742849382,12112.9676,SQS
67e1c5b4771d074a42d86538,1742849375,19174.8931,1742849382,12174.8931,SQS
67e1c5b4771d074a42d86539,1742849375,19178.2055,1742849382,12178.2055,SQS
67e1c5b5771d074a42d8653a,1742849375,19205.3498,1742849382,12205.3498,SQS
67e1c5b5771d074a42d8653b,1742849375,19206.1528,1742849382,12206.1528,SQS
67e1c5b5771d074a42d8653c,1742849375,19236.6968,1742849382,12236.6968,SQS
67e1c5b5771d074a42d8653e,1742849375,19237.7598,1742849382,12237.7598,SQS
67e1c5b5771d074a42d8653f,1742849375,19299.0465,1742849382,12299.0465,SQS
67e1c5b5771d074a42d86540,1742849375,19330.5206,1742849382,12330.5206,SQS
67e1c5b5771d074a42d86541,1742849375,19361.1292,1742849382,12361.1292,SQS
67e1c5b5771d074a42d86542,1742849375,19329.7663,1742849382,12329.7663,SQS
67e1c5b5771d074a42d86544,1742849375,19365.4749,1742849382,12365.4749,SQS
67e1c5b5771d074a42d86545,1742849375,19328.9898,1742849382,12328.9898,SQS
67e1c5b5771d074a42d86547,1742849375,19035.2742,1742849382,12035.2742,SQS
67e1c5b5771d074a42d86549,1742849375,19456.5223,1742849382,12456.5223,SQS
67e1c5b5771d074a42d8654a,1742849375,19457.2299,1742849382,12457.2299,SQS
67e1c5b5771d074a42d8654d,1742849375,19461.5931,1742849382,12461.5931,SQS
67e1c5b5771d074a42d8654e,1742849375,19465.1072,1742849382,12465.1072,SQS
67e1c5b5771d074a42d86550,1742849375,19530.7064,1742849382,12530.7064,SQS
67e1c5b6771d074a42d86553,1742849375,19655.3005,1742849382,12655.3005,SQS
67e1c5b6771d074a42d86554,1742849375,19716.5489,1742849382,12716.5489,SQS
67e1c5b6771d074a42d86555,1742849375,19747.579,1742849382,12747.579,SQS
67e1c5b6771d074a42d86556,1742849375,19780.1956,1742849382,12780.1956,SQS
67e1c5b6771d074a42d86559,1742849375,19902.956,1742849382,12902.956,SQS
67e1c5b6771d074a42d8655b,1742849375,19965.476,1742849382,12965.476,SQS
67e1c5b7771d074a42d86561,1742849375,20150.6193,1742849382,13150.6193,SQS
67e1c5b7771d074a42d86562,1742849375,19840.7736,1742849382,12840.7736,SQS
67e1c5b7771d074a42d86568,1742849375,20336.8302,1742849382,13336.8302,SQS
67e1c5b7771d074a42d86569,1742849375,20339.3242,1742849382,13339.3242,SQS
67e1c5b7771d074a42d8656e,1742849375,20492.549,1742849382,13492.549,SQS
67e1c5b7771d074a42d86572,1742849375,20585.5327,1742849382,13585.5327,SQS
67e1c5b7771d074a42d86576,1742849375,20770.8065,1742849382,13770.8065,SQS
67e1c5b8771d074a42d86577,1742849375,20836.0513,1742849382,13836.0513,SQS
67e1c5b8771d074a42d8657b,1742849375,20648.3527,1742849382,13648.3527,SQS
67e1c5b8771d074a42d86586,1742849375,21050.7941,1742849382,14050.7941,SQS
67e1c5b9771d074a42d86590,1742849375,21268.455,1742849382,14268.455,SQS
67e1c5b9771d074a42d86595,1742849375,21516.4956,1742849382,14516.4956,SQS
67e1c5b9771d074a42d8659a,1742849375,21700.8003,1742849382,14700.8003,SQS
67e1c5b9771d074a42d8659f,1742849375,21824.6893,1742849382,14824.6893,SQS
67e1c5ba771d074a42d865af,1742849375,22476.7562,1742849382,15476.7562,SQS
67e1c5ba771d074a42d865b0,1742849375,22537.9884,1742849382,15537.9884,SQS
67e1c5ba771d074a42d865b1,1742849375,22475.849,1742849382,15475.849,SQS
67e1c5ba771d074a42d865b2,1742849375,22569.6043,1742849382,15569.6043,SQS
67e1c5ba771d074a42d865b3,1742849375,22632.1886,1742849382,15632.1886,SQS
67e1c5ba771d074a42d865b4,1742849375,22665.9121,1742849382,15665.9121,SQS
67e1c5ba771d074a42d865b5,1742849375,22693.1259,1742849382,15693.1259,SQS
67e1c5ba771d074a42d865b6,1742849375,22755.0157,1742849382,15755.0157,SQS
67e1c5ba771d074a42d865b7,1742849375,22787.8177,1742849382,15787.8177,SQS
67e1c5ba771d074a42d865b8,1742849375,22790.0736,1742849382,15790.0736,SQS
67e1c5ba771d074a42d865ba,1742849375,22821.9545,1742849382,15821.9545,SQS
67e1c5ba771d074a42d865be,1742849375,22786.3098,1742849382,15786.3098,SQS
67e1c5bb771d074a42d865c6,1742849375,22973.7452,1742849382,15973.7452,SQS
67e1c5bf771d074a42d86634,1742849375,25049.9856,1742849381,19049.9856,SQS
67e1c5bf771d074a42d86638,1742849375,25144.0135,1742849381,19144.0135,SQS
67e1c5bf771d074a42d86645,1742849375,25159.6571,1742849381,19159.6571,SQS
67e1c5bf771d074a42d86646,1742849375,25189.7282,1742849381,19189.7282,SQS
67e1c5c1771d074a42d86663,1742849375,25660.618,1742849381,19660.618,SQS
67e1c5c2771d074a42d8667f,1742849375,26046.2389,1742849381,20046.2389,SQS
67e1c5c2771d074a42d8668e,1742849375,26445.2779,1742849381,20445.2779,SQS
67e1c5a8771d074a42d86442,1742849375,15019.7223,1742849381,9019.7223,SQS
67e1c5a8771d074a42d86446,1742849375,15113.7946,1742849381,9113.7946,SQS
67e1c5a8771d074a42d86449,1742849375,15206.0147,1742849381,9206.0147,SQS
67e1c5a9771d074a42d86458,1742849375,15454.1332,1742849381,9454.1332,SQS
67e1c5a9771d074a42d8645c,1742849375,15490.5332,1742849381,9490.5332,SQS
67e1c5a9771d074a42d86461,1742849375,15547.5573,1742849381,9547.5573,SQS
67e1c5aa771d074a42d86463,1742849375,15609.4147,1742849381,9609.4147,SQS
67e1c5aa771d074a42d86464,1742849375,15614.851,1742849381,9614.851,SQS
67e1c5aa771d074a42d86465,1742849375,15617.0672,1742849381,9617.0672,SQS
67e1c5aa771d074a42d86467,1742849375,15643.3151,1742849381,9643.3151,SQS
67e1c5aa771d074a42d8646a,1742849375,15641.8149,1742849381,9641.8149,SQS
67e1c5aa771d074a42d8646b,1742849375,15703.517,1742849381,9703.517,SQS
67e1c5aa771d074a42d8646c,1742849375,15702.1191,1742849381,9702.1191,SQS
67e1c5aa771d074a42d8646e,1742849375,15733.0795,1742849381,9733.0795,SQS
67e1c5aa771d074a42d8646f,1742849375,15772.9772,1742849381,9772.9772,SQS
67e1c5aa771d074a42d86470,1742849375,15776.9542,1742849381,9776.9542,SQS
67e1c5aa771d074a42d86471,1742849375,15813.6695,1742849381,9813.6695,SQS
67e1c5aa771d074a42d86472,1742849375,15844.1597,1742849381,9844.1597,SQS
67e1c5aa771d074a42d86473,1742849375,15845.9564,1742849381,9845.9564,SQS
67e1c5aa771d074a42d86475,1742849375,15847.7023,1742849381,9847.7023,SQS
67e1c5aa771d074a42d86476,1742849375,15873.3285,1742849381,9873.3285,SQS
67e1c5ab771d074a42d86479,1742849375,15969.0742,1742849381,9969.0742,SQS
67e1c5ab771d074a42d8647a,1742849375,15967.9542,1742849381,9967.9542,SQS
67e1c5ab771d074a42d8647b,1742849375,15998.8546,1742849381,9998.8546,SQS
67e1c5ab771d074a42d8647d,1742849375,16061.1185,1742849381,10061.1185,SQS
67e1c5ab771d074a42d8647e,1742849375,16061.9278,1742849381,10061.9278,SQS
67e1c5ab771d074a42d8647f,1742849375,16064.4383,1742849381,10064.4383,SQS
67e1c5ab771d074a42d86481,1742849375,16126.9748,1742849381,10126.9748,SQS
67e1c5ab771d074a42d86482,1742849375,16213.8861,1742849381,10213.8861,SQS
67e1c5ab771d074a42d86483,1742849375,16151.6027,1742849381,10151.6027,SQS
67e1c5ab771d074a42d86484,1742849375,16089.609,1742849381,10089.609,SQS
67e1c5ab771d074a42d86486,1742849375,16276.4872,1742849381,10276.4872,SQS
67e1c5ab771d074a42d86487,1742849375,16306.8583,1742849381,10306.8583,SQS
67e1c5ab771d074a42d86488,1742849375,16309.8801,1742849381,10309.8801,SQS
67e1c5ab771d074a42d86489,1742849375,16337.5179,1742849381,10337.5179,SQS
67e1c5ab771d074a42d8648a,1742849375,16338.3658,1742849381,10338.3658,SQS
67e1c5ab771d074a42d8648c,1742849375,16401.644,1742849381,10401.644,SQS
67e1c5ab771d074a42d8648e,1742849375,16432.1496,1742849381,10432.1496,SQS
67e1c5ab771d074a42d8648f,1742849375,16432.9375,1742849381,10432.9375,SQS
67e1c5ab771d074a42d86490,1742849375,16524.2575,1742849381,10524.2575,SQS
67e1c5ac771d074a42d86491,1742849375,16492.6223,1742849381,10492.6223,SQS
67e1c5ac771d074a42d86492,1742849375,16554.6243,1742849381,10554.6243,SQS
67e1c5ac771d074a42d86494,1742849375,16651.0735,1742849381,10651.0735,SQS
67e1c5ac771d074a42d86495,1742849375,16710.7804,1742849381,10710.7804,SQS
67e1c5ac771d074a42d86497,1742849375,16740.9536,1742849381,10740.9536,SQS
67e1c5ac771d074a42d86499,1742849375,16742.1115,1742849381,10742.1115,SQS
67e1c5ac771d074a42d8649a,1742849375,16650.2841,1742849381,10650.2841,SQS
67e1c5ac771d074a42d8649c,1742849375,16748.4099,1742849381,10748.4099,SQS
67e1c5ac771d074a42d8649d,1742849375,16749.1403,1742849381,10749.1403,SQS
67e1c5ac771d074a42d8649e,1742849375,16772.7803,1742849381,10772.7803,SQS
67e1c5ac771d074a42d8649f,1742849375,16802.7328,1742849381,10802.7328,SQS
67e1c5ac771d074a42d864a0,1742849375,16835.7474,1742849381,10835.7474,SQS
67e1c5ac771d074a42d864a1,1742849375,16837.469,1742849381,10837.469,SQS
67e1c5ac771d074a42d864a2,1742849375,16839.4104,1742849381,10839.4104,SQS
67e1c5ac771d074a42d864a3,1742849375,16865.8703,1742849381,10865.8703,SQS
67e1c5ac771d074a42d864a4,1742849375,16957.7715,1742849381,10957.7715,SQS
67e1c5ac771d074a42d864a5,1742849375,16896.0748,1742849381,10896.0748,SQS
67e1c5ac771d074a42d864a6,1742849375,16959.5514,1742849381,10959.5514,SQS
67e1c5ac771d074a42d864a7,1742849375,16992.521,1742849381,10992.521,SQS
67e1c5ac771d074a42d864a8,1742849375,16993.5435,1742849381,10993.5435,SQS
67e1c5ad771d074a42d864aa,1742849375,16865.0002,1742849381,10865.0002,SQS
67e1c5ad771d074a42d864ab,1742849375,17082.9092,1742849381,11082.9092,SQS
67e1c5ad771d074a42d864ad,1742849375,17114.7409,1742849381,11114.7409,SQS
67e1c5ad771d074a42d864ae,1742849375,17144.0819,1742849381,11144.0819,SQS
67e1c5ad771d074a42d864b0,1742849375,17020.8357,1742849381,11020.8357,SQS
67e1c5ad771d074a42d864b3,1742849375,17206.6315,1742849381,11206.6315,SQS
67e1c5ad771d074a42d864b5,1742849375,17268.881,1742849381,11268.881,SQS
67e1c5ad771d074a42d864b6,1742849375,17270.5646,1742849381,11270.5646,SQS
67e1c5ad771d074a42d864b7,1742849375,17298.6398,1742849381,11298.6398,SQS
67e1c5ae771d074a42d864ba,1742849375,17333.7788,1742849381,11333.7788,SQS
67e1c5ae771d074a42d864bc,1742849375,17333.07,1742849381,11333.07,SQS
67e1c5ae771d074a42d864bd,1742849375,17236.4169,1742849381,11236.4169,SQS
67e1c5ae771d074a42d864c1,1742849375,17361.192,1742849381,11361.192,SQS
67e1c5ae771d074a42d864c4,1742849375,17423.6671,1742849381,11423.6671,SQS
67e1c5ae771d074a42d864c5,1742849375,17456.9334,1742849381,11456.9334,SQS
67e1c5ae771d074a42d864c6,1742849375,17457.638,1742849381,11457.638,SQS
67e1c5ae771d074a42d864c7,1742849375,17458.3336,1742849381,11458.3336,SQS
67e1c5ae771d074a42d864c8,1742849375,17461.7655,1742849381,11461.7655,SQS
67e1c5af771d074a42d864d6,1742849375,17750.8769,1742849381,11750.8769,SQS
67e1c5af771d074a42d864d7,1742849375,17753.0995,1742849381,11753.0995,SQS
67e1c5af771d074a42d864d8,1742849375,17753.8143,1742849381,11753.8143,SQS
67e1c5af771d074a42d864da,1742849375,17757.2927,1742849381,11757.2927,SQS
67e1c5b0771d074a42d864e6,1742849375,17983.8947,1742849381,11983.8947,SQS
67e1c5b0771d074a42d864ec,1742849375,18043.4134,1742849381,12043.4134,SQS
67e1c5b1771d074a42d864fd,1742849375,18414.6066,1742849381,12414.6066,SQS
67e1c5b1771d074a42d86502,1742849375,18421.9285,1742849381,12421.9285,SQS
67e1c5b3771d074a42d86511,1742849375,18470.3608,1742849381,12470.3608,SQS
67e1c5b3771d074a42d86513,1742849375,18569.7028,1742849381,12569.7028,SQS
67e1c5b3771d074a42d8651c,1742849375,18666.2742,1742849381,12666.2742,SQS
67e1c5b4771d074a42d86534,1742849375,19105.8843,1742849381,13105.8843,SQS
67e1c5b5771d074a42d8653d,1742849375,19236.9504,1742849381,13236.9504,SQS
67e1c5b5771d074a42d86543,1742849375,19391.2113,1742849381,13391.2113,SQS
67e1c5b5771d074a42d86546,1742849375,19453.104,1742849381,13453.104,SQS
67e1c5b5771d074a42d86548,1742849375,18698.636,1742849381,12698.636,SQS
67e1c5b5771d074a42d8654c,1742849375,17760.2007,1742849381,11760.2007,SQS
67e1c5b5771d074a42d8654f,1742849375,19465.8373,1742849381,13465.8373,SQS
67e1c5b6771d074a42d86551,1742849375,19592.5847,1742849381,13592.5847,SQS
67e1c5b6771d074a42d86552,1742849375,19561.6097,1742849381,13561.6097,SQS
67e1c5b6771d074a42d86557,1742849375,19809.9942,1742849381,13809.9942,SQS
67e1c5b6771d074a42d86558,1742849375,19783.1846,1742849381,13783.1846,SQS
67e1c5b7771d074a42d86564,1742849375,19996.1369,1742849381,13996.1369,SQS
67e1c5b8771d074a42d86588,1742849375,21081.5867,1742849381,15081.5867,SQS
67e1c5b9771d074a42d8658c,1742849375,21206.1495,1742849381,15206.1495,SQS
67e1c5b9771d074a42d865a4,1742849375,22041.7859,1742849381,16041.7859,SQS
67e1c5a4771d074a42d863f2,1742849375,13967.3256,1742849379,9967.3256,SQS
67e1c5a4771d074a42d863f6,1742849375,14000.7475,1742849379,10000.7475,SQS
67e1c5a4771d074a42d863f7,1742849375,14003.3492,1742849379,10003.3492,SQS
67e1c5a4771d074a42d863fc,1742849375,14031.9339,1742849379,10031.9339,SQS
67e1c5a5771d074a42d86400,1742849375,14120.779,1742849379,10120.779,SQS
67e1c5a5771d074a42d86401,1742849375,14151.8001,1742849379,10151.8001,SQS
67e1c5a5771d074a42d86402,1742849375,14183.8645,1742849379,10183.8645,SQS
67e1c5a5771d074a42d86406,1742849375,14245.6267,1742849379,10245.6267,SQS
67e1c5a5771d074a42d86408,1742849375,14247.8806,1742849379,10247.8806,SQS
67e1c5a5771d074a42d86409,1742849375,14309.095,1742849379,10309.095,SQS
67e1c5a5771d074a42d8640b,1742849375,14338.5451,1742849379,10338.5451,SQS
67e1c5a5771d074a42d8640c,1742849375,14368.9095,1742849379,10368.9095,SQS
67e1c5a5771d074a42d8640f,1742849375,14432.0091,1742849379,10432.0091,SQS
67e1c5a5771d074a42d86410,1742849375,14463.8863,1742849379,10463.8863,SQS
67e1c5a5771d074a42d86411,1742849375,14464.8461,1742849379,10464.8461,SQS
67e1c5a5771d074a42d86412,1742849375,14467.4349,1742849379,10467.4349,SQS
67e1c5a5771d074a42d86413,1742849375,14468.2949,1742849379,10468.2949,SQS
67e1c5a5771d074a42d86414,1742849375,14462.8327,1742849379,10462.8327,SQS
67e1c5a5771d074a42d86417,1742849375,14474.0684,1742849379,10474.0684,SQS
67e1c5a5771d074a42d86418,1742849375,14475.9296,1742849379,10475.9296,SQS
67e1c5a5771d074a42d86419,1742849375,14509.9706,1742849379,10509.9706,SQS
67e1c5a5771d074a42d8641a,1742849375,14510.6615,1742849379,10510.6615,SQS
67e1c5a6771d074a42d8641b,1742849375,14539.4495,1742849379,10539.4495,SQS
67e1c5a6771d074a42d8641c,1742849375,14541.1218,1742849379,10541.1218,SQS
67e1c5a6771d074a42d8641d,1742849375,14570.3985,1742849379,10570.3985,SQS
67e1c5a6771d074a42d86420,1742849375,14576.0143,1742849379,10576.0143,SQS
67e1c5a6771d074a42d86421,1742849375,14579.8492,1742849379,10579.8492,SQS
67e1c5a6771d074a42d86423,1742849375,14617.0522,1742849379,10617.0522,SQS
67e1c5a6771d074a42d86424,1742849375,14648.7263,1742849379,10648.7263,SQS
67e1c5a6771d074a42d86425,1742849375,14680.7507,1742849379,10680.7507,SQS
67e1c5a6771d074a42d86426,1742849375,14745.3876,1742849379,10745.3876,SQS
67e1c5a6771d074a42d86427,1742849375,14744.1472,1742849379,10744.1472,SQS
67e1c5a6771d074a42d86428,1742849375,14743.2528,1742849379,10743.2528,SQS
67e1c5a6771d074a42d86429,1742849375,14749.7214,1742849379,10749.7214,SQS
67e1c5a6771d074a42d8642a,1742849375,14771.5401,1742849379,10771.5401,SQS
67e1c5a6771d074a42d8642b,1742849375,14773.0512,1742849379,10773.0512,SQS
67e1c5a6771d074a42d8642c,1742849375,14802.5854,1742849379,10802.5854,SQS
67e1c5a7771d074a42d8642d,1742849375,14804.2676,1742849379,10804.2676,SQS
67e1c5a7771d074a42d8642e,1742849375,14710.0263,1742849379,10710.0263,SQS
67e1c5a7771d074a42d8642f,1742849375,14741.4489,1742849379,10741.4489,SQS
67e1c5a7771d074a42d86430,1742849375,14808.2467,1742849379,10808.2467,SQS
67e1c5a7771d074a42d86434,1742849375,14865.8473,1742849379,10865.8473,SQS
67e1c5a7771d074a42d86435,1742849375,14869.1302,1742849379,10869.1302,SQS
67e1c5a7771d074a42d86436,1742849375,14866.5599,1742849379,10866.5599,SQS
67e1c5a7771d074a42d86437,1742849375,14895.5238,1742849379,10895.5238,SQS
67e1c5a7771d074a42d86438,1742849375,14897.4643,1742849379,10897.4643,SQS
67e1c5a7771d074a42d86439,1742849375,14927.7973,1742849379,10927.7973,SQS
67e1c5a7771d074a42d8643a,1742849375,14926.8017,1742849379,10926.8017,SQS
67e1c5a7771d074a42d8643b,1742849375,14929.4225,1742849379,10929.4225,SQS
67e1c5a7771d074a42d8643d,1742849375,14933.6619,1742849379,10933.6619,SQS
67e1c5a7771d074a42d8643e,1742849375,14935.1088,1742849379,10935.1088,SQS
67e1c5a8771d074a42d86441,1742849375,14992.2452,1742849379,10992.2452,SQS
67e1c5a8771d074a42d86444,1742849375,15082.9112,1742849379,11082.9112,SQS
67e1c5a8771d074a42d86447,1742849375,15146.8899,1742849379,11146.8899,SQS
67e1c5a8771d074a42d86448,1742849375,15175.4355,1742849379,11175.4355,SQS
67e1c5ac771d074a42d86493,1742849375,16678.6668,1742849379,12678.6668,SQS
67e1c5ac771d074a42d86496,1742849375,16651.8551,1742849379,12651.8551,SQS
67e1c5ac771d074a42d86498,1742849375,16743.689,1742849379,12743.689,SQS
67e1c5ac771d074a42d8649b,1742849375,16746.1545,1742849379,12746.1545,SQS
67e1c5ad771d074a42d864b4,1742849375,17237.2595,1742849379,13237.2595,SQS
67e1c5ad771d074a42d864b9,1742849375,17331.3434,1742849379,13331.3434,SQS
67e1c5af771d074a42d864cc,1742849375,17461.0751,1742849379,13461.0751,SQS
67e1c5af771d074a42d864ce,1742849375,17592.8845,1742849379,13592.8845,SQS
67e1c5af771d074a42d864d5,1742849375,17750.1326,1742849379,13750.1326,SQS
67e1c5af771d074a42d864db,1742849375,17757.9851,1742849379,13757.9851,SQS
67e1c5b0771d074a42d864e1,1742849375,17794.4294,1742849379,13794.4294,SQS
67e1c5b0771d074a42d864e2,1742849375,17863.575,1742849379,13863.575,SQS
67e1c5b0771d074a42d864ee,1742849375,18136.496,1742849379,14136.496,SQS
67e1c5b1771d074a42d864f9,1742849375,18321.9302,1742849379,14321.9302,SQS
67e1c5b1771d074a42d864fa,1742849375,18355.8582,1742849379,14355.8582,SQS
67e1c5b5771d074a42d8654b,1742849375,19460.1577,1742849379,15460.1577,SQS
67e1c5b6771d074a42d8655a,1742849375,19964.7063,1742849379,15964.7063,SQS
67e1c5b6771d074a42d8655d,1742849375,20094.986,1742849379,16094.986,SQS
67e1c5b6771d074a42d8655e,1742849375,20119.9657,1742849379,16119.9657,SQS
67e1c5b6771d074a42d8655f,1742849375,20124.162,1742849379,16124.162,SQS
67e1c5b7771d074a42d86566,1742849375,20244.4966,1742849379,16244.4966,SQS
67e1c5a1771d074a42d863ca,1742849375,13363.1001,1742849378,10363.1001,SQS
67e1c5a1771d074a42d863cb,1742849375,13331.3687,1742849378,10331.3687,SQS
67e1c5a2771d074a42d863cc,1742849375,13396.3079,1742849378,10396.3079,SQS
67e1c5a2771d074a42d863cd,1742849375,13400.9626,1742849378,10400.9626,SQS
67e1c5a2771d074a42d863ce,1742849375,13392.5139,1742849378,10392.5139,SQS
67e1c5a2771d074a42d863cf,1742849375,13400.0502,1742849378,10400.0502,SQS
67e1c5a2771d074a42d863d0,1742849375,13404.0864,1742849378,10404.0864,SQS
67e1c5a2771d074a42d863d1,1742849375,13440.3582,1742849378,10440.3582,SQS
67e1c5a2771d074a42d863d3,1742849375,13443.1762,1742849378,10443.1762,SQS
67e1c5a2771d074a42d863d5,1742849375,13500.9468,1742849378,10500.9468,SQS
67e1c5a2771d074a42d863d6,1742849375,13532.9673,1742849378,10532.9673,SQS
67e1c5a2771d074a42d863d7,1742849375,13501.6339,1742849378,10501.6339,SQS
67e1c5a2771d074a42d863d8,1742849375,13471.2575,1742849378,10471.2575,SQS
67e1c5a2771d074a42d863d9,1742849375,13536.8245,1742849378,10536.8245,SQS
67e1c5a2771d074a42d863da,1742849375,13594.3738,1742849378,10594.3738,SQS
67e1c5a2771d074a42d863db,1742849375,13626.9233,1742849378,10626.9233,SQS
67e1c5a2771d074a42d863dc,1742849375,13628.6002,1742849378,10628.6002,SQS
67e1c5a2771d074a42d863dd,1742849375,13658.8927,1742849378,10658.8927,SQS
67e1c5a2771d074a42d863de,1742849375,13658.1647,1742849378,10658.1647,SQS
67e1c5a3771d074a42d863df,1742849375,13688.4321,1742849378,10688.4321,SQS
67e1c5a3771d074a42d863e0,1742849375,13690.2444,1742849378,10690.2444,SQS
67e1c5a3771d074a42d863e1,1742849375,13692.6492,1742849378,10692.6492,SQS
67e1c5a3771d074a42d863e2,1742849375,13694.2811,1742849378,10694.2811,SQS
67e1c5a3771d074a42d863e3,1742849375,13691.9719,1742849378,10691.9719,SQS
67e1c5a3771d074a42d863e4,1742849375,13718.0957,1742849378,10718.0957,SQS
67e1c5a3771d074a42d863e5,1742849375,13721.0018,1742849378,10721.0018,SQS
67e1c5a3771d074a42d863e6,1742849375,13721.6359,1742849378,10721.6359,SQS
67e1c5a3771d074a42d863e7,1742849375,13657.3845,1742849378,10657.3845,SQS
67e1c5a3771d074a42d863e8,1742849375,13724.4531,1742849378,10724.4531,SQS
67e1c5a3771d074a42d863e9,1742849375,13750.4896,1742849378,10750.4896,SQS
67e1c5a3771d074a42d863ea,1742849375,13749.7088,1742849378,10749.7088,SQS
67e1c5a3771d074a42d863eb,1742849375,13781.1646,1742849378,10781.1646,SQS
67e1c5a3771d074a42d863ed,1742849375,13842.2215,1742849378,10842.2215,SQS
67e1c5a3771d074a42d863ee,1742849375,13845.8003,1742849378,10845.8003,SQS
67e1c5a3771d074a42d863ef,1742849375,13873.0734,1742849378,10873.0734,SQS
67e1c5a3771d074a42d863f0,1742849375,13935.6279,1742849378,10935.6279,SQS
67e1c5a3771d074a42d863f1,1742849375,13936.396,1742849378,10936.396,SQS
67e1c5a4771d074a42d863f3,1742849375,13996.7516,1742849378,10996.7516,SQS
67e1c5a4771d074a42d863f4,1742849375,13998.6326,1742849378,10998.6326,SQS
67e1c5a4771d074a42d863f5,1742849375,13934.7884,1742849378,10934.7884,SQS
67e1c5a4771d074a42d863f8,1742849375,14004.1305,1742849378,11004.1305,SQS
67e1c5a4771d074a42d863fa,1742849375,14006.2698,1742849378,11006.2698,SQS
67e1c5a4771d074a42d863fb,1742849375,14028.4425,1742849378,11028.4425,SQS
67e1c5a4771d074a42d863fd,1742849375,14032.6797,1742849378,11032.6797,SQS
67e1c5a4771d074a42d863fe,1742849375,14058.9307,1742849378,11058.9307,SQS
67e1c5a5771d074a42d86403,1742849375,14184.532,1742849378,11184.532,SQS
67e1c5a5771d074a42d86404,1742849375,14246.3081,1742849378,11246.3081,SQS
67e1c5a5771d074a42d86405,1742849375,14248.6653,1742849378,11248.6653,SQS
67e1c5a5771d074a42d86407,1742849375,14277.4488,1742849378,11277.4488,SQS
67e1c5a5771d074a42d8640a,1742849375,14306.8629,1742849378,11306.8629,SQS
67e1c5a5771d074a42d8640d,1742849375,14399.9331,1742849378,11399.9331,SQS
67e1c5a5771d074a42d8640e,1742849375,14431.1055,1742849378,11431.1055,SQS
67e1c5a5771d074a42d86415,1742849375,14470.733,1742849378,11470.733,SQS
67e1c5a5771d074a42d86416,1742849375,14473.1353,1742849378,11473.1353,SQS
67e1c5a6771d074a42d8641e,1742849375,14512.853,1742849378,11512.853,SQS
67e1c5a6771d074a42d8641f,1742849375,14573.7063,1742849378,11573.7063,SQS
67e1c5a6771d074a42d86422,1742849375,14582.8422,1742849378,11582.8422,SQS
67e1c5a7771d074a42d86431,1742849375,14509.1717,1742849378,11509.1717,SQS
67e1c5a7771d074a42d86432,1742849375,14461.9798,1742849378,11461.9798,SQS
67e1c5a7771d074a42d86433,1742849375,13176.9286,1742849378,10176.9286,SQS
67e1c5a7771d074a42d8643c,1742849375,14931.8876,1742849378,11931.8876,SQS
67e1c5a8771d074a42d8643f,1742849375,14959.053,1742849378,11959.053,SQS
67e1c5a8771d074a42d86440,1742849375,14959.7913,1742849378,11959.7913,SQS
67e1c5a8771d074a42d86445,1742849375,15144.0529,1742849378,12144.0529,SQS
67e1c5a8771d074a42d8644a,1742849375,15239.1855,1742849378,12239.1855,SQS
67e1c5a8771d074a42d8644b,1742849375,14990.7441,1742849378,11990.7441,SQS
67e1c5a8771d074a42d8644c,1742849375,15238.3107,1742849378,12238.3107,SQS
67e1c5a8771d074a42d8644d,1742849375,12870.6668,1742849378,9870.6668,SQS
67e1c5a8771d074a42d8644f,1742849375,12493.1949,1742849378,9493.1949,SQS
67e1c5a8771d074a42d86450,1742849375,15271.4021,1742849378,12271.4021,SQS
67e1c5a8771d074a42d86452,1742849375,15273.0853,1742849378,12273.0853,SQS
67e1c5a8771d074a42d86453,1742849375,15273.9565,1742849378,12273.9565,SQS
67e1c5a8771d074a42d86454,1742849375,15360.8788,1742849378,12360.8788,SQS
67e1c5a9771d074a42d86455,1742849375,15300.2721,1742849378,12300.2721,SQS
67e1c5a9771d074a42d86456,1742849375,15423.6894,1742849378,12423.6894,SQS
67e1c5a9771d074a42d86459,1742849375,15425.398,1742849378,12425.398,SQS
67e1c5a9771d074a42d8645a,1742849375,15485.1657,1742849378,12485.1657,SQS
67e1c5d1771d074a42d86c0b,1742849375,50079.3589,1742849378,47079.3589,SQS
67e1c5a9771d074a42d8645b,1742849375,15488.2893,1742849378,12488.2893,SQS
67e1c5a9771d074a42d8645d,1742849375,15491.2775,1742849378,12491.2775,SQS
67e1c5a9771d074a42d8645f,1742849375,15487.4129,1742849378,12487.4129,SQS
67e1c5a9771d074a42d86460,1742849375,15518.5708,1742849378,12518.5708,SQS
67e1c5a9771d074a42d86462,1742849375,15579.4648,1742849378,12579.4648,SQS
67e1c5aa771d074a42d86468,1742849375,15642.5129,1742849378,12642.5129,SQS
67e1c5aa771d074a42d8646d,1742849375,15516.9158,1742849378,12516.9158,SQS
67e1c5aa771d074a42d86474,1742849375,15733.8214,1742849378,12733.8214,SQS
67e1c5aa771d074a42d86477,1742849375,15904.4978,1742849378,12904.4978,SQS
67e1c5ab771d074a42d86480,1742849375,16060.3144,1742849378,13060.3144,SQS
67e1c5ab771d074a42d8648d,1742849375,16400.8611,1742849378,13400.8611,SQS
67e1c597771d074a42d86336,1742849375,10308.8803,1742849378,7308.8803,SQS
67e1c597771d074a42d86337,1742849375,10338.4276,1742849378,7338.4276,SQS
67e1c597771d074a42d86338,1742849375,10339.1446,1742849378,7339.1446,SQS
67e1c597771d074a42d8633a,1742849375,10462.4274,1742849378,7462.4274,SQS
67e1c5ad771d074a42d864ac,1742849375,16648.7,1742849378,13648.7,SQS
67e1c5ad771d074a42d864b2,1742849375,17174.424,1742849378,14174.424,SQS
67e1c598771d074a42d8633f,1742849375,10619.3423,1742849378,7619.3423,SQS
67e1c598771d074a42d86345,1742849375,10772.542,1742849378,7772.542,SQS
67e1c599771d074a42d86349,1742849375,10806.1757,1742849378,7806.1757,SQS
67e1c599771d074a42d8634f,1742849375,10899.2437,1742849378,7899.2437,SQS
67e1c599771d074a42d86352,1742849375,10960.4663,1742849378,7960.4663,SQS
67e1c599771d074a42d86356,1742849375,11025.0299,1742849378,8025.0299,SQS
67e1c59a771d074a42d86359,1742849375,11028.8626,1742849378,8028.8626,SQS
67e1c59a771d074a42d8635e,1742849375,11160.5821,1742849378,8160.5821,SQS
67e1c59a771d074a42d86360,1742849375,11255.7411,1742849378,8255.7411,SQS
67e1c59a771d074a42d86363,1742849375,11286.8954,1742849378,8286.8954,SQS
67e1c59a771d074a42d86367,1742849375,11378.0917,1742849378,8378.0917,SQS
67e1c59a771d074a42d86368,1742849375,11378.5339,1742849378,8378.5339,SQS
67e1c59a771d074a42d86369,1742849375,11129.3743,1742849378,8129.3743,SQS
67e1c59a771d074a42d8636b,1742849375,11470.207,1742849378,8470.207,SQS
67e1c59b771d074a42d8636e,1742849375,11502.9054,1742849378,8502.9054,SQS
67e1c59b771d074a42d8636f,1742849375,11501.7398,1742849378,8501.7398,SQS
67e1c59b771d074a42d86370,1742849375,11535.153,1742849378,8535.153,SQS
67e1c59b771d074a42d86373,1742849375,11627.0403,1742849378,8627.0403,SQS
67e1c59b771d074a42d86375,1742849375,11658.2736,1742849378,8658.2736,SQS
67e1c59b771d074a42d86376,1742849375,11660.2933,1742849378,8660.2933,SQS
67e1c59b771d074a42d86377,1742849375,11687.8801,1742849378,8687.8801,SQS
67e1c59b771d074a42d86379,1742849375,11691.603,1742849378,8691.603,SQS
67e1c59c771d074a42d8637c,1742849375,11750.857,1742849378,8750.857,SQS
67e1c59c771d074a42d8637d,1742849375,11751.6598,1742849378,8751.6598,SQS
67e1c59c771d074a42d8637e,1742849375,11812.4614,1742849378,8812.4614,SQS
67e1c59c771d074a42d8637f,1742849375,11814.2106,1742849378,8814.2106,SQS
67e1c59d771d074a42d86381,1742849375,11874.7185,1742849378,8874.7185,SQS
67e1c59d771d074a42d86382,1742849375,11875.5951,1742849378,8875.5951,SQS
67e1c59e771d074a42d86384,1742849375,11879.3135,1742849378,8879.3135,SQS
67e1c59e771d074a42d86385,1742849375,11904.2429,1742849378,8904.2429,SQS
67e1c59e771d074a42d86386,1742849375,11966.2603,1742849378,8966.2603,SQS
67e1c59e771d074a42d86387,1742849375,11969.0688,1742849378,8969.0688,SQS
67e1c59e771d074a42d86389,1742849375,11971.4353,1742849378,8971.4353,SQS
67e1c59e771d074a42d8638a,1742849375,11998.0774,1742849378,8998.0774,SQS
67e1c59e771d074a42d8638b,1742849375,11968.2643,1742849378,8968.2643,SQS
67e1c59e771d074a42d8638c,1742849375,12061.0643,1742849378,9061.0643,SQS
67e1c59e771d074a42d8638e,1742849375,12060.314,1742849378,9060.314,SQS
67e1c59e771d074a42d8638f,1742849375,12090.1525,1742849378,9090.1525,SQS
67e1c59e771d074a42d86390,1742849375,11937.2274,1742849378,8937.2274,SQS
67e1c59f771d074a42d86392,1742849375,12153.7172,1742849378,9153.7172,SQS
67e1c59f771d074a42d86394,1742849375,12215.0583,1742849378,9215.0583,SQS
67e1c59f771d074a42d86395,1742849375,12276.1704,1742849378,9276.1704,SQS
67e1c59f771d074a42d86396,1742849375,12246.0277,1742849378,9246.0277,SQS
67e1c5b7771d074a42d86563,1742849375,19464.3548,1742849378,16464.3548,SQS
67e1c59f771d074a42d86398,1742849375,12278.3942,1742849378,9278.3942,SQS
67e1c59f771d074a42d86399,1742849375,12281.6349,1742849378,9281.6349,SQS
67e1c5b7771d074a42d8656b,1742849375,20368.4748,1742849378,17368.4748,SQS
67e1c5a0771d074a42d8639b,1742849375,12282.412,1742849378,9282.412,SQS
67e1c5a0771d074a42d8639d,1742849375,12309.0573,1742849378,9309.0573,SQS
67e1c5a0771d074a42d8639e,1742849375,12309.8594,1742849378,9309.8594,SQS
67e1c5b7771d074a42d86573,1742849375,20305.8362,1742849378,17305.8362,SQS
67e1c5a0771d074a42d8639f,1742849375,12369.1306,1742849378,9369.1306,SQS
67e1c5a0771d074a42d863a0,1742849375,12370.6881,1742849378,9370.6881,SQS
67e1c5a0771d074a42d863a2,1742849375,12462.1044,1742849378,9462.1044,SQS
67e1c5a0771d074a42d863a3,1742849375,12462.905,1742849378,9462.905,SQS
67e1c5b8771d074a42d8657c,1742849375,20649.3039,1742849378,17649.3039,SQS
67e1c5a0771d074a42d863a4,1742849375,12555.3212,1742849378,9555.3212,SQS
67e1c5a0771d074a42d863a5,1742849375,12586.3263,1742849378,9586.3263,SQS
67e1c5a0771d074a42d863a7,1742849375,12680.0993,1742849378,9680.0993,SQS
67e1c5a0771d074a42d863a8,1742849375,12741.2268,1742849378,9741.2268,SQS
67e1c5b8771d074a42d86587,1742849375,20399.2762,1742849378,17399.2762,SQS
67e1c5a0771d074a42d863a9,1742849375,12679.1898,1742849378,9679.1898,SQS
67e1c5a0771d074a42d863aa,1742849375,12807.2985,1742849378,9807.2985,SQS
67e1c5a0771d074a42d863ab,1742849375,12772.5386,1742849378,9772.5386,SQS
67e1c5a0771d074a42d863ac,1742849375,12835.2482,1742849378,9835.2482,SQS
67e1c5a0771d074a42d863ad,1742849375,12836.0464,1742849378,9836.0464,SQS
67e1c5a0771d074a42d863ae,1742849375,12839.0834,1742849378,9839.0834,SQS
67e1c5a0771d074a42d863af,1742849375,12838.2597,1742849378,9838.2597,SQS
67e1c5a0771d074a42d863b0,1742849375,12835.0007,1742849378,9835.0007,SQS
67e1c5a0771d074a42d863b2,1742849375,12865.9797,1742849378,9865.9797,SQS
67e1c5a0771d074a42d863b3,1742849375,12867.5617,1742849378,9867.5617,SQS
67e1c5b9771d074a42d8659c,1742849375,21795.3908,1742849378,18795.3908,SQS
67e1c5a0771d074a42d863b4,1742849375,12871.6566,1742849378,9871.6566,SQS
67e1c5b9771d074a42d8659e,1742849375,21886.8161,1742849378,18886.8161,SQS
67e1c5a1771d074a42d863b5,1742849375,12897.0521,1742849378,9897.0521,SQS
67e1c5a1771d074a42d863b7,1742849375,12928.5175,1742849378,9928.5175,SQS
67e1c5a1771d074a42d863b9,1742849375,12989.7249,1742849378,9989.7249,SQS
67e1c5b9771d074a42d865a8,1742849375,22227.9957,1742849378,19227.9957,SQS
67e1c5a1771d074a42d863ba,1742849375,13021.8703,1742849378,10021.8703,SQS
67e1c5b9771d074a42d865aa,1742849375,22320.8286,1742849378,19320.8286,SQS
67e1c5a1771d074a42d863bc,1742849375,13028.3811,1742849378,10028.3811,SQS
67e1c5ba771d074a42d865ae,1742849375,22444.8212,1742849378,19444.8212,SQS
67e1c5a1771d074a42d863bd,1742849375,12900.0631,1742849378,9900.0631,SQS
67e1c5a1771d074a42d863be,1742849375,13052.2689,1742849378,10052.2689,SQS
67e1c5a1771d074a42d863bf,1742849375,13082.6134,1742849378,10082.6134,SQS
67e1c5a1771d074a42d863c0,1742849375,13113.5567,1742849378,10113.5567,SQS
67e1c5a1771d074a42d863c1,1742849375,13117.4966,1742849378,10117.4966,SQS
67e1c5a1771d074a42d863c2,1742849375,13116.6665,1742849378,10116.6665,SQS
67e1c5a1771d074a42d863c3,1742849375,13177.6842,1742849378,10177.6842,SQS
67e1c5a1771d074a42d863c4,1742849375,13178.4467,1742849378,10178.4467,SQS
67e1c5d1771d074a42d869b3,1742849375,42329.7341,1742849378,39329.7341,SQS
67e1c5bb771d074a42d865c0,1742849375,22911.8722,1742849378,19911.8722,SQS
67e1c5a1771d074a42d863c5,1742849375,13206.7498,1742849378,10206.7498,SQS
67e1c5bb771d074a42d865c1,1742849375,22914.5163,1742849378,19914.5163,SQS
67e1c5a1771d074a42d863c7,1742849375,13270.2949,1742849378,10270.2949,SQS
67e1c5bb771d074a42d865c5,1742849375,22915.4303,1742849378,19915.4303,SQS
67e1c5a1771d074a42d863c8,1742849375,13300.9203,1742849378,10300.9203,SQS
67e1c5a1771d074a42d863c9,1742849375,13332.2273,1742849378,10332.2273,SQS
67e1c590771d074a42d862ca,1742849375,8063.2785,1742849377,6063.2785,SQS
67e1c590771d074a42d862cd,1742849375,8091.5826,1742849377,6091.5826,SQS
67e1c590771d074a42d862ce,1742849375,8153.248,1742849377,6153.248,SQS
67e1c5a2771d074a42d863d2,1742849375,13441.0689,1742849377,11441.0689,SQS
67e1c590771d074a42d862cf,1742849375,8152.3572,1742849377,6152.3572,SQS
67e1c5a2771d074a42d863d4,1742849375,13443.9366,1742849377,11443.9366,SQS
67e1c590771d074a42d862d1,1742849375,8247.8302,1742849377,6247.8302,SQS
67e1c591771d074a42d862d4,1742849375,8307.4752,1742849377,6307.4752,SQS
67e1c591771d074a42d862d5,1742849375,8369.5342,1742849377,6369.5342,SQS
67e1c591771d074a42d862d6,1742849375,8434.9158,1742849377,6434.9158,SQS
67e1c591771d074a42d862d8,1742849375,8437.308,1742849377,6437.308,SQS
67e1c591771d074a42d862d9,1742849375,8463.0144,1742849377,6463.0144,SQS
67e1c591771d074a42d862da,1742849375,8525.3643,1742849377,6525.3643,SQS
67e1c591771d074a42d862db,1742849375,8586.8055,1742849377,6586.8055,SQS
67e1c5a3771d074a42d863ec,1742849375,13748.8777,1742849377,11748.8777,SQS
67e1c591771d074a42d862dc,1742849375,8618.151,1742849377,6618.151,SQS
67e1c591771d074a42d862dd,1742849375,8679.6815,1742849377,6679.6815,SQS
67e1c591771d074a42d862de,1742849375,8742.6567,1742849377,6742.6567,SQS
67e1c591771d074a42d862df,1742849375,8711.4614,1742849377,6711.4614,SQS
67e1c591771d074a42d862e0,1742849375,8773.3558,1742849377,6773.3558,SQS
67e1c591771d074a42d862e1,1742849375,8805.3682,1742849377,6805.3682,SQS
67e1c5a4771d074a42d863f9,1742849375,14028.4499,1742849377,12028.4499,SQS
67e1c591771d074a42d862e2,1742849375,8808.0846,1742849377,6808.0846,SQS
67e1c591771d074a42d862e4,1742849375,8835.6912,1742849377,6835.6912,SQS
67e1c5a5771d074a42d863ff,1742849375,14089.7754,1742849377,12089.7754,SQS
67e1c592771d074a42d862e5,1742849375,8836.5632,1742849377,6836.5632,SQS
67e1c592771d074a42d862e6,1742849375,8835.3424,1742849377,6835.3424,SQS
67e1c592771d074a42d862e7,1742849375,8839.7421,1742849377,6839.7421,SQS
67e1c592771d074a42d862e8,1742849375,8840.5201,1742849377,6840.5201,SQS
67e1c592771d074a42d862e9,1742849375,8434.1606,1742849377,6434.1606,SQS
67e1c592771d074a42d862ea,1742849375,8245.5089,1742849377,6245.5089,SQS
67e1c592771d074a42d862eb,1742849375,8881.1475,1742849377,6881.1475,SQS
67e1c592771d074a42d862ec,1742849375,8912.9301,1742849377,6912.9301,SQS
67e1c592771d074a42d862ed,1742849375,9005.0764,1742849377,7005.0764,SQS
67e1c593771d074a42d862ee,1742849375,9070.095,1742849377,7070.095,SQS
67e1c593771d074a42d862ef,1742849375,9099.3868,1742849377,7099.3868,SQS
67e1c593771d074a42d862f0,1742849375,9070.8373,1742849377,7070.8373,SQS
67e1c5d1771d074a42d86b00,1742849375,47228.6028,1742849377,45228.6028,SQS
67e1c593771d074a42d862f1,1742849375,9132.4288,1742849377,7132.4288,SQS
67e1c593771d074a42d862f2,1742849375,9161.9312,1742849377,7161.9312,SQS
67e1c593771d074a42d862f3,1742849375,9131.7003,1742849377,7131.7003,SQS
67e1c593771d074a42d862f4,1742849375,9164.5304,1742849377,7164.5304,SQS
67e1c593771d074a42d862f5,1742849375,9130.1066,1742849377,7130.1066,SQS
67e1c593771d074a42d862f6,1742849375,9191.3065,1742849377,7191.3065,SQS
67e1c593771d074a42d862f7,1742849375,8912.1239,1742849377,6912.1239,SQS
67e1c593771d074a42d862f8,1742849375,9228.5279,1742849377,7228.5279,SQS
67e1c593771d074a42d862f9,1742849375,9129.2827,1742849377,7129.2827,SQS
67e1c593771d074a42d862fa,1742849375,9286.3943,1742849377,7286.3943,SQS
67e1c593771d074a42d862fb,1742849375,9288.1294,1742849377,7288.1294,SQS
67e1c594771d074a42d862fc,1742849375,9289.5799,1742849377,7289.5799,SQS
67e1c594771d074a42d862fd,1742849375,9315.2572,1742849377,7315.2572,SQS
67e1c594771d074a42d862fe,1742849375,9317.2855,1742849377,7317.2855,SQS
67e1c594771d074a42d862ff,1742849375,9347.2306,1742849377,7347.2306,SQS
67e1c594771d074a42d86300,1742849375,9377.3425,1742849377,7377.3425,SQS
67e1c594771d074a42d86301,1742849375,9348.8508,1742849377,7348.8508,SQS
67e1c594771d074a42d86302,1742849375,9378.2225,1742849377,7378.2225,SQS
67e1c594771d074a42d86303,1742849375,9381.4241,1742849377,7381.4241,SQS
67e1c594771d074a42d86304,1742849375,9409.5362,1742849377,7409.5362,SQS
67e1c594771d074a42d86305,1742849375,9409.1921,1742849377,7409.1921,SQS
67e1c594771d074a42d86306,1742849375,9410.3053,1742849377,7410.3053,SQS
67e1c5a8771d074a42d86443,1742849375,15020.5076,1742849377,13020.5076,SQS
67e1c594771d074a42d86307,1742849375,9291.2548,1742849377,7291.2548,SQS
67e1c594771d074a42d86308,1742849375,9346.3226,1742849377,7346.3226,SQS
67e1c594771d074a42d86309,1742849375,9383.0798,1742849377,7383.0798,SQS
67e1c594771d074a42d8630a,1742849375,9505.2293,1742849377,7505.2293,SQS
67e1c594771d074a42d8630b,1742849375,9563.3168,1742849377,7563.3168,SQS
67e1c594771d074a42d8630c,1742849375,9625.3299,1742849377,7625.3299,SQS
67e1c5a8771d074a42d8644e,1742849375,15243.9275,1742849377,13243.9275,SQS
67e1c594771d074a42d8630d,1742849375,9628.4665,1742849377,7628.4665,SQS
67e1c5a8771d074a42d86451,1742849375,15275.1719,1742849377,13275.1719,SQS
67e1c594771d074a42d8630e,1742849375,9595.6844,1742849377,7595.6844,SQS
67e1c594771d074a42d8630f,1742849375,9631.2079,1742849377,7631.2079,SQS
67e1c594771d074a42d86310,1742849375,9631.9756,1742849377,7631.9756,SQS
67e1c5a9771d074a42d86457,1742849375,15423.7423,1742849377,13423.7423,SQS
67e1c595771d074a42d86311,1742849375,9627.7316,1742849377,7627.7316,SQS
67e1c595771d074a42d86312,1742849375,9657.2017,1742849377,7657.2017,SQS
67e1c5d1771d074a42d86c0a,1742849375,50053.2857,1742849377,48053.2857,SQS
67e1c595771d074a42d86313,1742849375,9662.7165,1742849377,7662.7165,SQS
67e1c595771d074a42d86314,1742849375,9665.0187,1742849377,7665.0187,SQS
67e1c5a9771d074a42d8645e,1742849375,15488.9907,1742849377,13488.9907,SQS
67e1c595771d074a42d86315,1742849375,9667.496,1742849377,7667.496,SQS
67e1c595771d074a42d86316,1742849375,9703.1247,1742849377,7703.1247,SQS
67e1c595771d074a42d86317,1742849375,9660.825,1742849377,7660.825,SQS
67e1c595771d074a42d86318,1742849375,9704.1098,1742849377,7704.1098,SQS
67e1c5aa771d074a42d86466,1742849375,15640.0859,1742849377,13640.0859,SQS
67e1c595771d074a42d86319,1742849375,9661.6982,1742849377,7661.6982,SQS
67e1c5aa771d074a42d86469,1742849375,15673.2828,1742849377,13673.2828,SQS
67e1c595771d074a42d8631a,1742849375,9737.0728,1742849377,7737.0728,SQS
67e1c596771d074a42d8631b,1742849375,9738.7579,1742849377,7738.7579,SQS
67e1c596771d074a42d8631c,1742849375,9284.8952,1742849377,7284.8952,SQS
67e1c596771d074a42d8631d,1742849375,9741.0764,1742849377,7741.0764,SQS
67e1c596771d074a42d8631e,1742849375,8844.5327,1742849377,6844.5327,SQS
67e1c596771d074a42d8631f,1742849375,8845.252,1742849377,6845.252,SQS
67e1c596771d074a42d86320,1742849375,8846.0102,1742849377,6846.0102,SQS
67e1c596771d074a42d86321,1742849375,9780.597,1742849377,7780.597,SQS
67e1c5ab771d074a42d86478,1742849375,15934.8441,1742849377,13934.8441,SQS
67e1c596771d074a42d86322,1742849375,9842.2824,1742849377,7842.2824,SQS
67e1c596771d074a42d86323,1742849375,9904.8804,1742849377,7904.8804,SQS
67e1c596771d074a42d86324,1742849375,9935.4718,1742849377,7935.4718,SQS
67e1c596771d074a42d86325,1742849375,9905.6046,1742849377,7905.6046,SQS
67e1c597771d074a42d86326,1742849375,9967.9355,1742849377,7967.9355,SQS
67e1c597771d074a42d86327,1742849375,9999.2242,1742849377,7999.2242,SQS
67e1c597771d074a42d86328,1742849375,10000.3071,1742849377,8000.3071,SQS
67e1c597771d074a42d86329,1742849375,10001.0098,1742849377,8001.0098,SQS
67e1c597771d074a42d8632a,1742849375,9969.3073,1742849377,7969.3073,SQS
67e1c5ab771d074a42d8648b,1742849375,16244.5162,1742849377,14244.5162,SQS
67e1c597771d074a42d8632b,1742849375,10031.1612,1742849377,8031.1612,SQS
67e1c597771d074a42d8632c,1742849375,10090.5107,1742849377,8090.5107,SQS
67e1c597771d074a42d8632d,1742849375,10121.4972,1742849377,8121.4972,SQS
67e1c597771d074a42d8632e,1742849375,10152.4751,1742849377,8152.4751,SQS
67e1c597771d074a42d8632f,1742849375,10059.3755,1742849377,8059.3755,SQS
67e1c597771d074a42d86330,1742849375,10184.3663,1742849377,8184.3663,SQS
67e1c597771d074a42d86331,1742849375,10214.9026,1742849377,8214.9026,SQS
67e1c597771d074a42d86332,1742849375,10216.7284,1742849377,8216.7284,SQS
67e1c597771d074a42d86333,1742849375,10277.3041,1742849377,8277.3041,SQS
67e1c597771d074a42d86334,1742849375,10246.2614,1742849377,8246.2614,SQS
67e1c597771d074a42d86335,1742849375,10246.0335,1742849377,8246.0335,SQS
67e1c597771d074a42d86339,1742849375,10402.2201,1742849377,8402.2201,SQS
67e1c598771d074a42d8633b,1742849375,10463.2269,1742849377,8463.2269,SQS
67e1c598771d074a42d8633c,1742849375,10493.7532,1742849377,8493.7532,SQS
67e1c598771d074a42d8633d,1742849375,10586.4326,1742849377,8586.4326,SQS
67e1c5ad771d074a42d864b1,1742849375,16650.0026,1742849377,14650.0026,SQS
67e1c598771d074a42d8633e,1742849375,10617.6971,1742849377,8617.6971,SQS
67e1c598771d074a42d86340,1742849375,10620.0619,1742849377,8620.0619,SQS
67e1c598771d074a42d86341,1742849375,10187.3409,1742849377,8187.3409,SQS
67e1c598771d074a42d86342,1742849375,10682.2774,1742849377,8682.2774,SQS
67e1c598771d074a42d86343,1742849375,10683.1018,1742849377,8683.1018,SQS
67e1c598771d074a42d86344,1742849375,10711.8602,1742849377,8711.8602,SQS
67e1c598771d074a42d86346,1742849375,10773.2615,1742849377,8773.2615,SQS
67e1c599771d074a42d86347,1742849375,10774.069,1742849377,8774.069,SQS
67e1c599771d074a42d86348,1742849375,10805.2952,1742849377,8805.2952,SQS
67e1c599771d074a42d8634a,1742849375,10835.8392,1742849377,8835.8392,SQS
67e1c599771d074a42d8634b,1742849375,10836.5842,1742849377,8836.5842,SQS
67e1c599771d074a42d8634c,1742849375,10837.4108,1742849377,8837.4108,SQS
67e1c599771d074a42d8634d,1742849375,10743.7866,1742849377,8743.7866,SQS
67e1c599771d074a42d8634e,1742849375,10900.2167,1742849377,8900.2167,SQS
67e1c599771d074a42d86350,1742849375,10898.0949,1742849377,8898.0949,SQS
67e1c599771d074a42d86351,1742849375,10958.7009,1742849377,8958.7009,SQS
67e1c599771d074a42d86353,1742849375,10961.3584,1742849377,8961.3584,SQS
67e1c599771d074a42d86354,1742849375,11020.4697,1742849377,9020.4697,SQS
67e1c599771d074a42d86355,1742849375,11021.3021,1742849377,9021.3021,SQS
67e1c599771d074a42d86357,1742849375,11022.9795,1742849377,9022.9795,SQS
67e1c599771d074a42d86358,1742849375,11027.9275,1742849377,9027.9275,SQS
67e1c59a771d074a42d8635a,1742849375,10929.0754,1742849377,8929.0754,SQS
67e1c59a771d074a42d8635b,1742849375,11070.0267,1742849377,9070.0267,SQS
67e1c59a771d074a42d8635c,1742849375,11129.0179,1742849377,9129.0179,SQS
67e1c59a771d074a42d8635d,1742849375,11030.5043,1742849377,9030.5043,SQS
67e1c59a771d074a42d8635f,1742849375,11253.3095,1742849377,9253.3095,SQS
67e1c59a771d074a42d86361,1742849375,11254.9716,1742849377,9254.9716,SQS
67e1c59a771d074a42d86362,1742849375,11285.031,1742849377,9285.031,SQS
67e1c59a771d074a42d86364,1742849375,11315.9108,1742849377,9315.9108,SQS
67e1c59a771d074a42d86365,1742849375,11316.6292,1742849377,9316.6292,SQS
67e1c59a771d074a42d86366,1742849375,11315.2194,1742849377,9315.2194,SQS
67e1c59a771d074a42d8636a,1742849375,11069.1786,1742849377,9069.1786,SQS
67e1c59b771d074a42d8636c,1742849375,11471.8565,1742849377,9471.8565,SQS
67e1c59b771d074a42d8636d,1742849375,11439.1056,1742849377,9439.1056,SQS
67e1c59b771d074a42d86371,1742849375,11534.0019,1742849377,9534.0019,SQS
67e1c59b771d074a42d86372,1742849375,11625.4388,1742849377,9625.4388,SQS
67e1c59b771d074a42d86374,1742849375,11595.4705,1742849377,9595.4705,SQS
67e1c59b771d074a42d86378,1742849375,11689.2487,1742849377,9689.2487,SQS
67e1c59b771d074a42d8637a,1742849375,11693.1127,1742849377,9693.1127,SQS
67e1c59c771d074a42d8637b,1742849375,11749.2249,1742849377,9749.2249,SQS
67e1c59d771d074a42d86380,1742849375,11692.3349,1742849377,9692.3349,SQS
67e1c59d771d074a42d86383,1742849375,11878.4832,1742849377,9878.4832,SQS
67e1c59e771d074a42d86388,1742849375,11970.6287,1742849377,9970.6287,SQS
67e1c59e771d074a42d8638d,1742849375,12028.0762,1742849377,10028.0762,SQS
67e1c59f771d074a42d86391,1742849375,12152.1179,1742849377,10152.1179,SQS
67e1c59f771d074a42d86393,1742849375,11811.5089,1742849377,9811.5089,SQS
67e1c58f771d074a42d862b0,1742849375,7346.6722,1742849377,5346.6722,SQS
67e1c59f771d074a42d86397,1742849375,12246.7814,1742849377,10246.7814,SQS
67e1c58f771d074a42d862b1,1742849375,7349.1223,1742849377,5349.1223,SQS
67e1c59f771d074a42d8639a,1742849375,12184.1516,1742849377,10184.1516,SQS
67e1c5d1771d074a42d8690f,1742849375,39570.3446,1742849377,37570.3446,SQS
67e1c5a0771d074a42d8639c,1742849375,12307.3715,1742849377,10307.3715,SQS
67e1c5a0771d074a42d863a1,1742849375,12401.1306,1742849377,10401.1306,SQS
67e1c58f771d074a42d862b6,1742849375,7471.6969,1742849377,5471.6969,SQS
67e1c5a0771d074a42d863a6,1742849375,12617.4302,1742849377,10617.4302,SQS
67e1c58f771d074a42d862b9,1742849375,7656.3843,1742849377,5656.3843,SQS
67e1c58f771d074a42d862ba,1742849375,7532.3477,1742849377,5532.3477,SQS
67e1c5a0771d074a42d863b1,1742849375,12843.1564,1742849377,10843.1564,SQS
67e1c58f771d074a42d862bf,1742849375,7780.3503,1742849377,5780.3503,SQS
67e1c5a1771d074a42d863b6,1742849375,12927.5211,1742849377,10927.5211,SQS
67e1c5a1771d074a42d863b8,1742849375,12959.4051,1742849377,10959.4051,SQS
67e1c5d1771d074a42d86987,1742849375,41711.411,1742849377,39711.411,SQS
67e1c590771d074a42d862c2,1742849375,7842.7818,1742849377,5842.7818,SQS
67e1c5a1771d074a42d863bb,1742849375,13027.5672,1742849377,11027.5672,SQS
67e1c590771d074a42d862c3,1742849375,7751.7605,1742849377,5751.7605,SQS
67e1c590771d074a42d862c7,1742849375,8031.277,1742849377,6031.277,SQS
67e1c590771d074a42d862c8,1742849375,8059.6612,1742849377,6059.6612,SQS
67e1c5a1771d074a42d863c6,1742849375,13237.3736,1742849377,11237.3736,SQS
67e1c590771d074a42d862c9,1742849375,8061.5506,1742849377,6061.5506,SQS
67e1c57a771d074a42d8620a,1742849375,3038.5809,1742849376,2038.5809,SQS
67e1c590771d074a42d862cb,1742849375,8092.4976,1742849376,7092.4976,SQS
67e1c583771d074a42d8624b,1742849375,4650.8527,1742849376,3650.8527,SQS
67e1c590771d074a42d862cc,1742849375,8093.6283,1742849376,7093.6283,SQS
67e1c584771d074a42d8624d,1742849375,4649.1231,1742849376,3649.1231,SQS
67e1c590771d074a42d862d0,1742849375,8186.7874,1742849376,7186.7874,SQS
67e1c591771d074a42d862d2,1742849375,8215.2204,1742849376,7215.2204,SQS
67e1c584771d074a42d8624e,1742849375,4773.1189,1742849376,3773.1189,SQS
67e1c591771d074a42d862d3,1742849375,8249.5699,1742849376,7249.5699,SQS
67e1c57a771d074a42d8620c,1742849375,3132.7773,1742849376,2132.7773,SQS
67e1c584771d074a42d86250,1742849375,4897.2823,1742849376,3897.2823,SQS
67e1c591771d074a42d862d7,1742849375,8431.7557,1742849376,7431.7557,SQS
67e1c584771d074a42d86251,1742849375,4866.0243,1742849376,3866.0243,SQS
67e1c584771d074a42d86252,1742849375,4961.4398,1742849376,3961.4398,SQS
67e1c584771d074a42d86253,1742849375,4804.0695,1742849376,3804.0695,SQS
67e1c585771d074a42d86254,1742849375,4807.9116,1742849376,3807.9116,SQS
67e1c57b771d074a42d8620f,1742849375,3103.4145,1742849376,2103.4145,SQS
67e1c585771d074a42d86255,1742849375,4808.6669,1742849376,3808.6669,SQS
67e1c5d1771d074a42d86a8d,1742849375,45479.4974,1742849376,44479.4974,SQS
67e1c5d1771d074a42d86a8e,1742849375,6091.949,1742849376,5091.949,SQS
67e1c585771d074a42d86256,1742849375,5024.303,1742849376,4024.303,SQS
67e1c591771d074a42d862e3,1742849375,8710.6592,1742849376,7710.6592,SQS
67e1c585771d074a42d86257,1742849375,5083.4613,1742849376,4083.4613,SQS
67e1c585771d074a42d86258,1742849375,5114.1127,1742849376,4114.1127,SQS
67e1c5d1771d074a42d86ab5,1742849375,46018.3348,1742849376,45018.3348,SQS
67e1c57b771d074a42d86211,1742849375,3223.403,1742849376,2223.403,SQS
67e1c586771d074a42d86259,1742849375,5116.3815,1742849376,4116.3815,SQS
67e1c586771d074a42d8625a,1742849375,5147.6085,1742849376,4147.6085,SQS
67e1c57b771d074a42d86212,1742849375,3316.3995,1742849376,2316.3995,SQS
67e1c586771d074a42d8625b,1742849375,4990.4321,1742849376,3990.4321,SQS
67e1c586771d074a42d8625c,1742849375,5177.0472,1742849376,4177.0472,SQS
67e1c57b771d074a42d86213,1742849375,3163.3084,1742849376,2163.3084,SQS
67e1c586771d074a42d8625d,1742849375,5207.388,1742849376,4207.388,SQS
67e1c5d1771d074a42d86afe,1742849375,46080.2864,1742849376,45080.2864,SQS
67e1c586771d074a42d8625e,1742849375,5238.3008,1742849376,4238.3008,SQS
67e1c57b771d074a42d86214,1742849375,3347.8892,1742849376,2347.8892,SQS
67e1c586771d074a42d8625f,1742849375,5145.9846,1742849376,4145.9846,SQS
67e1c586771d074a42d86260,1742849375,5270.7077,1742849376,4270.7077,SQS
67e1c57b771d074a42d86215,1742849375,3440.7491,1742849376,2440.7491,SQS
67e1c586771d074a42d86261,1742849375,5273.7668,1742849376,4273.7668,SQS
67e1c586771d074a42d86262,1742849375,5272.9773,1742849376,4272.9773,SQS
67e1c586771d074a42d86263,1742849375,5278.6125,1742849376,4278.6125,SQS
67e1c587771d074a42d86264,1742849375,5280.4079,1742849376,4280.4079,SQS
67e1c57b771d074a42d86217,1742849375,3503.937,1742849376,2503.937,SQS
67e1c587771d074a42d86265,1742849375,5275.858,1742849376,4275.858,SQS
67e1c587771d074a42d86266,1742849375,5283.1335,1742849376,4283.1335,SQS
67e1c587771d074a42d86267,1742849375,4711.9075,1742849376,3711.9075,SQS
67e1c587771d074a42d86268,1742849375,5320.2098,1742849376,4320.2098,SQS
67e1c57c771d074a42d86219,1742849375,3688.5405,1742849376,2688.5405,SQS
67e1c587771d074a42d86269,1742849375,5378.4005,1742849376,4378.4005,SQS
67e1c588771d074a42d8626a,1742849375,5318.5543,1742849376,4318.5543,SQS
67e1c57c771d074a42d8621a,1742849375,3691.5121,1742849376,2691.5121,SQS
67e1c588771d074a42d8626b,1742849375,5409.4331,1742849376,4409.4331,SQS
67e1c588771d074a42d8626c,1742849375,5470.5639,1742849376,4470.5639,SQS
67e1c57c771d074a42d8621b,1742849375,3626.4517,1742849376,2626.4517,SQS
67e1c588771d074a42d8626d,1742849375,5319.4654,1742849376,4319.4654,SQS
67e1c588771d074a42d8626e,1742849375,5473.6711,1742849376,4473.6711,SQS
67e1c57c771d074a42d8621c,1742849375,3750.4711,1742849376,2750.4711,SQS
67e1c588771d074a42d8626f,1742849375,5377.47,1742849376,4377.47,SQS
67e1c588771d074a42d86270,1742849375,5563.7656,1742849376,4563.7656,SQS
67e1c57c771d074a42d8621d,1742849375,3752.0927,1742849376,2752.0927,SQS
67e1c588771d074a42d86271,1742849375,5594.8563,1742849376,4594.8563,SQS
67e1c588771d074a42d86272,1742849375,5625.5248,1742849376,4625.5248,SQS
67e1c588771d074a42d86273,1742849375,4775.0595,1742849376,3775.0595,SQS
67e1c589771d074a42d86274,1742849375,4866.8078,1742849376,3866.8078,SQS
67e1c589771d074a42d86275,1742849375,5718.8686,1742849376,4718.8686,SQS
67e1c5ab771d074a42d8647c,1742849375,15999.7514,1742849376,14999.7514,SQS
67e1c57d771d074a42d86220,1742849375,3784.2318,1742849376,2784.2318,SQS
67e1c5ab771d074a42d86485,1742849375,16059.5252,1742849376,15059.5252,SQS
67e1c57e771d074a42d86221,1742849375,3812.4601,1742849376,2812.4601,SQS
67e1c58a771d074a42d8627d,1742849375,5998.365,1742849376,4998.365,SQS
67e1c58a771d074a42d8627e,1742849375,5968.7712,1742849376,4968.7712,SQS
67e1c58a771d074a42d86280,1742849375,3784.9492,1742849376,2784.9492,SQS
67e1c57e771d074a42d86225,1742849375,3936.4823,1742849376,2936.4823,SQS
67e1c58a771d074a42d86281,1742849375,6096.0354,1742849376,5096.0354,SQS
67e1c58a771d074a42d86282,1742849375,6094.3738,1742849376,5094.3738,SQS
67e1c57f771d074a42d86226,1742849375,3998.6771,1742849376,2998.6771,SQS
67e1c58a771d074a42d86283,1742849375,6153.9461,1742849376,5153.9461,SQS
67e1c58b771d074a42d86284,1742849375,6215.9248,1742849376,5215.9248,SQS
67e1c58b771d074a42d86285,1742849375,6183.6736,1742849376,5183.6736,SQS
67e1c58b771d074a42d86286,1742849375,6281.1373,1742849376,5281.1373,SQS
67e1c57f771d074a42d86228,1742849375,4060.6528,1742849376,3060.6528,SQS
67e1c58b771d074a42d86287,1742849375,6121.7652,1742849376,5121.7652,SQS
67e1c58b771d074a42d86288,1742849375,6093.1626,1742849376,5093.1626,SQS
67e1c57f771d074a42d86229,1742849375,4091.7312,1742849376,3091.7312,SQS
67e1c58b771d074a42d86289,1742849375,6369.928,1742849376,5369.928,SQS
67e1c58b771d074a42d8628a,1742849375,6431.7086,1742849376,5431.7086,SQS
67e1c578771d074a42d861fa,1742849375,2595.1383,1742849376,1595.1383,SQS
67e1c58b771d074a42d8628b,1742849375,6463.5061,1742849376,5463.5061,SQS
67e1c58b771d074a42d8628c,1742849375,6497.9937,1742849376,5497.9937,SQS
67e1c57f771d074a42d8622b,1742849375,4097.032,1742849376,3097.032,SQS
67e1c58b771d074a42d8628d,1742849375,6499.9368,1742849376,5499.9368,SQS
67e1c58b771d074a42d8628e,1742849375,6500.8351,1742849376,5500.8351,SQS
67e1c57f771d074a42d8622c,1742849375,4099.2435,1742849376,3099.2435,SQS
67e1c58b771d074a42d8628f,1742849375,6555.7887,1742849376,5555.7887,SQS
67e1c58c771d074a42d86290,1742849375,6586.748,1742849376,5586.748,SQS
67e1c57f771d074a42d8622d,1742849375,4096.2418,1742849376,3096.2418,SQS
67e1c58c771d074a42d86291,1742849375,6649.7487,1742849376,5649.7487,SQS
67e1c58c771d074a42d86292,1742849375,6685.578,1742849376,5685.578,SQS
67e1c57f771d074a42d8622e,1742849375,4153.528,1742849376,3153.528,SQS
67e1c58c771d074a42d86293,1742849375,6689.2025,1742849376,5689.2025,SQS
67e1c5cf771d074a42d86817,1742849375,34462.2841,1742849376,33462.2841,SQS
67e1c58c771d074a42d86294,1742849375,6691.3126,1742849376,5691.3126,SQS
67e1c580771d074a42d8622f,1742849375,4186.791,1742849376,3186.791,SQS
67e1c58c771d074a42d86295,1742849375,6683.1955,1742849376,5683.1955,SQS
67e1c58c771d074a42d86296,1742849375,6758.2364,1742849376,5758.2364,SQS
67e1c580771d074a42d86230,1742849375,4215.4673,1742849376,3215.4673,SQS
67e1c58c771d074a42d86297,1742849375,6757.499,1742849376,5757.499,SQS
67e1c58c771d074a42d86298,1742849375,6850.4199,1742849376,5850.4199,SQS
67e1c5d0771d074a42d8683e,1742849375,21112.2598,1742849376,20112.2598,SQS
67e1c58c771d074a42d86299,1742849375,6821.1613,1742849376,5821.1613,SQS
67e1c58c771d074a42d8629a,1742849375,6945.2031,1742849376,5945.2031,SQS
67e1c580771d074a42d86232,1742849375,4185.9243,1742849376,3185.9243,SQS
67e1c58d771d074a42d8629b,1742849375,6945.8996,1742849376,5945.8996,SQS
67e1c58d771d074a42d8629c,1742849375,6976.6978,1742849376,5976.6978,SQS
67e1c580771d074a42d86233,1742849375,3875.4446,1742849376,2875.4446,SQS
67e1c58d771d074a42d8629d,1742849375,6975.812,1742849376,5975.812,SQS
67e1c58d771d074a42d8629e,1742849375,6944.4144,1742849376,5944.4144,SQS
67e1c580771d074a42d86234,1742849375,4219.8318,1742849376,3219.8318,SQS
67e1c58d771d074a42d8629f,1742849375,7037.4795,1742849376,6037.4795,SQS
67e1c5d1771d074a42d8687d,1742849375,34597.8611,1742849376,33597.8611,SQS
67e1c58d771d074a42d862a0,1742849375,7038.2744,1742849376,6038.2744,SQS
67e1c5d1771d074a42d8687f,1742849375,36037.5617,1742849376,35037.5617,SQS
67e1c580771d074a42d86235,1742849375,4279.6055,1742849376,3279.6055,SQS
67e1c58d771d074a42d862a1,1742849375,6944.1557,1742849376,5944.1557,SQS
67e1c5d1771d074a42d86882,1742849375,36070.2387,1742849376,35070.2387,SQS
67e1c58d771d074a42d862a2,1742849375,7067.7674,1742849376,6067.7674,SQS
67e1c580771d074a42d86236,1742849375,4309.2294,1742849376,3309.2294,SQS
67e1c58d771d074a42d862a3,1742849375,7070.1476,1742849376,6070.1476,SQS
67e1c58d771d074a42d862a4,1742849375,7070.8752,1742849376,6070.8752,SQS
67e1c578771d074a42d86200,1742849375,2692.566,1742849376,1692.566,SQS
67e1c580771d074a42d86237,1742849375,4278.4406,1742849376,3278.4406,SQS
67e1c58d771d074a42d862a5,1742849375,7073.8316,1742849376,6073.8316,SQS
67e1c58e771d074a42d862a6,1742849375,7073.0843,1742849376,6073.0843,SQS
67e1c58e771d074a42d862a7,1742849375,7191.4781,1742849376,6191.4781,SQS
67e1c58e771d074a42d862a8,1742849375,7223.8698,1742849376,6223.8698,SQS
67e1c581771d074a42d86239,1742849375,4340.167,1742849376,3340.167,SQS
67e1c58e771d074a42d862a9,1742849375,7160.3032,1742849376,6160.3032,SQS
67e1c5d1771d074a42d868c5,1742849375,37060.938,1742849376,36060.938,SQS
67e1c58e771d074a42d862aa,1742849375,7253.344,1742849376,6253.344,SQS
67e1c5d1771d074a42d868d0,1742849375,38102.9066,1742849376,37102.9066,SQS
67e1c581771d074a42d8623a,1742849375,4341.3982,1742849376,3341.3982,SQS
67e1c58e771d074a42d862ab,1742849375,7130.0649,1742849376,6130.0649,SQS
67e1c5d1771d074a42d868d9,1742849375,38253.345,1742849376,37253.345,SQS
67e1c58e771d074a42d862ac,1742849375,7285.6156,1742849376,6285.6156,SQS
67e1c5d1771d074a42d868e3,1742849375,38532.368,1742849376,37532.368,SQS
67e1c581771d074a42d8623b,1742849375,4370.6574,1742849376,3370.6574,SQS
67e1c58e771d074a42d862ad,1742849375,7129.2855,1742849376,6129.2855,SQS
67e1c5d1771d074a42d868e9,1742849375,38719.5044,1742849376,37719.5044,SQS
67e1c58f771d074a42d862ae,1742849375,7318.172,1742849376,6318.172,SQS
67e1c581771d074a42d8623c,1742849375,4401.5327,1742849376,3401.5327,SQS
67e1c58f771d074a42d862af,1742849375,7319.7866,1742849376,6319.7866,SQS
67e1c579771d074a42d86203,1742849375,2791.3015,1742849376,1791.3015,SQS
67e1c5b7771d074a42d86567,1742849375,20276.1369,1742849376,19276.1369,SQS
67e1c58f771d074a42d862b2,1742849375,7377.3149,1742849376,6377.3149,SQS
67e1c581771d074a42d8623e,1742849375,4465.8384,1742849376,3465.8384,SQS
67e1c58f771d074a42d862b3,1742849375,7409.8431,1742849376,6409.8431,SQS
67e1c58f771d074a42d862b4,1742849375,7347.5063,1742849376,6347.5063,SQS
67e1c582771d074a42d8623f,1742849375,4467.7009,1742849376,3467.7009,SQS
67e1c58f771d074a42d862b5,1742849375,7501.211,1742849376,6501.211,SQS
67e1c582771d074a42d86240,1742849375,4470.1885,1742849376,3470.1885,SQS
67e1c58f771d074a42d862b7,1742849375,7625.361,1742849376,6625.361,SQS
67e1c57a771d074a42d86205,1742849375,2914.1173,1742849376,1914.1173,SQS
67e1c582771d074a42d86241,1742849375,4495.4144,1742849376,3495.4144,SQS
67e1c58f771d074a42d862b8,1742849375,7657.1157,1742849376,6657.1157,SQS
67e1c57a771d074a42d86206,1742849375,2883.4781,1742849376,1883.4781,SQS
67e1c58f771d074a42d862bb,1742849375,7688.1175,1742849376,6688.1175,SQS
67e1c58f771d074a42d862bc,1742849375,7718.7253,1742849376,6718.7253,SQS
67e1c582771d074a42d86243,1742849375,4557.3609,1742849376,3557.3609,SQS
67e1c58f771d074a42d862bd,1742849375,7659.6775,1742849376,6659.6775,SQS
67e1c5d1771d074a42d86965,1742849375,6401.1304,1742849376,5401.1304,SQS
67e1c582771d074a42d86244,1742849375,4525.0341,1742849376,3525.0341,SQS
67e1c58f771d074a42d862be,1742849375,7811.3166,1742849376,6811.3166,SQS
67e1c590771d074a42d862c0,1742849375,7904.4505,1742849376,6904.4505,SQS
67e1c57a771d074a42d86207,1742849375,3010.2695,1742849376,2010.2695,SQS
67e1c582771d074a42d86245,1742849375,4556.2221,1742849376,3556.2221,SQS
67e1c590771d074a42d862c1,1742849375,7873.2933,1742849376,6873.2933,SQS
67e1c582771d074a42d86246,1742849375,4497.7502,1742849376,3497.7502,SQS
67e1c590771d074a42d862c4,1742849375,7966.7839,1742849376,6966.7839,SQS
67e1c57a771d074a42d86208,1742849375,3012.085,1742849376,2012.085,SQS
67e1c582771d074a42d86247,1742849375,4619.749,1742849376,3619.749,SQS
67e1c590771d074a42d862c5,1742849375,7999.0883,1742849376,6999.0883,SQS
67e1c590771d074a42d862c6,1742849375,8000.1502,1742849376,7000.1502,SQS
67e1c583771d074a42d8624a,1742849375,4625.0902,1742849375,4625.0902,SQS
67e1c575771d074a42d861ea,1742849375,1860.3076,1742849375,1860.3076,SQS
67e1c57a771d074a42d8620b,1742849375,3130.4731,1742849375,3130.4731,SQS
67e1c583771d074a42d8624c,1742849375,4680.1451,1742849375,4680.1451,SQS
67e1c584771d074a42d8624f,1742849375,4835.6458,1742849375,4835.6458,SQS
67e1c572771d074a42d861da,1742849375,1115.0909,1742849375,1115.0909,SQS
67e1c576771d074a42d861eb,1742849375,2046.2392,1742849375,2046.2392,SQS
67e1c57b771d074a42d8620d,1742849375,2541.8551,1742849375,2541.8551,SQS
67e1c576771d074a42d861ec,1742849375,2138.3382,1742849375,2138.3382,SQS
67e1c57b771d074a42d8620e,1742849375,3135.5302,1742849375,3135.5302,SQS
67e1c56f771d074a42d861d2,1742849375,1054.434,1742849375,1054.434,SQS
67e1c572771d074a42d861db,1742849375,1425.2448,1742849375,1425.2448,SQS
67e1c577771d074a42d861ed,1742849375,2171.978,1742849375,2171.978,SQS
67e1c57b771d074a42d86210,1742849375,3162.5409,1742849375,3162.5409,SQS
67e1c577771d074a42d861ee,1742849375,2173.896,1742849375,2173.896,SQS
67e1c572771d074a42d861dc,1742849375,1489.4582,1742849375,1489.4582,SQS
67e1c577771d074a42d861ef,1742849375,2231.2665,1742849375,2231.2665,SQS
67e1c577771d074a42d861f0,1742849375,2294.5189,1742849375,2294.5189,SQS
67e1c57b771d074a42d86216,1742849375,2479.8,1742849375,2479.8,SQS
67e1c56e771d074a42d861ce,1742849375,836.3546,1742849375,836.3546,SQS
67e1c570771d074a42d861d3,1742849375,1022.2161,1742849375,1022.2161,SQS
67e1c572771d074a42d861dd,1742849375,1549.2232,1742849375,1549.2232,SQS
67e1c577771d074a42d861f1,1742849375,2355.283,1742849375,2355.283,SQS
67e1c57b771d074a42d86218,1742849375,3596.2451,1742849375,3596.2451,SQS
67e1c577771d074a42d861f2,1742849375,2393.2871,1742849375,2393.2871,SQS
67e1c572771d074a42d861de,1742849375,1581.8616,1742849375,1581.8616,SQS
67e1c577771d074a42d861f3,1742849375,2389.8729,1742849375,2389.8729,SQS
67e1c57d771d074a42d8621e,1742849375,3782.6461,1742849375,3782.6461,SQS
67e1c577771d074a42d861f4,1742849375,2511.1873,1742849375,2511.1873,SQS
67e1c57d771d074a42d8621f,1742849375,3813.2972,1742849375,3813.2972,SQS
67e1c589771d074a42d86276,1742849375,4625.758,1742849375,4625.758,SQS
67e1c589771d074a42d86277,1742849375,5722.6645,1742849375,5722.6645,SQS
67e1c571771d074a42d861d4,1742849375,1148.4805,1742849375,1148.4805,SQS
67e1c573771d074a42d861df,1742849375,1611.3259,1742849375,1611.3259,SQS
67e1c577771d074a42d861f5,1742849375,2483.732,1742849375,2483.732,SQS
67e1c589771d074a42d86278,1742849375,5751.6438,1742849375,5751.6438,SQS
67e1c589771d074a42d86279,1742849375,5752.8832,1742849375,5752.8832,SQS
67e1c589771d074a42d8627a,1742849375,5873.8129,1742849375,5873.8129,SQS
67e1c57e771d074a42d86222,1742849375,3876.3814,1742849375,3876.3814,SQS
67e1c589771d074a42d8627b,1742849375,5842.6423,1742849375,5842.6423,SQS
67e1c578771d074a42d861f6,1742849375,2578.8474,1742849375,2578.8474,SQS
67e1c57e771d074a42d86223,1742849375,3843.5288,1742849375,3843.5288,SQS
67e1c589771d074a42d8627c,1742849375,5813.4237,1742849375,5813.4237,SQS
67e1c573771d074a42d861e0,1742849375,1673.9061,1742849375,1673.9061,SQS
67e1c578771d074a42d861f7,1742849375,2582.2944,1742849375,2582.2944,SQS
67e1c57e771d074a42d86224,1742849375,3907.3253,1742849375,3907.3253,SQS
67e1c58a771d074a42d8627f,1742849375,5935.683,1742849375,5935.683,SQS
67e1c578771d074a42d861f8,1742849375,2586.5214,1742849375,2586.5214,SQS
67e1c57f771d074a42d86227,1742849375,4000.6827,1742849375,4000.6827,SQS
67e1c56e771d074a42d861cc,1742849375,678.2488,1742849375,678.2488,SQS
67e1c56f771d074a42d861cf,1742849375,868.3762,1742849375,868.3762,SQS
67e1c571771d074a42d861d5,1742849375,1149.2142,1742849375,1149.2142,SQS
67e1c573771d074a42d861e1,1742849375,1673.9298,1742849375,1673.9298,SQS
67e1c578771d074a42d861f9,1742849375,2589.3297,1742849375,2589.3297,SQS
67e1c57f771d074a42d8622a,1742849375,4062.2767,1742849375,4062.2767,SQS
